

Microchip MPLAB XC8 Assembler V3.10 build 20250813170317 
                                                                                               Wed Jun 17 16:16:45 2026

Microchip MPLAB XC8 C Compiler v3.10 (Free license) build 20250813170317 Og1 
     1                           	processor	16F887
     2                           	pagewidth 120
     3                           	opt	flic
     4                           	psect	idataBANK1,global,class=CODE,space=0,delta=2,noexec
     5                           	psect	strings,global,class=STRING,space=0,delta=2,noexec
     6                           	psect	cinit,global,class=CODE,space=0,merge=1,delta=2
     7                           	psect	bssCOMMON,global,class=COMMON,space=1,delta=1,noexec
     8                           	psect	bssBANK0,global,class=BANK0,space=1,delta=1,noexec
     9                           	psect	bssBANK1,global,class=BANK1,space=1,delta=1,noexec
    10                           	psect	dataBANK1,global,class=BANK1,space=1,delta=1,noexec
    11                           	psect	clrtext,global,class=CODE,space=0,delta=2
    12                           	psect	cstackBANK1,global,class=BANK1,space=1,delta=1,noexec
    13                           	psect	cstackCOMMON,global,class=COMMON,space=1,delta=1,noexec
    14                           	psect	cstackBANK0,global,class=BANK0,space=1,delta=1,noexec
    15                           	psect	maintext,global,class=CODE,space=0,split=1,delta=2
    16                           	psect	text1,local,class=CODE,space=0,merge=1,delta=2,group=3
    17                           	psect	text2,local,class=CODE,space=0,merge=1,delta=2,group=1
    18                           	psect	text3,local,class=CODE,space=0,merge=1,delta=2,group=1
    19                           	psect	text4,local,class=CODE,space=0,merge=1,delta=2,group=1
    20                           	psect	text5,local,class=CODE,space=0,merge=1,delta=2,group=1
    21                           	psect	text6,local,class=CODE,space=0,merge=1,delta=2,group=3
    22                           	psect	text7,local,class=CODE,space=0,merge=1,delta=2,group=3
    23                           	psect	text8,local,class=CODE,space=0,merge=1,delta=2,group=3
    24                           	psect	text9,local,class=CODE,space=0,merge=1,delta=2,group=2
    25                           	psect	text10,local,class=CODE,space=0,merge=1,delta=2,group=2
    26                           	psect	text11,local,class=CODE,space=0,merge=1,delta=2,group=1
    27                           	psect	text12,local,class=CODE,space=0,merge=1,delta=2,group=2
    28                           	psect	text13,local,class=CODE,space=0,merge=1,delta=2,group=2
    29                           	psect	text14,local,class=CODE,space=0,merge=1,delta=2,group=2
    30                           	psect	text15,local,class=CODE,space=0,merge=1,delta=2
    31                           	psect	text16,local,class=CODE,space=0,merge=1,delta=2
    32                           	psect	text17,local,class=CODE,space=0,merge=1,delta=2
    33                           	psect	text18,local,class=CODE,space=0,merge=1,delta=2
    34                           	psect	text19,local,class=CODE,space=0,merge=1,delta=2
    35                           	psect	text20,local,class=CODE,space=0,merge=1,delta=2
    36                           	psect	text21,local,class=CODE,space=0,merge=1,delta=2
    37                           	psect	text22,local,class=CODE,space=0,merge=1,delta=2
    38                           	psect	text23,local,class=CODE,space=0,merge=1,delta=2
    39                           	psect	intentry,global,class=CODE,space=0,delta=2
    40                           	psect	config,global,abs,ovrld,class=CONFIG,space=4,delta=2,noexec
    41                           	dabs	1,0x7E,2
    42     0000                     
    43                           ; Generated 22/04/2026 GMT
    44                           ; 
    45                           ; Copyright (c) 2026 Microchip Technology Inc. and its subsidiaries.
    46                           ; 
    47                           ; Licensed under the Apache License, Version 2.0 (the "License");
    48                           ; you may not use this file except in compliance with the License.
    49                           ; You may obtain a copy of the License at
    50                           ; 
    51                           ;   http://www.apache.org/licenses/LICENSE-2.0
    52                           ; 
    53                           ; Unless required by applicable law or agreed to in writing, software
    54                           ; distributed under the License is distributed on an "AS IS" BASIS,
    55                           ; WITHOUT WARRANTIES OR CONDITIONS OF ANY KIND, either express or implied.
    56                           ; See the License for the specific language governing permissions and
    57                           ; limitations under the License.
    58                           ; 
    59                           ; 
    60                           ; Code-generator required, PIC16F887 Definitions
    61                           ; 
    62                           ; SFR Addresses
    63     0004                     fsr             equ	4
    64     0004                     fsr0            equ	4
    65     0000                     indf            equ	0
    66     0000                     indf0           equ	0
    67     0002                     pc              equ	2
    68     0002                     pcl             equ	2
    69     000A                     pclath          equ	10
    70     0003                     status          equ	3
    71     0000                     INDF            equ	0	;# 
    72     0001                     TMR0            equ	1	;# 
    73     0002                     PCL             equ	2	;# 
    74     0003                     STATUS          equ	3	;# 
    75     0004                     FSR             equ	4	;# 
    76     0005                     PORTA           equ	5	;# 
    77     0006                     PORTB           equ	6	;# 
    78     0007                     PORTC           equ	7	;# 
    79     0008                     PORTD           equ	8	;# 
    80     0009                     PORTE           equ	9	;# 
    81     000A                     PCLATH          equ	10	;# 
    82     000B                     INTCON          equ	11	;# 
    83     000C                     PIR1            equ	12	;# 
    84     000D                     PIR2            equ	13	;# 
    85     000E                     TMR1            equ	14	;# 
    86     000E                     TMR1L           equ	14	;# 
    87     000F                     TMR1H           equ	15	;# 
    88     0010                     T1CON           equ	16	;# 
    89     0011                     TMR2            equ	17	;# 
    90     0012                     T2CON           equ	18	;# 
    91     0013                     SSPBUF          equ	19	;# 
    92     0014                     SSPCON          equ	20	;# 
    93     0015                     CCPR1           equ	21	;# 
    94     0015                     CCPR1L          equ	21	;# 
    95     0016                     CCPR1H          equ	22	;# 
    96     0017                     CCP1CON         equ	23	;# 
    97     0018                     RCSTA           equ	24	;# 
    98     0019                     TXREG           equ	25	;# 
    99     001A                     RCREG           equ	26	;# 
   100     001B                     CCPR2           equ	27	;# 
   101     001B                     CCPR2L          equ	27	;# 
   102     001C                     CCPR2H          equ	28	;# 
   103     001D                     CCP2CON         equ	29	;# 
   104     001E                     ADRESH          equ	30	;# 
   105     001F                     ADCON0          equ	31	;# 
   106     0081                     OPTION_REG      equ	129	;# 
   107     0085                     TRISA           equ	133	;# 
   108     0086                     TRISB           equ	134	;# 
   109     0087                     TRISC           equ	135	;# 
   110     0088                     TRISD           equ	136	;# 
   111     0089                     TRISE           equ	137	;# 
   112     008C                     PIE1            equ	140	;# 
   113     008D                     PIE2            equ	141	;# 
   114     008E                     PCON            equ	142	;# 
   115     008F                     OSCCON          equ	143	;# 
   116     0090                     OSCTUNE         equ	144	;# 
   117     0091                     SSPCON2         equ	145	;# 
   118     0092                     PR2             equ	146	;# 
   119     0093                     SSPADD          equ	147	;# 
   120     0093                     SSPMSK          equ	147	;# 
   121     0093                     MSK             equ	147	;# 
   122     0094                     SSPSTAT         equ	148	;# 
   123     0095                     WPUB            equ	149	;# 
   124     0096                     IOCB            equ	150	;# 
   125     0097                     VRCON           equ	151	;# 
   126     0098                     TXSTA           equ	152	;# 
   127     0099                     SPBRG           equ	153	;# 
   128     009A                     SPBRGH          equ	154	;# 
   129     009B                     PWM1CON         equ	155	;# 
   130     009C                     ECCPAS          equ	156	;# 
   131     009D                     PSTRCON         equ	157	;# 
   132     009E                     ADRESL          equ	158	;# 
   133     009F                     ADCON1          equ	159	;# 
   134     0105                     WDTCON          equ	261	;# 
   135     0107                     CM1CON0         equ	263	;# 
   136     0108                     CM2CON0         equ	264	;# 
   137     0109                     CM2CON1         equ	265	;# 
   138     010C                     EEDATA          equ	268	;# 
   139     010C                     EEDAT           equ	268	;# 
   140     010D                     EEADR           equ	269	;# 
   141     010E                     EEDATH          equ	270	;# 
   142     010F                     EEADRH          equ	271	;# 
   143     0185                     SRCON           equ	389	;# 
   144     0187                     BAUDCTL         equ	391	;# 
   145     0188                     ANSEL           equ	392	;# 
   146     0189                     ANSELH          equ	393	;# 
   147     018C                     EECON1          equ	396	;# 
   148     018D                     EECON2          equ	397	;# 
   149     0000                     INDF            equ	0	;# 
   150     0001                     TMR0            equ	1	;# 
   151     0002                     PCL             equ	2	;# 
   152     0003                     STATUS          equ	3	;# 
   153     0004                     FSR             equ	4	;# 
   154     0005                     PORTA           equ	5	;# 
   155     0006                     PORTB           equ	6	;# 
   156     0007                     PORTC           equ	7	;# 
   157     0008                     PORTD           equ	8	;# 
   158     0009                     PORTE           equ	9	;# 
   159     000A                     PCLATH          equ	10	;# 
   160     000B                     INTCON          equ	11	;# 
   161     000C                     PIR1            equ	12	;# 
   162     000D                     PIR2            equ	13	;# 
   163     000E                     TMR1            equ	14	;# 
   164     000E                     TMR1L           equ	14	;# 
   165     000F                     TMR1H           equ	15	;# 
   166     0010                     T1CON           equ	16	;# 
   167     0011                     TMR2            equ	17	;# 
   168     0012                     T2CON           equ	18	;# 
   169     0013                     SSPBUF          equ	19	;# 
   170     0014                     SSPCON          equ	20	;# 
   171     0015                     CCPR1           equ	21	;# 
   172     0015                     CCPR1L          equ	21	;# 
   173     0016                     CCPR1H          equ	22	;# 
   174     0017                     CCP1CON         equ	23	;# 
   175     0018                     RCSTA           equ	24	;# 
   176     0019                     TXREG           equ	25	;# 
   177     001A                     RCREG           equ	26	;# 
   178     001B                     CCPR2           equ	27	;# 
   179     001B                     CCPR2L          equ	27	;# 
   180     001C                     CCPR2H          equ	28	;# 
   181     001D                     CCP2CON         equ	29	;# 
   182     001E                     ADRESH          equ	30	;# 
   183     001F                     ADCON0          equ	31	;# 
   184     0081                     OPTION_REG      equ	129	;# 
   185     0085                     TRISA           equ	133	;# 
   186     0086                     TRISB           equ	134	;# 
   187     0087                     TRISC           equ	135	;# 
   188     0088                     TRISD           equ	136	;# 
   189     0089                     TRISE           equ	137	;# 
   190     008C                     PIE1            equ	140	;# 
   191     008D                     PIE2            equ	141	;# 
   192     008E                     PCON            equ	142	;# 
   193     008F                     OSCCON          equ	143	;# 
   194     0090                     OSCTUNE         equ	144	;# 
   195     0091                     SSPCON2         equ	145	;# 
   196     0092                     PR2             equ	146	;# 
   197     0093                     SSPADD          equ	147	;# 
   198     0093                     SSPMSK          equ	147	;# 
   199     0093                     MSK             equ	147	;# 
   200     0094                     SSPSTAT         equ	148	;# 
   201     0095                     WPUB            equ	149	;# 
   202     0096                     IOCB            equ	150	;# 
   203     0097                     VRCON           equ	151	;# 
   204     0098                     TXSTA           equ	152	;# 
   205     0099                     SPBRG           equ	153	;# 
   206     009A                     SPBRGH          equ	154	;# 
   207     009B                     PWM1CON         equ	155	;# 
   208     009C                     ECCPAS          equ	156	;# 
   209     009D                     PSTRCON         equ	157	;# 
   210     009E                     ADRESL          equ	158	;# 
   211     009F                     ADCON1          equ	159	;# 
   212     0105                     WDTCON          equ	261	;# 
   213     0107                     CM1CON0         equ	263	;# 
   214     0108                     CM2CON0         equ	264	;# 
   215     0109                     CM2CON1         equ	265	;# 
   216     010C                     EEDATA          equ	268	;# 
   217     010C                     EEDAT           equ	268	;# 
   218     010D                     EEADR           equ	269	;# 
   219     010E                     EEDATH          equ	270	;# 
   220     010F                     EEADRH          equ	271	;# 
   221     0185                     SRCON           equ	389	;# 
   222     0187                     BAUDCTL         equ	391	;# 
   223     0188                     ANSEL           equ	392	;# 
   224     0189                     ANSELH          equ	393	;# 
   225     018C                     EECON1          equ	396	;# 
   226     018D                     EECON2          equ	397	;# 
   227     0000                     INDF            equ	0	;# 
   228     0001                     TMR0            equ	1	;# 
   229     0002                     PCL             equ	2	;# 
   230     0003                     STATUS          equ	3	;# 
   231     0004                     FSR             equ	4	;# 
   232     0005                     PORTA           equ	5	;# 
   233     0006                     PORTB           equ	6	;# 
   234     0007                     PORTC           equ	7	;# 
   235     0008                     PORTD           equ	8	;# 
   236     0009                     PORTE           equ	9	;# 
   237     000A                     PCLATH          equ	10	;# 
   238     000B                     INTCON          equ	11	;# 
   239     000C                     PIR1            equ	12	;# 
   240     000D                     PIR2            equ	13	;# 
   241     000E                     TMR1            equ	14	;# 
   242     000E                     TMR1L           equ	14	;# 
   243     000F                     TMR1H           equ	15	;# 
   244     0010                     T1CON           equ	16	;# 
   245     0011                     TMR2            equ	17	;# 
   246     0012                     T2CON           equ	18	;# 
   247     0013                     SSPBUF          equ	19	;# 
   248     0014                     SSPCON          equ	20	;# 
   249     0015                     CCPR1           equ	21	;# 
   250     0015                     CCPR1L          equ	21	;# 
   251     0016                     CCPR1H          equ	22	;# 
   252     0017                     CCP1CON         equ	23	;# 
   253     0018                     RCSTA           equ	24	;# 
   254     0019                     TXREG           equ	25	;# 
   255     001A                     RCREG           equ	26	;# 
   256     001B                     CCPR2           equ	27	;# 
   257     001B                     CCPR2L          equ	27	;# 
   258     001C                     CCPR2H          equ	28	;# 
   259     001D                     CCP2CON         equ	29	;# 
   260     001E                     ADRESH          equ	30	;# 
   261     001F                     ADCON0          equ	31	;# 
   262     0081                     OPTION_REG      equ	129	;# 
   263     0085                     TRISA           equ	133	;# 
   264     0086                     TRISB           equ	134	;# 
   265     0087                     TRISC           equ	135	;# 
   266     0088                     TRISD           equ	136	;# 
   267     0089                     TRISE           equ	137	;# 
   268     008C                     PIE1            equ	140	;# 
   269     008D                     PIE2            equ	141	;# 
   270     008E                     PCON            equ	142	;# 
   271     008F                     OSCCON          equ	143	;# 
   272     0090                     OSCTUNE         equ	144	;# 
   273     0091                     SSPCON2         equ	145	;# 
   274     0092                     PR2             equ	146	;# 
   275     0093                     SSPADD          equ	147	;# 
   276     0093                     SSPMSK          equ	147	;# 
   277     0093                     MSK             equ	147	;# 
   278     0094                     SSPSTAT         equ	148	;# 
   279     0095                     WPUB            equ	149	;# 
   280     0096                     IOCB            equ	150	;# 
   281     0097                     VRCON           equ	151	;# 
   282     0098                     TXSTA           equ	152	;# 
   283     0099                     SPBRG           equ	153	;# 
   284     009A                     SPBRGH          equ	154	;# 
   285     009B                     PWM1CON         equ	155	;# 
   286     009C                     ECCPAS          equ	156	;# 
   287     009D                     PSTRCON         equ	157	;# 
   288     009E                     ADRESL          equ	158	;# 
   289     009F                     ADCON1          equ	159	;# 
   290     0105                     WDTCON          equ	261	;# 
   291     0107                     CM1CON0         equ	263	;# 
   292     0108                     CM2CON0         equ	264	;# 
   293     0109                     CM2CON1         equ	265	;# 
   294     010C                     EEDATA          equ	268	;# 
   295     010C                     EEDAT           equ	268	;# 
   296     010D                     EEADR           equ	269	;# 
   297     010E                     EEDATH          equ	270	;# 
   298     010F                     EEADRH          equ	271	;# 
   299     0185                     SRCON           equ	389	;# 
   300     0187                     BAUDCTL         equ	391	;# 
   301     0188                     ANSEL           equ	392	;# 
   302     0189                     ANSELH          equ	393	;# 
   303     018C                     EECON1          equ	396	;# 
   304     018D                     EECON2          equ	397	;# 
   305                           
   306                           	psect	idataBANK1
   307     0EDF                     __pidataBANK1:
   308                           
   309                           ;initializer for main@F1775
   310     0EDF  3407               	retlw	7
   311     0EE0  3400               	retlw	0
   312     0EE1  341A               	retlw	26
   313     0EE2  342C               	retlw	44
   314     0EE3  343E               	retlw	62
   315     001E                     _ADRESH         set	30
   316     001F                     _ADCON0         set	31
   317     000E                     _TMR1L          set	14
   318     000F                     _TMR1H          set	15
   319     0010                     _T1CON          set	16
   320     0006                     _PORTB          set	6
   321     0005                     _PORTA          set	5
   322     0007                     _PORTC          set	7
   323     00F9                     _GO_nDONE       set	249
   324     005F                     _GIE            set	95
   325     005E                     _PEIE           set	94
   326     0060                     _TMR1IF         set	96
   327     009E                     _ADRESL         set	158
   328     009F                     _ADCON1         set	159
   329     0087                     _TRISC          set	135
   330     0086                     _TRISB          set	134
   331     0085                     _TRISA          set	133
   332     0460                     _TMR1IE         set	1120
   333     0189                     _ANSELH         set	393
   334     0188                     _ANSEL          set	392
   335                           
   336                           	psect	strings
   337     0800                     __pstrings:
   338     0800                     stringtab:
   339     0800                     __stringtab:
   340                           
   341                           ;	String table - string pointers are 1 byte each
   342     0800  1BFF               	btfsc	btemp+1,7
   343     0801  280A               	ljmp	stringcode
   344     0802  1383               	bcf	3,7
   345     0803  187F               	btfsc	btemp+1,0
   346     0804  1783               	bsf	3,7
   347     0805  0800               	movf	0,w
   348     0806  0A84               	incf	4,f
   349     0807  1903               	skipnz
   350     0808  0AFF               	incf	btemp+1,f
   351     0809  0008               	return
   352     080A                     stringcode:
   353     080A                     stringdir:
   354     080A  3008               	movlw	high stringdir
   355     080B  008A               	movwf	10
   356     080C  0804               	movf	4,w
   357     080D  0A84               	incf	4,f
   358     080E  0782               	addwf	2,f
   359     080F                     __stringbase:
   360     080F  3400               	retlw	0
   361     0810                     __end_of__stringtab:
   362     0810                     STR_2:
   363     0810  3456               	retlw	86	;'V'
   364     0811  346F               	retlw	111	;'o'
   365     0812  346C               	retlw	108	;'l'
   366     0813  3474               	retlw	116	;'t'
   367     0814  3461               	retlw	97	;'a'
   368     0815  346A               	retlw	106	;'j'
   369     0816  3465               	retlw	101	;'e'
   370     0817  343A               	retlw	58	;':'
   371     0818  3420               	retlw	32	;' '
   372     0819  3400               	retlw	0
   373     081A                     STR_4:
   374     081A  3425               	retlw	37	;'%'
   375     081B  3430               	retlw	48	;'0'
   376     081C  3432               	retlw	50	;'2'
   377     081D  3475               	retlw	117	;'u'
   378     081E  343A               	retlw	58	;':'
   379     081F  3425               	retlw	37	;'%'
   380     0820  3430               	retlw	48	;'0'
   381     0821  3432               	retlw	50	;'2'
   382     0822  3475               	retlw	117	;'u'
   383     0823  3400               	retlw	0
   384     0824                     STR_1:
   385     0824  3430               	retlw	48	;'0'
   386     0825  3430               	retlw	48	;'0'
   387     0826  343A               	retlw	58	;':'
   388     0827  3430               	retlw	48	;'0'
   389     0828  3430               	retlw	48	;'0'
   390     0829  3400               	retlw	0
   391     082A                     STR_3:
   392     082A  3425               	retlw	37	;'%'
   393     082B  3475               	retlw	117	;'u'
   394     082C  342E               	retlw	46	;'.'
   395     082D  3425               	retlw	37	;'%'
   396     082E  3475               	retlw	117	;'u'
   397     082F  3400               	retlw	0
   398                           
   399                           	psect	cinit
   400     000F                     start_initialization:	
   401                           ; #config settings
   402                           
   403     000F                     __initialization:
   404                           
   405                           ; Initialize objects allocated to BANK1
   406     000F  1683               	bsf	3,5	;RP0=1, select bank1
   407     0010  1303               	bcf	3,6	;RP1=0, select bank1
   408     0011  120A  158A  26DF  120A  118A  	fcall	__pidataBANK1	;fetch initializer
   409     0016  00EA               	movwf	__pdataBANK1& (0+127)
   410     0017  120A  158A  26E0  120A  118A  	fcall	__pidataBANK1+1	;fetch initializer
   411     001C  00EB               	movwf	(__pdataBANK1+1)& (0+127)
   412     001D  120A  158A  26E1  120A  118A  	fcall	__pidataBANK1+2	;fetch initializer
   413     0022  00EC               	movwf	(__pdataBANK1+2)& (0+127)
   414     0023  120A  158A  26E2  120A  118A  	fcall	__pidataBANK1+3	;fetch initializer
   415     0028  00ED               	movwf	(__pdataBANK1+3)& (0+127)
   416     0029  120A  158A  26E3  120A  118A  	fcall	__pidataBANK1+4	;fetch initializer
   417     002E  00EE               	movwf	(__pdataBANK1+4)& (0+127)
   418                           
   419                           ; Clear objects allocated to BANK1
   420     002F  1383               	bcf	3,7	;select IRP bank0
   421     0030  30A0               	movlw	low __pbssBANK1
   422     0031  0084               	movwf	4
   423     0032  30CA               	movlw	low (__pbssBANK1+42)
   424     0033  120A  158A  26E4  120A  118A  	fcall	clear_ram0
   425                           
   426                           ; Clear objects allocated to BANK0
   427     0038  3061               	movlw	low __pbssBANK0
   428     0039  0084               	movwf	4
   429     003A  306E               	movlw	low (__pbssBANK0+13)
   430     003B  120A  158A  26E4  120A  118A  	fcall	clear_ram0
   431                           
   432                           ; Clear objects allocated to COMMON
   433     0040  01FB               	clrf	__pbssCOMMON& (0+127)
   434     0041                     end_of_initialization:	
   435                           ;End of C runtime variable initialization code
   436                           
   437     0041                     __end_of__initialization:
   438     0041  0183               	clrf	3
   439     0042  120A  118A  2845   	ljmp	_main	;jump to C main() function
   440                           
   441                           	psect	bssCOMMON
   442     007B                     __pbssCOMMON:
   443     007B                     _flags:
   444     007B                     	ds	1
   445                           
   446                           	psect	bssBANK0
   447     0061                     __pbssBANK0:
   448     0061                     _lcd:
   449     0061                     	ds	5
   450     0066                     _width:
   451     0066                     	ds	2
   452     0068                     _prec:
   453     0068                     	ds	2
   454     006A                     _contador:
   455     006A                     	ds	2
   456     006C                     _tiempo:
   457     006C                     	ds	2
   458                           
   459                           	psect	bssBANK1
   460     00A0                     __pbssBANK1:
   461     00A0                     _dbuf:
   462     00A0                     	ds	32
   463     00C0                     _exec:
   464     00C0                     	ds	10
   465                           
   466                           	psect	dataBANK1
   467     00EA                     __pdataBANK1:
   468     00EA                     main@F1775:
   469     00EA                     	ds	5
   470                           
   471                           	psect	clrtext
   472     0EE4                     clear_ram0:	
   473                           ;	Called with FSR containing the base address, and
   474                           ;	W with the last address+1
   475                           
   476     0EE4  0064               	clrwdt	;clear the watchdog before getting into this loop
   477     0EE5                     clrloop0:
   478     0EE5  0180               	clrf	0	;clear RAM location pointed to by FSR
   479     0EE6  0A84               	incf	4,f	;increment pointer
   480     0EE7  0604               	xorwf	4,w	;XOR with final address
   481     0EE8  1903               	btfsc	3,2	;have we reached the end yet?
   482     0EE9  3400               	retlw	0	;all done for this memory range, return
   483     0EEA  0604               	xorwf	4,w	;XOR again to restore value
   484     0EEB  2EE5               	goto	clrloop0	;do the next byte
   485                           
   486                           	psect	cstackBANK1
   487     00CA                     __pcstackBANK1:
   488     00CA                     main@buffer:
   489                           
   490                           ; 15 bytes @ 0x0
   491     00CA                     	ds	15
   492     00D9                     main@screen:
   493                           
   494                           ; 5 bytes @ 0xF
   495     00D9                     	ds	5
   496     00DE                     main@adc_result:
   497                           
   498                           ; 2 bytes @ 0x14
   499     00DE                     	ds	2
   500     00E0                     main@part_ent:
   501                           
   502                           ; 2 bytes @ 0x16
   503     00E0                     	ds	2
   504     00E2                     main@part_dec:
   505                           
   506                           ; 2 bytes @ 0x18
   507     00E2                     	ds	2
   508     00E4                     _main$934:
   509                           
   510                           ; 2 bytes @ 0x1A
   511     00E4                     	ds	2
   512     00E6                     _main$935:
   513                           
   514                           ; 2 bytes @ 0x1C
   515     00E6                     	ds	2
   516     00E8                     main@volt:
   517                           
   518                           ; 2 bytes @ 0x1E
   519     00E8                     	ds	2
   520                           
   521                           	psect	cstackCOMMON
   522     0070                     __pcstackCOMMON:
   523     0070                     ?_putch:
   524     0070                     ?_LCD_Out:	
   525                           ; 1 bytes @ 0x0
   526                           
   527     0070                     ?_LCD_Write:	
   528                           ; 1 bytes @ 0x0
   529                           
   530     0070                     ?_LCD_putc:	
   531                           ; 1 bytes @ 0x0
   532                           
   533     0070                     ?_Timer1_Init:	
   534                           ; 1 bytes @ 0x0
   535                           
   536     0070                     ?_ISR:	
   537                           ; 1 bytes @ 0x0
   538                           
   539     0070                     ?_ADC_Init:	
   540                           ; 1 bytes @ 0x0
   541                           
   542     0070                     ?_main:	
   543                           ; 1 bytes @ 0x0
   544                           
   545     0070                     putch@c:	
   546                           ; 1 bytes @ 0x0
   547                           
   548     0070                     ??_ISR:	
   549                           ; 1 bytes @ 0x0
   550                           
   551                           
   552                           ; 1 bytes @ 0x0
   553     0070                     	ds	2
   554     0072                     ?_fputc:
   555     0072                     ?_ADC_Read:	
   556                           ; 2 bytes @ 0x2
   557                           
   558     0072                     ?___wmul:	
   559                           ; 2 bytes @ 0x2
   560                           
   561     0072                     ?___lwdiv:	
   562                           ; 2 bytes @ 0x2
   563                           
   564     0072                     ?___lwmod:	
   565                           ; 2 bytes @ 0x2
   566                           
   567     0072                     ?___lmul:	
   568                           ; 2 bytes @ 0x2
   569                           
   570     0072                     ___wmul@multiplier:	
   571                           ; 4 bytes @ 0x2
   572                           
   573     0072                     ___lwdiv@divisor:	
   574                           ; 2 bytes @ 0x2
   575                           
   576     0072                     ___lwmod@divisor:	
   577                           ; 2 bytes @ 0x2
   578                           
   579     0072                     fputc@c:	
   580                           ; 2 bytes @ 0x2
   581                           
   582     0072                     ___lmul@multiplier:	
   583                           ; 2 bytes @ 0x2
   584                           
   585     0072                     ??_putch:	
   586                           ; 4 bytes @ 0x2
   587                           
   588     0072                     ??_LCD_Out:	
   589                           ; 1 bytes @ 0x2
   590                           
   591     0072                     ??_Timer1_Init:	
   592                           ; 1 bytes @ 0x2
   593                           
   594     0072                     ??_ADC_Init:	
   595                           ; 1 bytes @ 0x2
   596                           
   597                           
   598                           ; 1 bytes @ 0x2
   599     0072                     	ds	2
   600     0074                     LCD_Out@c:
   601     0074                     ___wmul@multiplicand:	
   602                           ; 1 bytes @ 0x4
   603                           
   604     0074                     ___lwdiv@dividend:	
   605                           ; 2 bytes @ 0x4
   606                           
   607     0074                     ___lwmod@dividend:	
   608                           ; 2 bytes @ 0x4
   609                           
   610     0074                     fputc@fp:	
   611                           ; 2 bytes @ 0x4
   612                           
   613     0074                     ??_ADC_Read:	
   614                           ; 2 bytes @ 0x4
   615                           
   616                           
   617                           ; 1 bytes @ 0x4
   618     0074                     	ds	1
   619     0075                     ??_LCD_Write:
   620     0075                     ??_LCD_putc:	
   621                           ; 1 bytes @ 0x5
   622                           
   623                           
   624                           ; 1 bytes @ 0x5
   625     0075                     	ds	1
   626     0076                     ?_fputs:
   627     0076                     ___lwmod@counter:	
   628                           ; 2 bytes @ 0x6
   629                           
   630     0076                     fputs@s:	
   631                           ; 1 bytes @ 0x6
   632                           
   633     0076                     ___wmul@product:	
   634                           ; 1 bytes @ 0x6
   635                           
   636     0076                     ___lwdiv@quotient:	
   637                           ; 2 bytes @ 0x6
   638                           
   639     0076                     ___lmul@multiplicand:	
   640                           ; 2 bytes @ 0x6
   641                           
   642     0076                     ??___wmul:	
   643                           ; 4 bytes @ 0x6
   644                           
   645     0076                     ??___lwdiv:	
   646                           ; 1 bytes @ 0x6
   647                           
   648     0076                     ??___lwmod:	
   649                           ; 1 bytes @ 0x6
   650                           
   651                           
   652                           ; 1 bytes @ 0x6
   653     0076                     	ds	1
   654     0077                     LCD_Write@c:
   655     0077                     LCD_putc@c:	
   656                           ; 1 bytes @ 0x7
   657                           
   658     0077                     fputs@fp:	
   659                           ; 1 bytes @ 0x7
   660                           
   661                           
   662                           ; 2 bytes @ 0x7
   663     0077                     	ds	1
   664     0078                     ?_LCD_putrs:
   665     0078                     ?_read_prec_or_width:	
   666                           ; 1 bytes @ 0x8
   667                           
   668     0078                     ___lwdiv@counter:	
   669                           ; 2 bytes @ 0x8
   670                           
   671     0078                     read_prec_or_width@fmt:	
   672                           ; 1 bytes @ 0x8
   673                           
   674     0078                     LCD_putrs@a:	
   675                           ; 1 bytes @ 0x8
   676                           
   677     0078                     ??_LCD_Init:	
   678                           ; 2 bytes @ 0x8
   679                           
   680                           
   681                           ; 1 bytes @ 0x8
   682     0078                     	ds	1
   683     0079                     read_prec_or_width@ap:
   684     0079                     ??_fputs:	
   685                           ; 1 bytes @ 0x9
   686                           
   687                           
   688                           ; 1 bytes @ 0x9
   689     0079                     	ds	1
   690     007A                     LCD_Init@cmd:
   691     007A                     ??___lmul:	
   692                           ; 1 bytes @ 0xA
   693                           
   694     007A                     ??_read_prec_or_width:	
   695                           ; 1 bytes @ 0xA
   696                           
   697                           
   698                           ; 1 bytes @ 0xA
   699     007A                     	ds	1
   700     007B                     ??_vfprintf:
   701     007B                     ??_main:	
   702                           ; 1 bytes @ 0xB
   703                           
   704     007B                     ??_utoa:	
   705                           ; 1 bytes @ 0xB
   706                           
   707                           
   708                           	psect	cstackBANK0
   709     0020                     __pcstackBANK0:	
   710                           ; 1 bytes @ 0xB
   711                           
   712     0020                     ?_LCD_Init:
   713     0020                     read_prec_or_width@c:	
   714                           ; 1 bytes @ 0x0
   715                           
   716     0020                     ___lmul@product:	
   717                           ; 1 bytes @ 0x0
   718                           
   719     0020                     LCD_Init@display:	
   720                           ; 4 bytes @ 0x0
   721                           
   722     0020                     ??_fputc:	
   723                           ; 5 bytes @ 0x0
   724                           
   725     0020                     ??_LCD_putrs:	
   726                           ; 1 bytes @ 0x0
   727                           
   728                           
   729                           ; 1 bytes @ 0x0
   730     0020                     	ds	1
   731     0021                     read_prec_or_width@n:
   732                           
   733                           ; 2 bytes @ 0x1
   734     0021                     	ds	2
   735     0023                     LCD_putrs@i:
   736                           
   737                           ; 2 bytes @ 0x3
   738     0023                     	ds	1
   739     0024                     ?___aldiv:
   740     0024                     ___aldiv@divisor:	
   741                           ; 4 bytes @ 0x4
   742                           
   743                           
   744                           ; 4 bytes @ 0x4
   745     0024                     	ds	4
   746     0028                     ___aldiv@dividend:
   747                           
   748                           ; 4 bytes @ 0x8
   749     0028                     	ds	1
   750     0029                     fputs@c:
   751                           
   752                           ; 1 bytes @ 0x9
   753     0029                     	ds	1
   754     002A                     fputs@i:
   755                           
   756                           ; 2 bytes @ 0xA
   757     002A                     	ds	2
   758     002C                     ?_pad:
   759     002C                     pad@fp:	
   760                           ; 1 bytes @ 0xC
   761                           
   762     002C                     ??___aldiv:	
   763                           ; 2 bytes @ 0xC
   764                           
   765                           
   766                           ; 1 bytes @ 0xC
   767     002C                     	ds	1
   768     002D                     ___aldiv@counter:
   769                           
   770                           ; 1 bytes @ 0xD
   771     002D                     	ds	1
   772     002E                     ___aldiv@sign:
   773     002E                     pad@buf:	
   774                           ; 1 bytes @ 0xE
   775                           
   776                           
   777                           ; 1 bytes @ 0xE
   778     002E                     	ds	1
   779     002F                     pad@p:
   780     002F                     ___aldiv@quotient:	
   781                           ; 2 bytes @ 0xF
   782                           
   783                           
   784                           ; 4 bytes @ 0xF
   785     002F                     	ds	2
   786     0031                     ??_pad:
   787                           
   788                           ; 1 bytes @ 0x11
   789     0031                     	ds	1
   790     0032                     pad@i:
   791                           
   792                           ; 2 bytes @ 0x12
   793     0032                     	ds	2
   794     0034                     ?_utoa:
   795     0034                     utoa@fp:	
   796                           ; 1 bytes @ 0x14
   797                           
   798                           
   799                           ; 2 bytes @ 0x14
   800     0034                     	ds	2
   801     0036                     utoa@d:
   802                           
   803                           ; 2 bytes @ 0x16
   804     0036                     	ds	2
   805     0038                     utoa@p:
   806                           
   807                           ; 1 bytes @ 0x18
   808     0038                     	ds	1
   809     0039                     utoa@w:
   810                           
   811                           ; 2 bytes @ 0x19
   812     0039                     	ds	2
   813     003B                     utoa@i:
   814                           
   815                           ; 2 bytes @ 0x1B
   816     003B                     	ds	2
   817     003D                     ?_vfpfcnvrt:
   818     003D                     vfpfcnvrt@fp:	
   819                           ; 1 bytes @ 0x1D
   820                           
   821                           
   822                           ; 2 bytes @ 0x1D
   823     003D                     	ds	2
   824     003F                     vfpfcnvrt@fmt:
   825                           
   826                           ; 1 bytes @ 0x1F
   827     003F                     	ds	1
   828     0040                     vfpfcnvrt@ap:
   829                           
   830                           ; 1 bytes @ 0x20
   831     0040                     	ds	1
   832     0041                     ??_vfpfcnvrt:
   833                           
   834                           ; 1 bytes @ 0x21
   835     0041                     	ds	2
   836     0043                     vfpfcnvrt@convarg:
   837                           
   838                           ; 4 bytes @ 0x23
   839     0043                     	ds	4
   840     0047                     vfpfcnvrt@done:
   841                           
   842                           ; 1 bytes @ 0x27
   843     0047                     	ds	1
   844     0048                     vfpfcnvrt@cp:
   845                           
   846                           ; 1 bytes @ 0x28
   847     0048                     	ds	1
   848     0049                     ?_vfprintf:
   849     0049                     vfprintf@fp:	
   850                           ; 2 bytes @ 0x29
   851                           
   852                           
   853                           ; 2 bytes @ 0x29
   854     0049                     	ds	2
   855     004B                     vfprintf@fmt:
   856                           
   857                           ; 1 bytes @ 0x2B
   858     004B                     	ds	1
   859     004C                     vfprintf@ap:
   860                           
   861                           ; 1 bytes @ 0x2C
   862     004C                     	ds	1
   863     004D                     vfprintf@cfmt:
   864                           
   865                           ; 1 bytes @ 0x2D
   866     004D                     	ds	1
   867     004E                     ?_sprintf:
   868     004E                     sprintf@s:	
   869                           ; 2 bytes @ 0x2E
   870                           
   871                           
   872                           ; 1 bytes @ 0x2E
   873     004E                     	ds	1
   874     004F                     sprintf@fmt:
   875                           
   876                           ; 1 bytes @ 0x2F
   877     004F                     	ds	5
   878     0054                     ??_sprintf:
   879                           
   880                           ; 1 bytes @ 0x34
   881     0054                     	ds	1
   882     0055                     sprintf@ap:
   883                           
   884                           ; 1 bytes @ 0x35
   885     0055                     	ds	1
   886     0056                     sprintf@f:
   887                           
   888                           ; 11 bytes @ 0x36
   889     0056                     	ds	11
   890                           
   891                           	psect	maintext
   892     0045                     __pmaintext:	
   893 ;;
   894 ;;Main: autosize = 0, tempsize = 0, incstack = 0, save=0
   895 ;;
   896 ;; *************** function _main *****************
   897 ;; Defined at:
   898 ;;		line 144 in file "main.c"
   899 ;; Parameters:    Size  Location     Type
   900 ;;		None
   901 ;; Auto vars:     Size  Location     Type
   902 ;;  volt            2   30[BANK1 ] unsigned int 
   903 ;;  part_dec        2   24[BANK1 ] unsigned int 
   904 ;;  part_ent        2   22[BANK1 ] unsigned int 
   905 ;;  adc_result      2   20[BANK1 ] unsigned int 
   906 ;;  buffer         15    0[BANK1 ] unsigned char [15]
   907 ;;  screen          5   15[BANK1 ] struct .
   908 ;; Return value:  Size  Location     Type
   909 ;;                  1    wreg      void 
   910 ;; Registers used:
   911 ;;		wreg, fsr0l, fsr0h, status,2, status,0, pclath, btemp1, cstack
   912 ;; Tracked objects:
   913 ;;		On entry : B00/0
   914 ;;		On exit  : 0/0
   915 ;;		Unchanged: 0/0
   916 ;; Data sizes:     COMMON   BANK0   BANK1   BANK3   BANK2
   917 ;;      Params:         0       0       0       0       0
   918 ;;      Locals:         0       0      32       0       0
   919 ;;      Temps:          0       0       0       0       0
   920 ;;      Totals:         0       0      32       0       0
   921 ;;Total ram usage:       32 bytes
   922 ;; Hardware stack levels required when called: 8
   923 ;; This function calls:
   924 ;;		_ADC_Init
   925 ;;		_ADC_Read
   926 ;;		_LCD_Init
   927 ;;		_LCD_Write
   928 ;;		_LCD_putrs
   929 ;;		_Timer1_Init
   930 ;;		___aldiv
   931 ;;		___lmul
   932 ;;		___lwdiv
   933 ;;		___lwmod
   934 ;;		_sprintf
   935 ;; This function is called by:
   936 ;;		Startup code after reset
   937 ;; This function uses a non-reentrant model
   938 ;;
   939                           
   940     0045                     _main:	
   941                           ;psect for function _main
   942                           
   943     0045                     l2215:	
   944                           ;incstack = 0
   945                           ; Regs used in _main: [wreg-fsr0h+status,2+status,0+pclath+btemp1+cstack]
   946                           
   947                           
   948                           ;main.c: 145:     char buffer[15];;main.c: 147:     ADC_Init();
   949     0045  120A  158A  26EC  120A  118A  	fcall	_ADC_Init
   950                           
   951                           ;main.c: 148:     Timer1_Init();
   952     004A  120A  158A  26FA  120A  118A  	fcall	_Timer1_Init
   953     004F                     l2217:
   954                           
   955                           ;main.c: 151:     LCD screen = {&PORTC, 2, 3, 4,5 ,6 ,7};
   956     004F  30D9               	movlw	main@screen& (0+255)
   957     0050  0084               	movwf	4
   958     0051  1683               	bsf	3,5	;RP0=1, select bank1
   959     0052  1303               	bcf	3,6	;RP1=0, select bank1
   960     0053  086A               	movf	main@F1775^(0+128),w
   961     0054  1383               	bcf	3,7	;select IRP bank1
   962     0055  0080               	movwf	0
   963     0056  0A84               	incf	4,f
   964     0057  086B               	movf	(main@F1775^(0+128)+1),w
   965     0058  0080               	movwf	0
   966     0059  0A84               	incf	4,f
   967     005A  086C               	movf	(main@F1775^(0+128)+2),w
   968     005B  0080               	movwf	0
   969     005C  0A84               	incf	4,f
   970     005D  086D               	movf	(main@F1775^(0+128)+3),w
   971     005E  0080               	movwf	0
   972     005F  0A84               	incf	4,f
   973     0060  086E               	movf	(main@F1775^(0+128)+4),w
   974     0061  0080               	movwf	0
   975     0062                     l2219:
   976                           
   977                           ;main.c: 152:     LCD_Init(screen);
   978     0062  3020               	movlw	LCD_Init@display& (0+255)
   979     0063  0084               	movwf	4
   980     0064  0859               	movf	main@screen^(0+128),w
   981     0065  0080               	movwf	0
   982     0066  0A84               	incf	4,f
   983     0067  085A               	movf	(main@screen^(0+128)+1),w
   984     0068  0080               	movwf	0
   985     0069  0A84               	incf	4,f
   986     006A  085B               	movf	(main@screen^(0+128)+2),w
   987     006B  0080               	movwf	0
   988     006C  0A84               	incf	4,f
   989     006D  085C               	movf	(main@screen^(0+128)+3),w
   990     006E  0080               	movwf	0
   991     006F  0A84               	incf	4,f
   992     0070  085D               	movf	(main@screen^(0+128)+4),w
   993     0071  0080               	movwf	0
   994     0072  120A  118A  2322  120A  118A  	fcall	_LCD_Init
   995     0077                     l2221:
   996     0077  3000               	movlw	0
   997     0078  120A  118A  2671  120A  118A  	fcall	_LCD_Write
   998     007D                     l2223:
   999     007D  3001               	movlw	1
  1000     007E  120A  118A  2671  120A  118A  	fcall	_LCD_Write
  1001     0083                     l2227:
  1002     0083  300C               	movlw	12
  1003     0084  120A  118A  2671  120A  118A  	fcall	_LCD_Write
  1004     0089  300B               	movlw	11
  1005     008A  120A  118A  2671  120A  118A  	fcall	_LCD_Write
  1006     008F                     l2233:
  1007                           
  1008                           ;main.c: 157:     LCD_putrs("00:00");
  1009     008F  3015               	movlw	(low ((STR_1-__stringbase)| (0+32768)))& (0+255)
  1010     0090  00F8               	movwf	LCD_putrs@a
  1011     0091  3080               	movlw	128
  1012     0092  00F9               	movwf	LCD_putrs@a+1
  1013     0093  120A  118A  2765  120A  118A  	fcall	_LCD_putrs
  1014     0098                     l2235:
  1015     0098  3008               	movlw	8
  1016     0099  120A  118A  2671  120A  118A  	fcall	_LCD_Write
  1017     009E                     l2237:
  1018     009E  3000               	movlw	0
  1019     009F  120A  118A  2671  120A  118A  	fcall	_LCD_Write
  1020     00A4                     l2245:
  1021                           
  1022                           ;main.c: 161:         LCD_putrs("Voltaje: ");
  1023     00A4  3001               	movlw	(low ((STR_2-__stringbase)| (0+32768)))& (0+255)
  1024     00A5  00F8               	movwf	LCD_putrs@a
  1025     00A6  3080               	movlw	128
  1026     00A7  00F9               	movwf	LCD_putrs@a+1
  1027     00A8  120A  118A  2765  120A  118A  	fcall	_LCD_putrs
  1028     00AD                     l2247:
  1029     00AD  3008               	movlw	8
  1030     00AE  120A  118A  2671  120A  118A  	fcall	_LCD_Write
  1031     00B3                     l2249:
  1032     00B3  3009               	movlw	9
  1033     00B4  120A  118A  2671  120A  118A  	fcall	_LCD_Write
  1034     00B9                     l2257:
  1035                           
  1036                           ;main.c: 164:         unsigned int adc_result = ADC_Read();
  1037     00B9  120A  118A  27ED  120A  118A  	fcall	_ADC_Read
  1038     00BE  0873               	movf	?_ADC_Read+1,w
  1039     00BF  1683               	bsf	3,5	;RP0=1, select bank1
  1040     00C0  1303               	bcf	3,6	;RP1=0, select bank1
  1041     00C1  00DF               	movwf	(main@adc_result+1)^(0+128)
  1042     00C2  0872               	movf	?_ADC_Read,w
  1043     00C3  00DE               	movwf	main@adc_result^(0+128)
  1044     00C4                     l2259:
  1045                           
  1046                           ;main.c: 166:         unsigned int volt = (adc_result*50000)/ 1023;
  1047     00C4  3000               	movlw	0
  1048     00C5  1283               	bcf	3,5	;RP0=0, select bank0
  1049     00C6  1303               	bcf	3,6	;RP1=0, select bank0
  1050     00C7  00A7               	movwf	___aldiv@divisor+3
  1051     00C8  3000               	movlw	0
  1052     00C9  00A6               	movwf	___aldiv@divisor+2
  1053     00CA  3003               	movlw	3
  1054     00CB  00A5               	movwf	___aldiv@divisor+1
  1055     00CC  30FF               	movlw	255
  1056     00CD  00A4               	movwf	___aldiv@divisor
  1057     00CE  1683               	bsf	3,5	;RP0=1, select bank1
  1058     00CF  1303               	bcf	3,6	;RP1=0, select bank1
  1059     00D0  085E               	movf	main@adc_result^(0+128),w
  1060     00D1  00F2               	movwf	___lmul@multiplier
  1061     00D2  085F               	movf	(main@adc_result+1)^(0+128),w
  1062     00D3  00F3               	movwf	___lmul@multiplier+1
  1063     00D4  01F4               	clrf	___lmul@multiplier+2
  1064     00D5  01F5               	clrf	___lmul@multiplier+3
  1065     00D6  3000               	movlw	0
  1066     00D7  00F9               	movwf	___lmul@multiplicand+3
  1067     00D8  3000               	movlw	0
  1068     00D9  00F8               	movwf	___lmul@multiplicand+2
  1069     00DA  30C3               	movlw	195
  1070     00DB  00F7               	movwf	___lmul@multiplicand+1
  1071     00DC  3050               	movlw	80
  1072     00DD  00F6               	movwf	___lmul@multiplicand
  1073     00DE  120A  118A  2719  120A  118A  	fcall	___lmul
  1074     00E3  0875               	movf	?___lmul+3,w
  1075     00E4  1283               	bcf	3,5	;RP0=0, select bank0
  1076     00E5  1303               	bcf	3,6	;RP1=0, select bank0
  1077     00E6  00AB               	movwf	___aldiv@dividend+3
  1078     00E7  0874               	movf	?___lmul+2,w
  1079     00E8  00AA               	movwf	___aldiv@dividend+2
  1080     00E9  0873               	movf	?___lmul+1,w
  1081     00EA  00A9               	movwf	___aldiv@dividend+1
  1082     00EB  0872               	movf	?___lmul,w
  1083     00EC  00A8               	movwf	___aldiv@dividend
  1084     00ED  120A  118A  246F  120A  118A  	fcall	___aldiv
  1085     00F2  1283               	bcf	3,5	;RP0=0, select bank0
  1086     00F3  1303               	bcf	3,6	;RP1=0, select bank0
  1087     00F4  0825               	movf	?___aldiv+1,w
  1088     00F5  1683               	bsf	3,5	;RP0=1, select bank1
  1089     00F6  1303               	bcf	3,6	;RP1=0, select bank1
  1090     00F7  00E9               	movwf	(main@volt+1)^(0+128)
  1091     00F8  1283               	bcf	3,5	;RP0=0, select bank0
  1092     00F9  1303               	bcf	3,6	;RP1=0, select bank0
  1093     00FA  0824               	movf	?___aldiv,w
  1094     00FB  1683               	bsf	3,5	;RP0=1, select bank1
  1095     00FC  1303               	bcf	3,6	;RP1=0, select bank1
  1096     00FD  00E8               	movwf	main@volt^(0+128)
  1097     00FE                     l2261:
  1098                           
  1099                           ;main.c: 167:         unsigned int part_ent = volt/10000;
  1100     00FE  3010               	movlw	16
  1101     00FF  00F2               	movwf	___lwdiv@divisor
  1102     0100  3027               	movlw	39
  1103     0101  00F3               	movwf	___lwdiv@divisor+1
  1104     0102  0869               	movf	(main@volt+1)^(0+128),w
  1105     0103  00F5               	movwf	___lwdiv@dividend+1
  1106     0104  0868               	movf	main@volt^(0+128),w
  1107     0105  00F4               	movwf	___lwdiv@dividend
  1108     0106  120A  118A  27AB  120A  118A  	fcall	___lwdiv
  1109     010B  0873               	movf	?___lwdiv+1,w
  1110     010C  1683               	bsf	3,5	;RP0=1, select bank1
  1111     010D  1303               	bcf	3,6	;RP1=0, select bank1
  1112     010E  00E1               	movwf	(main@part_ent+1)^(0+128)
  1113     010F  0872               	movf	?___lwdiv,w
  1114     0110  00E0               	movwf	main@part_ent^(0+128)
  1115     0111                     l2263:
  1116                           
  1117                           ;main.c: 168:         unsigned int part_dec = volt%10000;
  1118     0111  3010               	movlw	16
  1119     0112  00F2               	movwf	___lwmod@divisor
  1120     0113  3027               	movlw	39
  1121     0114  00F3               	movwf	___lwmod@divisor+1
  1122     0115  0869               	movf	(main@volt+1)^(0+128),w
  1123     0116  00F5               	movwf	___lwmod@dividend+1
  1124     0117  0868               	movf	main@volt^(0+128),w
  1125     0118  00F4               	movwf	___lwmod@dividend
  1126     0119  120A  158A  27C8  120A  118A  	fcall	___lwmod
  1127     011E  0873               	movf	?___lwmod+1,w
  1128     011F  1683               	bsf	3,5	;RP0=1, select bank1
  1129     0120  1303               	bcf	3,6	;RP1=0, select bank1
  1130     0121  00E3               	movwf	(main@part_dec+1)^(0+128)
  1131     0122  0872               	movf	?___lwmod,w
  1132     0123  00E2               	movwf	main@part_dec^(0+128)
  1133     0124                     l2265:
  1134                           
  1135                           ;main.c: 170:         sprintf(buffer, "%u.%u", part_ent,part_dec);
  1136     0124  30CA               	movlw	(low (main@buffer| 0))& (0+255)
  1137     0125  1283               	bcf	3,5	;RP0=0, select bank0
  1138     0126  1303               	bcf	3,6	;RP1=0, select bank0
  1139     0127  00CE               	movwf	sprintf@s
  1140     0128  301B               	movlw	(low ((STR_3-__stringbase)| (0+32768)))& (0+255)
  1141     0129  00CF               	movwf	sprintf@fmt
  1142     012A  1683               	bsf	3,5	;RP0=1, select bank1
  1143     012B  1303               	bcf	3,6	;RP1=0, select bank1
  1144     012C  0861               	movf	(main@part_ent+1)^(0+128),w
  1145     012D  1283               	bcf	3,5	;RP0=0, select bank0
  1146     012E  1303               	bcf	3,6	;RP1=0, select bank0
  1147     012F  00D1               	movwf	?_sprintf+3
  1148     0130  1683               	bsf	3,5	;RP0=1, select bank1
  1149     0131  1303               	bcf	3,6	;RP1=0, select bank1
  1150     0132  0860               	movf	main@part_ent^(0+128),w
  1151     0133  1283               	bcf	3,5	;RP0=0, select bank0
  1152     0134  1303               	bcf	3,6	;RP1=0, select bank0
  1153     0135  00D0               	movwf	?_sprintf+2
  1154     0136  1683               	bsf	3,5	;RP0=1, select bank1
  1155     0137  1303               	bcf	3,6	;RP1=0, select bank1
  1156     0138  0863               	movf	(main@part_dec+1)^(0+128),w
  1157     0139  1283               	bcf	3,5	;RP0=0, select bank0
  1158     013A  1303               	bcf	3,6	;RP1=0, select bank0
  1159     013B  00D3               	movwf	?_sprintf+5
  1160     013C  1683               	bsf	3,5	;RP0=1, select bank1
  1161     013D  1303               	bcf	3,6	;RP1=0, select bank1
  1162     013E  0862               	movf	main@part_dec^(0+128),w
  1163     013F  1283               	bcf	3,5	;RP0=0, select bank0
  1164     0140  1303               	bcf	3,6	;RP1=0, select bank0
  1165     0141  00D2               	movwf	?_sprintf+4
  1166     0142  120A  158A  272C  120A  118A  	fcall	_sprintf
  1167     0147                     l2267:
  1168                           
  1169                           ;main.c: 171:         LCD_putrs(buffer);
  1170     0147  30CA               	movlw	(low (main@buffer| 0))& (0+255)
  1171     0148  00F8               	movwf	LCD_putrs@a
  1172     0149  3000               	movlw	0
  1173     014A  00F9               	movwf	LCD_putrs@a+1
  1174     014B  120A  118A  2765  120A  118A  	fcall	_LCD_putrs
  1175     0150                     l2271:
  1176     0150  300C               	movlw	12
  1177     0151  120A  118A  2671  120A  118A  	fcall	_LCD_Write
  1178     0156  300B               	movlw	11
  1179     0157  120A  118A  2671  120A  118A  	fcall	_LCD_Write
  1180     015C                     l2277:
  1181                           
  1182                           ;main.c: 174:         sprintf(exec,"%02u:%02u",tiempo/60,tiempo%60);
  1183     015C  303C               	movlw	60
  1184     015D  00F2               	movwf	___lwdiv@divisor
  1185     015E  3000               	movlw	0
  1186     015F  00F3               	movwf	___lwdiv@divisor+1
  1187     0160  1283               	bcf	3,5	;RP0=0, select bank0
  1188     0161  1303               	bcf	3,6	;RP1=0, select bank0
  1189     0162  086D               	movf	_tiempo+1,w	;volatile
  1190     0163  00F5               	movwf	___lwdiv@dividend+1
  1191     0164  086C               	movf	_tiempo,w	;volatile
  1192     0165  00F4               	movwf	___lwdiv@dividend
  1193     0166  120A  118A  27AB  120A  118A  	fcall	___lwdiv
  1194     016B  0873               	movf	?___lwdiv+1,w
  1195     016C  1683               	bsf	3,5	;RP0=1, select bank1
  1196     016D  1303               	bcf	3,6	;RP1=0, select bank1
  1197     016E  00E5               	movwf	(_main$934+1)^(0+128)
  1198     016F  0872               	movf	?___lwdiv,w
  1199     0170  00E4               	movwf	_main$934^(0+128)
  1200     0171                     l2279:
  1201                           
  1202                           ;main.c: 174:         sprintf(exec,"%02u:%02u",tiempo/60,tiempo%60);
  1203     0171  303C               	movlw	60
  1204     0172  00F2               	movwf	___lwmod@divisor
  1205     0173  3000               	movlw	0
  1206     0174  00F3               	movwf	___lwmod@divisor+1
  1207     0175  1283               	bcf	3,5	;RP0=0, select bank0
  1208     0176  1303               	bcf	3,6	;RP1=0, select bank0
  1209     0177  086D               	movf	_tiempo+1,w	;volatile
  1210     0178  00F5               	movwf	___lwmod@dividend+1
  1211     0179  086C               	movf	_tiempo,w	;volatile
  1212     017A  00F4               	movwf	___lwmod@dividend
  1213     017B  120A  158A  27C8  120A  118A  	fcall	___lwmod
  1214     0180  0873               	movf	?___lwmod+1,w
  1215     0181  1683               	bsf	3,5	;RP0=1, select bank1
  1216     0182  1303               	bcf	3,6	;RP1=0, select bank1
  1217     0183  00E7               	movwf	(_main$935+1)^(0+128)
  1218     0184  0872               	movf	?___lwmod,w
  1219     0185  00E6               	movwf	_main$935^(0+128)
  1220     0186                     l2281:
  1221                           
  1222                           ;main.c: 174:         sprintf(exec,"%02u:%02u",tiempo/60,tiempo%60);
  1223     0186  30C0               	movlw	(low (_exec| 0))& (0+255)
  1224     0187  1283               	bcf	3,5	;RP0=0, select bank0
  1225     0188  1303               	bcf	3,6	;RP1=0, select bank0
  1226     0189  00CE               	movwf	sprintf@s
  1227     018A  300B               	movlw	(low ((STR_4-__stringbase)| (0+32768)))& (0+255)
  1228     018B  00CF               	movwf	sprintf@fmt
  1229     018C  1683               	bsf	3,5	;RP0=1, select bank1
  1230     018D  1303               	bcf	3,6	;RP1=0, select bank1
  1231     018E  0865               	movf	(_main$934+1)^(0+128),w
  1232     018F  1283               	bcf	3,5	;RP0=0, select bank0
  1233     0190  1303               	bcf	3,6	;RP1=0, select bank0
  1234     0191  00D1               	movwf	?_sprintf+3
  1235     0192  1683               	bsf	3,5	;RP0=1, select bank1
  1236     0193  1303               	bcf	3,6	;RP1=0, select bank1
  1237     0194  0864               	movf	_main$934^(0+128),w
  1238     0195  1283               	bcf	3,5	;RP0=0, select bank0
  1239     0196  1303               	bcf	3,6	;RP1=0, select bank0
  1240     0197  00D0               	movwf	?_sprintf+2
  1241     0198  1683               	bsf	3,5	;RP0=1, select bank1
  1242     0199  1303               	bcf	3,6	;RP1=0, select bank1
  1243     019A  0867               	movf	(_main$935+1)^(0+128),w
  1244     019B  1283               	bcf	3,5	;RP0=0, select bank0
  1245     019C  1303               	bcf	3,6	;RP1=0, select bank0
  1246     019D  00D3               	movwf	?_sprintf+5
  1247     019E  1683               	bsf	3,5	;RP0=1, select bank1
  1248     019F  1303               	bcf	3,6	;RP1=0, select bank1
  1249     01A0  0866               	movf	_main$935^(0+128),w
  1250     01A1  1283               	bcf	3,5	;RP0=0, select bank0
  1251     01A2  1303               	bcf	3,6	;RP1=0, select bank0
  1252     01A3  00D2               	movwf	?_sprintf+4
  1253     01A4  120A  158A  272C  120A  118A  	fcall	_sprintf
  1254     01A9                     l2283:
  1255                           
  1256                           ;main.c: 176:         LCD_putrs(exec);
  1257     01A9  30C0               	movlw	(low (_exec| 0))& (0+255)
  1258     01AA  00F8               	movwf	LCD_putrs@a
  1259     01AB  3000               	movlw	0
  1260     01AC  00F9               	movwf	LCD_putrs@a+1
  1261     01AD  120A  118A  2765  120A  118A  	fcall	_LCD_putrs
  1262     01B2  2898               	goto	l2235
  1263     01B3  120A  118A  280C   	ljmp	start
  1264     01B6                     __end_of_main:
  1265                           
  1266                           	psect	text1
  1267     0F2C                     __ptext1:	
  1268 ;; *************** function _sprintf *****************
  1269 ;; Defined at:
  1270 ;;		line 9 in file "C:\Program Files\Microchip\xc8\v3.10\pic\sources\c99\common\nf_sprintf.c"
  1271 ;; Parameters:    Size  Location     Type
  1272 ;;  s               1   46[BANK0 ] PTR unsigned char 
  1273 ;;		 -> exec(10), main@buffer(15), 
  1274 ;;  fmt             1   47[BANK0 ] PTR const unsigned char 
  1275 ;;		 -> STR_4(10), STR_3(6), 
  1276 ;; Auto vars:     Size  Location     Type
  1277 ;;  f              11   54[BANK0 ] struct _IO_FILE
  1278 ;;  ret             2    0        int 
  1279 ;;  ap              1   53[BANK0 ] PTR void [1]
  1280 ;;		 -> ?_sprintf(2), 
  1281 ;; Return value:  Size  Location     Type
  1282 ;;                  2   46[BANK0 ] int 
  1283 ;; Registers used:
  1284 ;;		wreg, fsr0l, fsr0h, status,2, status,0, pclath, btemp1, cstack
  1285 ;; Tracked objects:
  1286 ;;		On entry : 0/0
  1287 ;;		On exit  : 0/0
  1288 ;;		Unchanged: 0/0
  1289 ;; Data sizes:     COMMON   BANK0   BANK1   BANK3   BANK2
  1290 ;;      Params:         0       6       0       0       0
  1291 ;;      Locals:         0      12       0       0       0
  1292 ;;      Temps:          0       1       0       0       0
  1293 ;;      Totals:         0      19       0       0       0
  1294 ;;Total ram usage:       19 bytes
  1295 ;; Hardware stack levels used: 1
  1296 ;; Hardware stack levels required when called: 7
  1297 ;; This function calls:
  1298 ;;		_vfprintf
  1299 ;; This function is called by:
  1300 ;;		_main
  1301 ;; This function uses a non-reentrant model
  1302 ;;
  1303                           
  1304     0F2C                     _sprintf:	
  1305                           ;psect for function _sprintf
  1306                           
  1307     0F2C                     l2121:	
  1308                           ;incstack = 0
  1309                           ; Regs used in _sprintf: [wreg-fsr0h+status,2+status,0+pclath+btemp1+cstack]
  1310                           
  1311     0F2C  3050               	movlw	(low ((?_sprintf| 0+2)))& (0+255)
  1312     0F2D  1283               	bcf	3,5	;RP0=0, select bank0
  1313     0F2E  1303               	bcf	3,6	;RP1=0, select bank0
  1314     0F2F  00D5               	movwf	sprintf@ap
  1315     0F30                     l2123:
  1316     0F30  084E               	movf	sprintf@s,w
  1317     0F31  00D6               	movwf	sprintf@f
  1318     0F32  3000               	movlw	0
  1319     0F33  00D7               	movwf	sprintf@f+1
  1320     0F34                     l2125:
  1321     0F34  01D8               	clrf	sprintf@f+2
  1322     0F35  01D9               	clrf	sprintf@f+3
  1323     0F36                     l2127:
  1324     0F36  01DF               	clrf	sprintf@f+9
  1325     0F37  01E0               	clrf	sprintf@f+10
  1326     0F38                     l2129:
  1327     0F38  3056               	movlw	low sprintf@f
  1328     0F39  00C9               	movwf	vfprintf@fp
  1329     0F3A  3000               	movlw	high sprintf@f
  1330     0F3B  00CA               	movwf	vfprintf@fp+1
  1331     0F3C  084F               	movf	sprintf@fmt,w
  1332     0F3D  00CB               	movwf	vfprintf@fmt
  1333     0F3E  3055               	movlw	(low (sprintf@ap| 0))& (0+255)
  1334     0F3F  00CC               	movwf	vfprintf@ap
  1335     0F40  120A  158A  2709  120A  158A  	fcall	_vfprintf
  1336     0F45                     l2131:
  1337     0F45  1283               	bcf	3,5	;RP0=0, select bank0
  1338     0F46  1303               	bcf	3,6	;RP1=0, select bank0
  1339     0F47  0858               	movf	sprintf@f+2,w
  1340     0F48  074E               	addwf	sprintf@s,w
  1341     0F49  00D4               	movwf	??_sprintf
  1342     0F4A  0854               	movf	??_sprintf,w
  1343     0F4B  0084               	movwf	4
  1344     0F4C  1383               	bcf	3,7	;select IRP bank0
  1345     0F4D  0180               	clrf	0
  1346     0F4E                     l771:
  1347     0F4E  0008               	return
  1348     0F4F                     __end_of_sprintf:
  1349                           
  1350                           	psect	text2
  1351     0F09                     __ptext2:	
  1352 ;; *************** function _vfprintf *****************
  1353 ;; Defined at:
  1354 ;;		line 1817 in file "C:\Program Files\Microchip\xc8\v3.10\pic\sources\c99\common\doprnt.c"
  1355 ;; Parameters:    Size  Location     Type
  1356 ;;  fp              2   41[BANK0 ] PTR struct _IO_FILE
  1357 ;;		 -> sprintf@f(11), 
  1358 ;;  fmt             1   43[BANK0 ] PTR const unsigned char 
  1359 ;;		 -> STR_4(10), STR_3(6), 
  1360 ;;  ap              1   44[BANK0 ] PTR PTR void 
  1361 ;;		 -> sprintf@ap(1), 
  1362 ;; Auto vars:     Size  Location     Type
  1363 ;;  cfmt            1   45[BANK0 ] PTR unsigned char 
  1364 ;;		 -> STR_4(10), STR_3(6), 
  1365 ;; Return value:  Size  Location     Type
  1366 ;;                  2   41[BANK0 ] int 
  1367 ;; Registers used:
  1368 ;;		wreg, fsr0l, fsr0h, status,2, status,0, pclath, btemp1, cstack
  1369 ;; Tracked objects:
  1370 ;;		On entry : 0/0
  1371 ;;		On exit  : 0/0
  1372 ;;		Unchanged: 0/0
  1373 ;; Data sizes:     COMMON   BANK0   BANK1   BANK3   BANK2
  1374 ;;      Params:         0       4       0       0       0
  1375 ;;      Locals:         0       1       0       0       0
  1376 ;;      Temps:          0       0       0       0       0
  1377 ;;      Totals:         0       5       0       0       0
  1378 ;;Total ram usage:        5 bytes
  1379 ;; Hardware stack levels used: 1
  1380 ;; Hardware stack levels required when called: 6
  1381 ;; This function calls:
  1382 ;;		_vfpfcnvrt
  1383 ;; This function is called by:
  1384 ;;		_sprintf
  1385 ;; This function uses a non-reentrant model
  1386 ;;
  1387                           
  1388     0F09                     _vfprintf:	
  1389                           ;psect for function _vfprintf
  1390                           
  1391     0F09                     l2057:	
  1392                           ;incstack = 0
  1393 ;; using string table level
  1394                           ; Regs used in _vfprintf: [wreg-fsr0h+status,2+status,0+pclath+btemp1+cstack]
  1395                           
  1396                           
  1397                           ;C:\Program Files\Microchip\xc8\v3.10\pic\sources\c99\common\doprnt.c: 1817: int vfprint
      +                          f(FILE *fp, const char *fmt, va_list ap);C:\Program Files\Microchip\xc8\v3.10\pic\source
      +                          s\c99\common\doprnt.c: 1818: {;C:\Program Files\Microchip\xc8\v3.10\pic\sources\c99\comm
      +                          on\doprnt.c: 1820:     char *cfmt;;C:\Program Files\Microchip\xc8\v3.10\pic\sources\c99\
      +                          common\doprnt.c: 1822:     cfmt = (char *)fmt;
  1398     0F09  1283               	bcf	3,5	;RP0=0, select bank0
  1399     0F0A  1303               	bcf	3,6	;RP1=0, select bank0
  1400     0F0B  084B               	movf	vfprintf@fmt,w
  1401     0F0C  00CD               	movwf	vfprintf@cfmt
  1402                           
  1403                           ;C:\Program Files\Microchip\xc8\v3.10\pic\sources\c99\common\doprnt.c: 1826:     while (
      +                          *cfmt) {
  1404     0F0D  2F1B               	goto	l2061
  1405     0F0E                     l2059:
  1406                           
  1407                           ;C:\Program Files\Microchip\xc8\v3.10\pic\sources\c99\common\doprnt.c: 1830:    vfpfcnvr
      +                          t(fp, &cfmt, ap);
  1408     0F0E  0849               	movf	vfprintf@fp,w
  1409     0F0F  00BD               	movwf	vfpfcnvrt@fp
  1410     0F10  084A               	movf	vfprintf@fp+1,w
  1411     0F11  00BE               	movwf	vfpfcnvrt@fp+1
  1412     0F12  304D               	movlw	(low (vfprintf@cfmt| 0))& (0+255)
  1413     0F13  00BF               	movwf	vfpfcnvrt@fmt
  1414     0F14  084C               	movf	vfprintf@ap,w
  1415     0F15  00C0               	movwf	vfpfcnvrt@ap
  1416     0F16  120A  118A  2270  120A  158A  	fcall	_vfpfcnvrt
  1417     0F1B                     l2061:
  1418                           
  1419                           ;C:\Program Files\Microchip\xc8\v3.10\pic\sources\c99\common\doprnt.c: 1826:     while (
      +                          *cfmt) {
  1420     0F1B  1283               	bcf	3,5	;RP0=0, select bank0
  1421     0F1C  1303               	bcf	3,6	;RP1=0, select bank0
  1422     0F1D  084D               	movf	vfprintf@cfmt,w
  1423     0F1E  0084               	movwf	4
  1424     0F1F  120A  158A  200A  120A  158A  	fcall	stringdir
  1425     0F24  3A00               	xorlw	0
  1426     0F25  1D03               	skipz
  1427     0F26  2F28               	goto	u2291
  1428     0F27  2F29               	goto	u2290
  1429     0F28                     u2291:
  1430     0F28  2F0E               	goto	l2059
  1431     0F29                     u2290:
  1432     0F29                     l2063:
  1433                           
  1434                           ;C:\Program Files\Microchip\xc8\v3.10\pic\sources\c99\common\doprnt.c: 1835:  return 0;
  1435     0F29  01C9               	clrf	?_vfprintf
  1436     0F2A  01CA               	clrf	?_vfprintf+1
  1437     0F2B                     l836:
  1438     0F2B  0008               	return
  1439     0F2C                     __end_of_vfprintf:
  1440                           
  1441                           	psect	text3
  1442     0270                     __ptext3:	
  1443 ;; *************** function _vfpfcnvrt *****************
  1444 ;; Defined at:
  1445 ;;		line 1177 in file "C:\Program Files\Microchip\xc8\v3.10\pic\sources\c99\common\doprnt.c"
  1446 ;; Parameters:    Size  Location     Type
  1447 ;;  fp              2   29[BANK0 ] PTR struct _IO_FILE
  1448 ;;		 -> sprintf@f(11), 
  1449 ;;  fmt             1   31[BANK0 ] PTR PTR unsigned char 
  1450 ;;		 -> vfprintf@cfmt(1), 
  1451 ;;  ap              1   32[BANK0 ] PTR PTR void 
  1452 ;;		 -> sprintf@ap(1), 
  1453 ;; Auto vars:     Size  Location     Type
  1454 ;;  convarg         4   35[BANK0 ] struct .
  1455 ;;  cp              1   40[BANK0 ] PTR unsigned char 
  1456 ;;		 -> STR_4(10), STR_3(6), 
  1457 ;;  done            1   39[BANK0 ] _Bool 
  1458 ;;  c               1    0        unsigned char 
  1459 ;; Return value:  Size  Location     Type
  1460 ;;                  1    wreg      void 
  1461 ;; Registers used:
  1462 ;;		wreg, fsr0l, fsr0h, status,2, status,0, pclath, btemp1, cstack
  1463 ;; Tracked objects:
  1464 ;;		On entry : 0/0
  1465 ;;		On exit  : 0/0
  1466 ;;		Unchanged: 0/0
  1467 ;; Data sizes:     COMMON   BANK0   BANK1   BANK3   BANK2
  1468 ;;      Params:         0       4       0       0       0
  1469 ;;      Locals:         0       6       0       0       0
  1470 ;;      Temps:          0       2       0       0       0
  1471 ;;      Totals:         0      12       0       0       0
  1472 ;;Total ram usage:       12 bytes
  1473 ;; Hardware stack levels used: 1
  1474 ;; Hardware stack levels required when called: 5
  1475 ;; This function calls:
  1476 ;;		_fputc
  1477 ;;		_read_prec_or_width
  1478 ;;		_utoa
  1479 ;; This function is called by:
  1480 ;;		_vfprintf
  1481 ;; This function uses a non-reentrant model
  1482 ;;
  1483                           
  1484     0270                     _vfpfcnvrt:	
  1485                           ;psect for function _vfpfcnvrt
  1486                           
  1487     0270                     l1979:	
  1488                           ;incstack = 0
  1489 ;; using string table level
  1490                           ; Regs used in _vfpfcnvrt: [wreg-fsr0h+status,2+status,0+pclath+btemp1+cstack]
  1491                           
  1492                           
  1493                           ;C:\Program Files\Microchip\xc8\v3.10\pic\sources\c99\common\doprnt.c: 1177: vfpfcnvrt(F
      +                          ILE *fp, char *fmt[], va_list ap);C:\Program Files\Microchip\xc8\v3.10\pic\sources\c99\c
      +                          ommon\doprnt.c: 1178: {;C:\Program Files\Microchip\xc8\v3.10\pic\sources\c99\common\dopr
      +                          nt.c: 1179:     char c, *cp;;C:\Program Files\Microchip\xc8\v3.10\pic\sources\c99\common
      +                          \doprnt.c: 1180:     _Bool done;;C:\Program Files\Microchip\xc8\v3.10\pic\sources\c99\co
      +                          mmon\doprnt.c: 1188:  } convarg;;C:\Program Files\Microchip\xc8\v3.10\pic\sources\c99\co
      +                          mmon\doprnt.c: 1201:     if ((*fmt)[0] == '%') {
  1494     0270  1283               	bcf	3,5	;RP0=0, select bank0
  1495     0271  1303               	bcf	3,6	;RP1=0, select bank0
  1496     0272  083F               	movf	vfpfcnvrt@fmt,w
  1497     0273  0084               	movwf	4
  1498     0274  1383               	bcf	3,7	;select IRP bank0
  1499     0275  0800               	movf	0,w
  1500     0276  0084               	movwf	4
  1501     0277  120A  158A  200A  120A  118A  	fcall	stringdir
  1502     027C  3A25               	xorlw	37
  1503     027D  1D03               	skipz
  1504     027E  2A80               	goto	u2161
  1505     027F  2A81               	goto	u2160
  1506     0280                     u2161:
  1507     0280  2B08               	goto	l2025
  1508     0281                     u2160:
  1509     0281                     l1981:
  1510                           
  1511                           ;C:\Program Files\Microchip\xc8\v3.10\pic\sources\c99\common\doprnt.c: 1202:         ++*
      +                          fmt;
  1512     0281  083F               	movf	vfpfcnvrt@fmt,w
  1513     0282  0084               	movwf	4
  1514     0283  3001               	movlw	1
  1515     0284  0780               	addwf	0,f
  1516     0285                     l1983:
  1517                           
  1518                           ;C:\Program Files\Microchip\xc8\v3.10\pic\sources\c99\common\doprnt.c: 1204:         fla
      +                          gs = width = 0;
  1519     0285  01E6               	clrf	_width
  1520     0286  01E7               	clrf	_width+1
  1521     0287  3000               	movlw	0
  1522     0288  00FB               	movwf	_flags
  1523     0289                     l1985:
  1524                           
  1525                           ;C:\Program Files\Microchip\xc8\v3.10\pic\sources\c99\common\doprnt.c: 1205:         pre
      +                          c = -1;
  1526     0289  30FF               	movlw	255
  1527     028A  00E8               	movwf	_prec
  1528     028B  30FF               	movlw	255
  1529     028C  00E9               	movwf	_prec+1
  1530     028D                     l1987:
  1531                           
  1532                           ;C:\Program Files\Microchip\xc8\v3.10\pic\sources\c99\common\doprnt.c: 1209:         don
      +                          e = 0;
  1533     028D  01C7               	clrf	vfpfcnvrt@done
  1534                           
  1535                           ;C:\Program Files\Microchip\xc8\v3.10\pic\sources\c99\common\doprnt.c: 1210:         whi
      +                          le (!done) {
  1536     028E  2AA5               	goto	l1995
  1537     028F                     l819:	
  1538                           ;C:\Program Files\Microchip\xc8\v3.10\pic\sources\c99\common\doprnt.c: 1219:            
      +                               case '0' :
  1539                           
  1540                           
  1541                           ;C:\Program Files\Microchip\xc8\v3.10\pic\sources\c99\common\doprnt.c: 1220:            
      +                                   flags |= (1 << 1);
  1542     028F  14FB               	bsf	_flags,1
  1543     0290                     l1989:
  1544                           
  1545                           ;C:\Program Files\Microchip\xc8\v3.10\pic\sources\c99\common\doprnt.c: 1221:            
      +                                   ++*fmt;
  1546     0290  083F               	movf	vfpfcnvrt@fmt,w
  1547     0291  0084               	movwf	4
  1548     0292  3001               	movlw	1
  1549     0293  0780               	addwf	0,f
  1550                           
  1551                           ;C:\Program Files\Microchip\xc8\v3.10\pic\sources\c99\common\doprnt.c: 1222:            
      +                                   break;
  1552     0294  2AA5               	goto	l1995
  1553     0295                     l821:	
  1554                           ;C:\Program Files\Microchip\xc8\v3.10\pic\sources\c99\common\doprnt.c: 1242:            
      +                               default:
  1555                           
  1556                           
  1557                           ;C:\Program Files\Microchip\xc8\v3.10\pic\sources\c99\common\doprnt.c: 1243:            
      +                                   done = 1;
  1558     0295  3001               	movlw	1
  1559     0296  00C7               	movwf	vfpfcnvrt@done
  1560                           
  1561                           ;C:\Program Files\Microchip\xc8\v3.10\pic\sources\c99\common\doprnt.c: 1244:            
      +                                   break;
  1562     0297  2AA5               	goto	l1995
  1563     0298                     l1993:
  1564     0298  083F               	movf	vfpfcnvrt@fmt,w
  1565     0299  0084               	movwf	4
  1566     029A  0800               	movf	0,w
  1567     029B  0084               	movwf	4
  1568     029C  120A  158A  200A  120A  118A  	fcall	stringdir
  1569                           
  1570                           ; Switch size 1, requested type "simple"
  1571                           ; Number of cases is 1, Range of values is 48 to 48
  1572                           ; switch strategies available:
  1573                           ; Name         Instructions Cycles
  1574                           ; simple_byte            4     3 (average)
  1575                           ; direct_byte           14    11 (fixed)
  1576                           ; jumptable            263     9 (fixed)
  1577                           ;	Chosen strategy is simple_byte
  1578     02A1  3A30               	xorlw	48	; case 48
  1579     02A2  1903               	skipnz
  1580     02A3  2A8F               	goto	l819
  1581     02A4  2A95               	goto	l821
  1582     02A5                     l1995:
  1583                           
  1584                           ;C:\Program Files\Microchip\xc8\v3.10\pic\sources\c99\common\doprnt.c: 1210:         whi
      +                          le (!done) {
  1585     02A5  0847               	movf	vfpfcnvrt@done,w
  1586     02A6  1903               	btfsc	3,2
  1587     02A7  2AA9               	goto	u2171
  1588     02A8  2AAA               	goto	u2170
  1589     02A9                     u2171:
  1590     02A9  2A98               	goto	l1993
  1591     02AA                     u2170:
  1592     02AA                     l1997:
  1593                           
  1594                           ;C:\Program Files\Microchip\xc8\v3.10\pic\sources\c99\common\doprnt.c: 1256:   width = r
      +                          ead_prec_or_width(fmt, ap);
  1595     02AA  083F               	movf	vfpfcnvrt@fmt,w
  1596     02AB  00F8               	movwf	read_prec_or_width@fmt
  1597     02AC  0840               	movf	vfpfcnvrt@ap,w
  1598     02AD  00F9               	movwf	read_prec_or_width@ap
  1599     02AE  120A  118A  261A  120A  118A  	fcall	_read_prec_or_width
  1600     02B3  0879               	movf	?_read_prec_or_width+1,w
  1601     02B4  1283               	bcf	3,5	;RP0=0, select bank0
  1602     02B5  1303               	bcf	3,6	;RP1=0, select bank0
  1603     02B6  00E7               	movwf	_width+1
  1604     02B7  0878               	movf	?_read_prec_or_width,w
  1605     02B8  00E6               	movwf	_width
  1606     02B9                     l1999:
  1607                           
  1608                           ;C:\Program Files\Microchip\xc8\v3.10\pic\sources\c99\common\doprnt.c: 1257:   if (width
      +                           < 0) {
  1609     02B9  1FE7               	btfss	_width+1,7
  1610     02BA  2ABC               	goto	u2181
  1611     02BB  2ABD               	goto	u2180
  1612     02BC                     u2181:
  1613     02BC  2AC3               	goto	l2005
  1614     02BD                     u2180:
  1615     02BD                     l2001:
  1616                           
  1617                           ;C:\Program Files\Microchip\xc8\v3.10\pic\sources\c99\common\doprnt.c: 1258:    flags |=
      +                           (1 << 0);
  1618     02BD  147B               	bsf	_flags,0
  1619     02BE                     l2003:
  1620                           
  1621                           ;C:\Program Files\Microchip\xc8\v3.10\pic\sources\c99\common\doprnt.c: 1259:    width = 
      +                          -width;
  1622     02BE  09E6               	comf	_width,f
  1623     02BF  09E7               	comf	_width+1,f
  1624     02C0  0AE6               	incf	_width,f
  1625     02C1  1903               	skipnz
  1626     02C2  0AE7               	incf	_width+1,f
  1627     02C3                     l2005:
  1628                           
  1629                           ;C:\Program Files\Microchip\xc8\v3.10\pic\sources\c99\common\doprnt.c: 1439:   if (0
  1630     02C3  083F               	movf	vfpfcnvrt@fmt,w
  1631     02C4  0084               	movwf	4
  1632     02C5  1383               	bcf	3,7	;select IRP bank0
  1633     02C6  0800               	movf	0,w
  1634     02C7  00C8               	movwf	vfpfcnvrt@cp
  1635     02C8                     l2007:
  1636     02C8  0848               	movf	vfpfcnvrt@cp,w
  1637     02C9  0084               	movwf	4
  1638     02CA  120A  158A  200A  120A  118A  	fcall	stringdir
  1639     02CF  3A75               	xorlw	117
  1640     02D0  1D03               	skipz
  1641     02D1  2AD3               	goto	u2191
  1642     02D2  2AD4               	goto	u2190
  1643     02D3                     u2191:
  1644     02D3  2B00               	goto	l2021
  1645     02D4                     u2190:
  1646     02D4                     l2009:
  1647                           
  1648                           ;C:\Program Files\Microchip\xc8\v3.10\pic\sources\c99\common\doprnt.c: 1452:     ) {;C:\
      +                          Program Files\Microchip\xc8\v3.10\pic\sources\c99\common\doprnt.c: 1495:    convarg.uint
      +                           = (vfpf_uint_t)(unsigned int)(*(unsigned int *)__va_arg(*(unsigned int **)ap, (unsigned
      +                           int)0));
  1649     02D4  0840               	movf	vfpfcnvrt@ap,w
  1650     02D5  0084               	movwf	4
  1651     02D6  0800               	movf	0,w
  1652     02D7  00FF               	movwf	btemp1
  1653     02D8  3002               	movlw	2
  1654     02D9  0780               	addwf	0,f
  1655     02DA  087F               	movf	btemp1,w
  1656     02DB  0084               	movwf	4
  1657     02DC  0800               	movf	0,w
  1658     02DD  00C3               	movwf	vfpfcnvrt@convarg
  1659     02DE  0A84               	incf	4,f
  1660     02DF  0800               	movf	0,w
  1661     02E0  00C4               	movwf	vfpfcnvrt@convarg+1
  1662     02E1                     l2011:
  1663                           
  1664                           ;C:\Program Files\Microchip\xc8\v3.10\pic\sources\c99\common\doprnt.c: 1497:    *fmt = c
      +                          p+1;
  1665     02E1  083F               	movf	vfpfcnvrt@fmt,w
  1666     02E2  0084               	movwf	4
  1667     02E3  0848               	movf	vfpfcnvrt@cp,w
  1668     02E4  3E01               	addlw	1
  1669     02E5  0080               	movwf	0
  1670                           
  1671                           ;C:\Program Files\Microchip\xc8\v3.10\pic\sources\c99\common\doprnt.c: 1498:    switch (
      +                          *cp) {
  1672     02E6  2AF5               	goto	l2019
  1673     02E7                     l2013:
  1674                           
  1675                           ;C:\Program Files\Microchip\xc8\v3.10\pic\sources\c99\common\doprnt.c: 1542:      return
      +                           (void) utoa(fp, convarg.uint);;	Return value of _vfpfcnvrt is never used
  1676     02E7  083D               	movf	vfpfcnvrt@fp,w
  1677     02E8  00B4               	movwf	utoa@fp
  1678     02E9  083E               	movf	vfpfcnvrt@fp+1,w
  1679     02EA  00B5               	movwf	utoa@fp+1
  1680     02EB  0844               	movf	vfpfcnvrt@convarg+1,w
  1681     02EC  00B7               	movwf	utoa@d+1
  1682     02ED  0843               	movf	vfpfcnvrt@convarg,w
  1683     02EE  00B6               	movwf	utoa@d
  1684     02EF  120A  118A  259C  120A  118A  	fcall	_utoa
  1685     02F4  2B21               	goto	l829
  1686     02F5                     l2019:
  1687     02F5  0848               	movf	vfpfcnvrt@cp,w
  1688     02F6  0084               	movwf	4
  1689     02F7  120A  158A  200A  120A  118A  	fcall	stringdir
  1690                           
  1691                           ; Switch size 1, requested type "simple"
  1692                           ; Number of cases is 1, Range of values is 117 to 117
  1693                           ; switch strategies available:
  1694                           ; Name         Instructions Cycles
  1695                           ; simple_byte            4     3 (average)
  1696                           ; direct_byte           14    11 (fixed)
  1697                           ; jumptable            263     9 (fixed)
  1698                           ;	Chosen strategy is simple_byte
  1699     02FC  3A75               	xorlw	117	; case 117
  1700     02FD  1903               	skipnz
  1701     02FE  2AE7               	goto	l2013
  1702     02FF  2B00               	goto	l2021
  1703     0300                     l2021:
  1704                           
  1705                           ;C:\Program Files\Microchip\xc8\v3.10\pic\sources\c99\common\doprnt.c: 1806:         ++*
      +                          fmt;
  1706     0300  1283               	bcf	3,5	;RP0=0, select bank0
  1707     0301  1303               	bcf	3,6	;RP1=0, select bank0
  1708     0302  083F               	movf	vfpfcnvrt@fmt,w
  1709     0303  0084               	movwf	4
  1710     0304  3001               	movlw	1
  1711     0305  1383               	bcf	3,7	;select IRP bank0
  1712     0306  0780               	addwf	0,f
  1713     0307  2B21               	goto	l829
  1714     0308                     l2025:
  1715                           
  1716                           ;C:\Program Files\Microchip\xc8\v3.10\pic\sources\c99\common\doprnt.c: 1811:     fputc((
      +                          int)(*fmt)[0], fp);
  1717     0308  083F               	movf	vfpfcnvrt@fmt,w
  1718     0309  0084               	movwf	4
  1719     030A  0800               	movf	0,w
  1720     030B  0084               	movwf	4
  1721     030C  120A  158A  200A  120A  118A  	fcall	stringdir
  1722     0311  00C1               	movwf	??_vfpfcnvrt
  1723     0312  01C2               	clrf	??_vfpfcnvrt+1
  1724     0313  0841               	movf	??_vfpfcnvrt,w
  1725     0314  00F2               	movwf	fputc@c
  1726     0315  0842               	movf	??_vfpfcnvrt+1,w
  1727     0316  00F3               	movwf	fputc@c+1
  1728     0317  083D               	movf	vfpfcnvrt@fp,w
  1729     0318  00F4               	movwf	fputc@fp
  1730     0319  083E               	movf	vfpfcnvrt@fp+1,w
  1731     031A  00F5               	movwf	fputc@fp+1
  1732     031B  120A  118A  23CF  120A  118A  	fcall	_fputc
  1733     0320  2B00               	goto	l2021
  1734     0321                     l829:
  1735     0321  0008               	return
  1736     0322                     __end_of_vfpfcnvrt:
  1737                           
  1738                           	psect	text4
  1739     059C                     __ptext4:	
  1740 ;; *************** function _utoa *****************
  1741 ;; Defined at:
  1742 ;;		line 1001 in file "C:\Program Files\Microchip\xc8\v3.10\pic\sources\c99\common\doprnt.c"
  1743 ;; Parameters:    Size  Location     Type
  1744 ;;  fp              2   20[BANK0 ] PTR struct _IO_FILE
  1745 ;;		 -> sprintf@f(11), 
  1746 ;;  d               2   22[BANK0 ] unsigned int 
  1747 ;; Auto vars:     Size  Location     Type
  1748 ;;  i               2   27[BANK0 ] int 
  1749 ;;  w               2   25[BANK0 ] int 
  1750 ;;  p               1   24[BANK0 ] _Bool 
  1751 ;; Return value:  Size  Location     Type
  1752 ;;                  1    wreg      void 
  1753 ;; Registers used:
  1754 ;;		wreg, fsr0l, fsr0h, status,2, status,0, pclath, btemp1, cstack
  1755 ;; Tracked objects:
  1756 ;;		On entry : 0/0
  1757 ;;		On exit  : 0/0
  1758 ;;		Unchanged: 0/0
  1759 ;; Data sizes:     COMMON   BANK0   BANK1   BANK3   BANK2
  1760 ;;      Params:         0       4       0       0       0
  1761 ;;      Locals:         0       5       0       0       0
  1762 ;;      Temps:          0       0       0       0       0
  1763 ;;      Totals:         0       9       0       0       0
  1764 ;;Total ram usage:        9 bytes
  1765 ;; Hardware stack levels used: 1
  1766 ;; Hardware stack levels required when called: 4
  1767 ;; This function calls:
  1768 ;;		___lwdiv
  1769 ;;		___lwmod
  1770 ;;		_pad
  1771 ;; This function is called by:
  1772 ;;		_vfpfcnvrt
  1773 ;; This function uses a non-reentrant model
  1774 ;;
  1775                           
  1776     059C                     _utoa:	
  1777                           ;psect for function _utoa
  1778                           
  1779     059C                     l1925:	
  1780                           ;incstack = 0
  1781                           ; Regs used in _utoa: [wreg-fsr0h+status,2+status,0+pclath+btemp1+cstack]
  1782                           
  1783                           
  1784                           ;C:\Program Files\Microchip\xc8\v3.10\pic\sources\c99\common\doprnt.c: 1001: static void
      +                           utoa(FILE *fp, vfpf_uint_t d);C:\Program Files\Microchip\xc8\v3.10\pic\sources\c99\comm
      +                          on\doprnt.c: 1002: {;C:\Program Files\Microchip\xc8\v3.10\pic\sources\c99\common\doprnt.
      +                          c: 1003:     int i, w;;C:\Program Files\Microchip\xc8\v3.10\pic\sources\c99\common\doprn
      +                          t.c: 1007:  _Bool p = 1;
  1785     059C  3001               	movlw	1
  1786     059D  1283               	bcf	3,5	;RP0=0, select bank0
  1787     059E  1303               	bcf	3,6	;RP1=0, select bank0
  1788     059F  00B8               	movwf	utoa@p
  1789     05A0                     l1927:
  1790                           
  1791                           ;C:\Program Files\Microchip\xc8\v3.10\pic\sources\c99\common\doprnt.c: 1019:     w = wid
      +                          th;
  1792     05A0  0867               	movf	_width+1,w
  1793     05A1  00BA               	movwf	utoa@w+1
  1794     05A2  0866               	movf	_width,w
  1795     05A3  00B9               	movwf	utoa@w
  1796                           
  1797                           ;C:\Program Files\Microchip\xc8\v3.10\pic\sources\c99\common\doprnt.c: 1022:     i = siz
      +                          eof(dbuf) - 1;
  1798     05A4  301F               	movlw	31
  1799     05A5  00BB               	movwf	utoa@i
  1800     05A6  3000               	movlw	0
  1801     05A7  00BC               	movwf	utoa@i+1
  1802     05A8                     l1929:
  1803                           
  1804                           ;C:\Program Files\Microchip\xc8\v3.10\pic\sources\c99\common\doprnt.c: 1023:     dbuf[i]
      +                           = '\0';
  1805     05A8  1683               	bsf	3,5	;RP0=1, select bank1
  1806     05A9  1303               	bcf	3,6	;RP1=0, select bank1
  1807     05AA  01BF               	clrf	(_dbuf^(0+128)+31)
  1808                           
  1809                           ;C:\Program Files\Microchip\xc8\v3.10\pic\sources\c99\common\doprnt.c: 1024:     while (
      +                          i && (d != 0
  1810     05AB  2DE4               	goto	l1941
  1811     05AC                     l1931:
  1812                           
  1813                           ;C:\Program Files\Microchip\xc8\v3.10\pic\sources\c99\common\doprnt.c: 1033:     )) {;C:
      +                          \Program Files\Microchip\xc8\v3.10\pic\sources\c99\common\doprnt.c: 1034:         --i;
  1814     05AC  30FF               	movlw	255
  1815     05AD  1283               	bcf	3,5	;RP0=0, select bank0
  1816     05AE  1303               	bcf	3,6	;RP1=0, select bank0
  1817     05AF  07BB               	addwf	utoa@i,f
  1818     05B0  1803               	skipnc
  1819     05B1  0ABC               	incf	utoa@i+1,f
  1820     05B2  30FF               	movlw	255
  1821     05B3  07BC               	addwf	utoa@i+1,f
  1822     05B4                     l1933:
  1823                           
  1824                           ;C:\Program Files\Microchip\xc8\v3.10\pic\sources\c99\common\doprnt.c: 1035:         dbu
      +                          f[i] = '0' + (d % 10);
  1825     05B4  083B               	movf	utoa@i,w
  1826     05B5  3EA0               	addlw	(low (_dbuf| 0))& (0+255)
  1827     05B6  0084               	movwf	4
  1828     05B7  300A               	movlw	10
  1829     05B8  00F2               	movwf	___lwmod@divisor
  1830     05B9  3000               	movlw	0
  1831     05BA  00F3               	movwf	___lwmod@divisor+1
  1832     05BB  0837               	movf	utoa@d+1,w
  1833     05BC  00F5               	movwf	___lwmod@dividend+1
  1834     05BD  0836               	movf	utoa@d,w
  1835     05BE  00F4               	movwf	___lwmod@dividend
  1836     05BF  120A  158A  27C8  120A  118A  	fcall	___lwmod
  1837     05C4  0872               	movf	?___lwmod,w
  1838     05C5  3E30               	addlw	48
  1839     05C6  1383               	bcf	3,7	;select IRP bank1
  1840     05C7  0080               	movwf	0
  1841     05C8                     l1935:
  1842                           
  1843                           ;C:\Program Files\Microchip\xc8\v3.10\pic\sources\c99\common\doprnt.c: 1039:   p = 0;
  1844     05C8  1283               	bcf	3,5	;RP0=0, select bank0
  1845     05C9  1303               	bcf	3,6	;RP1=0, select bank0
  1846     05CA  01B8               	clrf	utoa@p
  1847     05CB                     l1937:
  1848                           
  1849                           ;C:\Program Files\Microchip\xc8\v3.10\pic\sources\c99\common\doprnt.c: 1041:         --w
      +                          ;
  1850     05CB  30FF               	movlw	255
  1851     05CC  07B9               	addwf	utoa@w,f
  1852     05CD  1803               	skipnc
  1853     05CE  0ABA               	incf	utoa@w+1,f
  1854     05CF  30FF               	movlw	255
  1855     05D0  07BA               	addwf	utoa@w+1,f
  1856     05D1                     l1939:
  1857                           
  1858                           ;C:\Program Files\Microchip\xc8\v3.10\pic\sources\c99\common\doprnt.c: 1042:         d =
      +                           d / 10;
  1859     05D1  300A               	movlw	10
  1860     05D2  00F2               	movwf	___lwdiv@divisor
  1861     05D3  3000               	movlw	0
  1862     05D4  00F3               	movwf	___lwdiv@divisor+1
  1863     05D5  0837               	movf	utoa@d+1,w
  1864     05D6  00F5               	movwf	___lwdiv@dividend+1
  1865     05D7  0836               	movf	utoa@d,w
  1866     05D8  00F4               	movwf	___lwdiv@dividend
  1867     05D9  120A  118A  27AB  120A  118A  	fcall	___lwdiv
  1868     05DE  0873               	movf	?___lwdiv+1,w
  1869     05DF  1283               	bcf	3,5	;RP0=0, select bank0
  1870     05E0  1303               	bcf	3,6	;RP1=0, select bank0
  1871     05E1  00B7               	movwf	utoa@d+1
  1872     05E2  0872               	movf	?___lwdiv,w
  1873     05E3  00B6               	movwf	utoa@d
  1874     05E4                     l1941:
  1875                           
  1876                           ;C:\Program Files\Microchip\xc8\v3.10\pic\sources\c99\common\doprnt.c: 1024:     while (
      +                          i && (d != 0
  1877     05E4  1283               	bcf	3,5	;RP0=0, select bank0
  1878     05E5  083B               	movf	utoa@i,w
  1879     05E6  043C               	iorwf	utoa@i+1,w
  1880     05E7  1903               	btfsc	3,2
  1881     05E8  2DEA               	goto	u1991
  1882     05E9  2DEB               	goto	u1990
  1883     05EA                     u1991:
  1884     05EA  2E07               	goto	l1951
  1885     05EB                     u1990:
  1886     05EB                     l1943:
  1887     05EB  0836               	movf	utoa@d,w
  1888     05EC  0437               	iorwf	utoa@d+1,w
  1889     05ED  1D03               	btfss	3,2
  1890     05EE  2DF0               	goto	u2001
  1891     05EF  2DF1               	goto	u2000
  1892     05F0                     u2001:
  1893     05F0  2DAC               	goto	l1931
  1894     05F1                     u2000:
  1895     05F1                     l1945:
  1896     05F1  0838               	movf	utoa@p,w
  1897     05F2  1D03               	btfss	3,2
  1898     05F3  2DF5               	goto	u2011
  1899     05F4  2DF6               	goto	u2010
  1900     05F5                     u2011:
  1901     05F5  2DAC               	goto	l1931
  1902     05F6                     u2010:
  1903     05F6                     l1947:
  1904     05F6  083A               	movf	utoa@w+1,w
  1905     05F7  3A80               	xorlw	128
  1906     05F8  00FF               	movwf	btemp1
  1907     05F9  3080               	movlw	128
  1908     05FA  027F               	subwf	btemp1,w
  1909     05FB  1D03               	skipz
  1910     05FC  2DFF               	goto	u2025
  1911     05FD  3001               	movlw	1
  1912     05FE  0239               	subwf	utoa@w,w
  1913     05FF                     u2025:
  1914     05FF  1C03               	skipc
  1915     0600  2E02               	goto	u2021
  1916     0601  2E03               	goto	u2020
  1917     0602                     u2021:
  1918     0602  2E07               	goto	l1951
  1919     0603                     u2020:
  1920     0603                     l1949:
  1921     0603  18FB               	btfsc	_flags,1
  1922     0604  2E06               	goto	u2031
  1923     0605  2E07               	goto	u2030
  1924     0606                     u2031:
  1925     0606  2DAC               	goto	l1931
  1926     0607                     u2030:
  1927     0607                     l1951:
  1928                           
  1929                           ;C:\Program Files\Microchip\xc8\v3.10\pic\sources\c99\common\doprnt.c: 1046:     return 
      +                          (void) pad(fp, &dbuf[i], w);
  1930     0607  1283               	bcf	3,5	;RP0=0, select bank0
  1931     0608  1303               	bcf	3,6	;RP1=0, select bank0
  1932     0609  0834               	movf	utoa@fp,w
  1933     060A  00AC               	movwf	pad@fp
  1934     060B  0835               	movf	utoa@fp+1,w
  1935     060C  00AD               	movwf	pad@fp+1
  1936     060D  083B               	movf	utoa@i,w
  1937     060E  3EA0               	addlw	(low (_dbuf| 0))& (0+255)
  1938     060F  00AE               	movwf	pad@buf
  1939     0610  083A               	movf	utoa@w+1,w
  1940     0611  00B0               	movwf	pad@p+1
  1941     0612  0839               	movf	utoa@w,w
  1942     0613  00AF               	movwf	pad@p
  1943     0614  120A  118A  26C6  120A  118A  	fcall	_pad
  1944     0619                     l804:
  1945     0619  0008               	return
  1946     061A                     __end_of_utoa:
  1947                           
  1948                           	psect	text5
  1949     06C6                     __ptext5:	
  1950 ;; *************** function _pad *****************
  1951 ;; Defined at:
  1952 ;;		line 193 in file "C:\Program Files\Microchip\xc8\v3.10\pic\sources\c99\common\doprnt.c"
  1953 ;; Parameters:    Size  Location     Type
  1954 ;;  fp              2   12[BANK0 ] PTR struct _IO_FILE
  1955 ;;		 -> sprintf@f(11), 
  1956 ;;  buf             1   14[BANK0 ] PTR unsigned char 
  1957 ;;		 -> dbuf(32), 
  1958 ;;  p               2   15[BANK0 ] int 
  1959 ;; Auto vars:     Size  Location     Type
  1960 ;;  i               2   18[BANK0 ] int 
  1961 ;; Return value:  Size  Location     Type
  1962 ;;                  1    wreg      void 
  1963 ;; Registers used:
  1964 ;;		wreg, fsr0l, fsr0h, status,2, status,0, pclath, cstack
  1965 ;; Tracked objects:
  1966 ;;		On entry : 0/0
  1967 ;;		On exit  : 0/0
  1968 ;;		Unchanged: 0/0
  1969 ;; Data sizes:     COMMON   BANK0   BANK1   BANK3   BANK2
  1970 ;;      Params:         0       5       0       0       0
  1971 ;;      Locals:         0       2       0       0       0
  1972 ;;      Temps:          0       1       0       0       0
  1973 ;;      Totals:         0       8       0       0       0
  1974 ;;Total ram usage:        8 bytes
  1975 ;; Hardware stack levels used: 1
  1976 ;; Hardware stack levels required when called: 3
  1977 ;; This function calls:
  1978 ;;		_fputc
  1979 ;;		_fputs
  1980 ;; This function is called by:
  1981 ;;		_utoa
  1982 ;; This function uses a non-reentrant model
  1983 ;;
  1984                           
  1985     06C6                     _pad:	
  1986                           ;psect for function _pad
  1987                           
  1988     06C6                     l1909:	
  1989                           ;incstack = 0
  1990                           ; Regs used in _pad: [wreg-fsr0h+status,2+status,0+pclath+cstack]
  1991                           
  1992                           
  1993                           ;C:\Program Files\Microchip\xc8\v3.10\pic\sources\c99\common\doprnt.c: 193: static void 
      +                          pad(FILE *fp, char *buf, int p);C:\Program Files\Microchip\xc8\v3.10\pic\sources\c99\com
      +                          mon\doprnt.c: 194: {;C:\Program Files\Microchip\xc8\v3.10\pic\sources\c99\common\doprnt.
      +                          c: 195:     int i;;C:\Program Files\Microchip\xc8\v3.10\pic\sources\c99\common\doprnt.c:
      +                           199:     if (flags & (1 << 0)) {
  1994     06C6  1C7B               	btfss	_flags,0
  1995     06C7  2EC9               	goto	u1951
  1996     06C8  2ECA               	goto	u1950
  1997     06C9                     u1951:
  1998     06C9  2ED7               	goto	l1913
  1999     06CA                     u1950:
  2000     06CA                     l1911:
  2001                           
  2002                           ;C:\Program Files\Microchip\xc8\v3.10\pic\sources\c99\common\doprnt.c: 200:         fput
      +                          s((const char *)buf, fp);
  2003     06CA  1283               	bcf	3,5	;RP0=0, select bank0
  2004     06CB  1303               	bcf	3,6	;RP1=0, select bank0
  2005     06CC  082E               	movf	pad@buf,w
  2006     06CD  00F6               	movwf	fputs@s
  2007     06CE  082C               	movf	pad@fp,w
  2008     06CF  00F7               	movwf	fputs@fp
  2009     06D0  082D               	movf	pad@fp+1,w
  2010     06D1  00F8               	movwf	fputs@fp+1
  2011     06D2  120A  158A  279D  120A  118A  	fcall	_fputs
  2012     06D7                     l1913:
  2013                           
  2014                           ;C:\Program Files\Microchip\xc8\v3.10\pic\sources\c99\common\doprnt.c: 205:  if (p < 0) 
      +                          {
  2015     06D7  1283               	bcf	3,5	;RP0=0, select bank0
  2016     06D8  1303               	bcf	3,6	;RP1=0, select bank0
  2017     06D9  1FB0               	btfss	pad@p+1,7
  2018     06DA  2EDC               	goto	u1961
  2019     06DB  2EDD               	goto	u1960
  2020     06DC                     u1961:
  2021     06DC  2EDF               	goto	l789
  2022     06DD                     u1960:
  2023     06DD                     l1915:
  2024                           
  2025                           ;C:\Program Files\Microchip\xc8\v3.10\pic\sources\c99\common\doprnt.c: 206:   p = 0;
  2026     06DD  01AF               	clrf	pad@p
  2027     06DE  01B0               	clrf	pad@p+1
  2028     06DF                     l789:	
  2029                           ;C:\Program Files\Microchip\xc8\v3.10\pic\sources\c99\common\doprnt.c: 207:  }
  2030                           
  2031                           
  2032                           ;C:\Program Files\Microchip\xc8\v3.10\pic\sources\c99\common\doprnt.c: 208:     i = 0;
  2033     06DF  01B2               	clrf	pad@i
  2034     06E0  01B3               	clrf	pad@i+1
  2035                           
  2036                           ;C:\Program Files\Microchip\xc8\v3.10\pic\sources\c99\common\doprnt.c: 209:     while (i
      +                           < p) {
  2037     06E1  2EF9               	goto	l1921
  2038     06E2                     l1917:
  2039                           
  2040                           ;C:\Program Files\Microchip\xc8\v3.10\pic\sources\c99\common\doprnt.c: 210:         fput
      +                          c(' ', fp);
  2041     06E2  3020               	movlw	32
  2042     06E3  00F2               	movwf	fputc@c
  2043     06E4  3000               	movlw	0
  2044     06E5  00F3               	movwf	fputc@c+1
  2045     06E6  1283               	bcf	3,5	;RP0=0, select bank0
  2046     06E7  1303               	bcf	3,6	;RP1=0, select bank0
  2047     06E8  082C               	movf	pad@fp,w
  2048     06E9  00F4               	movwf	fputc@fp
  2049     06EA  082D               	movf	pad@fp+1,w
  2050     06EB  00F5               	movwf	fputc@fp+1
  2051     06EC  120A  118A  23CF  120A  118A  	fcall	_fputc
  2052     06F1                     l1919:
  2053                           
  2054                           ;C:\Program Files\Microchip\xc8\v3.10\pic\sources\c99\common\doprnt.c: 211:         ++i;
  2055     06F1  3001               	movlw	1
  2056     06F2  1283               	bcf	3,5	;RP0=0, select bank0
  2057     06F3  1303               	bcf	3,6	;RP1=0, select bank0
  2058     06F4  07B2               	addwf	pad@i,f
  2059     06F5  1803               	skipnc
  2060     06F6  0AB3               	incf	pad@i+1,f
  2061     06F7  3000               	movlw	0
  2062     06F8  07B3               	addwf	pad@i+1,f
  2063     06F9                     l1921:
  2064                           
  2065                           ;C:\Program Files\Microchip\xc8\v3.10\pic\sources\c99\common\doprnt.c: 209:     while (i
      +                           < p) {
  2066     06F9  0833               	movf	pad@i+1,w
  2067     06FA  3A80               	xorlw	128
  2068     06FB  00B1               	movwf	??_pad
  2069     06FC  0830               	movf	pad@p+1,w
  2070     06FD  3A80               	xorlw	128
  2071     06FE  0231               	subwf	??_pad,w
  2072     06FF  1D03               	skipz
  2073     0700  2F03               	goto	u1975
  2074     0701  082F               	movf	pad@p,w
  2075     0702  0232               	subwf	pad@i,w
  2076     0703                     u1975:
  2077     0703  1C03               	skipc
  2078     0704  2F06               	goto	u1971
  2079     0705  2F07               	goto	u1970
  2080     0706                     u1971:
  2081     0706  2EE2               	goto	l1917
  2082     0707                     u1970:
  2083     0707                     l792:
  2084                           
  2085                           ;C:\Program Files\Microchip\xc8\v3.10\pic\sources\c99\common\doprnt.c: 216:     if (!(fl
      +                          ags & (1 << 0))) {
  2086     0707  187B               	btfsc	_flags,0
  2087     0708  2F0A               	goto	u1981
  2088     0709  2F0B               	goto	u1980
  2089     070A                     u1981:
  2090     070A  2F18               	goto	l794
  2091     070B                     u1980:
  2092     070B                     l1923:
  2093                           
  2094                           ;C:\Program Files\Microchip\xc8\v3.10\pic\sources\c99\common\doprnt.c: 218:         fput
      +                          s((const char *)buf, fp);
  2095     070B  1283               	bcf	3,5	;RP0=0, select bank0
  2096     070C  1303               	bcf	3,6	;RP1=0, select bank0
  2097     070D  082E               	movf	pad@buf,w
  2098     070E  00F6               	movwf	fputs@s
  2099     070F  082C               	movf	pad@fp,w
  2100     0710  00F7               	movwf	fputs@fp
  2101     0711  082D               	movf	pad@fp+1,w
  2102     0712  00F8               	movwf	fputs@fp+1
  2103     0713  120A  158A  279D  120A  118A  	fcall	_fputs
  2104     0718                     l794:
  2105     0718  0008               	return
  2106     0719                     __end_of_pad:
  2107                           
  2108                           	psect	text6
  2109     0F9D                     __ptext6:	
  2110 ;; *************** function _fputs *****************
  2111 ;; Defined at:
  2112 ;;		line 8 in file "C:\Program Files\Microchip\xc8\v3.10\pic\sources\c99\common\nf_fputs.c"
  2113 ;; Parameters:    Size  Location     Type
  2114 ;;  s               1    6[COMMON] PTR const unsigned char 
  2115 ;;		 -> dbuf(32), 
  2116 ;;  fp              2    7[COMMON] PTR struct _IO_FILE
  2117 ;;		 -> sprintf@f(11), 
  2118 ;; Auto vars:     Size  Location     Type
  2119 ;;  i               2   10[BANK0 ] int 
  2120 ;;  c               1    9[BANK0 ] unsigned char 
  2121 ;; Return value:  Size  Location     Type
  2122 ;;                  2    6[COMMON] int 
  2123 ;; Registers used:
  2124 ;;		wreg, fsr0l, fsr0h, status,2, status,0, pclath, cstack
  2125 ;; Tracked objects:
  2126 ;;		On entry : 0/0
  2127 ;;		On exit  : 0/0
  2128 ;;		Unchanged: 0/0
  2129 ;; Data sizes:     COMMON   BANK0   BANK1   BANK3   BANK2
  2130 ;;      Params:         3       0       0       0       0
  2131 ;;      Locals:         0       3       0       0       0
  2132 ;;      Temps:          2       0       0       0       0
  2133 ;;      Totals:         5       3       0       0       0
  2134 ;;Total ram usage:        8 bytes
  2135 ;; Hardware stack levels used: 1
  2136 ;; Hardware stack levels required when called: 2
  2137 ;; This function calls:
  2138 ;;		_fputc
  2139 ;; This function is called by:
  2140 ;;		_pad
  2141 ;; This function uses a non-reentrant model
  2142 ;;
  2143                           
  2144     0F9D                     _fputs:	
  2145                           ;psect for function _fputs
  2146                           
  2147     0F9D                     l1399:	
  2148                           ;incstack = 0
  2149                           ; Regs used in _fputs: [wreg-fsr0h+status,2+status,0+pclath+cstack]
  2150                           
  2151     0F9D  1283               	bcf	3,5	;RP0=0, select bank0
  2152     0F9E  1303               	bcf	3,6	;RP1=0, select bank0
  2153     0F9F  01AA               	clrf	fputs@i
  2154     0FA0  01AB               	clrf	fputs@i+1
  2155     0FA1  2FBA               	goto	l1405
  2156     0FA2                     l1401:
  2157     0FA2  0829               	movf	fputs@c,w
  2158     0FA3  00F9               	movwf	??_fputs
  2159     0FA4  01FA               	clrf	??_fputs+1
  2160     0FA5  0879               	movf	??_fputs,w
  2161     0FA6  00F2               	movwf	fputc@c
  2162     0FA7  087A               	movf	??_fputs+1,w
  2163     0FA8  00F3               	movwf	fputc@c+1
  2164     0FA9  0877               	movf	fputs@fp,w
  2165     0FAA  00F4               	movwf	fputc@fp
  2166     0FAB  0878               	movf	fputs@fp+1,w
  2167     0FAC  00F5               	movwf	fputc@fp+1
  2168     0FAD  120A  118A  23CF  120A  158A  	fcall	_fputc
  2169     0FB2                     l1403:
  2170     0FB2  3001               	movlw	1
  2171     0FB3  1283               	bcf	3,5	;RP0=0, select bank0
  2172     0FB4  1303               	bcf	3,6	;RP1=0, select bank0
  2173     0FB5  07AA               	addwf	fputs@i,f
  2174     0FB6  1803               	skipnc
  2175     0FB7  0AAB               	incf	fputs@i+1,f
  2176     0FB8  3000               	movlw	0
  2177     0FB9  07AB               	addwf	fputs@i+1,f
  2178     0FBA                     l1405:
  2179     0FBA  082A               	movf	fputs@i,w
  2180     0FBB  0776               	addwf	fputs@s,w
  2181     0FBC  00F9               	movwf	??_fputs
  2182     0FBD  0879               	movf	??_fputs,w
  2183     0FBE  0084               	movwf	4
  2184     0FBF  1383               	bcf	3,7	;select IRP bank0
  2185     0FC0  0800               	movf	0,w
  2186     0FC1  00A9               	movwf	fputs@c
  2187     0FC2  0829               	movf	fputs@c,w
  2188     0FC3  1D03               	btfss	3,2
  2189     0FC4  2FC6               	goto	u1031
  2190     0FC5  2FC7               	goto	u1030
  2191     0FC6                     u1031:
  2192     0FC6  2FA2               	goto	l1401
  2193     0FC7                     u1030:
  2194     0FC7                     l856:
  2195     0FC7  0008               	return
  2196     0FC8                     __end_of_fputs:
  2197                           
  2198                           	psect	text7
  2199     03CF                     __ptext7:	
  2200 ;; *************** function _fputc *****************
  2201 ;; Defined at:
  2202 ;;		line 8 in file "C:\Program Files\Microchip\xc8\v3.10\pic\sources\c99\common\nf_fputc.c"
  2203 ;; Parameters:    Size  Location     Type
  2204 ;;  c               2    2[COMMON] int 
  2205 ;;  fp              2    4[COMMON] PTR struct _IO_FILE
  2206 ;;		 -> sprintf@f(11), 
  2207 ;; Auto vars:     Size  Location     Type
  2208 ;;		None
  2209 ;; Return value:  Size  Location     Type
  2210 ;;                  2    2[COMMON] int 
  2211 ;; Registers used:
  2212 ;;		wreg, fsr0l, fsr0h, status,2, status,0, pclath, cstack
  2213 ;; Tracked objects:
  2214 ;;		On entry : 0/0
  2215 ;;		On exit  : 0/0
  2216 ;;		Unchanged: 0/0
  2217 ;; Data sizes:     COMMON   BANK0   BANK1   BANK3   BANK2
  2218 ;;      Params:         4       0       0       0       0
  2219 ;;      Locals:         0       0       0       0       0
  2220 ;;      Temps:          0       9       0       0       0
  2221 ;;      Totals:         4       9       0       0       0
  2222 ;;Total ram usage:       13 bytes
  2223 ;; Hardware stack levels used: 1
  2224 ;; Hardware stack levels required when called: 1
  2225 ;; This function calls:
  2226 ;;		_putch
  2227 ;; This function is called by:
  2228 ;;		_pad
  2229 ;;		_vfpfcnvrt
  2230 ;;		_fputs
  2231 ;; This function uses a non-reentrant model
  2232 ;;
  2233                           
  2234     03CF                     _fputc:	
  2235                           ;psect for function _fputc
  2236                           
  2237     03CF                     l1385:	
  2238                           ;incstack = 0
  2239                           ; Regs used in _fputc: [wreg-fsr0h+status,2+status,0+pclath+cstack]
  2240                           
  2241     03CF  0874               	movf	fputc@fp,w
  2242     03D0  0475               	iorwf	fputc@fp+1,w
  2243     03D1  1903               	btfsc	3,2
  2244     03D2  2BD4               	goto	u981
  2245     03D3  2BD5               	goto	u980
  2246     03D4                     u981:
  2247     03D4  2BDB               	goto	l1389
  2248     03D5                     u980:
  2249     03D5                     l1387:
  2250     03D5  0874               	movf	fputc@fp,w
  2251     03D6  0475               	iorwf	fputc@fp+1,w
  2252     03D7  1D03               	btfss	3,2
  2253     03D8  2BDA               	goto	u991
  2254     03D9  2BDB               	goto	u990
  2255     03DA                     u991:
  2256     03DA  2BE2               	goto	l1391
  2257     03DB                     u990:
  2258     03DB                     l1389:
  2259     03DB  0872               	movf	fputc@c,w
  2260     03DC  120A  118A  27FF  120A  118A  	fcall	_putch
  2261     03E1  2C6E               	goto	l848
  2262     03E2                     l1391:
  2263     03E2  0874               	movf	fputc@fp,w
  2264     03E3  3E09               	addlw	9
  2265     03E4  1283               	bcf	3,5	;RP0=0, select bank0
  2266     03E5  1303               	bcf	3,6	;RP1=0, select bank0
  2267     03E6  00A0               	movwf	??_fputc
  2268     03E7  0875               	movf	fputc@fp+1,w
  2269     03E8  1803               	skipnc
  2270     03E9  3E01               	addlw	1
  2271     03EA  3E00               	addlw	0
  2272     03EB  00A1               	movwf	??_fputc+1
  2273     03EC  0820               	movf	??_fputc,w
  2274     03ED  0084               	movwf	4
  2275     03EE  1783               	bsf	3,7
  2276     03EF  1C21               	btfss	??_fputc+1,0
  2277     03F0  1383               	bcf	3,7
  2278     03F1  0800               	movf	0,w
  2279     03F2  00A2               	movwf	??_fputc+2
  2280     03F3  0A84               	incf	4,f
  2281     03F4  0800               	movf	0,w
  2282     03F5  00A3               	movwf	??_fputc+3
  2283     03F6  0822               	movf	??_fputc+2,w
  2284     03F7  0423               	iorwf	??_fputc+3,w
  2285     03F8  1903               	btfsc	3,2
  2286     03F9  2BFB               	goto	u1001
  2287     03FA  2BFC               	goto	u1000
  2288     03FB                     u1001:
  2289     03FB  2C2E               	goto	l1395
  2290     03FC                     u1000:
  2291     03FC                     l1393:
  2292     03FC  0874               	movf	fputc@fp,w
  2293     03FD  3E09               	addlw	9
  2294     03FE  00A0               	movwf	??_fputc
  2295     03FF  0875               	movf	fputc@fp+1,w
  2296     0400  1803               	skipnc
  2297     0401  3E01               	addlw	1
  2298     0402  3E00               	addlw	0
  2299     0403  00A1               	movwf	??_fputc+1
  2300     0404  0820               	movf	??_fputc,w
  2301     0405  0084               	movwf	4
  2302     0406  1783               	bsf	3,7
  2303     0407  1C21               	btfss	??_fputc+1,0
  2304     0408  1383               	bcf	3,7
  2305     0409  0800               	movf	0,w
  2306     040A  00A2               	movwf	??_fputc+2
  2307     040B  0A84               	incf	4,f
  2308     040C  0800               	movf	0,w
  2309     040D  00A3               	movwf	??_fputc+3
  2310     040E  0874               	movf	fputc@fp,w
  2311     040F  3E02               	addlw	2
  2312     0410  00A4               	movwf	??_fputc+4
  2313     0411  0875               	movf	fputc@fp+1,w
  2314     0412  1803               	skipnc
  2315     0413  3E01               	addlw	1
  2316     0414  3E00               	addlw	0
  2317     0415  00A5               	movwf	??_fputc+5
  2318     0416  0824               	movf	??_fputc+4,w
  2319     0417  0084               	movwf	4
  2320     0418  1783               	bsf	3,7
  2321     0419  1C25               	btfss	??_fputc+5,0
  2322     041A  1383               	bcf	3,7
  2323     041B  0800               	movf	0,w
  2324     041C  00A6               	movwf	??_fputc+6
  2325     041D  0A84               	incf	4,f
  2326     041E  0800               	movf	0,w
  2327     041F  00A7               	movwf	??_fputc+7
  2328     0420  0827               	movf	??_fputc+7,w
  2329     0421  3A80               	xorlw	128
  2330     0422  00A8               	movwf	??_fputc+8
  2331     0423  0823               	movf	??_fputc+3,w
  2332     0424  3A80               	xorlw	128
  2333     0425  0228               	subwf	??_fputc+8,w
  2334     0426  1D03               	skipz
  2335     0427  2C2A               	goto	u1015
  2336     0428  0822               	movf	??_fputc+2,w
  2337     0429  0226               	subwf	??_fputc+6,w
  2338     042A                     u1015:
  2339     042A  1803               	skipnc
  2340     042B  2C2D               	goto	u1011
  2341     042C  2C2E               	goto	u1010
  2342     042D                     u1011:
  2343     042D  2C6E               	goto	l848
  2344     042E                     u1010:
  2345     042E                     l1395:
  2346     042E  0874               	movf	fputc@fp,w
  2347     042F  0084               	movwf	4
  2348     0430  1783               	bsf	3,7
  2349     0431  1C75               	btfss	fputc@fp+1,0
  2350     0432  1383               	bcf	3,7
  2351     0433  0800               	movf	0,w
  2352     0434  1283               	bcf	3,5	;RP0=0, select bank0
  2353     0435  1303               	bcf	3,6	;RP1=0, select bank0
  2354     0436  00A0               	movwf	??_fputc
  2355     0437  0A84               	incf	4,f
  2356     0438  0800               	movf	0,w
  2357     0439  00A1               	movwf	??_fputc+1
  2358     043A  0874               	movf	fputc@fp,w
  2359     043B  3E02               	addlw	2
  2360     043C  00A2               	movwf	??_fputc+2
  2361     043D  0875               	movf	fputc@fp+1,w
  2362     043E  1803               	skipnc
  2363     043F  3E01               	addlw	1
  2364     0440  3E00               	addlw	0
  2365     0441  00A3               	movwf	??_fputc+3
  2366     0442  0822               	movf	??_fputc+2,w
  2367     0443  0084               	movwf	4
  2368     0444  1783               	bsf	3,7
  2369     0445  1C23               	btfss	??_fputc+3,0
  2370     0446  1383               	bcf	3,7
  2371     0447  0800               	movf	0,w
  2372     0448  0720               	addwf	??_fputc,w
  2373     0449  00A5               	movwf	??_fputc+5
  2374     044A  0821               	movf	??_fputc+1,w
  2375     044B  00A4               	movwf	??_fputc+4
  2376     044C  1803               	skipnc
  2377     044D  0AA4               	incf	??_fputc+4,f
  2378     044E  1F80               	btfss	0,7
  2379     044F  2C51               	goto	u1020
  2380     0450  03A4               	decf	??_fputc+4,f
  2381     0451                     u1020:
  2382     0451  1283               	bcf	3,5	;RP0=0, select bank0
  2383     0452  1303               	bcf	3,6	;RP1=0, select bank0
  2384     0453  0824               	movf	??_fputc+4,w
  2385     0454  00A6               	movwf	??_fputc+6
  2386     0455  0825               	movf	??_fputc+5,w
  2387     0456  0084               	movwf	4
  2388     0457  1783               	bsf	3,7
  2389     0458  1C26               	btfss	??_fputc+6,0
  2390     0459  1383               	bcf	3,7
  2391     045A  0872               	movf	fputc@c,w
  2392     045B  0080               	movwf	0
  2393     045C  0874               	movf	fputc@fp,w
  2394     045D  3E02               	addlw	2
  2395     045E  00A0               	movwf	??_fputc
  2396     045F  0875               	movf	fputc@fp+1,w
  2397     0460  1803               	skipnc
  2398     0461  3E01               	addlw	1
  2399     0462  3E00               	addlw	0
  2400     0463  00A1               	movwf	??_fputc+1
  2401     0464  0820               	movf	??_fputc,w
  2402     0465  0084               	movwf	4
  2403     0466  1783               	bsf	3,7
  2404     0467  1C21               	btfss	??_fputc+1,0
  2405     0468  1383               	bcf	3,7
  2406     0469  3001               	movlw	1
  2407     046A  0780               	addwf	0,f
  2408     046B  0A84               	incf	4,f
  2409     046C  1803               	skipnc
  2410     046D  0A80               	incf	0,f
  2411     046E                     l848:
  2412     046E  0008               	return
  2413     046F                     __end_of_fputc:
  2414                           
  2415                           	psect	text8
  2416     07FF                     __ptext8:	
  2417 ;; *************** function _putch *****************
  2418 ;; Defined at:
  2419 ;;		line 7 in file "C:\Program Files\Microchip\xc8\v3.10\pic\sources\c99\common\putch.c"
  2420 ;; Parameters:    Size  Location     Type
  2421 ;;  c               1    wreg     unsigned char 
  2422 ;; Auto vars:     Size  Location     Type
  2423 ;;  c               1    0[COMMON] unsigned char 
  2424 ;; Return value:  Size  Location     Type
  2425 ;;                  1    wreg      void 
  2426 ;; Registers used:
  2427 ;;		wreg
  2428 ;; Tracked objects:
  2429 ;;		On entry : 0/0
  2430 ;;		On exit  : 0/0
  2431 ;;		Unchanged: 0/0
  2432 ;; Data sizes:     COMMON   BANK0   BANK1   BANK3   BANK2
  2433 ;;      Params:         0       0       0       0       0
  2434 ;;      Locals:         0       0       0       0       0
  2435 ;;      Temps:          0       0       0       0       0
  2436 ;;      Totals:         0       0       0       0       0
  2437 ;;Total ram usage:        0 bytes
  2438 ;; Hardware stack levels used: 1
  2439 ;; Hardware stack levels required when called: 1
  2440 ;; This function calls:
  2441 ;;		Nothing
  2442 ;; This function is called by:
  2443 ;;		_fputc
  2444 ;; This function uses a non-reentrant model
  2445 ;;
  2446                           
  2447     07FF                     _putch:	
  2448                           ;psect for function _putch
  2449                           
  2450     07FF                     l859:	
  2451                           ;incstack = 0
  2452 ;; hardware stack exceeded
  2453                           ; Regs used in _putch: [wreg]
  2454                           
  2455     07FF  0008               	return
  2456     0800                     __end_of_putch:
  2457                           
  2458                           	psect	text9
  2459     0FC8                     __ptext9:	
  2460 ;; *************** function ___lwmod *****************
  2461 ;; Defined at:
  2462 ;;		line 5 in file "C:\Program Files\Microchip\xc8\v3.10\pic\sources\c99\common\lwmod.c"
  2463 ;; Parameters:    Size  Location     Type
  2464 ;;  divisor         2    2[COMMON] unsigned int 
  2465 ;;  dividend        2    4[COMMON] unsigned int 
  2466 ;; Auto vars:     Size  Location     Type
  2467 ;;  counter         1    6[COMMON] unsigned char 
  2468 ;; Return value:  Size  Location     Type
  2469 ;;                  2    2[COMMON] unsigned int 
  2470 ;; Registers used:
  2471 ;;		wreg, status,2, status,0
  2472 ;; Tracked objects:
  2473 ;;		On entry : 0/0
  2474 ;;		On exit  : 0/0
  2475 ;;		Unchanged: 0/0
  2476 ;; Data sizes:     COMMON   BANK0   BANK1   BANK3   BANK2
  2477 ;;      Params:         4       0       0       0       0
  2478 ;;      Locals:         1       0       0       0       0
  2479 ;;      Temps:          0       0       0       0       0
  2480 ;;      Totals:         5       0       0       0       0
  2481 ;;Total ram usage:        5 bytes
  2482 ;; Hardware stack levels used: 1
  2483 ;; Hardware stack levels required when called: 1
  2484 ;; This function calls:
  2485 ;;		Nothing
  2486 ;; This function is called by:
  2487 ;;		_main
  2488 ;;		_utoa
  2489 ;; This function uses a non-reentrant model
  2490 ;;
  2491                           
  2492     0FC8                     ___lwmod:	
  2493                           ;psect for function ___lwmod
  2494                           
  2495     0FC8                     l1447:	
  2496                           ;incstack = 0
  2497                           ; Regs used in ___lwmod: [wreg+status,2+status,0]
  2498                           
  2499     0FC8  0872               	movf	___lwmod@divisor,w
  2500     0FC9  0473               	iorwf	___lwmod@divisor+1,w
  2501     0FCA  1903               	btfsc	3,2
  2502     0FCB  2FCD               	goto	u1151
  2503     0FCC  2FCE               	goto	u1150
  2504     0FCD                     u1151:
  2505     0FCD  2FFB               	goto	l1465
  2506     0FCE                     u1150:
  2507     0FCE                     l1449:
  2508     0FCE  3001               	movlw	1
  2509     0FCF  00F6               	movwf	___lwmod@counter
  2510     0FD0  2FDA               	goto	l1455
  2511     0FD1                     l1451:
  2512     0FD1  3001               	movlw	1
  2513     0FD2                     u1165:
  2514     0FD2  1003               	clrc
  2515     0FD3  0DF2               	rlf	___lwmod@divisor,f
  2516     0FD4  0DF3               	rlf	___lwmod@divisor+1,f
  2517     0FD5  3EFF               	addlw	-1
  2518     0FD6  1D03               	skipz
  2519     0FD7  2FD2               	goto	u1165
  2520     0FD8                     l1453:
  2521     0FD8  3001               	movlw	1
  2522     0FD9  07F6               	addwf	___lwmod@counter,f
  2523     0FDA                     l1455:
  2524     0FDA  1FF3               	btfss	___lwmod@divisor+1,7
  2525     0FDB  2FDD               	goto	u1171
  2526     0FDC  2FDE               	goto	u1170
  2527     0FDD                     u1171:
  2528     0FDD  2FD1               	goto	l1451
  2529     0FDE                     u1170:
  2530     0FDE                     l1457:
  2531     0FDE  0873               	movf	___lwmod@divisor+1,w
  2532     0FDF  0275               	subwf	___lwmod@dividend+1,w
  2533     0FE0  1D03               	skipz
  2534     0FE1  2FE4               	goto	u1185
  2535     0FE2  0872               	movf	___lwmod@divisor,w
  2536     0FE3  0274               	subwf	___lwmod@dividend,w
  2537     0FE4                     u1185:
  2538     0FE4  1C03               	skipc
  2539     0FE5  2FE7               	goto	u1181
  2540     0FE6  2FE8               	goto	u1180
  2541     0FE7                     u1181:
  2542     0FE7  2FEE               	goto	l1461
  2543     0FE8                     u1180:
  2544     0FE8                     l1459:
  2545     0FE8  0872               	movf	___lwmod@divisor,w
  2546     0FE9  02F4               	subwf	___lwmod@dividend,f
  2547     0FEA  0873               	movf	___lwmod@divisor+1,w
  2548     0FEB  1C03               	skipc
  2549     0FEC  03F5               	decf	___lwmod@dividend+1,f
  2550     0FED  02F5               	subwf	___lwmod@dividend+1,f
  2551     0FEE                     l1461:
  2552     0FEE  3001               	movlw	1
  2553     0FEF                     u1195:
  2554     0FEF  1003               	clrc
  2555     0FF0  0CF3               	rrf	___lwmod@divisor+1,f
  2556     0FF1  0CF2               	rrf	___lwmod@divisor,f
  2557     0FF2  3EFF               	addlw	-1
  2558     0FF3  1D03               	skipz
  2559     0FF4  2FEF               	goto	u1195
  2560     0FF5                     l1463:
  2561     0FF5  3001               	movlw	1
  2562     0FF6  02F6               	subwf	___lwmod@counter,f
  2563     0FF7  1D03               	btfss	3,2
  2564     0FF8  2FFA               	goto	u1201
  2565     0FF9  2FFB               	goto	u1200
  2566     0FFA                     u1201:
  2567     0FFA  2FDE               	goto	l1457
  2568     0FFB                     u1200:
  2569     0FFB                     l1465:
  2570     0FFB  0875               	movf	___lwmod@dividend+1,w
  2571     0FFC  00F3               	movwf	?___lwmod+1
  2572     0FFD  0874               	movf	___lwmod@dividend,w
  2573     0FFE  00F2               	movwf	?___lwmod
  2574     0FFF                     l598:
  2575     0FFF  0008               	return
  2576     1000                     __end_of___lwmod:
  2577                           
  2578                           	psect	text10
  2579     07AB                     __ptext10:	
  2580 ;; *************** function ___lwdiv *****************
  2581 ;; Defined at:
  2582 ;;		line 5 in file "C:\Program Files\Microchip\xc8\v3.10\pic\sources\c99\common\lwdiv.c"
  2583 ;; Parameters:    Size  Location     Type
  2584 ;;  divisor         2    2[COMMON] unsigned int 
  2585 ;;  dividend        2    4[COMMON] unsigned int 
  2586 ;; Auto vars:     Size  Location     Type
  2587 ;;  quotient        2    6[COMMON] unsigned int 
  2588 ;;  counter         1    8[COMMON] unsigned char 
  2589 ;; Return value:  Size  Location     Type
  2590 ;;                  2    2[COMMON] unsigned int 
  2591 ;; Registers used:
  2592 ;;		wreg, status,2, status,0
  2593 ;; Tracked objects:
  2594 ;;		On entry : 0/0
  2595 ;;		On exit  : 0/0
  2596 ;;		Unchanged: 0/0
  2597 ;; Data sizes:     COMMON   BANK0   BANK1   BANK3   BANK2
  2598 ;;      Params:         4       0       0       0       0
  2599 ;;      Locals:         3       0       0       0       0
  2600 ;;      Temps:          0       0       0       0       0
  2601 ;;      Totals:         7       0       0       0       0
  2602 ;;Total ram usage:        7 bytes
  2603 ;; Hardware stack levels used: 1
  2604 ;; Hardware stack levels required when called: 1
  2605 ;; This function calls:
  2606 ;;		Nothing
  2607 ;; This function is called by:
  2608 ;;		_main
  2609 ;;		_utoa
  2610 ;; This function uses a non-reentrant model
  2611 ;;
  2612                           
  2613     07AB                     ___lwdiv:	
  2614                           ;psect for function ___lwdiv
  2615                           
  2616     07AB                     l1421:	
  2617                           ;incstack = 0
  2618                           ; Regs used in ___lwdiv: [wreg+status,2+status,0]
  2619                           
  2620     07AB  01F6               	clrf	___lwdiv@quotient
  2621     07AC  01F7               	clrf	___lwdiv@quotient+1
  2622     07AD                     l1423:
  2623     07AD  0872               	movf	___lwdiv@divisor,w
  2624     07AE  0473               	iorwf	___lwdiv@divisor+1,w
  2625     07AF  1903               	btfsc	3,2
  2626     07B0  2FB2               	goto	u1081
  2627     07B1  2FB3               	goto	u1080
  2628     07B2                     u1081:
  2629     07B2  2FE8               	goto	l1443
  2630     07B3                     u1080:
  2631     07B3                     l1425:
  2632     07B3  3001               	movlw	1
  2633     07B4  00F8               	movwf	___lwdiv@counter
  2634     07B5  2FBF               	goto	l1431
  2635     07B6                     l1427:
  2636     07B6  3001               	movlw	1
  2637     07B7                     u1095:
  2638     07B7  1003               	clrc
  2639     07B8  0DF2               	rlf	___lwdiv@divisor,f
  2640     07B9  0DF3               	rlf	___lwdiv@divisor+1,f
  2641     07BA  3EFF               	addlw	-1
  2642     07BB  1D03               	skipz
  2643     07BC  2FB7               	goto	u1095
  2644     07BD                     l1429:
  2645     07BD  3001               	movlw	1
  2646     07BE  07F8               	addwf	___lwdiv@counter,f
  2647     07BF                     l1431:
  2648     07BF  1FF3               	btfss	___lwdiv@divisor+1,7
  2649     07C0  2FC2               	goto	u1101
  2650     07C1  2FC3               	goto	u1100
  2651     07C2                     u1101:
  2652     07C2  2FB6               	goto	l1427
  2653     07C3                     u1100:
  2654     07C3                     l1433:
  2655     07C3  3001               	movlw	1
  2656     07C4                     u1115:
  2657     07C4  1003               	clrc
  2658     07C5  0DF6               	rlf	___lwdiv@quotient,f
  2659     07C6  0DF7               	rlf	___lwdiv@quotient+1,f
  2660     07C7  3EFF               	addlw	-1
  2661     07C8  1D03               	skipz
  2662     07C9  2FC4               	goto	u1115
  2663     07CA  0873               	movf	___lwdiv@divisor+1,w
  2664     07CB  0275               	subwf	___lwdiv@dividend+1,w
  2665     07CC  1D03               	skipz
  2666     07CD  2FD0               	goto	u1125
  2667     07CE  0872               	movf	___lwdiv@divisor,w
  2668     07CF  0274               	subwf	___lwdiv@dividend,w
  2669     07D0                     u1125:
  2670     07D0  1C03               	skipc
  2671     07D1  2FD3               	goto	u1121
  2672     07D2  2FD4               	goto	u1120
  2673     07D3                     u1121:
  2674     07D3  2FDB               	goto	l1439
  2675     07D4                     u1120:
  2676     07D4                     l1435:
  2677     07D4  0872               	movf	___lwdiv@divisor,w
  2678     07D5  02F4               	subwf	___lwdiv@dividend,f
  2679     07D6  0873               	movf	___lwdiv@divisor+1,w
  2680     07D7  1C03               	skipc
  2681     07D8  03F5               	decf	___lwdiv@dividend+1,f
  2682     07D9  02F5               	subwf	___lwdiv@dividend+1,f
  2683     07DA                     l1437:
  2684     07DA  1476               	bsf	___lwdiv@quotient,0
  2685     07DB                     l1439:
  2686     07DB  3001               	movlw	1
  2687     07DC                     u1135:
  2688     07DC  1003               	clrc
  2689     07DD  0CF3               	rrf	___lwdiv@divisor+1,f
  2690     07DE  0CF2               	rrf	___lwdiv@divisor,f
  2691     07DF  3EFF               	addlw	-1
  2692     07E0  1D03               	skipz
  2693     07E1  2FDC               	goto	u1135
  2694     07E2                     l1441:
  2695     07E2  3001               	movlw	1
  2696     07E3  02F8               	subwf	___lwdiv@counter,f
  2697     07E4  1D03               	btfss	3,2
  2698     07E5  2FE7               	goto	u1141
  2699     07E6  2FE8               	goto	u1140
  2700     07E7                     u1141:
  2701     07E7  2FC3               	goto	l1433
  2702     07E8                     u1140:
  2703     07E8                     l1443:
  2704     07E8  0877               	movf	___lwdiv@quotient+1,w
  2705     07E9  00F3               	movwf	?___lwdiv+1
  2706     07EA  0876               	movf	___lwdiv@quotient,w
  2707     07EB  00F2               	movwf	?___lwdiv
  2708     07EC                     l588:
  2709     07EC  0008               	return
  2710     07ED                     __end_of___lwdiv:
  2711                           
  2712                           	psect	text11
  2713     061A                     __ptext11:	
  2714 ;; *************** function _read_prec_or_width *****************
  2715 ;; Defined at:
  2716 ;;		line 1158 in file "C:\Program Files\Microchip\xc8\v3.10\pic\sources\c99\common\doprnt.c"
  2717 ;; Parameters:    Size  Location     Type
  2718 ;;  fmt             1    8[COMMON] PTR PTR const unsigned c
  2719 ;;		 -> vfprintf@cfmt(1), 
  2720 ;;  ap              1    9[COMMON] PTR PTR void [1]
  2721 ;;		 -> sprintf@ap(1), 
  2722 ;; Auto vars:     Size  Location     Type
  2723 ;;  c               1    0[BANK0 ] unsigned char 
  2724 ;;  n               2    1[BANK0 ] int 
  2725 ;; Return value:  Size  Location     Type
  2726 ;;                  2    8[COMMON] int 
  2727 ;; Registers used:
  2728 ;;		wreg, fsr0l, fsr0h, status,2, status,0, pclath, btemp1, cstack
  2729 ;; Tracked objects:
  2730 ;;		On entry : 0/0
  2731 ;;		On exit  : 0/0
  2732 ;;		Unchanged: 0/0
  2733 ;; Data sizes:     COMMON   BANK0   BANK1   BANK3   BANK2
  2734 ;;      Params:         2       0       0       0       0
  2735 ;;      Locals:         0       3       0       0       0
  2736 ;;      Temps:          0       0       0       0       0
  2737 ;;      Totals:         2       3       0       0       0
  2738 ;;Total ram usage:        5 bytes
  2739 ;; Hardware stack levels used: 1
  2740 ;; Hardware stack levels required when called: 2
  2741 ;; This function calls:
  2742 ;;		___wmul
  2743 ;; This function is called by:
  2744 ;;		_vfpfcnvrt
  2745 ;; This function uses a non-reentrant model
  2746 ;;
  2747                           
  2748     061A                     _read_prec_or_width:	
  2749                           ;psect for function _read_prec_or_width
  2750                           
  2751     061A                     l1515:	
  2752                           ;incstack = 0
  2753                           ; Regs used in _read_prec_or_width: [wreg-fsr0h+status,2+status,0+pclath+btemp1+cstack]
  2754                           
  2755                           
  2756                           ;C:\Program Files\Microchip\xc8\v3.10\pic\sources\c99\common\doprnt.c: 1159:     int n =
      +                           0;
  2757     061A  1283               	bcf	3,5	;RP0=0, select bank0
  2758     061B  1303               	bcf	3,6	;RP1=0, select bank0
  2759     061C  01A1               	clrf	read_prec_or_width@n
  2760     061D  01A2               	clrf	read_prec_or_width@n+1
  2761     061E                     l1517:
  2762                           
  2763                           ;C:\Program Files\Microchip\xc8\v3.10\pic\sources\c99\common\doprnt.c: 1160:     if ((*f
      +                          mt)[0] == '*') {
  2764     061E  0878               	movf	read_prec_or_width@fmt,w
  2765     061F  0084               	movwf	4
  2766     0620  1383               	bcf	3,7	;select IRP bank0
  2767     0621  0800               	movf	0,w
  2768     0622  0084               	movwf	4
  2769     0623  120A  158A  200A  120A  118A  	fcall	stringdir
  2770     0628  3A2A               	xorlw	42
  2771     0629  1D03               	skipz
  2772     062A  2E2C               	goto	u1301
  2773     062B  2E2D               	goto	u1300
  2774     062C                     u1301:
  2775     062C  2E5B               	goto	l1527
  2776     062D                     u1300:
  2777     062D                     l1519:
  2778                           
  2779                           ;C:\Program Files\Microchip\xc8\v3.10\pic\sources\c99\common\doprnt.c: 1161:         ++*
      +                          fmt;
  2780     062D  0878               	movf	read_prec_or_width@fmt,w
  2781     062E  0084               	movwf	4
  2782     062F  3001               	movlw	1
  2783     0630  0780               	addwf	0,f
  2784     0631                     l1521:
  2785                           
  2786                           ;C:\Program Files\Microchip\xc8\v3.10\pic\sources\c99\common\doprnt.c: 1162:         n =
      +                           (*(int *)__va_arg(*(int **)*ap, (int)0));
  2787     0631  0879               	movf	read_prec_or_width@ap,w
  2788     0632  0084               	movwf	4
  2789     0633  0800               	movf	0,w
  2790     0634  00FF               	movwf	btemp1
  2791     0635  3002               	movlw	2
  2792     0636  0780               	addwf	0,f
  2793     0637  087F               	movf	btemp1,w
  2794     0638  0084               	movwf	4
  2795     0639  0800               	movf	0,w
  2796     063A  00A1               	movwf	read_prec_or_width@n
  2797     063B  0A84               	incf	4,f
  2798     063C  0800               	movf	0,w
  2799     063D  00A2               	movwf	read_prec_or_width@n+1
  2800                           
  2801                           ;C:\Program Files\Microchip\xc8\v3.10\pic\sources\c99\common\doprnt.c: 1163:     } else 
      +                          {
  2802     063E  2E6C               	goto	l1529
  2803     063F                     l1523:
  2804                           
  2805                           ;C:\Program Files\Microchip\xc8\v3.10\pic\sources\c99\common\doprnt.c: 1166:            
      +                           n = n * 10 + c;
  2806     063F  0822               	movf	read_prec_or_width@n+1,w
  2807     0640  00F3               	movwf	___wmul@multiplier+1
  2808     0641  0821               	movf	read_prec_or_width@n,w
  2809     0642  00F2               	movwf	___wmul@multiplier
  2810     0643  300A               	movlw	10
  2811     0644  00F4               	movwf	___wmul@multiplicand
  2812     0645  3000               	movlw	0
  2813     0646  00F5               	movwf	___wmul@multiplicand+1
  2814     0647  120A  158A  274F  120A  118A  	fcall	___wmul
  2815     064C  1283               	bcf	3,5	;RP0=0, select bank0
  2816     064D  1303               	bcf	3,6	;RP1=0, select bank0
  2817     064E  0820               	movf	read_prec_or_width@c,w
  2818     064F  0772               	addwf	?___wmul,w
  2819     0650  00A1               	movwf	read_prec_or_width@n
  2820     0651  3000               	movlw	0
  2821     0652  1803               	skipnc
  2822     0653  3001               	movlw	1
  2823     0654  0773               	addwf	?___wmul+1,w
  2824     0655  00A2               	movwf	read_prec_or_width@n+1
  2825     0656                     l1525:
  2826                           
  2827                           ;C:\Program Files\Microchip\xc8\v3.10\pic\sources\c99\common\doprnt.c: 1167:            
      +                           ++*fmt;
  2828     0656  0878               	movf	read_prec_or_width@fmt,w
  2829     0657  0084               	movwf	4
  2830     0658  3001               	movlw	1
  2831     0659  1383               	bcf	3,7	;select IRP bank0
  2832     065A  0780               	addwf	0,f
  2833     065B                     l1527:
  2834                           
  2835                           ;C:\Program Files\Microchip\xc8\v3.10\pic\sources\c99\common\doprnt.c: 1165:         whi
      +                          le ((c = ((unsigned)(*fmt)[0]) - '0') < 10) {
  2836     065B  0878               	movf	read_prec_or_width@fmt,w
  2837     065C  0084               	movwf	4
  2838     065D  0800               	movf	0,w
  2839     065E  0084               	movwf	4
  2840     065F  120A  158A  200A  120A  118A  	fcall	stringdir
  2841     0664  3ED0               	addlw	208
  2842     0665  00A0               	movwf	read_prec_or_width@c
  2843     0666  300A               	movlw	10
  2844     0667  0220               	subwf	read_prec_or_width@c,w
  2845     0668  1C03               	skipc
  2846     0669  2E6B               	goto	u1311
  2847     066A  2E6C               	goto	u1310
  2848     066B                     u1311:
  2849     066B  2E3F               	goto	l1523
  2850     066C                     u1310:
  2851     066C                     l1529:
  2852                           
  2853                           ;C:\Program Files\Microchip\xc8\v3.10\pic\sources\c99\common\doprnt.c: 1170:     return 
      +                          n;
  2854     066C  0822               	movf	read_prec_or_width@n+1,w
  2855     066D  00F9               	movwf	?_read_prec_or_width+1
  2856     066E  0821               	movf	read_prec_or_width@n,w
  2857     066F  00F8               	movwf	?_read_prec_or_width
  2858     0670                     l812:
  2859     0670  0008               	return
  2860     0671                     __end_of_read_prec_or_width:
  2861                           
  2862                           	psect	text12
  2863     0F4F                     __ptext12:	
  2864 ;; *************** function ___wmul *****************
  2865 ;; Defined at:
  2866 ;;		line 15 in file "C:\Program Files\Microchip\xc8\v3.10\pic\sources\c99\common\Umul16.c"
  2867 ;; Parameters:    Size  Location     Type
  2868 ;;  multiplier      2    2[COMMON] unsigned int 
  2869 ;;  multiplicand    2    4[COMMON] unsigned int 
  2870 ;; Auto vars:     Size  Location     Type
  2871 ;;  product         2    6[COMMON] unsigned int 
  2872 ;; Return value:  Size  Location     Type
  2873 ;;                  2    2[COMMON] unsigned int 
  2874 ;; Registers used:
  2875 ;;		wreg, status,2, status,0
  2876 ;; Tracked objects:
  2877 ;;		On entry : 0/0
  2878 ;;		On exit  : 0/0
  2879 ;;		Unchanged: 0/0
  2880 ;; Data sizes:     COMMON   BANK0   BANK1   BANK3   BANK2
  2881 ;;      Params:         4       0       0       0       0
  2882 ;;      Locals:         2       0       0       0       0
  2883 ;;      Temps:          0       0       0       0       0
  2884 ;;      Totals:         6       0       0       0       0
  2885 ;;Total ram usage:        6 bytes
  2886 ;; Hardware stack levels used: 1
  2887 ;; Hardware stack levels required when called: 1
  2888 ;; This function calls:
  2889 ;;		Nothing
  2890 ;; This function is called by:
  2891 ;;		_read_prec_or_width
  2892 ;; This function uses a non-reentrant model
  2893 ;;
  2894                           
  2895     0F4F                     ___wmul:	
  2896                           ;psect for function ___wmul
  2897                           
  2898     0F4F                     l1407:	
  2899                           ;incstack = 0
  2900                           ; Regs used in ___wmul: [wreg+status,2+status,0]
  2901                           
  2902     0F4F  01F6               	clrf	___wmul@product
  2903     0F50  01F7               	clrf	___wmul@product+1
  2904     0F51                     l1409:
  2905     0F51  1C72               	btfss	___wmul@multiplier,0
  2906     0F52  2F54               	goto	u1041
  2907     0F53  2F55               	goto	u1040
  2908     0F54                     u1041:
  2909     0F54  2F5B               	goto	l308
  2910     0F55                     u1040:
  2911     0F55                     l1411:
  2912     0F55  0874               	movf	___wmul@multiplicand,w
  2913     0F56  07F6               	addwf	___wmul@product,f
  2914     0F57  1803               	skipnc
  2915     0F58  0AF7               	incf	___wmul@product+1,f
  2916     0F59  0875               	movf	___wmul@multiplicand+1,w
  2917     0F5A  07F7               	addwf	___wmul@product+1,f
  2918     0F5B                     l308:
  2919     0F5B  3001               	movlw	1
  2920     0F5C                     u1055:
  2921     0F5C  1003               	clrc
  2922     0F5D  0DF4               	rlf	___wmul@multiplicand,f
  2923     0F5E  0DF5               	rlf	___wmul@multiplicand+1,f
  2924     0F5F  3EFF               	addlw	-1
  2925     0F60  1D03               	skipz
  2926     0F61  2F5C               	goto	u1055
  2927     0F62                     l1413:
  2928     0F62  3001               	movlw	1
  2929     0F63                     u1065:
  2930     0F63  1003               	clrc
  2931     0F64  0CF3               	rrf	___wmul@multiplier+1,f
  2932     0F65  0CF2               	rrf	___wmul@multiplier,f
  2933     0F66  3EFF               	addlw	-1
  2934     0F67  1D03               	skipz
  2935     0F68  2F63               	goto	u1065
  2936     0F69                     l1415:
  2937     0F69  0872               	movf	___wmul@multiplier,w
  2938     0F6A  0473               	iorwf	___wmul@multiplier+1,w
  2939     0F6B  1D03               	btfss	3,2
  2940     0F6C  2F6E               	goto	u1071
  2941     0F6D  2F6F               	goto	u1070
  2942     0F6E                     u1071:
  2943     0F6E  2F51               	goto	l1409
  2944     0F6F                     u1070:
  2945     0F6F                     l1417:
  2946     0F6F  0877               	movf	___wmul@product+1,w
  2947     0F70  00F3               	movwf	?___wmul+1
  2948     0F71  0876               	movf	___wmul@product,w
  2949     0F72  00F2               	movwf	?___wmul
  2950     0F73                     l310:
  2951     0F73  0008               	return
  2952     0F74                     __end_of___wmul:
  2953                           
  2954                           	psect	text13
  2955     0719                     __ptext13:	
  2956 ;; *************** function ___lmul *****************
  2957 ;; Defined at:
  2958 ;;		line 15 in file "C:\Program Files\Microchip\xc8\v3.10\pic\sources\c99\common\Umul32.c"
  2959 ;; Parameters:    Size  Location     Type
  2960 ;;  multiplier      4    2[COMMON] unsigned long 
  2961 ;;  multiplicand    4    6[COMMON] unsigned long 
  2962 ;; Auto vars:     Size  Location     Type
  2963 ;;  product         4    0[BANK0 ] unsigned long 
  2964 ;; Return value:  Size  Location     Type
  2965 ;;                  4    2[COMMON] unsigned long 
  2966 ;; Registers used:
  2967 ;;		wreg, status,2, status,0
  2968 ;; Tracked objects:
  2969 ;;		On entry : 0/0
  2970 ;;		On exit  : 0/0
  2971 ;;		Unchanged: 0/0
  2972 ;; Data sizes:     COMMON   BANK0   BANK1   BANK3   BANK2
  2973 ;;      Params:         8       0       0       0       0
  2974 ;;      Locals:         0       4       0       0       0
  2975 ;;      Temps:          1       0       0       0       0
  2976 ;;      Totals:         9       4       0       0       0
  2977 ;;Total ram usage:       13 bytes
  2978 ;; Hardware stack levels used: 1
  2979 ;; Hardware stack levels required when called: 1
  2980 ;; This function calls:
  2981 ;;		Nothing
  2982 ;; This function is called by:
  2983 ;;		_main
  2984 ;; This function uses a non-reentrant model
  2985 ;;
  2986                           
  2987     0719                     ___lmul:	
  2988                           ;psect for function ___lmul
  2989                           
  2990     0719                     l1731:	
  2991                           ;incstack = 0
  2992                           ; Regs used in ___lmul: [wreg+status,2+status,0]
  2993                           
  2994     0719  3000               	movlw	0
  2995     071A  1283               	bcf	3,5	;RP0=0, select bank0
  2996     071B  1303               	bcf	3,6	;RP1=0, select bank0
  2997     071C  00A3               	movwf	___lmul@product+3
  2998     071D  3000               	movlw	0
  2999     071E  00A2               	movwf	___lmul@product+2
  3000     071F  3000               	movlw	0
  3001     0720  00A1               	movwf	___lmul@product+1
  3002     0721  3000               	movlw	0
  3003     0722  00A0               	movwf	___lmul@product
  3004     0723                     l1733:
  3005     0723  1C72               	btfss	___lmul@multiplier,0
  3006     0724  2F26               	goto	u1661
  3007     0725  2F27               	goto	u1660
  3008     0726                     u1661:
  3009     0726  2F40               	goto	l1737
  3010     0727                     u1660:
  3011     0727                     l1735:
  3012     0727  0876               	movf	___lmul@multiplicand,w
  3013     0728  1283               	bcf	3,5	;RP0=0, select bank0
  3014     0729  1303               	bcf	3,6	;RP1=0, select bank0
  3015     072A  07A0               	addwf	___lmul@product,f
  3016     072B  0877               	movf	___lmul@multiplicand+1,w
  3017     072C  1103               	clrz
  3018     072D  1803               	skipnc
  3019     072E  3E01               	addlw	1
  3020     072F  1903               	skipnz
  3021     0730  2F32               	goto	u1671
  3022     0731  07A1               	addwf	___lmul@product+1,f
  3023     0732                     u1671:
  3024     0732  0878               	movf	___lmul@multiplicand+2,w
  3025     0733  1103               	clrz
  3026     0734  1803               	skipnc
  3027     0735  3E01               	addlw	1
  3028     0736  1903               	skipnz
  3029     0737  2F39               	goto	u1672
  3030     0738  07A2               	addwf	___lmul@product+2,f
  3031     0739                     u1672:
  3032     0739  0879               	movf	___lmul@multiplicand+3,w
  3033     073A  1103               	clrz
  3034     073B  1803               	skipnc
  3035     073C  3E01               	addlw	1
  3036     073D  1903               	skipnz
  3037     073E  2F40               	goto	u1673
  3038     073F  07A3               	addwf	___lmul@product+3,f
  3039     0740                     u1673:
  3040     0740                     l1737:
  3041     0740  3001               	movlw	1
  3042     0741  00FA               	movwf	??___lmul
  3043     0742                     u1685:
  3044     0742  1003               	clrc
  3045     0743  0DF6               	rlf	___lmul@multiplicand,f
  3046     0744  0DF7               	rlf	___lmul@multiplicand+1,f
  3047     0745  0DF8               	rlf	___lmul@multiplicand+2,f
  3048     0746  0DF9               	rlf	___lmul@multiplicand+3,f
  3049     0747  0BFA               	decfsz	??___lmul,f
  3050     0748  2F42               	goto	u1685
  3051     0749                     l1739:
  3052     0749  3001               	movlw	1
  3053     074A                     u1695:
  3054     074A  1003               	clrc
  3055     074B  0CF5               	rrf	___lmul@multiplier+3,f
  3056     074C  0CF4               	rrf	___lmul@multiplier+2,f
  3057     074D  0CF3               	rrf	___lmul@multiplier+1,f
  3058     074E  0CF2               	rrf	___lmul@multiplier,f
  3059     074F  3EFF               	addlw	-1
  3060     0750  1D03               	skipz
  3061     0751  2F4A               	goto	u1695
  3062     0752  0875               	movf	___lmul@multiplier+3,w
  3063     0753  0474               	iorwf	___lmul@multiplier+2,w
  3064     0754  0473               	iorwf	___lmul@multiplier+1,w
  3065     0755  0472               	iorwf	___lmul@multiplier,w
  3066     0756  1D03               	skipz
  3067     0757  2F59               	goto	u1701
  3068     0758  2F5A               	goto	u1700
  3069     0759                     u1701:
  3070     0759  2F23               	goto	l1733
  3071     075A                     u1700:
  3072     075A                     l1741:
  3073     075A  1283               	bcf	3,5	;RP0=0, select bank0
  3074     075B  1303               	bcf	3,6	;RP1=0, select bank0
  3075     075C  0823               	movf	___lmul@product+3,w
  3076     075D  00F5               	movwf	?___lmul+3
  3077     075E  0822               	movf	___lmul@product+2,w
  3078     075F  00F4               	movwf	?___lmul+2
  3079     0760  0821               	movf	___lmul@product+1,w
  3080     0761  00F3               	movwf	?___lmul+1
  3081     0762  0820               	movf	___lmul@product,w
  3082     0763  00F2               	movwf	?___lmul
  3083     0764                     l322:
  3084     0764  0008               	return
  3085     0765                     __end_of___lmul:
  3086                           
  3087                           	psect	text14
  3088     046F                     __ptext14:	
  3089 ;; *************** function ___aldiv *****************
  3090 ;; Defined at:
  3091 ;;		line 5 in file "C:\Program Files\Microchip\xc8\v3.10\pic\sources\c99\common\aldiv.c"
  3092 ;; Parameters:    Size  Location     Type
  3093 ;;  divisor         4    4[BANK0 ] long 
  3094 ;;  dividend        4    8[BANK0 ] long 
  3095 ;; Auto vars:     Size  Location     Type
  3096 ;;  quotient        4   15[BANK0 ] long 
  3097 ;;  sign            1   14[BANK0 ] unsigned char 
  3098 ;;  counter         1   13[BANK0 ] unsigned char 
  3099 ;; Return value:  Size  Location     Type
  3100 ;;                  4    4[BANK0 ] long 
  3101 ;; Registers used:
  3102 ;;		wreg, status,2, status,0
  3103 ;; Tracked objects:
  3104 ;;		On entry : 0/0
  3105 ;;		On exit  : 0/0
  3106 ;;		Unchanged: 0/0
  3107 ;; Data sizes:     COMMON   BANK0   BANK1   BANK3   BANK2
  3108 ;;      Params:         0       8       0       0       0
  3109 ;;      Locals:         0       6       0       0       0
  3110 ;;      Temps:          0       1       0       0       0
  3111 ;;      Totals:         0      15       0       0       0
  3112 ;;Total ram usage:       15 bytes
  3113 ;; Hardware stack levels used: 1
  3114 ;; Hardware stack levels required when called: 1
  3115 ;; This function calls:
  3116 ;;		Nothing
  3117 ;; This function is called by:
  3118 ;;		_main
  3119 ;; This function uses a non-reentrant model
  3120 ;;
  3121                           
  3122     046F                     ___aldiv:	
  3123                           ;psect for function ___aldiv
  3124                           
  3125     046F                     l2135:	
  3126                           ;incstack = 0
  3127                           ; Regs used in ___aldiv: [wreg+status,2+status,0]
  3128                           
  3129     046F  1283               	bcf	3,5	;RP0=0, select bank0
  3130     0470  1303               	bcf	3,6	;RP1=0, select bank0
  3131     0471  01AE               	clrf	___aldiv@sign
  3132     0472                     l2137:
  3133     0472  1FA7               	btfss	___aldiv@divisor+3,7
  3134     0473  2C75               	goto	u2371
  3135     0474  2C76               	goto	u2370
  3136     0475                     u2371:
  3137     0475  2C83               	goto	l373
  3138     0476                     u2370:
  3139     0476                     l2139:
  3140     0476  09A4               	comf	___aldiv@divisor,f
  3141     0477  09A5               	comf	___aldiv@divisor+1,f
  3142     0478  09A6               	comf	___aldiv@divisor+2,f
  3143     0479  09A7               	comf	___aldiv@divisor+3,f
  3144     047A  0AA4               	incf	___aldiv@divisor,f
  3145     047B  1903               	skipnz
  3146     047C  0AA5               	incf	___aldiv@divisor+1,f
  3147     047D  1903               	skipnz
  3148     047E  0AA6               	incf	___aldiv@divisor+2,f
  3149     047F  1903               	skipnz
  3150     0480  0AA7               	incf	___aldiv@divisor+3,f
  3151     0481  3001               	movlw	1
  3152     0482  00AE               	movwf	___aldiv@sign
  3153     0483                     l373:
  3154     0483  1FAB               	btfss	___aldiv@dividend+3,7
  3155     0484  2C86               	goto	u2381
  3156     0485  2C87               	goto	u2380
  3157     0486                     u2381:
  3158     0486  2C94               	goto	l2145
  3159     0487                     u2380:
  3160     0487                     l2141:
  3161     0487  09A8               	comf	___aldiv@dividend,f
  3162     0488  09A9               	comf	___aldiv@dividend+1,f
  3163     0489  09AA               	comf	___aldiv@dividend+2,f
  3164     048A  09AB               	comf	___aldiv@dividend+3,f
  3165     048B  0AA8               	incf	___aldiv@dividend,f
  3166     048C  1903               	skipnz
  3167     048D  0AA9               	incf	___aldiv@dividend+1,f
  3168     048E  1903               	skipnz
  3169     048F  0AAA               	incf	___aldiv@dividend+2,f
  3170     0490  1903               	skipnz
  3171     0491  0AAB               	incf	___aldiv@dividend+3,f
  3172     0492                     l2143:
  3173     0492  3001               	movlw	1
  3174     0493  06AE               	xorwf	___aldiv@sign,f
  3175     0494                     l2145:
  3176     0494  3000               	movlw	0
  3177     0495  00B2               	movwf	___aldiv@quotient+3
  3178     0496  3000               	movlw	0
  3179     0497  00B1               	movwf	___aldiv@quotient+2
  3180     0498  3000               	movlw	0
  3181     0499  00B0               	movwf	___aldiv@quotient+1
  3182     049A  3000               	movlw	0
  3183     049B  00AF               	movwf	___aldiv@quotient
  3184     049C                     l2147:
  3185     049C  0827               	movf	___aldiv@divisor+3,w
  3186     049D  0426               	iorwf	___aldiv@divisor+2,w
  3187     049E  0425               	iorwf	___aldiv@divisor+1,w
  3188     049F  0424               	iorwf	___aldiv@divisor,w
  3189     04A0  1903               	skipnz
  3190     04A1  2CA3               	goto	u2391
  3191     04A2  2CA4               	goto	u2390
  3192     04A3                     u2391:
  3193     04A3  2CEF               	goto	l2167
  3194     04A4                     u2390:
  3195     04A4                     l2149:
  3196     04A4  3001               	movlw	1
  3197     04A5  00AD               	movwf	___aldiv@counter
  3198     04A6  2CB2               	goto	l2153
  3199     04A7                     l2151:
  3200     04A7  3001               	movlw	1
  3201     04A8  00AC               	movwf	??___aldiv
  3202     04A9                     u2405:
  3203     04A9  1003               	clrc
  3204     04AA  0DA4               	rlf	___aldiv@divisor,f
  3205     04AB  0DA5               	rlf	___aldiv@divisor+1,f
  3206     04AC  0DA6               	rlf	___aldiv@divisor+2,f
  3207     04AD  0DA7               	rlf	___aldiv@divisor+3,f
  3208     04AE  0BAC               	decfsz	??___aldiv,f
  3209     04AF  2CA9               	goto	u2405
  3210     04B0  3001               	movlw	1
  3211     04B1  07AD               	addwf	___aldiv@counter,f
  3212     04B2                     l2153:
  3213     04B2  1FA7               	btfss	___aldiv@divisor+3,7
  3214     04B3  2CB5               	goto	u2411
  3215     04B4  2CB6               	goto	u2410
  3216     04B5                     u2411:
  3217     04B5  2CA7               	goto	l2151
  3218     04B6                     u2410:
  3219     04B6                     l2155:
  3220     04B6  3001               	movlw	1
  3221     04B7  00AC               	movwf	??___aldiv
  3222     04B8                     u2425:
  3223     04B8  1003               	clrc
  3224     04B9  0DAF               	rlf	___aldiv@quotient,f
  3225     04BA  0DB0               	rlf	___aldiv@quotient+1,f
  3226     04BB  0DB1               	rlf	___aldiv@quotient+2,f
  3227     04BC  0DB2               	rlf	___aldiv@quotient+3,f
  3228     04BD  0BAC               	decfsz	??___aldiv,f
  3229     04BE  2CB8               	goto	u2425
  3230     04BF                     l2157:
  3231     04BF  0827               	movf	___aldiv@divisor+3,w
  3232     04C0  022B               	subwf	___aldiv@dividend+3,w
  3233     04C1  1D03               	skipz
  3234     04C2  2CCD               	goto	u2435
  3235     04C3  0826               	movf	___aldiv@divisor+2,w
  3236     04C4  022A               	subwf	___aldiv@dividend+2,w
  3237     04C5  1D03               	skipz
  3238     04C6  2CCD               	goto	u2435
  3239     04C7  0825               	movf	___aldiv@divisor+1,w
  3240     04C8  0229               	subwf	___aldiv@dividend+1,w
  3241     04C9  1D03               	skipz
  3242     04CA  2CCD               	goto	u2435
  3243     04CB  0824               	movf	___aldiv@divisor,w
  3244     04CC  0228               	subwf	___aldiv@dividend,w
  3245     04CD                     u2435:
  3246     04CD  1C03               	skipc
  3247     04CE  2CD0               	goto	u2431
  3248     04CF  2CD1               	goto	u2430
  3249     04D0                     u2431:
  3250     04D0  2CE0               	goto	l2163
  3251     04D1                     u2430:
  3252     04D1                     l2159:
  3253     04D1  0824               	movf	___aldiv@divisor,w
  3254     04D2  02A8               	subwf	___aldiv@dividend,f
  3255     04D3  0825               	movf	___aldiv@divisor+1,w
  3256     04D4  1C03               	skipc
  3257     04D5  0F25               	incfsz	___aldiv@divisor+1,w
  3258     04D6  02A9               	subwf	___aldiv@dividend+1,f
  3259     04D7  0826               	movf	___aldiv@divisor+2,w
  3260     04D8  1C03               	skipc
  3261     04D9  0F26               	incfsz	___aldiv@divisor+2,w
  3262     04DA  02AA               	subwf	___aldiv@dividend+2,f
  3263     04DB  0827               	movf	___aldiv@divisor+3,w
  3264     04DC  1C03               	skipc
  3265     04DD  0F27               	incfsz	___aldiv@divisor+3,w
  3266     04DE  02AB               	subwf	___aldiv@dividend+3,f
  3267     04DF                     l2161:
  3268     04DF  142F               	bsf	___aldiv@quotient,0
  3269     04E0                     l2163:
  3270     04E0  3001               	movlw	1
  3271     04E1                     u2445:
  3272     04E1  1003               	clrc
  3273     04E2  0CA7               	rrf	___aldiv@divisor+3,f
  3274     04E3  0CA6               	rrf	___aldiv@divisor+2,f
  3275     04E4  0CA5               	rrf	___aldiv@divisor+1,f
  3276     04E5  0CA4               	rrf	___aldiv@divisor,f
  3277     04E6  3EFF               	addlw	-1
  3278     04E7  1D03               	skipz
  3279     04E8  2CE1               	goto	u2445
  3280     04E9                     l2165:
  3281     04E9  3001               	movlw	1
  3282     04EA  02AD               	subwf	___aldiv@counter,f
  3283     04EB  1D03               	btfss	3,2
  3284     04EC  2CEE               	goto	u2451
  3285     04ED  2CEF               	goto	u2450
  3286     04EE                     u2451:
  3287     04EE  2CB6               	goto	l2155
  3288     04EF                     u2450:
  3289     04EF                     l2167:
  3290     04EF  082E               	movf	___aldiv@sign,w
  3291     04F0  1903               	btfsc	3,2
  3292     04F1  2CF3               	goto	u2461
  3293     04F2  2CF4               	goto	u2460
  3294     04F3                     u2461:
  3295     04F3  2CFF               	goto	l2171
  3296     04F4                     u2460:
  3297     04F4                     l2169:
  3298     04F4  09AF               	comf	___aldiv@quotient,f
  3299     04F5  09B0               	comf	___aldiv@quotient+1,f
  3300     04F6  09B1               	comf	___aldiv@quotient+2,f
  3301     04F7  09B2               	comf	___aldiv@quotient+3,f
  3302     04F8  0AAF               	incf	___aldiv@quotient,f
  3303     04F9  1903               	skipnz
  3304     04FA  0AB0               	incf	___aldiv@quotient+1,f
  3305     04FB  1903               	skipnz
  3306     04FC  0AB1               	incf	___aldiv@quotient+2,f
  3307     04FD  1903               	skipnz
  3308     04FE  0AB2               	incf	___aldiv@quotient+3,f
  3309     04FF                     l2171:
  3310     04FF  0832               	movf	___aldiv@quotient+3,w
  3311     0500  00A7               	movwf	?___aldiv+3
  3312     0501  0831               	movf	___aldiv@quotient+2,w
  3313     0502  00A6               	movwf	?___aldiv+2
  3314     0503  0830               	movf	___aldiv@quotient+1,w
  3315     0504  00A5               	movwf	?___aldiv+1
  3316     0505  082F               	movf	___aldiv@quotient,w
  3317     0506  00A4               	movwf	?___aldiv
  3318     0507                     l383:
  3319     0507  0008               	return
  3320     0508                     __end_of___aldiv:
  3321                           
  3322                           	psect	text15
  3323     0EFA                     __ptext15:	
  3324 ;; *************** function _Timer1_Init *****************
  3325 ;; Defined at:
  3326 ;;		line 34 in file "main.c"
  3327 ;; Parameters:    Size  Location     Type
  3328 ;;		None
  3329 ;; Auto vars:     Size  Location     Type
  3330 ;;		None
  3331 ;; Return value:  Size  Location     Type
  3332 ;;                  1    wreg      void 
  3333 ;; Registers used:
  3334 ;;		None
  3335 ;; Tracked objects:
  3336 ;;		On entry : 0/0
  3337 ;;		On exit  : 0/0
  3338 ;;		Unchanged: 0/0
  3339 ;; Data sizes:     COMMON   BANK0   BANK1   BANK3   BANK2
  3340 ;;      Params:         0       0       0       0       0
  3341 ;;      Locals:         0       0       0       0       0
  3342 ;;      Temps:          0       0       0       0       0
  3343 ;;      Totals:         0       0       0       0       0
  3344 ;;Total ram usage:        0 bytes
  3345 ;; Hardware stack levels used: 1
  3346 ;; Hardware stack levels required when called: 1
  3347 ;; This function calls:
  3348 ;;		Nothing
  3349 ;; This function is called by:
  3350 ;;		_main
  3351 ;; This function uses a non-reentrant model
  3352 ;;
  3353                           
  3354     0EFA                     _Timer1_Init:	
  3355                           ;psect for function _Timer1_Init
  3356                           
  3357     0EFA                     l1699:	
  3358                           ;incstack = 0
  3359                           ; Regs used in _Timer1_Init: []
  3360                           
  3361                           
  3362                           ;main.c: 52:     T1CON = 0x31;
  3363     0EFA  3031               	movlw	49
  3364     0EFB  1283               	bcf	3,5	;RP0=0, select bank0
  3365     0EFC  1303               	bcf	3,6	;RP1=0, select bank0
  3366     0EFD  0090               	movwf	16	;volatile
  3367                           
  3368                           ;main.c: 68:     TMR1H = 0xF6;
  3369     0EFE  30F6               	movlw	246
  3370     0EFF  008F               	movwf	15	;volatile
  3371                           
  3372                           ;main.c: 69:     TMR1L = 0x3C;
  3373     0F00  303C               	movlw	60
  3374     0F01  008E               	movwf	14	;volatile
  3375                           
  3376                           ;main.c: 71:     TMR1IF = 0;
  3377     0F02  100C               	bcf	12,0	;volatile
  3378                           
  3379                           ;main.c: 72:     TMR1IE = 1;
  3380     0F03  1683               	bsf	3,5	;RP0=1, select bank1
  3381     0F04  1303               	bcf	3,6	;RP1=0, select bank1
  3382     0F05  140C               	bsf	12,0	;volatile
  3383                           
  3384                           ;main.c: 74:     PEIE = 1;
  3385     0F06  170B               	bsf	11,6	;volatile
  3386                           
  3387                           ;main.c: 75:     GIE = 1;
  3388     0F07  178B               	bsf	11,7	;volatile
  3389     0F08                     l126:
  3390     0F08  0008               	return
  3391     0F09                     __end_of_Timer1_Init:
  3392                           
  3393                           	psect	text16
  3394     0765                     __ptext16:	
  3395 ;; *************** function _LCD_putrs *****************
  3396 ;; Defined at:
  3397 ;;		line 142 in file "lcd.c"
  3398 ;; Parameters:    Size  Location     Type
  3399 ;;  a               2    8[COMMON] PTR const unsigned char 
  3400 ;;		 -> exec(10), main@buffer(15), STR_2(10), STR_1(6), 
  3401 ;; Auto vars:     Size  Location     Type
  3402 ;;  i               2    3[BANK0 ] int 
  3403 ;; Return value:  Size  Location     Type
  3404 ;;                  1    wreg      void 
  3405 ;; Registers used:
  3406 ;;		wreg, fsr0l, fsr0h, status,2, status,0, pclath, btemp1, cstack
  3407 ;; Tracked objects:
  3408 ;;		On entry : 0/0
  3409 ;;		On exit  : 0/0
  3410 ;;		Unchanged: 0/0
  3411 ;; Data sizes:     COMMON   BANK0   BANK1   BANK3   BANK2
  3412 ;;      Params:         2       0       0       0       0
  3413 ;;      Locals:         0       2       0       0       0
  3414 ;;      Temps:          0       3       0       0       0
  3415 ;;      Totals:         2       5       0       0       0
  3416 ;;Total ram usage:        7 bytes
  3417 ;; Hardware stack levels used: 1
  3418 ;; Hardware stack levels required when called: 3
  3419 ;; This function calls:
  3420 ;;		_LCD_putc
  3421 ;; This function is called by:
  3422 ;;		_main
  3423 ;; This function uses a non-reentrant model
  3424 ;;
  3425                           
  3426     0765                     _LCD_putrs:	
  3427                           ;psect for function _LCD_putrs
  3428                           
  3429     0765                     l2113:	
  3430                           ;incstack = 0
  3431                           ; Regs used in _LCD_putrs: [wreg-fsr0h+status,2+status,0+pclath+btemp1+cstack]
  3432                           
  3433                           
  3434                           ;lcd.c: 144:     for ( int i = 0; a[i] != '\0'; ++i ) {
  3435     0765  1283               	bcf	3,5	;RP0=0, select bank0
  3436     0766  1303               	bcf	3,6	;RP1=0, select bank0
  3437     0767  01A3               	clrf	LCD_putrs@i
  3438     0768  01A4               	clrf	LCD_putrs@i+1
  3439     0769  2F8E               	goto	l2119
  3440     076A                     l2115:
  3441                           
  3442                           ;lcd.c: 145:         LCD_putc(a[i]);
  3443     076A  0823               	movf	LCD_putrs@i,w
  3444     076B  0778               	addwf	LCD_putrs@a,w
  3445     076C  00A1               	movwf	??_LCD_putrs+1
  3446     076D  0879               	movf	LCD_putrs@a+1,w
  3447     076E  00A0               	movwf	??_LCD_putrs
  3448     076F  1803               	skipnc
  3449     0770  0AA0               	incf	??_LCD_putrs,f
  3450     0771  1FA3               	btfss	LCD_putrs@i,7
  3451     0772  2F74               	goto	u2340
  3452     0773  03A0               	decf	??_LCD_putrs,f
  3453     0774                     u2340:
  3454     0774  1283               	bcf	3,5	;RP0=0, select bank0
  3455     0775  1303               	bcf	3,6	;RP1=0, select bank0
  3456     0776  0820               	movf	??_LCD_putrs,w
  3457     0777  00A2               	movwf	??_LCD_putrs+2
  3458     0778  0822               	movf	??_LCD_putrs+2,w
  3459     0779  00FF               	movwf	btemp1
  3460     077A  0821               	movf	??_LCD_putrs+1,w
  3461     077B  0084               	movwf	4
  3462     077C  120A  158A  2000  120A  118A  	fcall	stringtab
  3463     0781  120A  118A  2508  120A  118A  	fcall	_LCD_putc
  3464     0786                     l2117:
  3465                           
  3466                           ;lcd.c: 146:     }
  3467     0786  3001               	movlw	1
  3468     0787  1283               	bcf	3,5	;RP0=0, select bank0
  3469     0788  1303               	bcf	3,6	;RP1=0, select bank0
  3470     0789  07A3               	addwf	LCD_putrs@i,f
  3471     078A  1803               	skipnc
  3472     078B  0AA4               	incf	LCD_putrs@i+1,f
  3473     078C  3000               	movlw	0
  3474     078D  07A4               	addwf	LCD_putrs@i+1,f
  3475     078E                     l2119:
  3476     078E  0823               	movf	LCD_putrs@i,w
  3477     078F  0778               	addwf	LCD_putrs@a,w
  3478     0790  00A1               	movwf	??_LCD_putrs+1
  3479     0791  0879               	movf	LCD_putrs@a+1,w
  3480     0792  00A0               	movwf	??_LCD_putrs
  3481     0793  1803               	skipnc
  3482     0794  0AA0               	incf	??_LCD_putrs,f
  3483     0795  1FA3               	btfss	LCD_putrs@i,7
  3484     0796  2F98               	goto	u2350
  3485     0797  03A0               	decf	??_LCD_putrs,f
  3486     0798                     u2350:
  3487     0798  1283               	bcf	3,5	;RP0=0, select bank0
  3488     0799  1303               	bcf	3,6	;RP1=0, select bank0
  3489     079A  0820               	movf	??_LCD_putrs,w
  3490     079B  00A2               	movwf	??_LCD_putrs+2
  3491     079C  0822               	movf	??_LCD_putrs+2,w
  3492     079D  00FF               	movwf	btemp1
  3493     079E  0821               	movf	??_LCD_putrs+1,w
  3494     079F  0084               	movwf	4
  3495     07A0  120A  158A  2000  120A  118A  	fcall	stringtab
  3496     07A5  3A00               	xorlw	0
  3497     07A6  1D03               	skipz
  3498     07A7  2FA9               	goto	u2361
  3499     07A8  2FAA               	goto	u2360
  3500     07A9                     u2361:
  3501     07A9  2F6A               	goto	l2115
  3502     07AA                     u2360:
  3503     07AA                     l67:
  3504     07AA  0008               	return
  3505     07AB                     __end_of_LCD_putrs:
  3506                           
  3507                           	psect	text17
  3508     0508                     __ptext17:	
  3509 ;; *************** function _LCD_putc *****************
  3510 ;; Defined at:
  3511 ;;		line 117 in file "lcd.c"
  3512 ;; Parameters:    Size  Location     Type
  3513 ;;  c               1    wreg     unsigned char 
  3514 ;; Auto vars:     Size  Location     Type
  3515 ;;  c               1    7[COMMON] unsigned char 
  3516 ;; Return value:  Size  Location     Type
  3517 ;;                  1    wreg      void 
  3518 ;; Registers used:
  3519 ;;		wreg, fsr0l, fsr0h, status,2, status,0, pclath, cstack
  3520 ;; Tracked objects:
  3521 ;;		On entry : 0/0
  3522 ;;		On exit  : 0/0
  3523 ;;		Unchanged: 0/0
  3524 ;; Data sizes:     COMMON   BANK0   BANK1   BANK3   BANK2
  3525 ;;      Params:         0       0       0       0       0
  3526 ;;      Locals:         1       0       0       0       0
  3527 ;;      Temps:          2       0       0       0       0
  3528 ;;      Totals:         3       0       0       0       0
  3529 ;;Total ram usage:        3 bytes
  3530 ;; Hardware stack levels used: 1
  3531 ;; Hardware stack levels required when called: 2
  3532 ;; This function calls:
  3533 ;;		_LCD_Out
  3534 ;; This function is called by:
  3535 ;;		_LCD_putrs
  3536 ;;		_LCD_puts
  3537 ;; This function uses a non-reentrant model
  3538 ;;
  3539                           
  3540     0508                     _LCD_putc:	
  3541                           ;psect for function _LCD_putc
  3542                           
  3543                           
  3544                           ;incstack = 0
  3545                           ; Regs used in _LCD_putc: [wreg-fsr0h+status,2+status,0+pclath+cstack]
  3546                           ;LCD_putc@c stored from wreg
  3547     0508  00F7               	movwf	LCD_putc@c
  3548     0509                     l2041:
  3549                           
  3550                           ;lcd.c: 119:    *(lcd.PORT) |= 1 << lcd.RS;
  3551     0509  1283               	bcf	3,5	;RP0=0, select bank0
  3552     050A  1303               	bcf	3,6	;RP1=0, select bank0
  3553     050B  0861               	movf	_lcd,w
  3554     050C  0084               	movwf	4
  3555     050D  1783               	bsf	3,7
  3556     050E  1C62               	btfss	_lcd+1,0
  3557     050F  1383               	bcf	3,7
  3558     0510  3001               	movlw	1
  3559     0511  00F5               	movwf	??_LCD_putc
  3560     0512  0863               	movf	_lcd+2,w
  3561     0513  3907               	andlw	7
  3562     0514  3E01               	addlw	1
  3563     0515  2D18               	goto	u2234
  3564     0516                     u2235:
  3565     0516  1003               	clrc
  3566     0517  0DF5               	rlf	??_LCD_putc,f
  3567     0518                     u2234:
  3568     0518  3EFF               	addlw	-1
  3569     0519  1D03               	skipz
  3570     051A  2D16               	goto	u2235
  3571     051B  0875               	movf	??_LCD_putc,w
  3572     051C  0480               	iorwf	0,f
  3573     051D                     l2043:
  3574                           
  3575                           ;lcd.c: 120:     LCD_Out((c & 0xF0) >> 4);
  3576     051D  0877               	movf	LCD_putc@c,w
  3577     051E  00F5               	movwf	??_LCD_putc
  3578     051F  3004               	movlw	4
  3579     0520                     u2245:
  3580     0520  1003               	clrc
  3581     0521  0CF5               	rrf	??_LCD_putc,f
  3582     0522  3EFF               	addlw	-1
  3583     0523  1D03               	skipz
  3584     0524  2D20               	goto	u2245
  3585     0525  0875               	movf	??_LCD_putc,w
  3586     0526  390F               	andlw	15
  3587     0527  120A  118A  21B6  120A  118A  	fcall	_LCD_Out
  3588     052C                     l2045:
  3589                           
  3590                           ;lcd.c: 122:     *(lcd.PORT) |= 1 << lcd.EN;
  3591     052C  1283               	bcf	3,5	;RP0=0, select bank0
  3592     052D  1303               	bcf	3,6	;RP1=0, select bank0
  3593     052E  0861               	movf	_lcd,w
  3594     052F  0084               	movwf	4
  3595     0530  1783               	bsf	3,7
  3596     0531  1C62               	btfss	_lcd+1,0
  3597     0532  1383               	bcf	3,7
  3598     0533  3001               	movlw	1
  3599     0534  00F5               	movwf	??_LCD_putc
  3600     0535  0C63               	rrf	_lcd+2,w
  3601     0536  00F6               	movwf	??_LCD_putc+1
  3602     0537  0CF6               	rrf	??_LCD_putc+1,f
  3603     0538  0C76               	rrf	??_LCD_putc+1,w
  3604     0539  3907               	andlw	7
  3605     053A  3E01               	addlw	1
  3606     053B  2D3E               	goto	u2254
  3607     053C                     u2255:
  3608     053C  1003               	clrc
  3609     053D  0DF5               	rlf	??_LCD_putc,f
  3610     053E                     u2254:
  3611     053E  3EFF               	addlw	-1
  3612     053F  1D03               	skipz
  3613     0540  2D3C               	goto	u2255
  3614     0541  0875               	movf	??_LCD_putc,w
  3615     0542  0480               	iorwf	0,f
  3616     0543                     l2047:
  3617                           
  3618                           ;lcd.c: 123:     _delay((unsigned long)((40)*(8000000/4000000.0)));
  3619     0543  301A               	movlw	26
  3620     0544  00F5               	movwf	??_LCD_putc
  3621     0545                     u2597:
  3622     0545  0BF5               	decfsz	??_LCD_putc,f
  3623     0546  2D45               	goto	u2597
  3624     0547  0000               	nop
  3625     0548                     l2049:
  3626                           
  3627                           ;lcd.c: 124:     *(lcd.PORT) &= ~(1 << lcd.EN);
  3628     0548  1283               	bcf	3,5	;RP0=0, select bank0
  3629     0549  1303               	bcf	3,6	;RP1=0, select bank0
  3630     054A  0861               	movf	_lcd,w
  3631     054B  0084               	movwf	4
  3632     054C  1783               	bsf	3,7
  3633     054D  1C62               	btfss	_lcd+1,0
  3634     054E  1383               	bcf	3,7
  3635     054F  3001               	movlw	1
  3636     0550  00F5               	movwf	??_LCD_putc
  3637     0551  0C63               	rrf	_lcd+2,w
  3638     0552  00F6               	movwf	??_LCD_putc+1
  3639     0553  0CF6               	rrf	??_LCD_putc+1,f
  3640     0554  0C76               	rrf	??_LCD_putc+1,w
  3641     0555  3907               	andlw	7
  3642     0556  3E01               	addlw	1
  3643     0557  2D5A               	goto	u2264
  3644     0558                     u2265:
  3645     0558  1003               	clrc
  3646     0559  0DF5               	rlf	??_LCD_putc,f
  3647     055A                     u2264:
  3648     055A  3EFF               	addlw	-1
  3649     055B  1D03               	skipz
  3650     055C  2D58               	goto	u2265
  3651     055D  0875               	movf	??_LCD_putc,w
  3652     055E  3AFF               	xorlw	255
  3653     055F  0580               	andwf	0,f
  3654     0560                     l2051:
  3655                           
  3656                           ;lcd.c: 126:     LCD_Out(c & 0x0F);
  3657     0560  0877               	movf	LCD_putc@c,w
  3658     0561  390F               	andlw	15
  3659     0562  120A  118A  21B6  120A  118A  	fcall	_LCD_Out
  3660     0567                     l2053:
  3661                           
  3662                           ;lcd.c: 128:     *(lcd.PORT) |= 1 << lcd.EN;
  3663     0567  1283               	bcf	3,5	;RP0=0, select bank0
  3664     0568  1303               	bcf	3,6	;RP1=0, select bank0
  3665     0569  0861               	movf	_lcd,w
  3666     056A  0084               	movwf	4
  3667     056B  1783               	bsf	3,7
  3668     056C  1C62               	btfss	_lcd+1,0
  3669     056D  1383               	bcf	3,7
  3670     056E  3001               	movlw	1
  3671     056F  00F5               	movwf	??_LCD_putc
  3672     0570  0C63               	rrf	_lcd+2,w
  3673     0571  00F6               	movwf	??_LCD_putc+1
  3674     0572  0CF6               	rrf	??_LCD_putc+1,f
  3675     0573  0C76               	rrf	??_LCD_putc+1,w
  3676     0574  3907               	andlw	7
  3677     0575  3E01               	addlw	1
  3678     0576  2D79               	goto	u2274
  3679     0577                     u2275:
  3680     0577  1003               	clrc
  3681     0578  0DF5               	rlf	??_LCD_putc,f
  3682     0579                     u2274:
  3683     0579  3EFF               	addlw	-1
  3684     057A  1D03               	skipz
  3685     057B  2D77               	goto	u2275
  3686     057C  0875               	movf	??_LCD_putc,w
  3687     057D  0480               	iorwf	0,f
  3688                           
  3689                           ;lcd.c: 129:     _delay((unsigned long)((40)*(8000000/4000000.0)));
  3690     057E  301A               	movlw	26
  3691     057F  00F5               	movwf	??_LCD_putc
  3692     0580                     u2607:
  3693     0580  0BF5               	decfsz	??_LCD_putc,f
  3694     0581  2D80               	goto	u2607
  3695     0582  0000               	nop
  3696     0583                     l2055:
  3697                           
  3698                           ;lcd.c: 130:     *(lcd.PORT) &= ~(1 << lcd.EN);
  3699     0583  1283               	bcf	3,5	;RP0=0, select bank0
  3700     0584  1303               	bcf	3,6	;RP1=0, select bank0
  3701     0585  0861               	movf	_lcd,w
  3702     0586  0084               	movwf	4
  3703     0587  1783               	bsf	3,7
  3704     0588  1C62               	btfss	_lcd+1,0
  3705     0589  1383               	bcf	3,7
  3706     058A  3001               	movlw	1
  3707     058B  00F5               	movwf	??_LCD_putc
  3708     058C  0C63               	rrf	_lcd+2,w
  3709     058D  00F6               	movwf	??_LCD_putc+1
  3710     058E  0CF6               	rrf	??_LCD_putc+1,f
  3711     058F  0C76               	rrf	??_LCD_putc+1,w
  3712     0590  3907               	andlw	7
  3713     0591  3E01               	addlw	1
  3714     0592  2D95               	goto	u2284
  3715     0593                     u2285:
  3716     0593  1003               	clrc
  3717     0594  0DF5               	rlf	??_LCD_putc,f
  3718     0595                     u2284:
  3719     0595  3EFF               	addlw	-1
  3720     0596  1D03               	skipz
  3721     0597  2D93               	goto	u2285
  3722     0598  0875               	movf	??_LCD_putc,w
  3723     0599  3AFF               	xorlw	255
  3724     059A  0580               	andwf	0,f
  3725     059B                     l55:
  3726     059B  0008               	return
  3727     059C                     __end_of_LCD_putc:
  3728                           
  3729                           	psect	text18
  3730     0322                     __ptext18:	
  3731 ;; *************** function _LCD_Init *****************
  3732 ;; Defined at:
  3733 ;;		line 59 in file "lcd.c"
  3734 ;; Parameters:    Size  Location     Type
  3735 ;;  display         5    0[BANK0 ] struct .
  3736 ;; Auto vars:     Size  Location     Type
  3737 ;;  cmd             1   10[COMMON] unsigned char 
  3738 ;; Return value:  Size  Location     Type
  3739 ;;                  1    wreg      _Bool 
  3740 ;; Registers used:
  3741 ;;		wreg, fsr0l, fsr0h, status,2, status,0, pclath, cstack
  3742 ;; Tracked objects:
  3743 ;;		On entry : 0/0
  3744 ;;		On exit  : 0/0
  3745 ;;		Unchanged: 0/0
  3746 ;; Data sizes:     COMMON   BANK0   BANK1   BANK3   BANK2
  3747 ;;      Params:         0       5       0       0       0
  3748 ;;      Locals:         1       0       0       0       0
  3749 ;;      Temps:          2       0       0       0       0
  3750 ;;      Totals:         3       5       0       0       0
  3751 ;;Total ram usage:        8 bytes
  3752 ;; Hardware stack levels used: 1
  3753 ;; Hardware stack levels required when called: 3
  3754 ;; This function calls:
  3755 ;;		_LCD_Write
  3756 ;; This function is called by:
  3757 ;;		_main
  3758 ;; This function uses a non-reentrant model
  3759 ;;
  3760                           
  3761     0322                     _LCD_Init:	
  3762                           ;psect for function _LCD_Init
  3763                           
  3764     0322                     l2067:	
  3765                           ;incstack = 0
  3766                           ; Regs used in _LCD_Init: [wreg-fsr0h+status,2+status,0+pclath+cstack]
  3767                           
  3768                           
  3769                           ;lcd.c: 61:     lcd = display;
  3770     0322  3061               	movlw	_lcd& (0+255)
  3771     0323  0084               	movwf	4
  3772     0324  1283               	bcf	3,5	;RP0=0, select bank0
  3773     0325  1303               	bcf	3,6	;RP1=0, select bank0
  3774     0326  0820               	movf	LCD_Init@display,w
  3775     0327  1383               	bcf	3,7	;select IRP bank0
  3776     0328  0080               	movwf	0
  3777     0329  0A84               	incf	4,f
  3778     032A  0821               	movf	LCD_Init@display+1,w
  3779     032B  0080               	movwf	0
  3780     032C  0A84               	incf	4,f
  3781     032D  0822               	movf	LCD_Init@display+2,w
  3782     032E  0080               	movwf	0
  3783     032F  0A84               	incf	4,f
  3784     0330  0823               	movf	LCD_Init@display+3,w
  3785     0331  0080               	movwf	0
  3786     0332  0A84               	incf	4,f
  3787     0333  0824               	movf	LCD_Init@display+4,w
  3788     0334  0080               	movwf	0
  3789     0335                     l2069:
  3790                           
  3791                           ;lcd.c: 70:     if ( lcd.PORT == &PORTA ) {
  3792     0335  3000               	movlw	0
  3793     0336  0662               	xorwf	_lcd+1,w
  3794     0337  1D03               	skipz
  3795     0338  2B3B               	goto	u2305
  3796     0339  3005               	movlw	5
  3797     033A  0661               	xorwf	_lcd,w
  3798     033B                     u2305:
  3799     033B  1D03               	skipz
  3800     033C  2B3E               	goto	u2301
  3801     033D  2B3F               	goto	u2300
  3802     033E                     u2301:
  3803     033E  2B43               	goto	l2073
  3804     033F                     u2300:
  3805     033F                     l2071:
  3806                           
  3807                           ;lcd.c: 71:         TRISA = 0x00;
  3808     033F  1683               	bsf	3,5	;RP0=1, select bank1
  3809     0340  1303               	bcf	3,6	;RP1=0, select bank1
  3810     0341  0185               	clrf	5	;volatile
  3811                           
  3812                           ;lcd.c: 72:     }
  3813     0342  2B5E               	goto	l2081
  3814     0343                     l2073:
  3815     0343  3000               	movlw	0
  3816     0344  0662               	xorwf	_lcd+1,w
  3817     0345  1D03               	skipz
  3818     0346  2B49               	goto	u2315
  3819     0347  3006               	movlw	6
  3820     0348  0661               	xorwf	_lcd,w
  3821     0349                     u2315:
  3822     0349  1D03               	skipz
  3823     034A  2B4C               	goto	u2311
  3824     034B  2B4D               	goto	u2310
  3825     034C                     u2311:
  3826     034C  2B51               	goto	l2077
  3827     034D                     u2310:
  3828     034D                     l2075:
  3829                           
  3830                           ;lcd.c: 74:         TRISB = 0x00;
  3831     034D  1683               	bsf	3,5	;RP0=1, select bank1
  3832     034E  1303               	bcf	3,6	;RP1=0, select bank1
  3833     034F  0186               	clrf	6	;volatile
  3834                           
  3835                           ;lcd.c: 75:     }
  3836     0350  2B5E               	goto	l2081
  3837     0351                     l2077:
  3838     0351  3000               	movlw	0
  3839     0352  0662               	xorwf	_lcd+1,w
  3840     0353  1D03               	skipz
  3841     0354  2B57               	goto	u2325
  3842     0355  3007               	movlw	7
  3843     0356  0661               	xorwf	_lcd,w
  3844     0357                     u2325:
  3845     0357  1D03               	skipz
  3846     0358  2B5A               	goto	u2321
  3847     0359  2B5B               	goto	u2320
  3848     035A                     u2321:
  3849     035A  2BCE               	goto	l39
  3850     035B                     u2320:
  3851     035B                     l2079:
  3852                           
  3853                           ;lcd.c: 77:         TRISC = 0x00;
  3854     035B  1683               	bsf	3,5	;RP0=1, select bank1
  3855     035C  1303               	bcf	3,6	;RP1=0, select bank1
  3856     035D  0187               	clrf	7	;volatile
  3857     035E                     l2081:	
  3858                           ;lcd.c: 78:     }
  3859                           
  3860                           
  3861                           ;lcd.c: 92:     _delay((unsigned long)((20)*(8000000/4000.0)));
  3862     035E  3034               	movlw	52
  3863     035F  00F9               	movwf	??_LCD_Init+1
  3864     0360  30F1               	movlw	241
  3865     0361  00F8               	movwf	??_LCD_Init
  3866     0362                     u2617:
  3867     0362  0BF8               	decfsz	??_LCD_Init,f
  3868     0363  2B62               	goto	u2617
  3869     0364  0BF9               	decfsz	??_LCD_Init+1,f
  3870     0365  2B62               	goto	u2617
  3871     0366  2B67               	nop2
  3872     0367                     l2083:
  3873                           
  3874                           ;lcd.c: 95:     LCD_Write(0x03);
  3875     0367  3003               	movlw	3
  3876     0368  120A  118A  2671  120A  118A  	fcall	_LCD_Write
  3877     036D                     l2085:
  3878                           
  3879                           ;lcd.c: 96:     _delay((unsigned long)((5)*(8000000/4000.0)));
  3880     036D  300D               	movlw	13
  3881     036E  00F9               	movwf	??_LCD_Init+1
  3882     036F  30FB               	movlw	251
  3883     0370  00F8               	movwf	??_LCD_Init
  3884     0371                     u2627:
  3885     0371  0BF8               	decfsz	??_LCD_Init,f
  3886     0372  2B71               	goto	u2627
  3887     0373  0BF9               	decfsz	??_LCD_Init+1,f
  3888     0374  2B71               	goto	u2627
  3889     0375  2B76               	nop2
  3890                           
  3891                           ;lcd.c: 97:     LCD_Write(0x03);
  3892     0376  3003               	movlw	3
  3893     0377  120A  118A  2671  120A  118A  	fcall	_LCD_Write
  3894     037C                     l2087:
  3895                           
  3896                           ;lcd.c: 98:     _delay((unsigned long)((16)*(8000000/4000.0)));
  3897     037C  302A               	movlw	42
  3898     037D  00F9               	movwf	??_LCD_Init+1
  3899     037E  308D               	movlw	141
  3900     037F  00F8               	movwf	??_LCD_Init
  3901     0380                     u2637:
  3902     0380  0BF8               	decfsz	??_LCD_Init,f
  3903     0381  2B80               	goto	u2637
  3904     0382  0BF9               	decfsz	??_LCD_Init+1,f
  3905     0383  2B80               	goto	u2637
  3906     0384  2B85               	nop2
  3907     0385                     l2089:
  3908                           
  3909                           ;lcd.c: 99:     LCD_Write(0x03);
  3910     0385  3003               	movlw	3
  3911     0386  120A  118A  2671  120A  118A  	fcall	_LCD_Write
  3912     038B                     l2091:
  3913                           
  3914                           ;lcd.c: 102:     LCD_Write(0x02);
  3915     038B  3002               	movlw	2
  3916     038C  120A  118A  2671  120A  118A  	fcall	_LCD_Write
  3917     0391                     l2093:
  3918     0391  3002               	movlw	2
  3919     0392  120A  118A  2671  120A  118A  	fcall	_LCD_Write
  3920     0397                     l2095:
  3921     0397  3008               	movlw	8
  3922     0398  120A  118A  2671  120A  118A  	fcall	_LCD_Write
  3923     039D                     l2097:
  3924     039D  3000               	movlw	0
  3925     039E  120A  118A  2671  120A  118A  	fcall	_LCD_Write
  3926     03A3                     l2099:
  3927     03A3  3006               	movlw	6
  3928     03A4  120A  118A  2671  120A  118A  	fcall	_LCD_Write
  3929     03A9                     l2101:
  3930     03A9  3008               	movlw	8
  3931     03AA  00FA               	movwf	LCD_Init@cmd
  3932     03AB                     l2103:
  3933     03AB  157A               	bsf	LCD_Init@cmd,2
  3934     03AC                     l2109:
  3935     03AC  087A               	movf	LCD_Init@cmd,w
  3936     03AD  00F8               	movwf	??_LCD_Init
  3937     03AE  3004               	movlw	4
  3938     03AF                     u2335:
  3939     03AF  1003               	clrc
  3940     03B0  0CF8               	rrf	??_LCD_Init,f
  3941     03B1  3EFF               	addlw	-1
  3942     03B2  1D03               	skipz
  3943     03B3  2BAF               	goto	u2335
  3944     03B4  0878               	movf	??_LCD_Init,w
  3945     03B5  390F               	andlw	15
  3946     03B6  120A  118A  2671  120A  118A  	fcall	_LCD_Write
  3947     03BB  087A               	movf	LCD_Init@cmd,w
  3948     03BC  390F               	andlw	15
  3949     03BD  120A  118A  2671  120A  118A  	fcall	_LCD_Write
  3950     03C2                     l51:	
  3951                           ;lcd.c: 112:     do { LCD_Write( (0x01 & 0xF0) >> 4 ); LCD_Write( 0x01 & 0x0F); } while 
      +                          ( 0 );
  3952                           
  3953     03C2  3000               	movlw	0
  3954     03C3  120A  118A  2671  120A  118A  	fcall	_LCD_Write
  3955     03C8  3001               	movlw	1
  3956     03C9  120A  118A  2671  120A  118A  	fcall	_LCD_Write
  3957     03CE                     l39:
  3958     03CE  0008               	return
  3959     03CF                     __end_of_LCD_Init:
  3960                           
  3961                           	psect	text19
  3962     0671                     __ptext19:	
  3963 ;; *************** function _LCD_Write *****************
  3964 ;; Defined at:
  3965 ;;		line 48 in file "lcd.c"
  3966 ;; Parameters:    Size  Location     Type
  3967 ;;  c               1    wreg     unsigned char 
  3968 ;; Auto vars:     Size  Location     Type
  3969 ;;  c               1    7[COMMON] unsigned char 
  3970 ;; Return value:  Size  Location     Type
  3971 ;;                  1    wreg      void 
  3972 ;; Registers used:
  3973 ;;		wreg, fsr0l, fsr0h, status,2, status,0, pclath, cstack
  3974 ;; Tracked objects:
  3975 ;;		On entry : 0/0
  3976 ;;		On exit  : 0/0
  3977 ;;		Unchanged: 0/0
  3978 ;; Data sizes:     COMMON   BANK0   BANK1   BANK3   BANK2
  3979 ;;      Params:         0       0       0       0       0
  3980 ;;      Locals:         1       0       0       0       0
  3981 ;;      Temps:          2       0       0       0       0
  3982 ;;      Totals:         3       0       0       0       0
  3983 ;;Total ram usage:        3 bytes
  3984 ;; Hardware stack levels used: 1
  3985 ;; Hardware stack levels required when called: 1
  3986 ;; This function calls:
  3987 ;;		_LCD_Out
  3988 ;; This function is called by:
  3989 ;;		_LCD_Init
  3990 ;;		_main
  3991 ;;		_LCD_Custom_Char
  3992 ;; This function uses a non-reentrant model
  3993 ;;
  3994                           
  3995     0671                     _LCD_Write:	
  3996                           ;psect for function _LCD_Write
  3997                           
  3998                           
  3999                           ;incstack = 0
  4000                           ; Regs used in _LCD_Write: [wreg-fsr0h+status,2+status,0+pclath+cstack]
  4001                           ;LCD_Write@c stored from wreg
  4002     0671  00F7               	movwf	LCD_Write@c
  4003     0672                     l2031:
  4004                           
  4005                           ;lcd.c: 50:     *(lcd.PORT) &= ~(1 << lcd.RS);
  4006     0672  1283               	bcf	3,5	;RP0=0, select bank0
  4007     0673  1303               	bcf	3,6	;RP1=0, select bank0
  4008     0674  0861               	movf	_lcd,w
  4009     0675  0084               	movwf	4
  4010     0676  1783               	bsf	3,7
  4011     0677  1C62               	btfss	_lcd+1,0
  4012     0678  1383               	bcf	3,7
  4013     0679  3001               	movlw	1
  4014     067A  00F5               	movwf	??_LCD_Write
  4015     067B  0863               	movf	_lcd+2,w
  4016     067C  3907               	andlw	7
  4017     067D  3E01               	addlw	1
  4018     067E  2E81               	goto	u2204
  4019     067F                     u2205:
  4020     067F  1003               	clrc
  4021     0680  0DF5               	rlf	??_LCD_Write,f
  4022     0681                     u2204:
  4023     0681  3EFF               	addlw	-1
  4024     0682  1D03               	skipz
  4025     0683  2E7F               	goto	u2205
  4026     0684  0875               	movf	??_LCD_Write,w
  4027     0685  3AFF               	xorlw	255
  4028     0686  0580               	andwf	0,f
  4029     0687                     l2033:
  4030                           
  4031                           ;lcd.c: 51:     LCD_Out(c);
  4032     0687  0877               	movf	LCD_Write@c,w
  4033     0688  120A  118A  21B6  120A  118A  	fcall	_LCD_Out
  4034     068D                     l2035:
  4035                           
  4036                           ;lcd.c: 53:     *(lcd.PORT) |= 1 << lcd.EN;
  4037     068D  1283               	bcf	3,5	;RP0=0, select bank0
  4038     068E  1303               	bcf	3,6	;RP1=0, select bank0
  4039     068F  0861               	movf	_lcd,w
  4040     0690  0084               	movwf	4
  4041     0691  1783               	bsf	3,7
  4042     0692  1C62               	btfss	_lcd+1,0
  4043     0693  1383               	bcf	3,7
  4044     0694  3001               	movlw	1
  4045     0695  00F5               	movwf	??_LCD_Write
  4046     0696  0C63               	rrf	_lcd+2,w
  4047     0697  00F6               	movwf	??_LCD_Write+1
  4048     0698  0CF6               	rrf	??_LCD_Write+1,f
  4049     0699  0C76               	rrf	??_LCD_Write+1,w
  4050     069A  3907               	andlw	7
  4051     069B  3E01               	addlw	1
  4052     069C  2E9F               	goto	u2214
  4053     069D                     u2215:
  4054     069D  1003               	clrc
  4055     069E  0DF5               	rlf	??_LCD_Write,f
  4056     069F                     u2214:
  4057     069F  3EFF               	addlw	-1
  4058     06A0  1D03               	skipz
  4059     06A1  2E9D               	goto	u2215
  4060     06A2  0875               	movf	??_LCD_Write,w
  4061     06A3  0480               	iorwf	0,f
  4062     06A4                     l2037:
  4063                           
  4064                           ;lcd.c: 54:     _delay((unsigned long)((4)*(8000000/4000.0)));
  4065     06A4  300B               	movlw	11
  4066     06A5  00F6               	movwf	??_LCD_Write+1
  4067     06A6  3062               	movlw	98
  4068     06A7  00F5               	movwf	??_LCD_Write
  4069     06A8                     u2647:
  4070     06A8  0BF5               	decfsz	??_LCD_Write,f
  4071     06A9  2EA8               	goto	u2647
  4072     06AA  0BF6               	decfsz	??_LCD_Write+1,f
  4073     06AB  2EA8               	goto	u2647
  4074     06AC  0000               	nop
  4075     06AD                     l2039:
  4076                           
  4077                           ;lcd.c: 55:     *(lcd.PORT) &= ~(1 << lcd.EN);
  4078     06AD  1283               	bcf	3,5	;RP0=0, select bank0
  4079     06AE  1303               	bcf	3,6	;RP1=0, select bank0
  4080     06AF  0861               	movf	_lcd,w
  4081     06B0  0084               	movwf	4
  4082     06B1  1783               	bsf	3,7
  4083     06B2  1C62               	btfss	_lcd+1,0
  4084     06B3  1383               	bcf	3,7
  4085     06B4  3001               	movlw	1
  4086     06B5  00F5               	movwf	??_LCD_Write
  4087     06B6  0C63               	rrf	_lcd+2,w
  4088     06B7  00F6               	movwf	??_LCD_Write+1
  4089     06B8  0CF6               	rrf	??_LCD_Write+1,f
  4090     06B9  0C76               	rrf	??_LCD_Write+1,w
  4091     06BA  3907               	andlw	7
  4092     06BB  3E01               	addlw	1
  4093     06BC  2EBF               	goto	u2224
  4094     06BD                     u2225:
  4095     06BD  1003               	clrc
  4096     06BE  0DF5               	rlf	??_LCD_Write,f
  4097     06BF                     u2224:
  4098     06BF  3EFF               	addlw	-1
  4099     06C0  1D03               	skipz
  4100     06C1  2EBD               	goto	u2225
  4101     06C2  0875               	movf	??_LCD_Write,w
  4102     06C3  3AFF               	xorlw	255
  4103     06C4  0580               	andwf	0,f
  4104     06C5                     l30:
  4105     06C5  0008               	return
  4106     06C6                     __end_of_LCD_Write:
  4107                           
  4108                           	psect	text20
  4109     01B6                     __ptext20:	
  4110 ;; *************** function _LCD_Out *****************
  4111 ;; Defined at:
  4112 ;;		line 16 in file "lcd.c"
  4113 ;; Parameters:    Size  Location     Type
  4114 ;;  c               1    wreg     unsigned char 
  4115 ;; Auto vars:     Size  Location     Type
  4116 ;;  c               1    4[COMMON] unsigned char 
  4117 ;; Return value:  Size  Location     Type
  4118 ;;                  1    wreg      void 
  4119 ;; Registers used:
  4120 ;;		wreg, fsr0l, fsr0h, status,2, status,0
  4121 ;; Tracked objects:
  4122 ;;		On entry : 0/0
  4123 ;;		On exit  : 0/0
  4124 ;;		Unchanged: 0/0
  4125 ;; Data sizes:     COMMON   BANK0   BANK1   BANK3   BANK2
  4126 ;;      Params:         0       0       0       0       0
  4127 ;;      Locals:         1       0       0       0       0
  4128 ;;      Temps:          2       0       0       0       0
  4129 ;;      Totals:         3       0       0       0       0
  4130 ;;Total ram usage:        3 bytes
  4131 ;; Hardware stack levels used: 1
  4132 ;; Hardware stack levels required when called: 1
  4133 ;; This function calls:
  4134 ;;		Nothing
  4135 ;; This function is called by:
  4136 ;;		_LCD_Write
  4137 ;;		_LCD_putc
  4138 ;;		_LCD_Custom_Char
  4139 ;; This function uses a non-reentrant model
  4140 ;;
  4141                           
  4142     01B6                     _LCD_Out:	
  4143                           ;psect for function _LCD_Out
  4144                           
  4145                           
  4146                           ;incstack = 0
  4147                           ; Regs used in _LCD_Out: [wreg-fsr0h+status,2+status,0]
  4148                           ;LCD_Out@c stored from wreg
  4149     01B6  00F4               	movwf	LCD_Out@c
  4150     01B7                     l1955:
  4151                           
  4152                           ;lcd.c: 18:     if ( c & 1 ){
  4153     01B7  1C74               	btfss	LCD_Out@c,0
  4154     01B8  29BA               	goto	u2041
  4155     01B9  29BB               	goto	u2040
  4156     01BA                     u2041:
  4157     01BA  29D0               	goto	l1959
  4158     01BB                     u2040:
  4159     01BB                     l1957:
  4160                           
  4161                           ;lcd.c: 19:         *(lcd.PORT) |= 1 << lcd.D4;
  4162     01BB  1283               	bcf	3,5	;RP0=0, select bank0
  4163     01BC  1303               	bcf	3,6	;RP1=0, select bank0
  4164     01BD  0861               	movf	_lcd,w
  4165     01BE  0084               	movwf	4
  4166     01BF  1783               	bsf	3,7
  4167     01C0  1C62               	btfss	_lcd+1,0
  4168     01C1  1383               	bcf	3,7
  4169     01C2  3001               	movlw	1
  4170     01C3  00F2               	movwf	??_LCD_Out
  4171     01C4  0864               	movf	_lcd+3,w
  4172     01C5  3907               	andlw	7
  4173     01C6  3E01               	addlw	1
  4174     01C7  29CA               	goto	u2054
  4175     01C8                     u2055:
  4176     01C8  1003               	clrc
  4177     01C9  0DF2               	rlf	??_LCD_Out,f
  4178     01CA                     u2054:
  4179     01CA  3EFF               	addlw	-1
  4180     01CB  1D03               	skipz
  4181     01CC  29C8               	goto	u2055
  4182     01CD  0872               	movf	??_LCD_Out,w
  4183     01CE  0480               	iorwf	0,f
  4184                           
  4185                           ;lcd.c: 20:     }
  4186     01CF  29E5               	goto	l1961
  4187     01D0                     l1959:
  4188                           
  4189                           ;lcd.c: 22:          *(lcd.PORT) &= ~(1 << lcd.D4);
  4190     01D0  1283               	bcf	3,5	;RP0=0, select bank0
  4191     01D1  1303               	bcf	3,6	;RP1=0, select bank0
  4192     01D2  0861               	movf	_lcd,w
  4193     01D3  0084               	movwf	4
  4194     01D4  1783               	bsf	3,7
  4195     01D5  1C62               	btfss	_lcd+1,0
  4196     01D6  1383               	bcf	3,7
  4197     01D7  3001               	movlw	1
  4198     01D8  00F2               	movwf	??_LCD_Out
  4199     01D9  0864               	movf	_lcd+3,w
  4200     01DA  3907               	andlw	7
  4201     01DB  3E01               	addlw	1
  4202     01DC  29DF               	goto	u2064
  4203     01DD                     u2065:
  4204     01DD  1003               	clrc
  4205     01DE  0DF2               	rlf	??_LCD_Out,f
  4206     01DF                     u2064:
  4207     01DF  3EFF               	addlw	-1
  4208     01E0  1D03               	skipz
  4209     01E1  29DD               	goto	u2065
  4210     01E2  0872               	movf	??_LCD_Out,w
  4211     01E3  3AFF               	xorlw	255
  4212     01E4  0580               	andwf	0,f
  4213     01E5                     l1961:
  4214                           
  4215                           ;lcd.c: 25:     if ( c & 2 ) {
  4216     01E5  1CF4               	btfss	LCD_Out@c,1
  4217     01E6  29E8               	goto	u2071
  4218     01E7  29E9               	goto	u2070
  4219     01E8                     u2071:
  4220     01E8  29FF               	goto	l1965
  4221     01E9                     u2070:
  4222     01E9                     l1963:
  4223                           
  4224                           ;lcd.c: 26:         *(lcd.PORT) |= 1 << lcd.D5;
  4225     01E9  0861               	movf	_lcd,w
  4226     01EA  0084               	movwf	4
  4227     01EB  1783               	bsf	3,7
  4228     01EC  1C62               	btfss	_lcd+1,0
  4229     01ED  1383               	bcf	3,7
  4230     01EE  3001               	movlw	1
  4231     01EF  00F2               	movwf	??_LCD_Out
  4232     01F0  0C64               	rrf	_lcd+3,w
  4233     01F1  00F3               	movwf	??_LCD_Out+1
  4234     01F2  0CF3               	rrf	??_LCD_Out+1,f
  4235     01F3  0C73               	rrf	??_LCD_Out+1,w
  4236     01F4  3907               	andlw	7
  4237     01F5  3E01               	addlw	1
  4238     01F6  29F9               	goto	u2084
  4239     01F7                     u2085:
  4240     01F7  1003               	clrc
  4241     01F8  0DF2               	rlf	??_LCD_Out,f
  4242     01F9                     u2084:
  4243     01F9  3EFF               	addlw	-1
  4244     01FA  1D03               	skipz
  4245     01FB  29F7               	goto	u2085
  4246     01FC  0872               	movf	??_LCD_Out,w
  4247     01FD  0480               	iorwf	0,f
  4248                           
  4249                           ;lcd.c: 27:     }
  4250     01FE  2A15               	goto	l1967
  4251     01FF                     l1965:
  4252                           
  4253                           ;lcd.c: 29:         *(lcd.PORT) &= ~(1 << lcd.D5);
  4254     01FF  0861               	movf	_lcd,w
  4255     0200  0084               	movwf	4
  4256     0201  1783               	bsf	3,7
  4257     0202  1C62               	btfss	_lcd+1,0
  4258     0203  1383               	bcf	3,7
  4259     0204  3001               	movlw	1
  4260     0205  00F2               	movwf	??_LCD_Out
  4261     0206  0C64               	rrf	_lcd+3,w
  4262     0207  00F3               	movwf	??_LCD_Out+1
  4263     0208  0CF3               	rrf	??_LCD_Out+1,f
  4264     0209  0C73               	rrf	??_LCD_Out+1,w
  4265     020A  3907               	andlw	7
  4266     020B  3E01               	addlw	1
  4267     020C  2A0F               	goto	u2094
  4268     020D                     u2095:
  4269     020D  1003               	clrc
  4270     020E  0DF2               	rlf	??_LCD_Out,f
  4271     020F                     u2094:
  4272     020F  3EFF               	addlw	-1
  4273     0210  1D03               	skipz
  4274     0211  2A0D               	goto	u2095
  4275     0212  0872               	movf	??_LCD_Out,w
  4276     0213  3AFF               	xorlw	255
  4277     0214  0580               	andwf	0,f
  4278     0215                     l1967:
  4279                           
  4280                           ;lcd.c: 32:     if ( c & 4 ) {
  4281     0215  1D74               	btfss	LCD_Out@c,2
  4282     0216  2A18               	goto	u2101
  4283     0217  2A19               	goto	u2100
  4284     0218                     u2101:
  4285     0218  2A2C               	goto	l1971
  4286     0219                     u2100:
  4287     0219                     l1969:
  4288                           
  4289                           ;lcd.c: 33:         *(lcd.PORT) |= 1 << lcd.D6;
  4290     0219  0861               	movf	_lcd,w
  4291     021A  0084               	movwf	4
  4292     021B  1783               	bsf	3,7
  4293     021C  1C62               	btfss	_lcd+1,0
  4294     021D  1383               	bcf	3,7
  4295     021E  3001               	movlw	1
  4296     021F  00F2               	movwf	??_LCD_Out
  4297     0220  0865               	movf	_lcd+4,w
  4298     0221  3907               	andlw	7
  4299     0222  3E01               	addlw	1
  4300     0223  2A26               	goto	u2114
  4301     0224                     u2115:
  4302     0224  1003               	clrc
  4303     0225  0DF2               	rlf	??_LCD_Out,f
  4304     0226                     u2114:
  4305     0226  3EFF               	addlw	-1
  4306     0227  1D03               	skipz
  4307     0228  2A24               	goto	u2115
  4308     0229  0872               	movf	??_LCD_Out,w
  4309     022A  0480               	iorwf	0,f
  4310                           
  4311                           ;lcd.c: 34:     }
  4312     022B  2A3F               	goto	l1973
  4313     022C                     l1971:
  4314                           
  4315                           ;lcd.c: 36:         *(lcd.PORT) &= ~(1 << lcd.D6);
  4316     022C  0861               	movf	_lcd,w
  4317     022D  0084               	movwf	4
  4318     022E  1783               	bsf	3,7
  4319     022F  1C62               	btfss	_lcd+1,0
  4320     0230  1383               	bcf	3,7
  4321     0231  3001               	movlw	1
  4322     0232  00F2               	movwf	??_LCD_Out
  4323     0233  0865               	movf	_lcd+4,w
  4324     0234  3907               	andlw	7
  4325     0235  3E01               	addlw	1
  4326     0236  2A39               	goto	u2124
  4327     0237                     u2125:
  4328     0237  1003               	clrc
  4329     0238  0DF2               	rlf	??_LCD_Out,f
  4330     0239                     u2124:
  4331     0239  3EFF               	addlw	-1
  4332     023A  1D03               	skipz
  4333     023B  2A37               	goto	u2125
  4334     023C  0872               	movf	??_LCD_Out,w
  4335     023D  3AFF               	xorlw	255
  4336     023E  0580               	andwf	0,f
  4337     023F                     l1973:
  4338                           
  4339                           ;lcd.c: 39:     if ( c & 8 ) {
  4340     023F  1DF4               	btfss	LCD_Out@c,3
  4341     0240  2A42               	goto	u2131
  4342     0241  2A43               	goto	u2130
  4343     0242                     u2131:
  4344     0242  2A59               	goto	l1977
  4345     0243                     u2130:
  4346     0243                     l1975:
  4347                           
  4348                           ;lcd.c: 40:          *(lcd.PORT) |= 1 << lcd.D7;
  4349     0243  0861               	movf	_lcd,w
  4350     0244  0084               	movwf	4
  4351     0245  1783               	bsf	3,7
  4352     0246  1C62               	btfss	_lcd+1,0
  4353     0247  1383               	bcf	3,7
  4354     0248  3001               	movlw	1
  4355     0249  00F2               	movwf	??_LCD_Out
  4356     024A  0C65               	rrf	_lcd+4,w
  4357     024B  00F3               	movwf	??_LCD_Out+1
  4358     024C  0CF3               	rrf	??_LCD_Out+1,f
  4359     024D  0C73               	rrf	??_LCD_Out+1,w
  4360     024E  3907               	andlw	7
  4361     024F  3E01               	addlw	1
  4362     0250  2A53               	goto	u2144
  4363     0251                     u2145:
  4364     0251  1003               	clrc
  4365     0252  0DF2               	rlf	??_LCD_Out,f
  4366     0253                     u2144:
  4367     0253  3EFF               	addlw	-1
  4368     0254  1D03               	skipz
  4369     0255  2A51               	goto	u2145
  4370     0256  0872               	movf	??_LCD_Out,w
  4371     0257  0480               	iorwf	0,f
  4372                           
  4373                           ;lcd.c: 41:     }
  4374     0258  2A6F               	goto	l27
  4375     0259                     l1977:
  4376                           
  4377                           ;lcd.c: 43:          *(lcd.PORT) &= ~(1 << lcd.D7);
  4378     0259  0861               	movf	_lcd,w
  4379     025A  0084               	movwf	4
  4380     025B  1783               	bsf	3,7
  4381     025C  1C62               	btfss	_lcd+1,0
  4382     025D  1383               	bcf	3,7
  4383     025E  3001               	movlw	1
  4384     025F  00F2               	movwf	??_LCD_Out
  4385     0260  0C65               	rrf	_lcd+4,w
  4386     0261  00F3               	movwf	??_LCD_Out+1
  4387     0262  0CF3               	rrf	??_LCD_Out+1,f
  4388     0263  0C73               	rrf	??_LCD_Out+1,w
  4389     0264  3907               	andlw	7
  4390     0265  3E01               	addlw	1
  4391     0266  2A69               	goto	u2154
  4392     0267                     u2155:
  4393     0267  1003               	clrc
  4394     0268  0DF2               	rlf	??_LCD_Out,f
  4395     0269                     u2154:
  4396     0269  3EFF               	addlw	-1
  4397     026A  1D03               	skipz
  4398     026B  2A67               	goto	u2155
  4399     026C  0872               	movf	??_LCD_Out,w
  4400     026D  3AFF               	xorlw	255
  4401     026E  0580               	andwf	0,f
  4402     026F                     l27:
  4403     026F  0008               	return
  4404     0270                     __end_of_LCD_Out:
  4405                           
  4406                           	psect	text21
  4407     07ED                     __ptext21:	
  4408 ;; *************** function _ADC_Read *****************
  4409 ;; Defined at:
  4410 ;;		line 136 in file "main.c"
  4411 ;; Parameters:    Size  Location     Type
  4412 ;;		None
  4413 ;; Auto vars:     Size  Location     Type
  4414 ;;		None
  4415 ;; Return value:  Size  Location     Type
  4416 ;;                  2    2[COMMON] unsigned int 
  4417 ;; Registers used:
  4418 ;;		wreg
  4419 ;; Tracked objects:
  4420 ;;		On entry : 0/0
  4421 ;;		On exit  : 0/0
  4422 ;;		Unchanged: 0/0
  4423 ;; Data sizes:     COMMON   BANK0   BANK1   BANK3   BANK2
  4424 ;;      Params:         2       0       0       0       0
  4425 ;;      Locals:         0       0       0       0       0
  4426 ;;      Temps:          1       0       0       0       0
  4427 ;;      Totals:         3       0       0       0       0
  4428 ;;Total ram usage:        3 bytes
  4429 ;; Hardware stack levels used: 1
  4430 ;; Hardware stack levels required when called: 1
  4431 ;; This function calls:
  4432 ;;		Nothing
  4433 ;; This function is called by:
  4434 ;;		_main
  4435 ;; This function uses a non-reentrant model
  4436 ;;
  4437                           
  4438     07ED                     _ADC_Read:	
  4439                           ;psect for function _ADC_Read
  4440                           
  4441     07ED                     l1709:	
  4442                           ;incstack = 0
  4443                           ; Regs used in _ADC_Read: [wreg]
  4444                           
  4445                           
  4446                           ;main.c: 137:     _delay((unsigned long)((5)*(8000000/4000000.0)));
  4447     07ED  3003               	movlw	3
  4448     07EE  00F4               	movwf	??_ADC_Read
  4449     07EF                     u2657:
  4450     07EF  0BF4               	decfsz	??_ADC_Read,f
  4451     07F0  2FEF               	goto	u2657
  4452     07F1                     l1711:
  4453                           
  4454                           ;main.c: 138:     GO_nDONE = 1;
  4455     07F1  1283               	bcf	3,5	;RP0=0, select bank0
  4456     07F2  1303               	bcf	3,6	;RP1=0, select bank0
  4457     07F3  149F               	bsf	31,1	;volatile
  4458     07F4                     l139:	
  4459                           ;main.c: 139:     while(GO_nDONE);
  4460                           
  4461     07F4  189F               	btfsc	31,1	;volatile
  4462     07F5  2FF7               	goto	u1651
  4463     07F6  2FF8               	goto	u1650
  4464     07F7                     u1651:
  4465     07F7  2FF4               	goto	l139
  4466     07F8                     u1650:
  4467     07F8                     l1713:
  4468                           
  4469                           ;main.c: 141:     return ((ADRESH<<8) + ADRESL);
  4470     07F8  081E               	movf	30,w	;volatile
  4471     07F9  00F3               	movwf	?_ADC_Read+1
  4472     07FA  1683               	bsf	3,5	;RP0=1, select bank1
  4473     07FB  1303               	bcf	3,6	;RP1=0, select bank1
  4474     07FC  081E               	movf	30,w	;volatile
  4475     07FD  00F2               	movwf	?_ADC_Read
  4476     07FE                     l142:
  4477     07FE  0008               	return
  4478     07FF                     __end_of_ADC_Read:
  4479                           
  4480                           	psect	text22
  4481     0EEC                     __ptext22:	
  4482 ;; *************** function _ADC_Init *****************
  4483 ;; Defined at:
  4484 ;;		line 124 in file "main.c"
  4485 ;; Parameters:    Size  Location     Type
  4486 ;;		None
  4487 ;; Auto vars:     Size  Location     Type
  4488 ;;		None
  4489 ;; Return value:  Size  Location     Type
  4490 ;;                  1    wreg      void 
  4491 ;; Registers used:
  4492 ;;		status,2
  4493 ;; Tracked objects:
  4494 ;;		On entry : 0/0
  4495 ;;		On exit  : 0/0
  4496 ;;		Unchanged: 0/0
  4497 ;; Data sizes:     COMMON   BANK0   BANK1   BANK3   BANK2
  4498 ;;      Params:         0       0       0       0       0
  4499 ;;      Locals:         0       0       0       0       0
  4500 ;;      Temps:          0       0       0       0       0
  4501 ;;      Totals:         0       0       0       0       0
  4502 ;;Total ram usage:        0 bytes
  4503 ;; Hardware stack levels used: 1
  4504 ;; Hardware stack levels required when called: 1
  4505 ;; This function calls:
  4506 ;;		Nothing
  4507 ;; This function is called by:
  4508 ;;		_main
  4509 ;; This function uses a non-reentrant model
  4510 ;;
  4511                           
  4512     0EEC                     _ADC_Init:	
  4513                           ;psect for function _ADC_Init
  4514                           
  4515     0EEC                     l1701:	
  4516                           ;incstack = 0
  4517                           ; Regs used in _ADC_Init: [status,2]
  4518                           
  4519                           
  4520                           ;main.c: 126:     ANSEL = 0x01;
  4521     0EEC  3001               	movlw	1
  4522     0EED  1683               	bsf	3,5	;RP0=1, select bank3
  4523     0EEE  1703               	bsf	3,6	;RP1=1, select bank3
  4524     0EEF  0088               	movwf	8	;volatile
  4525     0EF0                     l1703:
  4526                           
  4527                           ;main.c: 128:     ANSELH = 0;
  4528     0EF0  0189               	clrf	9	;volatile
  4529     0EF1                     l1705:
  4530                           
  4531                           ;main.c: 130:     ADCON1 = 0x80;
  4532     0EF1  3080               	movlw	128
  4533     0EF2  1683               	bsf	3,5	;RP0=1, select bank1
  4534     0EF3  1303               	bcf	3,6	;RP1=0, select bank1
  4535     0EF4  009F               	movwf	31	;volatile
  4536     0EF5                     l1707:
  4537                           
  4538                           ;main.c: 131:     ADCON0 = 0x81;
  4539     0EF5  3081               	movlw	129
  4540     0EF6  1283               	bcf	3,5	;RP0=0, select bank0
  4541     0EF7  1303               	bcf	3,6	;RP1=0, select bank0
  4542     0EF8  009F               	movwf	31	;volatile
  4543     0EF9                     l136:
  4544     0EF9  0008               	return
  4545     0EFA                     __end_of_ADC_Init:
  4546                           
  4547                           	psect	text23
  4548     0F74                     __ptext23:	
  4549 ;; *************** function _ISR *****************
  4550 ;; Defined at:
  4551 ;;		line 78 in file "main.c"
  4552 ;; Parameters:    Size  Location     Type
  4553 ;;		None
  4554 ;; Auto vars:     Size  Location     Type
  4555 ;;		None
  4556 ;; Return value:  Size  Location     Type
  4557 ;;                  1    wreg      void 
  4558 ;; Registers used:
  4559 ;;		wreg, status,2
  4560 ;; Tracked objects:
  4561 ;;		On entry : 0/0
  4562 ;;		On exit  : 0/0
  4563 ;;		Unchanged: 0/0
  4564 ;; Data sizes:     COMMON   BANK0   BANK1   BANK3   BANK2
  4565 ;;      Params:         0       0       0       0       0
  4566 ;;      Locals:         0       0       0       0       0
  4567 ;;      Temps:          2       0       0       0       0
  4568 ;;      Totals:         2       0       0       0       0
  4569 ;;Total ram usage:        2 bytes
  4570 ;; Hardware stack levels used: 1
  4571 ;; This function calls:
  4572 ;;		Nothing
  4573 ;; This function is called by:
  4574 ;;		Interrupt level 1
  4575 ;; This function uses a non-reentrant model
  4576 ;;
  4577                           
  4578     0F74                     _ISR:	
  4579                           ;psect for function _ISR
  4580                           
  4581     0F74                     i1l1825:
  4582                           
  4583                           ;main.c: 80:     if (TMR1IF)
  4584     0F74  1283               	bcf	3,5	;RP0=0, select bank0
  4585     0F75  1303               	bcf	3,6	;RP1=0, select bank0
  4586     0F76  1C0C               	btfss	12,0	;volatile
  4587     0F77  2F79               	goto	u193_21
  4588     0F78  2F7A               	goto	u193_20
  4589     0F79                     u193_21:
  4590     0F79  2F96               	goto	i1l133
  4591     0F7A                     u193_20:
  4592     0F7A                     i1l1827:
  4593                           
  4594                           ;main.c: 81:     {;main.c: 82:         contador++;
  4595     0F7A  3001               	movlw	1
  4596     0F7B  07EA               	addwf	_contador,f	;volatile
  4597     0F7C  1803               	skipnc
  4598     0F7D  0AEB               	incf	_contador+1,f	;volatile
  4599     0F7E  3000               	movlw	0
  4600     0F7F  07EB               	addwf	_contador+1,f	;volatile
  4601                           
  4602                           ;main.c: 84:         if (contador >= 100)
  4603     0F80  3000               	movlw	0
  4604     0F81  026B               	subwf	_contador+1,w	;volatile
  4605     0F82  3064               	movlw	100
  4606     0F83  1903               	skipnz
  4607     0F84  026A               	subwf	_contador,w	;volatile
  4608     0F85  1C03               	skipc
  4609     0F86  2F88               	goto	u194_21
  4610     0F87  2F89               	goto	u194_20
  4611     0F88                     u194_21:
  4612     0F88  2F91               	goto	i1l1833
  4613     0F89                     u194_20:
  4614     0F89                     i1l1829:
  4615                           
  4616                           ;main.c: 85:         {;main.c: 86:             tiempo++;
  4617     0F89  3001               	movlw	1
  4618     0F8A  07EC               	addwf	_tiempo,f	;volatile
  4619     0F8B  1803               	skipnc
  4620     0F8C  0AED               	incf	_tiempo+1,f	;volatile
  4621     0F8D  3000               	movlw	0
  4622     0F8E  07ED               	addwf	_tiempo+1,f	;volatile
  4623     0F8F                     i1l1831:
  4624                           
  4625                           ;main.c: 87:             contador = 0;
  4626     0F8F  01EA               	clrf	_contador	;volatile
  4627     0F90  01EB               	clrf	_contador+1	;volatile
  4628     0F91                     i1l1833:
  4629                           
  4630                           ;main.c: 90:         TMR1H = 0xF6;
  4631     0F91  30F6               	movlw	246
  4632     0F92  008F               	movwf	15	;volatile
  4633     0F93                     i1l1835:
  4634                           
  4635                           ;main.c: 91:         TMR1L = 0x3C;
  4636     0F93  303C               	movlw	60
  4637     0F94  008E               	movwf	14	;volatile
  4638     0F95                     i1l1837:
  4639                           
  4640                           ;main.c: 93:         TMR1IF = 0;
  4641     0F95  100C               	bcf	12,0	;volatile
  4642     0F96                     i1l133:
  4643     0F96  0871               	movf	??_ISR+1,w
  4644     0F97  008A               	movwf	10
  4645     0F98  0E70               	swapf	??_ISR,w
  4646     0F99  0083               	movwf	3
  4647     0F9A  0EFE               	swapf	btemp,f
  4648     0F9B  0E7E               	swapf	btemp,w
  4649     0F9C  0009               	retfie
  4650     0F9D                     __end_of_ISR:
  4651     0002                     ___latbits      equ	2
  4652     007E                     btemp           set	126	;btemp
  4653     007E                     btemp0          set	126
  4654     007F                     btemp1          set	127
  4655     007E                     wtemp0          set	126
  4656     007F                     wtemp0a         set	127
  4657     007F                     ttemp0a         set	127
  4658     0080                     ltemp0a         set	128
  4659                           
  4660                           	psect	intentry
  4661     0004                     __pintentry:	
  4662                           ;incstack = 0
  4663 ;; hardware stack exceeded
  4664                           ; Regs used in _ISR: [wreg+status,2]
  4665                           
  4666     0004                     interrupt_function:
  4667     007E                     saved_w         set	btemp
  4668     0004  00FE               	movwf	btemp
  4669     0005  0E03               	swapf	3,w
  4670     0006  00F0               	movwf	??_ISR
  4671     0007  080A               	movf	10,w
  4672     0008  00F1               	movwf	??_ISR+1
  4673     0009  120A  158A  2F74   	ljmp	_ISR
  4674                           
  4675                           	psect	config
  4676                           
  4677                           ;Config register CONFIG1 @ 0x2007
  4678                           ;	Oscillator Selection bits
  4679                           ;	FOSC = HS, HS oscillator: High-speed crystal/resonator on RA6/OSC2/CLKOUT and RA7/OSC1
      +                          /CLKIN
  4680                           ;	Watchdog Timer Enable bit
  4681                           ;	WDTE = OFF, WDT disabled and can be enabled by SWDTEN bit of the WDTCON register
  4682                           ;	Power-up Timer Enable bit
  4683                           ;	PWRTE = OFF, PWRT disabled
  4684                           ;	RE3/MCLR pin function select bit
  4685                           ;	MCLRE = 0x1, unprogrammed default
  4686                           ;	Code Protection bit
  4687                           ;	CP = OFF, Program memory code protection is disabled
  4688                           ;	Data Code Protection bit
  4689                           ;	CPD = OFF, Data memory code protection is disabled
  4690                           ;	Brown Out Reset Selection bits
  4691                           ;	BOREN = ON, BOR enabled
  4692                           ;	Internal External Switchover bit
  4693                           ;	IESO = 0x1, unprogrammed default
  4694                           ;	Fail-Safe Clock Monitor Enabled bit
  4695                           ;	FCMEN = 0x1, unprogrammed default
  4696                           ;	Low Voltage Programming Enable bit
  4697                           ;	LVP = OFF, RB3 pin has digital I/O, HV on MCLR must be used for programming
  4698                           ;	In-Circuit Debugger Mode bit
  4699                           ;	DEBUG = 0x1, unprogrammed default
  4700     2007                     	org	8199
  4701     2007  2FF2               	dw	12274
  4702                           
  4703                           ;Config register CONFIG2 @ 0x2008
  4704                           ;	Brown-out Reset Selection bit
  4705                           ;	BOR4V = 0x1, unprogrammed default
  4706                           ;	Flash Program Memory Self Write Enable bits
  4707                           ;	WRT = OFF, Write protection off
  4708     2008                     	org	8200
  4709     2008  3FFF               	dw	16383

Data Sizes:
    Strings     32
    Constant    0
    Data        5
    BSS         56
    Persistent  0
    Stack       0

Auto Spaces:
    Space          Size  Autos    Used
    COMMON           14     11      12
    BANK0            80     65      78
    BANK1            80     32      79
    BANK3            96      0       0
    BANK2            96      0       0

Pointer List with Targets:

    display$PORT	PTR volatile unsigned char  size(2) Largest target is 1
		 -> PORTC(SFR0[1]), 

    f$.$buffer	PTR unsigned char  size(2) Largest target is 15
		 -> exec(BANK1[10]), main@buffer(BANK1[15]), 

    f$.$source	PTR const unsigned char  size(1) Largest target is 0

    F1775$PORT	PTR volatile unsigned char  size(2) Largest target is 1
		 -> PORTC(SFR0[1]), 

    fputc@fp	PTR struct _IO_FILE size(2) Largest target is 11
		 -> sprintf@f(BANK0[11]), 

    fputc@fp$.$buffer	PTR unsigned char  size(2) Largest target is 15
		 -> exec(BANK1[10]), main@buffer(BANK1[15]), 

    fputc@fp$.$source	PTR const unsigned char  size(1) Largest target is 0

    fputs@fp	PTR struct _IO_FILE size(2) Largest target is 11
		 -> sprintf@f(BANK0[11]), 

    fputs@s	PTR const unsigned char  size(1) Largest target is 32
		 -> dbuf(BANK1[32]), 

    lcd$PORT	PTR volatile unsigned char  size(2) Largest target is 1
		 -> PORTC(SFR0[1]), 

    LCD_putrs@a	PTR const unsigned char  size(2) Largest target is 15
		 -> exec(BANK1[10]), main@buffer(BANK1[15]), STR_1(CODE[6]), STR_2(CODE[10]), 

    pad@buf	PTR unsigned char  size(1) Largest target is 32
		 -> dbuf(BANK1[32]), 

    pad@fp	PTR struct _IO_FILE size(2) Largest target is 11
		 -> sprintf@f(BANK0[11]), 

    read_prec_or_width@ap	PTR PTR void [1] size(1) Largest target is 1
		 -> sprintf@ap(BANK0[1]), 

    read_prec_or_width@fmt	PTR PTR const unsigned char  size(1) Largest target is 1
		 -> vfprintf@cfmt(BANK0[1]), 

    S22$PORT	PTR volatile unsigned char  size(2) Largest target is 1
		 -> PORTC(SFR0[1]), 

    S600$buffer	PTR unsigned char  size(2) Largest target is 15
		 -> exec(BANK1[10]), main@buffer(BANK1[15]), 

    S600$source	PTR const unsigned char  size(1) Largest target is 0

    screen$PORT	PTR volatile unsigned char  size(2) Largest target is 1
		 -> PORTC(SFR0[1]), 

    sprintf@ap	PTR void [1] size(1) Largest target is 2
		 -> ?_sprintf(BANK0[2]), 

    sprintf@fmt	PTR const unsigned char  size(1) Largest target is 10
		 -> STR_3(CODE[6]), STR_4(CODE[10]), 

    sprintf@s	PTR unsigned char  size(1) Largest target is 15
		 -> exec(BANK1[10]), main@buffer(BANK1[15]), 

    utoa@fp	PTR struct _IO_FILE size(2) Largest target is 11
		 -> sprintf@f(BANK0[11]), 

    vfpfcnvrt@ap	PTR PTR void  size(1) Largest target is 1
		 -> sprintf@ap(BANK0[1]), 

    vfpfcnvrt@cp	PTR unsigned char  size(1) Largest target is 10
		 -> STR_3(CODE[6]), STR_4(CODE[10]), 

    vfpfcnvrt@fmt	PTR PTR unsigned char  size(1) Largest target is 1
		 -> vfprintf@cfmt(BANK0[1]), 

    vfpfcnvrt@fp	PTR struct _IO_FILE size(2) Largest target is 11
		 -> sprintf@f(BANK0[11]), 

    vfprintf@ap	PTR PTR void  size(1) Largest target is 1
		 -> sprintf@ap(BANK0[1]), 

    vfprintf@cfmt	PTR unsigned char  size(1) Largest target is 10
		 -> STR_3(CODE[6]), STR_4(CODE[10]), 

    vfprintf@fmt	PTR const unsigned char  size(1) Largest target is 10
		 -> STR_3(CODE[6]), STR_4(CODE[10]), 

    vfprintf@fp	PTR struct _IO_FILE size(2) Largest target is 11
		 -> sprintf@f(BANK0[11]), 


Critical Paths under _main in COMMON

    _main->_LCD_Init
    _main->___lmul
    _pad->_fputs
    _fputs->_fputc
    _read_prec_or_width->___wmul
    ___aldiv->___lmul
    _LCD_putrs->_LCD_putc
    _LCD_putc->_LCD_Out
    _LCD_Init->_LCD_Write
    _LCD_Write->_LCD_Out

Critical Paths under _ISR in COMMON

    None.

Critical Paths under _main in BANK0

    _main->_sprintf
    _sprintf->_vfprintf
    _vfprintf->_vfpfcnvrt
    _vfpfcnvrt->_utoa
    _utoa->_pad
    _pad->_fputs
    _fputs->_fputc
    ___aldiv->___lmul

Critical Paths under _ISR in BANK0

    None.

Critical Paths under _main in BANK1

    None.

Critical Paths under _ISR in BANK1

    None.

Critical Paths under _main in BANK3

    None.

Critical Paths under _ISR in BANK3

    None.

Critical Paths under _main in BANK2

    None.

Critical Paths under _ISR in BANK2

    None.

Call Graph Tables:

 ---------------------------------------------------------------------------------
 (Depth) Function   	        Calls       Base Space   Used Autos Params    Refs
 ---------------------------------------------------------------------------------
 (0) _main                                                32    32      0    5430
                                              0 BANK1     32    32      0
                           _ADC_Init
                           _ADC_Read
                           _LCD_Init
                          _LCD_Write
                          _LCD_putrs
                        _Timer1_Init
                            ___aldiv
                             ___lmul
                            ___lwdiv
                            ___lwmod
                            _sprintf
 ---------------------------------------------------------------------------------
 (1) _sprintf                                             21    15      6    3201
                                             46 BANK0     19    13      6
                           _vfprintf
 ---------------------------------------------------------------------------------
 (2) _vfprintf                                             5     1      4    2877
                                             41 BANK0      5     1      4
                          _vfpfcnvrt
 ---------------------------------------------------------------------------------
 (3) _vfpfcnvrt                                           13     9      4    2650
                                             29 BANK0     12     8      4
                              _fputc
                 _read_prec_or_width
                               _utoa
 ---------------------------------------------------------------------------------
 (4) _utoa                                                 9     5      4    1532
                                             20 BANK0      9     5      4
                            ___lwdiv
                            ___lwmod
                                _pad
 ---------------------------------------------------------------------------------
 (5) _pad                                                  8     3      5     831
                                             12 BANK0      8     3      5
                              _fputc
                              _fputs
 ---------------------------------------------------------------------------------
 (6) _fputs                                                8     5      3     333
                                              6 COMMON     5     2      3
                                              9 BANK0      3     3      0
                              _fputc
 ---------------------------------------------------------------------------------
 (7) _fputc                                               13     9      4     232
                                              2 COMMON     4     0      4
                                              0 BANK0      9     9      0
                              _putch
 ---------------------------------------------------------------------------------
 (8) _putch                                                1     1      0       0
 ---------------------------------------------------------------------------------
 (5) ___lwmod                                              5     1      4     165
                                              2 COMMON     5     1      4
 ---------------------------------------------------------------------------------
 (5) ___lwdiv                                              7     3      4     168
                                              2 COMMON     7     3      4
 ---------------------------------------------------------------------------------
 (4) _read_prec_or_width                                   5     3      2     276
                                              8 COMMON     2     0      2
                                              0 BANK0      3     3      0
                             ___wmul
 ---------------------------------------------------------------------------------
 (5) ___wmul                                               6     2      4      94
                                              2 COMMON     6     2      4
 ---------------------------------------------------------------------------------
 (1) ___lmul                                              13     5      8      94
                                              2 COMMON     9     1      8
                                              0 BANK0      4     4      0
 ---------------------------------------------------------------------------------
 (1) ___aldiv                                             15     7      8     451
                                              4 BANK0     15     7      8
                             ___lmul (ARG)
 ---------------------------------------------------------------------------------
 (1) _Timer1_Init                                          0     0      0       0
 ---------------------------------------------------------------------------------
 (1) _LCD_putrs                                            7     5      2     424
                                              8 COMMON     2     0      2
                                              0 BANK0      5     5      0
                           _LCD_putc
 ---------------------------------------------------------------------------------
 (2) _LCD_putc                                             3     3      0     282
                                              5 COMMON     3     3      0
                            _LCD_Out
 ---------------------------------------------------------------------------------
 (1) _LCD_Init                                             8     3      5     343
                                              8 COMMON     3     3      0
                                              0 BANK0      5     0      5
                          _LCD_Write
 ---------------------------------------------------------------------------------
 (2) _LCD_Write                                            3     3      0     235
                                              5 COMMON     3     3      0
                            _LCD_Out
 ---------------------------------------------------------------------------------
 (3) _LCD_Out                                              3     3      0     188
                                              2 COMMON     3     3      0
 ---------------------------------------------------------------------------------
 (1) _ADC_Read                                             3     1      2       0
                                              2 COMMON     3     1      2
 ---------------------------------------------------------------------------------
 (1) _ADC_Init                                             0     0      0       0
 ---------------------------------------------------------------------------------
 Estimated maximum stack depth 8
 ---------------------------------------------------------------------------------
 (Depth) Function   	        Calls       Base Space   Used Autos Params    Refs
 ---------------------------------------------------------------------------------
 (9) _ISR                                                  2     2      0       0
                                              0 COMMON     2     2      0
 ---------------------------------------------------------------------------------
 Estimated maximum stack depth 9
 ---------------------------------------------------------------------------------

 Call Graph Graphs:

 _main (ROOT)
   _ADC_Init
   _ADC_Read
   _LCD_Init
     _LCD_Write
       _LCD_Out
   _LCD_Write
   _LCD_putrs
     _LCD_putc
       _LCD_Out
   _Timer1_Init
   ___aldiv
     ___lmul (ARG)
   ___lmul
   ___lwdiv
   ___lwmod
   _sprintf
     _vfprintf
       _vfpfcnvrt
         _fputc
           _putch
         _read_prec_or_width
           ___wmul
         _utoa
           ___lwdiv
           ___lwmod
           _pad
             _fputc
             _fputs
               _fputc

 _ISR (ROOT)

Address spaces:
Name               Size   Autos  Total    Usage
BANK3               96      0       0      0.0%
BITBANK3            96      0       0      0.0%
BANK2               96      0       0      0.0%
BITBANK2            96      0       0      0.0%
BANK1               80     32      79     98.8%
BITBANK1            80      0       0      0.0%
BANK0               80     65      78     97.5%
BITBANK0            80      0       0      0.0%
COMMON              14     11      12     85.7%
BITCOMMON           14      0       0      0.0%
DATA                 0      0     169      0.0%
STACK                0      0       0      0.0%


Microchip Technology PIC Macro Assembler V3.10 build 20250813170317 
Symbol Table                                                                                   Wed Jun 17 16:16:45 2026

                         pc 0002                          l30 06C5                          l27 026F  
                        l51 03C2                          l39 03CE                          l55 059B  
                        l67 07AA                          fsr 0004         ___wmul@multiplicand 0074  
                       l142 07FE                         l126 0F08                         l310 0F73  
                       l136 0EF9                         l322 0764                         l139 07F4  
                       l308 0F5B                         l373 0483                         l383 0507  
                       l812 0670                         l804 0619                         l821 0295  
                       l819 028F                         l771 0F4E                         l588 07EC  
                       l836 0F2B                         l829 0321                         l598 0FFF  
                       l848 046E                         l856 0FC7                         l792 0707  
                       l794 0718                         l859 07FF                         l789 06DF  
                       _GIE 005F                         _ISR 0F74                         u980 03D5  
                       u981 03D4                         u990 03DB                         u991 03DA  
           LCD_Init@display 0020                         _lcd 0061                         _pad 06C6  
                       fsr0 0004                         indf 0000                        ?_ISR 0070  
           __end_of_LCD_Out 0270                        l2001 02BD                        l2011 02E1  
                      l2003 02BE                        l2101 03A9                        l2013 02E7  
                      l2021 0300                        l2005 02C3                        l2031 0672  
                      l2103 03AB                        l2007 02C8                        l2033 0687  
                      l2041 0509                        l2113 0765                        l1401 0FA2  
                      l2009 02D4                        l2025 0308                        l2121 0F2C  
                      l2035 068D                        l2051 0560                        l2043 051D  
                      l2115 076A                        l1411 0F55                        l1403 0FB2  
                      l2019 02F5                        l2131 0F45                        l2123 0F30  
                      l2037 06A4                        l2109 03AC                        l2053 0567  
                      l2045 052C                        l2117 0786                        l2141 0487  
                      l1413 0F62                        l1421 07AB                        l1405 0FBA  
                      l2061 0F1B                        l2125 0F34                        l2221 0077  
                      l2039 06AD                        l2071 033F                        l2055 0583  
                      l2047 0543                        l2119 078E                        l2151 04A7  
                      l2143 0492                        l2135 046F                        l1415 0F69  
                      l1407 0F4F                        l1431 07BF                        l1423 07AD  
                      l2063 0F29                        l2127 0F36                        l2223 007D  
                      l2215 0045                        l2081 035E                        l2073 0343  
                      l2049 0548                        l2161 04DF                        l2153 04B2  
                      l2145 0494                        l2137 0472                        l1417 0F6F  
                      l1409 0F51                        l1521 0631                        l1441 07E2  
                      l1433 07C3                        l1425 07B3                        l2057 0F09  
                      l2129 0F38                        l2233 008F                        l2217 004F  
                      l2091 038B                        l2083 0367                        l2075 034D  
                      l2067 0322                        l2171 04FF                        l2163 04E0  
                      l2155 04B6                        l2147 049C                        l2139 0476  
                      l1523 063F                        l1515 061A                        l1435 07D4  
                      l1427 07B6                        l1443 07E8                        l1451 0FD1  
                      l2059 0F0E                        l2235 0098                        l2227 0083  
                      l2219 0062                        l1701 0EEC                        l2093 0391  
                      l2085 036D                        l2077 0351                        l2069 0335  
                      l2165 04E9                        l2157 04BF                        l2149 04A4  
                      l1525 0656                        l1517 061E                        l1437 07DA  
                      l1429 07BD                        l1461 0FEE                        l1453 0FD8  
                      l2261 00FE                        l2245 00A4                        l2237 009E  
                      l1703 0EF0                        l1711 07F1                        l2095 0397  
                      l2087 037C                        l2079 035B                        l2159 04D1  
                      l2167 04EF                        l1519 062D                        l1527 065B  
                      l1439 07DB                        l1463 0FF5                        l1455 0FDA  
                      l1447 0FC8                        l1391 03E2                        l2271 0150  
                      l2263 0111                        l2247 00AD                        l1705 0EF1  
                      l1713 07F8                        l2097 039D                        l2089 0385  
                      l2169 04F4                        l1529 066C                        l1457 0FDE  
                      l1449 0FCE                        l1465 0FFB                        l1393 03FC  
                      l1385 03CF                        l2281 0186                        l2265 0124  
                      l2257 00B9                        l2249 00B3                        l1707 0EF5  
                      l2099 03A3                        l1731 0719                        l1459 0FE8  
                      l1395 042E                        l1387 03D5                        l2283 01A9  
                      l2267 0147                        l2259 00C4                        l1709 07ED  
                      l1741 075A                        l1733 0723                        l1389 03DB  
                      l2277 015C                        l1735 0727                        l1399 0F9D  
                      l1911 06CA                        l2279 0171                        l1737 0740  
                      l1921 06F9                        l1913 06D7                        l1739 0749  
                      l1923 070B                        l1915 06DD                        l1931 05AC  
                      l1917 06E2                        l1909 06C6                        l1933 05B4  
                      l1941 05E4                        l1925 059C                        l1919 06F1  
                      l1943 05EB                        l1951 0607                        l1935 05C8  
                      l1927 05A0                        l1961 01E5                        l1945 05F1  
                      l1937 05CB                        l1929 05A8                        l1971 022C  
                      l1963 01E9                        l1955 01B7                        l1699 0EFA  
                      l1947 05F6                        l1939 05D1                        l1973 023F  
                      l1965 01FF                        l1957 01BB                        l1949 0603  
                      l1981 0281                        ?_pad 002C                        l1975 0243  
                      l1967 0215                        l1959 01D0                        l1983 0285  
                      l1977 0259                        l1969 0219                        l1993 0298  
                      l1985 0289                        l1995 02A5                        l1987 028D  
                      l1979 0270                        l1997 02AA                        l1989 0290  
                      l1999 02B9                        STR_1 0824                        STR_2 0810  
                      STR_3 082A                        STR_4 081A                        u1000 03FC  
                      u1001 03FB                        u1010 042E                        u1011 042D  
                      u1100 07C3                        u1020 0451                        u1101 07C2  
                      u1030 0FC7                        u1015 042A                        u1031 0FC6  
                      u1040 0F55                        u1120 07D4                        u1200 0FFB  
                      u2000 05F1                        u1041 0F54                        u1121 07D3  
                      u1201 0FFA                        u2001 05F0                        u2010 05F6  
                      u1115 07C4                        u2011 05F5                        u2100 0219  
                      u1300 062D                        u1140 07E8                        u2020 0603  
                      u2101 0218                        u1301 062C                        u1141 07E7  
                      u1125 07D0                        u2021 0602                        u1070 0F6F  
                      u1310 066C                        u1150 0FCE                        u2030 0607  
                      u1071 0F6E                        u1055 0F5C                        u1311 066B  
                      u1135 07DC                        u1151 0FCD                        u2031 0606  
                      u2040 01BB                        u1080 07B3                        u2041 01BA  
                      u1065 0F63                        u1081 07B2                        u2025 05FF  
                      u2130 0243                        u2114 0226                        u1170 0FDE  
                      u2131 0242                        u2115 0224                        u1171 0FDD  
                      u2124 0239                        u2204 0681                        u2300 033F  
                      u1180 0FE8                        u2125 0237                        u2205 067F  
                      u2301 033E                        u1181 0FE7                        u1165 0FD2  
                      u2070 01E9                        u2054 01CA                        u2214 069F  
                      u2310 034D                        u2071 01E8                        u2055 01C8  
                      u2215 069D                        u2311 034C                        u1095 07B7  
                      u2144 0253                        u2064 01DF                        u2224 06BF  
                      u2320 035B                        u2160 0281                        u2145 0251  
                      u2065 01DD                        u2225 06BD                        u2321 035A  
                      u2305 033B                        u1185 0FE4                        u2161 0280  
                      u2154 0269                        u2234 0518                        u2410 04B6  
                      u2170 02AA                        u2155 0267                        u2315 0349  
                      u2235 0516                        u2411 04B5                        u1195 0FEF  
                      u2171 02A9                        u2084 01F9                        u2340 0774  
                      u1700 075A                        u2180 02BD                        u2085 01F7  
                      u2325 0357                        u2245 0520                        u2405 04A9  
                      u1701 0759                        u2181 02BC                        u2094 020F  
                      u2254 053E                        u2350 0798                        u2430 04D1  
                      u2190 02D4                        u2095 020D                        u2335 03AF  
                      u2255 053C                        u2431 04D0                        u2191 02D3  
                      u2264 055A                        u2360 07AA                        u2265 0558  
                      u2361 07A9                        u2425 04B8                        u1650 07F8  
                      u2274 0579                        u2450 04EF                        u2370 0476  
                      u2290 0F29                        u1651 07F7                        u2275 0577  
                      u2451 04EE                        u2435 04CD                        u2371 0475  
                      u2291 0F28                        u2284 0595                        u2460 04F4  
                      u2380 0487                        u1660 0727                        u2285 0593  
                      u2461 04F3                        u2445 04E1                        u2381 0486  
                      u1661 0726                        u2390 04A4                        u2607 0580  
                      u2391 04A3                        u1671 0732                        u1672 0739  
                      u2617 0362                        u1673 0740                        u2627 0371  
                      u2637 0380                        u1685 0742                        u1950 06CA  
                      u2647 06A8                        u1695 074A                        u1951 06C9  
                      u1960 06DD                        u2657 07EF                        u1961 06DC  
                      u1970 0707                        u1971 0706                        _PEIE 005E  
                      u1980 070B                        u2597 0545                        u1981 070A  
                      u1990 05EB                        u1975 0703                        u1991 05EA  
                      _dbuf 00A0                        _main 0045                        _exec 00C0  
                      _prec 0068                        pad@i 0032                        pad@p 002F  
                      btemp 007E                        _utoa 059C            __end_of_ADC_Init 0EFA  
          __end_of_ADC_Read 07FF                        start 000C                 LCD_Init@cmd 007A  
                     ??_ISR 0070                       ??_pad 0031            __end_of_LCD_Init 03CF  
          __end_of_LCD_putc 059C             __end_of___aldiv 0508                       ?_main 0070  
                     _ANSEL 0188                       ?_utoa 0034                       _T1CON 0010  
           __end_of___lwdiv 07ED                       i1l133 0F96             __end_of___lwmod 1000  
              vfpfcnvrt@fmt 003F                       _TMR1H 000F                       _TMR1L 000E  
                     _PORTA 0005                       _PORTB 0006                       _PORTC 0007  
                     _TRISA 0085                       _TRISB 0086                       _TRISC 0087  
       ___lmul@multiplicand 0076                main@part_dec 00E2                main@part_ent 00E0  
                     _flags 007B         read_prec_or_width@c 0020         read_prec_or_width@n 0021  
                     _fputc 03CF                       _fputs 0F9D                       btemp0 007E  
                     pad@fp 002C                       btemp1 007F                       _width 0066  
                     _putch 07FF                       pclath 000A                       utoa@d 0036  
                     utoa@i 003B                       utoa@p 0038                       utoa@w 0039  
                     status 0003                       wtemp0 007E             __end_of_sprintf 0F4F  
           __initialization 000F                __end_of_main 01B6                __end_of_utoa 061A  
                    ??_main 007B                      ??_utoa 007B                   ??_LCD_Out 0072  
         __end_of_LCD_Write 06C6  __end_of_read_prec_or_width 0671           __end_of_LCD_putrs 07AB  
                    _ADCON0 001F                      _ADCON1 009F                      ?_fputc 0072  
                    ?_fputs 0076                      _ADRESH 001E                      _ADRESL 009E  
                    ?_putch 0070                      _ANSELH 0189                      i1l1831 0F8F  
                    i1l1833 0F91                      i1l1825 0F74                      i1l1835 0F93  
                    i1l1827 0F7A                      i1l1837 0F95                      i1l1829 0F89  
                    u193_20 0F7A                      u193_21 0F79                      u194_20 0F89  
                    u194_21 0F88               vfpfcnvrt@done 0047                      _TMR1IE 0460  
                    _TMR1IF 0060               ??_Timer1_Init 0072                vfprintf@cfmt 004D  
                    ___lmul 0719                   ??___aldiv 002C                      ___wmul 0F4F  
                 ??___lwdiv 0076                   ??___lwmod 0076        read_prec_or_width@ap 0079  
                    _tiempo 006C                      pad@buf 002E                      fputc@c 0072  
                    fputs@c 0029                      fputs@i 002A                      fputs@s 0076  
                    ltemp0a 0080                   ?_ADC_Init 0070                   ?_ADC_Read 0072  
                    saved_w 007E                      putch@c 0070                      ttemp0a 007F  
          __end_of_vfprintf 0F2C                      utoa@fp 0034                   ??_sprintf 0054  
                    wtemp0a 007F              main@adc_result 00DE     __end_of__initialization 0041  
                 ?_LCD_Init 0020                   ?_LCD_putc 0070              __pcstackCOMMON 0070  
              __pidataBANK1 0EDF               __end_of_fputc 046F               __end_of_fputs 0FC8  
             __end_of_putch 0800         __end_of_Timer1_Init 0F09                   LCD_putc@c 0077  
                ??_ADC_Init 0072                  ??_ADC_Read 0074                     ??_fputc 0020  
                   ??_fputs 0079                     ??_putch 0072                  __pbssBANK0 0061  
                __pbssBANK1 00A0                  ??_LCD_Init 0078                  ??_LCD_putc 0075  
                __pmaintext 0045                     ?___lmul 0072                     ?___wmul 0072  
                __pintentry 0004              ___lmul@product 0020                     _LCD_Out 01B6  
                __stringtab 0800                 _Timer1_Init 0EFA                     ___aldiv 046F  
                   ___lwdiv 07AB                     ___lwmod 0FC8                   ?_vfprintf 0049  
                   __ptext1 0F2C                     __ptext2 0F09                     __ptext3 0270  
                   __ptext4 059C                     __ptext5 06C6                     __ptext6 0F9D  
                   __ptext7 03CF                     __ptext8 07FF                     __ptext9 0FC8  
     read_prec_or_width@fmt 0078            ___aldiv@dividend 0028                     _sprintf 0F2C  
                   clrloop0 0EE5                   _LCD_Write 0671        end_of_initialization 0041  
                 _LCD_putrs 0765                     fputc@fp 0074                     fputs@fp 0077  
        _read_prec_or_width 061A           __end_of_vfpfcnvrt 0322            ___aldiv@quotient 002F  
       ?_read_prec_or_width 0078            vfpfcnvrt@convarg 0043                  ??_vfprintf 007B  
      ??_read_prec_or_width 007A                  ?_LCD_Write 0070                  ?_LCD_putrs 0078  
                main@buffer 00CA                  main@screen 00D9              __end_of___lmul 0765  
               vfpfcnvrt@ap 0040                 vfpfcnvrt@cp 0048                 vfpfcnvrt@fp 003D  
            __end_of___wmul 0F74                  LCD_Write@c 0077         start_initialization 000F  
               __end_of_ISR 0F9D                 __end_of_pad 0719                  LCD_putrs@a 0078  
                LCD_putrs@i 0023                 vfprintf@fmt 004B                    ??___lmul 007A  
                  ??___wmul 0076                 __pdataBANK1 00EA                    ?_LCD_Out 0070  
               __pbssCOMMON 007B                   ___latbits 0002               __pcstackBANK0 0020  
             __pcstackBANK1 00CA                    LCD_Out@c 0074                 ??_LCD_Write 0075  
               ??_LCD_putrs 0020                ?_Timer1_Init 0070            ___lwdiv@dividend 0074  
                  ?___aldiv 0024                    ?___lwdiv 0072                    ?___lwmod 0072  
                 __pstrings 0800                    _ADC_Init 0EEC                    _ADC_Read 07ED  
          ___lwdiv@quotient 0076                    ?_sprintf 004E             ___aldiv@divisor 0024  
         interrupt_function 0004             ___aldiv@counter 002D                    _LCD_Init 0322  
            ___wmul@product 0076                   clear_ram0 0EE4                    _LCD_putc 0508  
                  _GO_nDONE 00F9                   main@F1775 00EA                   _vfpfcnvrt 0270  
               __stringbase 080F           ___wmul@multiplier 0072           ___lmul@multiplier 0072  
                vfprintf@ap 004C                  vfprintf@fp 0049                  ?_vfpfcnvrt 003D  
        __end_of__stringtab 0810                  sprintf@fmt 004F                    _main$934 00E4  
                  _main$935 00E6             ___lwdiv@divisor 0072             ___lwdiv@counter 0078  
                  __ptext10 07AB                    __ptext11 061A                    __ptext20 01B6  
                  __ptext12 0F4F                    __ptext21 07ED                    __ptext13 0719  
                  __ptext22 0EEC                    __ptext14 046F                    __ptext23 0F74  
                  __ptext15 0EFA                    __ptext16 0765                    __ptext17 0508  
                  __ptext18 0322                    __ptext19 0671                    _contador 006A  
                  _vfprintf 0F09                    main@volt 00E8                    intlevel1 0000  
                 sprintf@ap 0055            ___lwmod@dividend 0074                   stringcode 080A  
               ??_vfpfcnvrt 0041                    sprintf@f 0056                    sprintf@s 004E  
           ___lwmod@divisor 0072             ___lwmod@counter 0076                    stringdir 080A  
                  stringtab 0800                ___aldiv@sign 002E  
