

Microchip MPLAB XC8 Assembler V3.10 build 20250813170317 
                                                                                               Thu Jun 11 16:34:34 2026

Microchip MPLAB XC8 C Compiler v3.10 (Free license) build 20250813170317 Og1 
     1                           	processor	16F887
     2                           	pagewidth 120
     3                           	opt	flic
     4                           	psect	idataBANK0,global,class=CODE,space=0,delta=2,noexec
     5                           	psect	idataBANK1,global,class=CODE,space=0,delta=2,noexec
     6                           	psect	strings,global,class=STRING,space=0,delta=2,noexec
     7                           	psect	cinit,global,class=CODE,space=0,merge=1,delta=2
     8                           	psect	bssCOMMON,global,class=COMMON,space=1,delta=1,noexec
     9                           	psect	bssBANK0,global,class=BANK0,space=1,delta=1,noexec
    10                           	psect	dataBANK0,global,class=BANK0,space=1,delta=1,noexec
    11                           	psect	bssBANK1,global,class=BANK1,space=1,delta=1,noexec
    12                           	psect	dataBANK1,global,class=BANK1,space=1,delta=1,noexec
    13                           	psect	clrtext,global,class=CODE,space=0,delta=2
    14                           	psect	cstackCOMMON,global,class=COMMON,space=1,delta=1,noexec
    15                           	psect	cstackBANK0,global,class=BANK0,space=1,delta=1,noexec
    16                           	psect	maintext,global,class=CODE,space=0,split=1,delta=2
    17                           	psect	text1,local,class=CODE,space=0,merge=1,delta=2,group=3
    18                           	psect	text2,local,class=CODE,space=0,merge=1,delta=2,group=1
    19                           	psect	text3,local,class=CODE,space=0,merge=1,delta=2,group=1
    20                           	psect	text4,local,class=CODE,space=0,merge=1,delta=2,group=3
    21                           	psect	text5,local,class=CODE,space=0,merge=1,delta=2,group=3
    22                           	psect	text6,local,class=CODE,space=0,merge=1,delta=2,group=2
    23                           	psect	text7,local,class=CODE,space=0,merge=1,delta=2,group=2
    24                           	psect	text8,local,class=CODE,space=0,merge=1,delta=2,group=2
    25                           	psect	text9,local,class=CODE,space=0,merge=1,delta=2,group=2
    26                           	psect	text10,local,class=CODE,space=0,merge=1,delta=2,group=2
    27                           	psect	text11,local,class=CODE,space=0,merge=1,delta=2
    28                           	psect	text12,local,class=CODE,space=0,merge=1,delta=2
    29                           	psect	text13,local,class=CODE,space=0,merge=1,delta=2
    30                           	psect	text14,local,class=CODE,space=0,merge=1,delta=2
    31                           	psect	text15,local,class=CODE,space=0,merge=1,delta=2
    32                           	psect	text16,local,class=CODE,space=0,merge=1,delta=2
    33                           	psect	text17,local,class=CODE,space=0,merge=1,delta=2
    34                           	psect	text18,local,class=CODE,space=0,merge=1,delta=2
    35                           	psect	intentry,global,class=CODE,space=0,delta=2
    36                           	psect	text19,local,class=CODE,space=0,merge=1,delta=2
    37                           	psect	config,global,abs,ovrld,class=CONFIG,space=4,delta=2,noexec
    38                           	dabs	1,0x7E,2
    39     0000                     
    40                           ; Generated 22/04/2026 GMT
    41                           ; 
    42                           ; Copyright (c) 2026 Microchip Technology Inc. and its subsidiaries.
    43                           ; 
    44                           ; Licensed under the Apache License, Version 2.0 (the "License");
    45                           ; you may not use this file except in compliance with the License.
    46                           ; You may obtain a copy of the License at
    47                           ; 
    48                           ;   http://www.apache.org/licenses/LICENSE-2.0
    49                           ; 
    50                           ; Unless required by applicable law or agreed to in writing, software
    51                           ; distributed under the License is distributed on an "AS IS" BASIS,
    52                           ; WITHOUT WARRANTIES OR CONDITIONS OF ANY KIND, either express or implied.
    53                           ; See the License for the specific language governing permissions and
    54                           ; limitations under the License.
    55                           ; 
    56                           ; 
    57                           ; Code-generator required, PIC16F887 Definitions
    58                           ; 
    59                           ; SFR Addresses
    60     0004                     fsr             equ	4
    61     0004                     fsr0            equ	4
    62     0000                     indf            equ	0
    63     0000                     indf0           equ	0
    64     0002                     pc              equ	2
    65     0002                     pcl             equ	2
    66     000A                     pclath          equ	10
    67     0003                     status          equ	3
    68     0000                     INDF            equ	0	;# 
    69     0001                     TMR0            equ	1	;# 
    70     0002                     PCL             equ	2	;# 
    71     0003                     STATUS          equ	3	;# 
    72     0004                     FSR             equ	4	;# 
    73     0005                     PORTA           equ	5	;# 
    74     0006                     PORTB           equ	6	;# 
    75     0007                     PORTC           equ	7	;# 
    76     0008                     PORTD           equ	8	;# 
    77     0009                     PORTE           equ	9	;# 
    78     000A                     PCLATH          equ	10	;# 
    79     000B                     INTCON          equ	11	;# 
    80     000C                     PIR1            equ	12	;# 
    81     000D                     PIR2            equ	13	;# 
    82     000E                     TMR1            equ	14	;# 
    83     000E                     TMR1L           equ	14	;# 
    84     000F                     TMR1H           equ	15	;# 
    85     0010                     T1CON           equ	16	;# 
    86     0011                     TMR2            equ	17	;# 
    87     0012                     T2CON           equ	18	;# 
    88     0013                     SSPBUF          equ	19	;# 
    89     0014                     SSPCON          equ	20	;# 
    90     0015                     CCPR1           equ	21	;# 
    91     0015                     CCPR1L          equ	21	;# 
    92     0016                     CCPR1H          equ	22	;# 
    93     0017                     CCP1CON         equ	23	;# 
    94     0018                     RCSTA           equ	24	;# 
    95     0019                     TXREG           equ	25	;# 
    96     001A                     RCREG           equ	26	;# 
    97     001B                     CCPR2           equ	27	;# 
    98     001B                     CCPR2L          equ	27	;# 
    99     001C                     CCPR2H          equ	28	;# 
   100     001D                     CCP2CON         equ	29	;# 
   101     001E                     ADRESH          equ	30	;# 
   102     001F                     ADCON0          equ	31	;# 
   103     0081                     OPTION_REG      equ	129	;# 
   104     0085                     TRISA           equ	133	;# 
   105     0086                     TRISB           equ	134	;# 
   106     0087                     TRISC           equ	135	;# 
   107     0088                     TRISD           equ	136	;# 
   108     0089                     TRISE           equ	137	;# 
   109     008C                     PIE1            equ	140	;# 
   110     008D                     PIE2            equ	141	;# 
   111     008E                     PCON            equ	142	;# 
   112     008F                     OSCCON          equ	143	;# 
   113     0090                     OSCTUNE         equ	144	;# 
   114     0091                     SSPCON2         equ	145	;# 
   115     0092                     PR2             equ	146	;# 
   116     0093                     SSPADD          equ	147	;# 
   117     0093                     SSPMSK          equ	147	;# 
   118     0093                     MSK             equ	147	;# 
   119     0094                     SSPSTAT         equ	148	;# 
   120     0095                     WPUB            equ	149	;# 
   121     0096                     IOCB            equ	150	;# 
   122     0097                     VRCON           equ	151	;# 
   123     0098                     TXSTA           equ	152	;# 
   124     0099                     SPBRG           equ	153	;# 
   125     009A                     SPBRGH          equ	154	;# 
   126     009B                     PWM1CON         equ	155	;# 
   127     009C                     ECCPAS          equ	156	;# 
   128     009D                     PSTRCON         equ	157	;# 
   129     009E                     ADRESL          equ	158	;# 
   130     009F                     ADCON1          equ	159	;# 
   131     0105                     WDTCON          equ	261	;# 
   132     0107                     CM1CON0         equ	263	;# 
   133     0108                     CM2CON0         equ	264	;# 
   134     0109                     CM2CON1         equ	265	;# 
   135     010C                     EEDATA          equ	268	;# 
   136     010C                     EEDAT           equ	268	;# 
   137     010D                     EEADR           equ	269	;# 
   138     010E                     EEDATH          equ	270	;# 
   139     010F                     EEADRH          equ	271	;# 
   140     0185                     SRCON           equ	389	;# 
   141     0187                     BAUDCTL         equ	391	;# 
   142     0188                     ANSEL           equ	392	;# 
   143     0189                     ANSELH          equ	393	;# 
   144     018C                     EECON1          equ	396	;# 
   145     018D                     EECON2          equ	397	;# 
   146     0000                     INDF            equ	0	;# 
   147     0001                     TMR0            equ	1	;# 
   148     0002                     PCL             equ	2	;# 
   149     0003                     STATUS          equ	3	;# 
   150     0004                     FSR             equ	4	;# 
   151     0005                     PORTA           equ	5	;# 
   152     0006                     PORTB           equ	6	;# 
   153     0007                     PORTC           equ	7	;# 
   154     0008                     PORTD           equ	8	;# 
   155     0009                     PORTE           equ	9	;# 
   156     000A                     PCLATH          equ	10	;# 
   157     000B                     INTCON          equ	11	;# 
   158     000C                     PIR1            equ	12	;# 
   159     000D                     PIR2            equ	13	;# 
   160     000E                     TMR1            equ	14	;# 
   161     000E                     TMR1L           equ	14	;# 
   162     000F                     TMR1H           equ	15	;# 
   163     0010                     T1CON           equ	16	;# 
   164     0011                     TMR2            equ	17	;# 
   165     0012                     T2CON           equ	18	;# 
   166     0013                     SSPBUF          equ	19	;# 
   167     0014                     SSPCON          equ	20	;# 
   168     0015                     CCPR1           equ	21	;# 
   169     0015                     CCPR1L          equ	21	;# 
   170     0016                     CCPR1H          equ	22	;# 
   171     0017                     CCP1CON         equ	23	;# 
   172     0018                     RCSTA           equ	24	;# 
   173     0019                     TXREG           equ	25	;# 
   174     001A                     RCREG           equ	26	;# 
   175     001B                     CCPR2           equ	27	;# 
   176     001B                     CCPR2L          equ	27	;# 
   177     001C                     CCPR2H          equ	28	;# 
   178     001D                     CCP2CON         equ	29	;# 
   179     001E                     ADRESH          equ	30	;# 
   180     001F                     ADCON0          equ	31	;# 
   181     0081                     OPTION_REG      equ	129	;# 
   182     0085                     TRISA           equ	133	;# 
   183     0086                     TRISB           equ	134	;# 
   184     0087                     TRISC           equ	135	;# 
   185     0088                     TRISD           equ	136	;# 
   186     0089                     TRISE           equ	137	;# 
   187     008C                     PIE1            equ	140	;# 
   188     008D                     PIE2            equ	141	;# 
   189     008E                     PCON            equ	142	;# 
   190     008F                     OSCCON          equ	143	;# 
   191     0090                     OSCTUNE         equ	144	;# 
   192     0091                     SSPCON2         equ	145	;# 
   193     0092                     PR2             equ	146	;# 
   194     0093                     SSPADD          equ	147	;# 
   195     0093                     SSPMSK          equ	147	;# 
   196     0093                     MSK             equ	147	;# 
   197     0094                     SSPSTAT         equ	148	;# 
   198     0095                     WPUB            equ	149	;# 
   199     0096                     IOCB            equ	150	;# 
   200     0097                     VRCON           equ	151	;# 
   201     0098                     TXSTA           equ	152	;# 
   202     0099                     SPBRG           equ	153	;# 
   203     009A                     SPBRGH          equ	154	;# 
   204     009B                     PWM1CON         equ	155	;# 
   205     009C                     ECCPAS          equ	156	;# 
   206     009D                     PSTRCON         equ	157	;# 
   207     009E                     ADRESL          equ	158	;# 
   208     009F                     ADCON1          equ	159	;# 
   209     0105                     WDTCON          equ	261	;# 
   210     0107                     CM1CON0         equ	263	;# 
   211     0108                     CM2CON0         equ	264	;# 
   212     0109                     CM2CON1         equ	265	;# 
   213     010C                     EEDATA          equ	268	;# 
   214     010C                     EEDAT           equ	268	;# 
   215     010D                     EEADR           equ	269	;# 
   216     010E                     EEDATH          equ	270	;# 
   217     010F                     EEADRH          equ	271	;# 
   218     0185                     SRCON           equ	389	;# 
   219     0187                     BAUDCTL         equ	391	;# 
   220     0188                     ANSEL           equ	392	;# 
   221     0189                     ANSELH          equ	393	;# 
   222     018C                     EECON1          equ	396	;# 
   223     018D                     EECON2          equ	397	;# 
   224     0000                     INDF            equ	0	;# 
   225     0001                     TMR0            equ	1	;# 
   226     0002                     PCL             equ	2	;# 
   227     0003                     STATUS          equ	3	;# 
   228     0004                     FSR             equ	4	;# 
   229     0005                     PORTA           equ	5	;# 
   230     0006                     PORTB           equ	6	;# 
   231     0007                     PORTC           equ	7	;# 
   232     0008                     PORTD           equ	8	;# 
   233     0009                     PORTE           equ	9	;# 
   234     000A                     PCLATH          equ	10	;# 
   235     000B                     INTCON          equ	11	;# 
   236     000C                     PIR1            equ	12	;# 
   237     000D                     PIR2            equ	13	;# 
   238     000E                     TMR1            equ	14	;# 
   239     000E                     TMR1L           equ	14	;# 
   240     000F                     TMR1H           equ	15	;# 
   241     0010                     T1CON           equ	16	;# 
   242     0011                     TMR2            equ	17	;# 
   243     0012                     T2CON           equ	18	;# 
   244     0013                     SSPBUF          equ	19	;# 
   245     0014                     SSPCON          equ	20	;# 
   246     0015                     CCPR1           equ	21	;# 
   247     0015                     CCPR1L          equ	21	;# 
   248     0016                     CCPR1H          equ	22	;# 
   249     0017                     CCP1CON         equ	23	;# 
   250     0018                     RCSTA           equ	24	;# 
   251     0019                     TXREG           equ	25	;# 
   252     001A                     RCREG           equ	26	;# 
   253     001B                     CCPR2           equ	27	;# 
   254     001B                     CCPR2L          equ	27	;# 
   255     001C                     CCPR2H          equ	28	;# 
   256     001D                     CCP2CON         equ	29	;# 
   257     001E                     ADRESH          equ	30	;# 
   258     001F                     ADCON0          equ	31	;# 
   259     0081                     OPTION_REG      equ	129	;# 
   260     0085                     TRISA           equ	133	;# 
   261     0086                     TRISB           equ	134	;# 
   262     0087                     TRISC           equ	135	;# 
   263     0088                     TRISD           equ	136	;# 
   264     0089                     TRISE           equ	137	;# 
   265     008C                     PIE1            equ	140	;# 
   266     008D                     PIE2            equ	141	;# 
   267     008E                     PCON            equ	142	;# 
   268     008F                     OSCCON          equ	143	;# 
   269     0090                     OSCTUNE         equ	144	;# 
   270     0091                     SSPCON2         equ	145	;# 
   271     0092                     PR2             equ	146	;# 
   272     0093                     SSPADD          equ	147	;# 
   273     0093                     SSPMSK          equ	147	;# 
   274     0093                     MSK             equ	147	;# 
   275     0094                     SSPSTAT         equ	148	;# 
   276     0095                     WPUB            equ	149	;# 
   277     0096                     IOCB            equ	150	;# 
   278     0097                     VRCON           equ	151	;# 
   279     0098                     TXSTA           equ	152	;# 
   280     0099                     SPBRG           equ	153	;# 
   281     009A                     SPBRGH          equ	154	;# 
   282     009B                     PWM1CON         equ	155	;# 
   283     009C                     ECCPAS          equ	156	;# 
   284     009D                     PSTRCON         equ	157	;# 
   285     009E                     ADRESL          equ	158	;# 
   286     009F                     ADCON1          equ	159	;# 
   287     0105                     WDTCON          equ	261	;# 
   288     0107                     CM1CON0         equ	263	;# 
   289     0108                     CM2CON0         equ	264	;# 
   290     0109                     CM2CON1         equ	265	;# 
   291     010C                     EEDATA          equ	268	;# 
   292     010C                     EEDAT           equ	268	;# 
   293     010D                     EEADR           equ	269	;# 
   294     010E                     EEDATH          equ	270	;# 
   295     010F                     EEADRH          equ	271	;# 
   296     0185                     SRCON           equ	389	;# 
   297     0187                     BAUDCTL         equ	391	;# 
   298     0188                     ANSEL           equ	392	;# 
   299     0189                     ANSELH          equ	393	;# 
   300     018C                     EECON1          equ	396	;# 
   301     018D                     EECON2          equ	397	;# 
   302                           
   303                           	psect	idataBANK0
   304     07FC                     __pidataBANK0:
   305                           
   306                           ;initializer for _op
   307     07FC  3476               	retlw	118
   308                           
   309                           	psect	idataBANK1
   310     0F85                     __pidataBANK1:
   311                           
   312                           ;initializer for main@F1772
   313     0F85  3407               	retlw	7
   314     0F86  3400               	retlw	0
   315     0F87  341A               	retlw	26
   316     0F88  342C               	retlw	44
   317     0F89  343E               	retlw	62
   318     001E                     _ADRESH         set	30
   319     001F                     _ADCON0         set	31
   320     0006                     _PORTB          set	6
   321     0005                     _PORTA          set	5
   322     0007                     _PORTC          set	7
   323     0059                     _INTF           set	89
   324     005C                     _INTE           set	92
   325     005F                     _GIE            set	95
   326     00F9                     _GO_nDONE       set	249
   327     0081                     _OPTION_REG     set	129
   328     009E                     _ADRESL         set	158
   329     009F                     _ADCON1         set	159
   330     0087                     _TRISC          set	135
   331     0086                     _TRISB          set	134
   332     0085                     _TRISA          set	133
   333     040E                     _INTEDG         set	1038
   334     0189                     _ANSELH         set	393
   335     0188                     _ANSEL          set	392
   336                           
   337                           	psect	strings
   338     0738                     __pstrings:
   339     0738                     stringtab:
   340     0738                     __stringtab:
   341                           
   342                           ;	String table - string pointers are 1 byte each
   343     0738  1BFF               	btfsc	btemp+1,7
   344     0739  2F42               	ljmp	stringcode
   345     073A  1383               	bcf	3,7
   346     073B  187F               	btfsc	btemp+1,0
   347     073C  1783               	bsf	3,7
   348     073D  0800               	movf	0,w
   349     073E  0A84               	incf	4,f
   350     073F  1903               	skipnz
   351     0740  0AFF               	incf	btemp+1,f
   352     0741  0008               	return
   353     0742                     stringcode:
   354     0742                     stringdir:
   355     0742  3007               	movlw	high stringdir
   356     0743  008A               	movwf	10
   357     0744  0804               	movf	4,w
   358     0745  0A84               	incf	4,f
   359     0746  0782               	addwf	2,f
   360     0747                     __stringbase:
   361     0747  3400               	retlw	0
   362     0748                     __end_of__stringtab:
   363     0748                     STR_3:
   364     0748  3450               	retlw	80	;'P'
   365     0749  346F               	retlw	111	;'o'
   366     074A  3472               	retlw	114	;'r'
   367     074B  3463               	retlw	99	;'c'
   368     074C  3465               	retlw	101	;'e'
   369     074D  346E               	retlw	110	;'n'
   370     074E  3474               	retlw	116	;'t'
   371     074F  3461               	retlw	97	;'a'
   372     0750  346A               	retlw	106	;'j'
   373     0751  3465               	retlw	101	;'e'
   374     0752  343A               	retlw	58	;':'
   375     0753  3420               	retlw	32	;' '
   376     0754  3400               	retlw	0
   377     0755                     STR_1:
   378     0755  3456               	retlw	86	;'V'
   379     0756  346F               	retlw	111	;'o'
   380     0757  346C               	retlw	108	;'l'
   381     0758  3474               	retlw	116	;'t'
   382     0759  3461               	retlw	97	;'a'
   383     075A  346A               	retlw	106	;'j'
   384     075B  3465               	retlw	101	;'e'
   385     075C  343A               	retlw	58	;':'
   386     075D  3420               	retlw	32	;' '
   387     075E  3400               	retlw	0
   388     075F                     STR_5:
   389     075F  3441               	retlw	65	;'A'
   390     0760  3444               	retlw	68	;'D'
   391     0761  3443               	retlw	67	;'C'
   392     0762  343A               	retlw	58	;':'
   393     0763  3420               	retlw	32	;' '
   394     0764  3400               	retlw	0
   395     0765                     STR_6:
   396     0765  3425               	retlw	37	;'%'
   397     0766  3475               	retlw	117	;'u'
   398     0767  3420               	retlw	32	;' '
   399     0768  3425               	retlw	37	;'%'
   400     0769  3425               	retlw	37	;'%'
   401     076A  3400               	retlw	0
   402     076B                     STR_2:
   403     076B  3425               	retlw	37	;'%'
   404     076C  3475               	retlw	117	;'u'
   405     076D  342E               	retlw	46	;'.'
   406     076E  3425               	retlw	37	;'%'
   407     076F  3475               	retlw	117	;'u'
   408     0770  3400               	retlw	0
   409     0771                     STR_4:
   410     0771  3425               	retlw	37	;'%'
   411     0772  3475               	retlw	117	;'u'
   412     0773  3420               	retlw	32	;' '
   413     0774  3425               	retlw	37	;'%'
   414     0775  3400               	retlw	0
   415                           
   416                           	psect	cinit
   417     000F                     start_initialization:	
   418                           ; #config settings
   419                           
   420     000F                     __initialization:
   421                           
   422                           ; Initialize objects allocated to BANK1
   423     000F  1683               	bsf	3,5	;RP0=1, select bank1
   424     0010  1303               	bcf	3,6	;RP1=0, select bank1
   425     0011  120A  158A  2785  120A  118A  	fcall	__pidataBANK1	;fetch initializer
   426     0016  00C5               	movwf	__pdataBANK1& (0+127)
   427     0017  120A  158A  2786  120A  118A  	fcall	__pidataBANK1+1	;fetch initializer
   428     001C  00C6               	movwf	(__pdataBANK1+1)& (0+127)
   429     001D  120A  158A  2787  120A  118A  	fcall	__pidataBANK1+2	;fetch initializer
   430     0022  00C7               	movwf	(__pdataBANK1+2)& (0+127)
   431     0023  120A  158A  2788  120A  118A  	fcall	__pidataBANK1+3	;fetch initializer
   432     0028  00C8               	movwf	(__pdataBANK1+3)& (0+127)
   433     0029  120A  158A  2789  120A  118A  	fcall	__pidataBANK1+4	;fetch initializer
   434     002E  00C9               	movwf	(__pdataBANK1+4)& (0+127)
   435                           
   436                           ; Initialize objects allocated to BANK0
   437     002F  1283               	bcf	3,5	;RP0=0, select bank0
   438     0030  1303               	bcf	3,6	;RP1=0, select bank0
   439     0031  120A  118A  27FC  120A  118A  	fcall	__pidataBANK0	;fetch initializer
   440     0036  00EF               	movwf	__pdataBANK0& (0+127)
   441                           
   442                           ; Clear objects allocated to BANK1
   443     0037  1383               	bcf	3,7	;select IRP bank0
   444     0038  30A0               	movlw	low __pbssBANK1
   445     0039  0084               	movwf	4
   446     003A  30C5               	movlw	low (__pbssBANK1+37)
   447     003B  120A  158A  278A  120A  118A  	fcall	clear_ram0
   448                           
   449                           ; Clear objects allocated to BANK0
   450     0040  01ED               	clrf	__pbssBANK0& (0+127)
   451     0041  01EE               	clrf	(__pbssBANK0+1)& (0+127)
   452                           
   453                           ; Clear objects allocated to COMMON
   454     0042  01F8               	clrf	__pbssCOMMON& (0+127)
   455     0043  01F9               	clrf	(__pbssCOMMON+1)& (0+127)
   456     0044  01FA               	clrf	(__pbssCOMMON+2)& (0+127)
   457     0045                     end_of_initialization:	
   458                           ;End of C runtime variable initialization code
   459                           
   460     0045                     __end_of__initialization:
   461     0045  0183               	clrf	3
   462     0046  120A  118A  2849   	ljmp	_main	;jump to C main() function
   463                           
   464                           	psect	bssCOMMON
   465     0078                     __pbssCOMMON:
   466     0078                     _prec:
   467     0078                     	ds	2
   468     007A                     _flags:
   469     007A                     	ds	1
   470                           
   471                           	psect	bssBANK0
   472     006D                     __pbssBANK0:
   473     006D                     _width:
   474     006D                     	ds	2
   475                           
   476                           	psect	dataBANK0
   477     006F                     __pdataBANK0:
   478     006F                     _op:
   479     006F                     	ds	1
   480                           
   481                           	psect	bssBANK1
   482     00A0                     __pbssBANK1:
   483     00A0                     _dbuf:
   484     00A0                     	ds	32
   485     00C0                     _lcd:
   486     00C0                     	ds	5
   487                           
   488                           	psect	dataBANK1
   489     00C5                     __pdataBANK1:
   490     00C5                     main@F1772:
   491     00C5                     	ds	5
   492                           
   493                           	psect	clrtext
   494     0F8A                     clear_ram0:	
   495                           ;	Called with FSR containing the base address, and
   496                           ;	W with the last address+1
   497                           
   498     0F8A  0064               	clrwdt	;clear the watchdog before getting into this loop
   499     0F8B                     clrloop0:
   500     0F8B  0180               	clrf	0	;clear RAM location pointed to by FSR
   501     0F8C  0A84               	incf	4,f	;increment pointer
   502     0F8D  0604               	xorwf	4,w	;XOR with final address
   503     0F8E  1903               	btfsc	3,2	;have we reached the end yet?
   504     0F8F  3400               	retlw	0	;all done for this memory range, return
   505     0F90  0604               	xorwf	4,w	;XOR again to restore value
   506     0F91  2F8B               	goto	clrloop0	;do the next byte
   507                           
   508                           	psect	cstackCOMMON
   509     0070                     __pcstackCOMMON:
   510     0070                     ?_putch:
   511     0070                     ?_LCD_Out:	
   512                           ; 1 bytes @ 0x0
   513                           
   514     0070                     ?_LCD_Write:	
   515                           ; 1 bytes @ 0x0
   516                           
   517     0070                     ?_LCD_putc:	
   518                           ; 1 bytes @ 0x0
   519                           
   520     0070                     ?_ADC_Init:	
   521                           ; 1 bytes @ 0x0
   522                           
   523     0070                     ?_change:	
   524                           ; 1 bytes @ 0x0
   525                           
   526     0070                     ?_main:	
   527                           ; 1 bytes @ 0x0
   528                           
   529     0070                     ?_ISR:	
   530                           ; 1 bytes @ 0x0
   531                           
   532     0070                     change@op:	
   533                           ; 1 bytes @ 0x0
   534                           
   535     0070                     putch@c:	
   536                           ; 1 bytes @ 0x0
   537                           
   538     0070                     ??_change:	
   539                           ; 1 bytes @ 0x0
   540                           
   541                           
   542                           ; 1 bytes @ 0x0
   543     0070                     	ds	1
   544     0071                     ??_ISR:
   545                           
   546                           ; 1 bytes @ 0x1
   547     0071                     	ds	2
   548     0073                     ?_fputc:
   549     0073                     ?_ADC_Read:	
   550                           ; 2 bytes @ 0x3
   551                           
   552     0073                     ?___wmul:	
   553                           ; 2 bytes @ 0x3
   554                           
   555     0073                     ?___lwmod:	
   556                           ; 2 bytes @ 0x3
   557                           
   558     0073                     ___wmul@multiplier:	
   559                           ; 2 bytes @ 0x3
   560                           
   561     0073                     ___lwmod@divisor:	
   562                           ; 2 bytes @ 0x3
   563                           
   564     0073                     fputc@c:	
   565                           ; 2 bytes @ 0x3
   566                           
   567     0073                     ??_putch:	
   568                           ; 2 bytes @ 0x3
   569                           
   570     0073                     ??_LCD_Out:	
   571                           ; 1 bytes @ 0x3
   572                           
   573     0073                     ??_ADC_Init:	
   574                           ; 1 bytes @ 0x3
   575                           
   576     0073                     ??___lmul:	
   577                           ; 1 bytes @ 0x3
   578                           
   579                           
   580                           ; 1 bytes @ 0x3
   581     0073                     	ds	1
   582     0074                     ___lmul@product:
   583                           
   584                           ; 4 bytes @ 0x4
   585     0074                     	ds	1
   586     0075                     LCD_Out@c:
   587     0075                     ___wmul@multiplicand:	
   588                           ; 1 bytes @ 0x5
   589                           
   590     0075                     ___lwmod@dividend:	
   591                           ; 2 bytes @ 0x5
   592                           
   593     0075                     fputc@fp:	
   594                           ; 2 bytes @ 0x5
   595                           
   596     0075                     ??_ADC_Read:	
   597                           ; 2 bytes @ 0x5
   598                           
   599                           
   600                           ; 1 bytes @ 0x5
   601     0075                     	ds	1
   602     0076                     ??_LCD_Write:
   603     0076                     ??_LCD_putc:	
   604                           ; 1 bytes @ 0x6
   605                           
   606                           
   607                           ; 1 bytes @ 0x6
   608     0076                     	ds	1
   609     0077                     ___lwmod@counter:
   610     0077                     ??___wmul:	
   611                           ; 1 bytes @ 0x7
   612                           
   613     0077                     ??___lwdiv:	
   614                           ; 1 bytes @ 0x7
   615                           
   616     0077                     ??___lwmod:	
   617                           ; 1 bytes @ 0x7
   618                           
   619                           
   620                           ; 1 bytes @ 0x7
   621     0077                     	ds	1
   622     0078                     ??_vfprintf:
   623                           
   624                           	psect	cstackBANK0
   625     0020                     __pcstackBANK0:	
   626                           ; 1 bytes @ 0x8
   627                           
   628     0020                     ?___lmul:
   629     0020                     LCD_Write@c:	
   630                           ; 4 bytes @ 0x0
   631                           
   632     0020                     LCD_putc@c:	
   633                           ; 1 bytes @ 0x0
   634                           
   635     0020                     ___wmul@product:	
   636                           ; 1 bytes @ 0x0
   637                           
   638     0020                     ___lmul@multiplier:	
   639                           ; 2 bytes @ 0x0
   640                           
   641     0020                     ??_fputc:	
   642                           ; 4 bytes @ 0x0
   643                           
   644                           
   645                           ; 1 bytes @ 0x0
   646     0020                     	ds	1
   647     0021                     ?_LCD_Init:
   648     0021                     ?_LCD_putrs:	
   649                           ; 1 bytes @ 0x1
   650                           
   651     0021                     LCD_putrs@a:	
   652                           ; 1 bytes @ 0x1
   653                           
   654     0021                     LCD_Init@display:	
   655                           ; 2 bytes @ 0x1
   656                           
   657                           
   658                           ; 5 bytes @ 0x1
   659     0021                     	ds	1
   660     0022                     ?___lwdiv:
   661     0022                     ___lwdiv@divisor:	
   662                           ; 2 bytes @ 0x2
   663                           
   664                           
   665                           ; 2 bytes @ 0x2
   666     0022                     	ds	1
   667     0023                     ??_LCD_putrs:
   668                           
   669                           ; 1 bytes @ 0x3
   670     0023                     	ds	1
   671     0024                     ___lwdiv@dividend:
   672     0024                     ___lmul@multiplicand:	
   673                           ; 2 bytes @ 0x4
   674                           
   675                           
   676                           ; 4 bytes @ 0x4
   677     0024                     	ds	2
   678     0026                     LCD_putrs@i:
   679     0026                     ___lwdiv@quotient:	
   680                           ; 2 bytes @ 0x6
   681                           
   682     0026                     ??_LCD_Init:	
   683                           ; 2 bytes @ 0x6
   684                           
   685                           
   686                           ; 1 bytes @ 0x6
   687     0026                     	ds	2
   688     0028                     ?___aldiv:
   689     0028                     LCD_Init@cmd:	
   690                           ; 4 bytes @ 0x8
   691                           
   692     0028                     ___lwdiv@counter:	
   693                           ; 1 bytes @ 0x8
   694                           
   695     0028                     ___aldiv@divisor:	
   696                           ; 1 bytes @ 0x8
   697                           
   698                           
   699                           ; 4 bytes @ 0x8
   700     0028                     	ds	1
   701     0029                     ?_vfpfcnvrt:
   702     0029                     vfpfcnvrt@fp:	
   703                           ; 1 bytes @ 0x9
   704                           
   705                           
   706                           ; 2 bytes @ 0x9
   707     0029                     	ds	2
   708     002B                     vfpfcnvrt@fmt:
   709                           
   710                           ; 1 bytes @ 0xB
   711     002B                     	ds	1
   712     002C                     vfpfcnvrt@ap:
   713     002C                     ___aldiv@dividend:	
   714                           ; 1 bytes @ 0xC
   715                           
   716                           
   717                           ; 4 bytes @ 0xC
   718     002C                     	ds	1
   719     002D                     ??_vfpfcnvrt:
   720                           
   721                           ; 1 bytes @ 0xD
   722     002D                     	ds	2
   723     002F                     vfpfcnvrt@convarg:
   724                           
   725                           ; 4 bytes @ 0xF
   726     002F                     	ds	1
   727     0030                     ??___aldiv:
   728                           
   729                           ; 1 bytes @ 0x10
   730     0030                     	ds	1
   731     0031                     ___aldiv@counter:
   732                           
   733                           ; 1 bytes @ 0x11
   734     0031                     	ds	1
   735     0032                     ___aldiv@sign:
   736                           
   737                           ; 1 bytes @ 0x12
   738     0032                     	ds	1
   739     0033                     vfpfcnvrt@cp:
   740     0033                     ___aldiv@quotient:	
   741                           ; 1 bytes @ 0x13
   742                           
   743                           
   744                           ; 4 bytes @ 0x13
   745     0033                     	ds	1
   746     0034                     vfpfcnvrt@c:
   747                           
   748                           ; 1 bytes @ 0x14
   749     0034                     	ds	1
   750     0035                     ?_vfprintf:
   751     0035                     vfprintf@fp:	
   752                           ; 2 bytes @ 0x15
   753                           
   754                           
   755                           ; 2 bytes @ 0x15
   756     0035                     	ds	2
   757     0037                     vfprintf@fmt:
   758                           
   759                           ; 1 bytes @ 0x17
   760     0037                     	ds	1
   761     0038                     vfprintf@ap:
   762                           
   763                           ; 1 bytes @ 0x18
   764     0038                     	ds	1
   765     0039                     vfprintf@cfmt:
   766                           
   767                           ; 1 bytes @ 0x19
   768     0039                     	ds	1
   769     003A                     ?_sprintf:
   770     003A                     sprintf@s:	
   771                           ; 2 bytes @ 0x1A
   772                           
   773                           
   774                           ; 1 bytes @ 0x1A
   775     003A                     	ds	1
   776     003B                     sprintf@fmt:
   777                           
   778                           ; 1 bytes @ 0x1B
   779     003B                     	ds	5
   780     0040                     ??_sprintf:
   781                           
   782                           ; 1 bytes @ 0x20
   783     0040                     	ds	1
   784     0041                     sprintf@ap:
   785                           
   786                           ; 1 bytes @ 0x21
   787     0041                     	ds	1
   788     0042                     sprintf@f:
   789                           
   790                           ; 11 bytes @ 0x22
   791     0042                     	ds	11
   792     004D                     ??_main:
   793                           
   794                           ; 1 bytes @ 0x2D
   795     004D                     	ds	3
   796     0050                     main@buffer:
   797                           
   798                           ; 10 bytes @ 0x30
   799     0050                     	ds	10
   800     005A                     main@screen:
   801                           
   802                           ; 5 bytes @ 0x3A
   803     005A                     	ds	5
   804     005F                     main@adc_result:
   805                           
   806                           ; 2 bytes @ 0x3F
   807     005F                     	ds	2
   808     0061                     main@part_ent:
   809                           
   810                           ; 2 bytes @ 0x41
   811     0061                     	ds	2
   812     0063                     main@part_dec:
   813                           
   814                           ; 2 bytes @ 0x43
   815     0063                     	ds	2
   816     0065                     main@adc_result_150:
   817                           
   818                           ; 2 bytes @ 0x45
   819     0065                     	ds	2
   820     0067                     main@percent:
   821                           
   822                           ; 2 bytes @ 0x47
   823     0067                     	ds	2
   824     0069                     main@adc_result_154:
   825                           
   826                           ; 2 bytes @ 0x49
   827     0069                     	ds	2
   828     006B                     main@volt:
   829                           
   830                           ; 2 bytes @ 0x4B
   831     006B                     	ds	2
   832                           
   833                           	psect	maintext
   834     0049                     __pmaintext:	
   835 ;;
   836 ;;Main: autosize = 0, tempsize = 3, incstack = 0, save=0
   837 ;;
   838 ;; *************** function _main *****************
   839 ;; Defined at:
   840 ;;		line 74 in file "main.c"
   841 ;; Parameters:    Size  Location     Type
   842 ;;		None
   843 ;; Auto vars:     Size  Location     Type
   844 ;;  adc_result      2   73[BANK0 ] unsigned int 
   845 ;;  percent         2   71[BANK0 ] unsigned int 
   846 ;;  adc_result      2   69[BANK0 ] unsigned int 
   847 ;;  volt            2   75[BANK0 ] unsigned int 
   848 ;;  part_dec        2   67[BANK0 ] unsigned int 
   849 ;;  part_ent        2   65[BANK0 ] unsigned int 
   850 ;;  adc_result      2   63[BANK0 ] unsigned int 
   851 ;;  buffer         10   48[BANK0 ] unsigned char [10]
   852 ;;  screen          5   58[BANK0 ] struct .
   853 ;; Return value:  Size  Location     Type
   854 ;;                  1    wreg      void 
   855 ;; Registers used:
   856 ;;		wreg, fsr0l, fsr0h, status,2, status,0, pclath, btemp1, cstack
   857 ;; Tracked objects:
   858 ;;		On entry : B00/0
   859 ;;		On exit  : 0/0
   860 ;;		Unchanged: 0/0
   861 ;; Data sizes:     COMMON   BANK0   BANK1   BANK3   BANK2
   862 ;;      Params:         0       0       0       0       0
   863 ;;      Locals:         0      29       0       0       0
   864 ;;      Temps:          0       3       0       0       0
   865 ;;      Totals:         0      32       0       0       0
   866 ;;Total ram usage:       32 bytes
   867 ;; Hardware stack levels required when called: 7
   868 ;; This function calls:
   869 ;;		_ADC_Init
   870 ;;		_ADC_Read
   871 ;;		_LCD_Init
   872 ;;		_LCD_Write
   873 ;;		_LCD_putrs
   874 ;;		___aldiv
   875 ;;		___lmul
   876 ;;		___lwdiv
   877 ;;		___lwmod
   878 ;;		___wmul
   879 ;;		_sprintf
   880 ;; This function is called by:
   881 ;;		Startup code after reset
   882 ;; This function uses a non-reentrant model
   883 ;;
   884                           
   885     0049                     _main:	
   886                           ;psect for function _main
   887                           
   888     0049                     l2112:	
   889                           ;incstack = 0
   890                           ; Regs used in _main: [wreg-fsr0h+status,2+status,0+pclath+btemp1+cstack]
   891                           
   892                           
   893                           ;main.c: 75:     ADC_Init();
   894     0049  120A  158A  2792  120A  118A  	fcall	_ADC_Init
   895     004E                     l2114:
   896                           
   897                           ;main.c: 78:     ANSELH = 0;
   898     004E  1683               	bsf	3,5	;RP0=1, select bank3
   899     004F  1703               	bsf	3,6	;RP1=1, select bank3
   900     0050  0189               	clrf	9	;volatile
   901     0051                     l2116:
   902                           
   903                           ;main.c: 80:     OPTION_REG = OPTION_REG & 0b01111111;
   904     0051  1683               	bsf	3,5	;RP0=1, select bank1
   905     0052  1303               	bcf	3,6	;RP1=0, select bank1
   906     0053  0801               	movf	1,w	;volatile
   907     0054  397F               	andlw	127
   908     0055  0081               	movwf	1	;volatile
   909     0056                     l2118:
   910                           
   911                           ;main.c: 82:     TRISB = 0xFF;
   912     0056  30FF               	movlw	255
   913     0057  0086               	movwf	6	;volatile
   914     0058                     l2120:
   915                           
   916                           ;main.c: 84:     GIE = 1;
   917     0058  178B               	bsf	11,7	;volatile
   918     0059                     l2122:
   919                           
   920                           ;main.c: 85:     INTE = 1;
   921     0059  160B               	bsf	11,4	;volatile
   922     005A                     l2124:
   923                           
   924                           ;main.c: 86:     INTEDG = 0;
   925     005A  1301               	bcf	1,6	;volatile
   926     005B                     l2126:
   927                           
   928                           ;main.c: 89:     LCD screen = {&PORTC,2,3,4,5,6,7};
   929     005B  305A               	movlw	main@screen& (0+255)
   930     005C  0084               	movwf	4
   931     005D  0845               	movf	main@F1772^(0+128),w
   932     005E  1383               	bcf	3,7	;select IRP bank0
   933     005F  0080               	movwf	0
   934     0060  0A84               	incf	4,f
   935     0061  0846               	movf	(main@F1772^(0+128)+1),w
   936     0062  0080               	movwf	0
   937     0063  0A84               	incf	4,f
   938     0064  0847               	movf	(main@F1772^(0+128)+2),w
   939     0065  0080               	movwf	0
   940     0066  0A84               	incf	4,f
   941     0067  0848               	movf	(main@F1772^(0+128)+3),w
   942     0068  0080               	movwf	0
   943     0069  0A84               	incf	4,f
   944     006A  0849               	movf	(main@F1772^(0+128)+4),w
   945     006B  0080               	movwf	0
   946     006C                     l2128:
   947                           
   948                           ;main.c: 90:     LCD_Init(screen);
   949     006C  3021               	movlw	LCD_Init@display& (0+255)
   950     006D  0084               	movwf	4
   951     006E  1283               	bcf	3,5	;RP0=0, select bank0
   952     006F  1303               	bcf	3,6	;RP1=0, select bank0
   953     0070  085A               	movf	main@screen,w
   954     0071  0080               	movwf	0
   955     0072  0A84               	incf	4,f
   956     0073  085B               	movf	main@screen+1,w
   957     0074  0080               	movwf	0
   958     0075  0A84               	incf	4,f
   959     0076  085C               	movf	main@screen+2,w
   960     0077  0080               	movwf	0
   961     0078  0A84               	incf	4,f
   962     0079  085D               	movf	main@screen+3,w
   963     007A  0080               	movwf	0
   964     007B  0A84               	incf	4,f
   965     007C  085E               	movf	main@screen+4,w
   966     007D  0080               	movwf	0
   967     007E  120A  118A  238A  120A  118A  	fcall	_LCD_Init
   968     0083                     l2130:
   969     0083  3000               	movlw	0
   970     0084  120A  118A  260D  120A  118A  	fcall	_LCD_Write
   971     0089                     l2132:
   972     0089  3001               	movlw	1
   973     008A  120A  118A  260D  120A  118A  	fcall	_LCD_Write
   974     008F                     l140:
   975                           
   976                           ;main.c: 95:         if(op == 'v'){
   977     008F  3076               	movlw	118
   978     0090  1283               	bcf	3,5	;RP0=0, select bank0
   979     0091  1303               	bcf	3,6	;RP1=0, select bank0
   980     0092  066F               	xorwf	_op,w	;volatile
   981     0093  1D03               	btfss	3,2
   982     0094  2896               	goto	u2371
   983     0095  2897               	goto	u2370
   984     0096                     u2371:
   985     0096  2938               	goto	l2166
   986     0097                     u2370:
   987     0097                     l2134:
   988     0097  3008               	movlw	8
   989     0098  120A  118A  260D  120A  118A  	fcall	_LCD_Write
   990     009D  3000               	movlw	0
   991     009E  120A  118A  260D  120A  118A  	fcall	_LCD_Write
   992     00A3                     l2142:
   993                           
   994                           ;main.c: 97:             LCD_putrs("Voltaje: ");
   995     00A3  300E               	movlw	(low ((STR_1-__stringbase)| (0+32768)))& (0+255)
   996     00A4  1283               	bcf	3,5	;RP0=0, select bank0
   997     00A5  1303               	bcf	3,6	;RP1=0, select bank0
   998     00A6  00A1               	movwf	LCD_putrs@a
   999     00A7  3080               	movlw	128
  1000     00A8  00A2               	movwf	LCD_putrs@a+1
  1001     00A9  120A  118A  26AE  120A  118A  	fcall	_LCD_putrs
  1002     00AE                     l2144:
  1003     00AE  3008               	movlw	8
  1004     00AF  120A  118A  260D  120A  118A  	fcall	_LCD_Write
  1005     00B4                     l2146:
  1006     00B4  3009               	movlw	9
  1007     00B5  120A  118A  260D  120A  118A  	fcall	_LCD_Write
  1008     00BA                     l2154:
  1009                           
  1010                           ;main.c: 100:             unsigned int adc_result = ADC_Read();
  1011     00BA  120A  158A  279F  120A  118A  	fcall	_ADC_Read
  1012     00BF  0874               	movf	?_ADC_Read+1,w
  1013     00C0  1283               	bcf	3,5	;RP0=0, select bank0
  1014     00C1  1303               	bcf	3,6	;RP1=0, select bank0
  1015     00C2  00E0               	movwf	main@adc_result+1
  1016     00C3  0873               	movf	?_ADC_Read,w
  1017     00C4  00DF               	movwf	main@adc_result
  1018     00C5                     l2156:
  1019                           
  1020                           ;main.c: 102:             unsigned int volt = (adc_result*50000)/ 1023;
  1021     00C5  3000               	movlw	0
  1022     00C6  00AB               	movwf	___aldiv@divisor+3
  1023     00C7  3000               	movlw	0
  1024     00C8  00AA               	movwf	___aldiv@divisor+2
  1025     00C9  3003               	movlw	3
  1026     00CA  00A9               	movwf	___aldiv@divisor+1
  1027     00CB  30FF               	movlw	255
  1028     00CC  00A8               	movwf	___aldiv@divisor
  1029     00CD  085F               	movf	main@adc_result,w
  1030     00CE  00A0               	movwf	___lmul@multiplier
  1031     00CF  0860               	movf	main@adc_result+1,w
  1032     00D0  00A1               	movwf	___lmul@multiplier+1
  1033     00D1  01A2               	clrf	___lmul@multiplier+2
  1034     00D2  01A3               	clrf	___lmul@multiplier+3
  1035     00D3  3000               	movlw	0
  1036     00D4  00A7               	movwf	___lmul@multiplicand+3
  1037     00D5  3000               	movlw	0
  1038     00D6  00A6               	movwf	___lmul@multiplicand+2
  1039     00D7  30C3               	movlw	195
  1040     00D8  00A5               	movwf	___lmul@multiplicand+1
  1041     00D9  3050               	movlw	80
  1042     00DA  00A4               	movwf	___lmul@multiplicand
  1043     00DB  120A  118A  2666  120A  118A  	fcall	___lmul
  1044     00E0  1283               	bcf	3,5	;RP0=0, select bank0
  1045     00E1  1303               	bcf	3,6	;RP1=0, select bank0
  1046     00E2  0823               	movf	?___lmul+3,w
  1047     00E3  00AF               	movwf	___aldiv@dividend+3
  1048     00E4  0822               	movf	?___lmul+2,w
  1049     00E5  00AE               	movwf	___aldiv@dividend+2
  1050     00E6  0821               	movf	?___lmul+1,w
  1051     00E7  00AD               	movwf	___aldiv@dividend+1
  1052     00E8  0820               	movf	?___lmul,w
  1053     00E9  00AC               	movwf	___aldiv@dividend
  1054     00EA  120A  118A  2574  120A  118A  	fcall	___aldiv
  1055     00EF  1283               	bcf	3,5	;RP0=0, select bank0
  1056     00F0  1303               	bcf	3,6	;RP1=0, select bank0
  1057     00F1  0829               	movf	?___aldiv+1,w
  1058     00F2  00EC               	movwf	main@volt+1
  1059     00F3  0828               	movf	?___aldiv,w
  1060     00F4  00EB               	movwf	main@volt
  1061     00F5                     l2158:
  1062                           
  1063                           ;main.c: 103:             unsigned int part_ent = volt/10000;
  1064     00F5  3010               	movlw	16
  1065     00F6  00A2               	movwf	___lwdiv@divisor
  1066     00F7  3027               	movlw	39
  1067     00F8  00A3               	movwf	___lwdiv@divisor+1
  1068     00F9  086C               	movf	main@volt+1,w
  1069     00FA  00A5               	movwf	___lwdiv@dividend+1
  1070     00FB  086B               	movf	main@volt,w
  1071     00FC  00A4               	movwf	___lwdiv@dividend
  1072     00FD  120A  118A  26F4  120A  118A  	fcall	___lwdiv
  1073     0102  1283               	bcf	3,5	;RP0=0, select bank0
  1074     0103  1303               	bcf	3,6	;RP1=0, select bank0
  1075     0104  0823               	movf	?___lwdiv+1,w
  1076     0105  00E2               	movwf	main@part_ent+1
  1077     0106  0822               	movf	?___lwdiv,w
  1078     0107  00E1               	movwf	main@part_ent
  1079     0108                     l2160:
  1080                           
  1081                           ;main.c: 104:             unsigned int part_dec = volt%10000;
  1082     0108  3010               	movlw	16
  1083     0109  00F3               	movwf	___lwmod@divisor
  1084     010A  3027               	movlw	39
  1085     010B  00F4               	movwf	___lwmod@divisor+1
  1086     010C  086C               	movf	main@volt+1,w
  1087     010D  00F6               	movwf	___lwmod@dividend+1
  1088     010E  086B               	movf	main@volt,w
  1089     010F  00F5               	movwf	___lwmod@dividend
  1090     0110  120A  118A  2776  120A  118A  	fcall	___lwmod
  1091     0115  0874               	movf	?___lwmod+1,w
  1092     0116  1283               	bcf	3,5	;RP0=0, select bank0
  1093     0117  1303               	bcf	3,6	;RP1=0, select bank0
  1094     0118  00E4               	movwf	main@part_dec+1
  1095     0119  0873               	movf	?___lwmod,w
  1096     011A  00E3               	movwf	main@part_dec
  1097     011B                     l2162:
  1098                           
  1099                           ;main.c: 106:             sprintf(buffer, "%u.%u", part_ent,part_dec);
  1100     011B  3050               	movlw	(low (main@buffer| 0))& (0+255)
  1101     011C  00BA               	movwf	sprintf@s
  1102     011D  3024               	movlw	(low ((STR_2-__stringbase)| (0+32768)))& (0+255)
  1103     011E  00BB               	movwf	sprintf@fmt
  1104     011F  0862               	movf	main@part_ent+1,w
  1105     0120  00BD               	movwf	?_sprintf+3
  1106     0121  0861               	movf	main@part_ent,w
  1107     0122  00BC               	movwf	?_sprintf+2
  1108     0123  0864               	movf	main@part_dec+1,w
  1109     0124  00BF               	movwf	?_sprintf+5
  1110     0125  0863               	movf	main@part_dec,w
  1111     0126  00BE               	movwf	?_sprintf+4
  1112     0127  120A  118A  27D9  120A  118A  	fcall	_sprintf
  1113     012C                     l2164:
  1114                           
  1115                           ;main.c: 107:             LCD_putrs(buffer);
  1116     012C  3050               	movlw	(low (main@buffer| 0))& (0+255)
  1117     012D  1283               	bcf	3,5	;RP0=0, select bank0
  1118     012E  1303               	bcf	3,6	;RP1=0, select bank0
  1119     012F  00A1               	movwf	LCD_putrs@a
  1120     0130  3000               	movlw	0
  1121     0131  00A2               	movwf	LCD_putrs@a+1
  1122     0132  120A  118A  26AE  120A  118A  	fcall	_LCD_putrs
  1123                           
  1124                           ;main.c: 109:         }else if(op == 'p'){
  1125     0137  29D8               	goto	l2222
  1126     0138                     l2166:
  1127     0138  3070               	movlw	112
  1128     0139  066F               	xorwf	_op,w	;volatile
  1129     013A  1D03               	btfss	3,2
  1130     013B  293D               	goto	u2381
  1131     013C  293E               	goto	u2380
  1132     013D                     u2381:
  1133     013D  299C               	goto	l2196
  1134     013E                     u2380:
  1135     013E                     l2168:
  1136     013E  3008               	movlw	8
  1137     013F  120A  118A  260D  120A  118A  	fcall	_LCD_Write
  1138     0144  3000               	movlw	0
  1139     0145  120A  118A  260D  120A  118A  	fcall	_LCD_Write
  1140     014A                     l2176:
  1141                           
  1142                           ;main.c: 111:             LCD_putrs("Porcentaje: ");
  1143     014A  3001               	movlw	(low ((STR_3-__stringbase)| (0+32768)))& (0+255)
  1144     014B  1283               	bcf	3,5	;RP0=0, select bank0
  1145     014C  1303               	bcf	3,6	;RP1=0, select bank0
  1146     014D  00A1               	movwf	LCD_putrs@a
  1147     014E  3080               	movlw	128
  1148     014F  00A2               	movwf	LCD_putrs@a+1
  1149     0150  120A  118A  26AE  120A  118A  	fcall	_LCD_putrs
  1150     0155                     l2178:
  1151     0155  3008               	movlw	8
  1152     0156  120A  118A  260D  120A  118A  	fcall	_LCD_Write
  1153     015B                     l2180:
  1154     015B  300C               	movlw	12
  1155     015C  120A  118A  260D  120A  118A  	fcall	_LCD_Write
  1156     0161                     l2188:
  1157                           
  1158                           ;main.c: 114:             unsigned int adc_result = ADC_Read();
  1159     0161  120A  158A  279F  120A  118A  	fcall	_ADC_Read
  1160     0166  0874               	movf	?_ADC_Read+1,w
  1161     0167  1283               	bcf	3,5	;RP0=0, select bank0
  1162     0168  1303               	bcf	3,6	;RP1=0, select bank0
  1163     0169  00E6               	movwf	main@adc_result_150+1
  1164     016A  0873               	movf	?_ADC_Read,w
  1165     016B  00E5               	movwf	main@adc_result_150
  1166     016C                     l2190:
  1167                           
  1168                           ;main.c: 115:             unsigned int percent = adc_result*100/1023;
  1169     016C  30FF               	movlw	255
  1170     016D  00A2               	movwf	___lwdiv@divisor
  1171     016E  3003               	movlw	3
  1172     016F  00A3               	movwf	___lwdiv@divisor+1
  1173     0170  0866               	movf	main@adc_result_150+1,w
  1174     0171  00F4               	movwf	___wmul@multiplier+1
  1175     0172  0865               	movf	main@adc_result_150,w
  1176     0173  00F3               	movwf	___wmul@multiplier
  1177     0174  3064               	movlw	100
  1178     0175  00F5               	movwf	___wmul@multiplicand
  1179     0176  3000               	movlw	0
  1180     0177  00F6               	movwf	___wmul@multiplicand+1
  1181     0178  120A  118A  27AE  120A  118A  	fcall	___wmul
  1182     017D  0874               	movf	?___wmul+1,w
  1183     017E  1283               	bcf	3,5	;RP0=0, select bank0
  1184     017F  1303               	bcf	3,6	;RP1=0, select bank0
  1185     0180  00A5               	movwf	___lwdiv@dividend+1
  1186     0181  0873               	movf	?___wmul,w
  1187     0182  00A4               	movwf	___lwdiv@dividend
  1188     0183  120A  118A  26F4  120A  118A  	fcall	___lwdiv
  1189     0188  1283               	bcf	3,5	;RP0=0, select bank0
  1190     0189  1303               	bcf	3,6	;RP1=0, select bank0
  1191     018A  0823               	movf	?___lwdiv+1,w
  1192     018B  00E8               	movwf	main@percent+1
  1193     018C  0822               	movf	?___lwdiv,w
  1194     018D  00E7               	movwf	main@percent
  1195     018E                     l2192:
  1196                           
  1197                           ;main.c: 117:             sprintf(buffer, "%u %", percent);
  1198     018E  3050               	movlw	(low (main@buffer| 0))& (0+255)
  1199     018F  00BA               	movwf	sprintf@s
  1200     0190  302A               	movlw	(low ((STR_4-__stringbase)| (0+32768)))& (0+255)
  1201     0191  00BB               	movwf	sprintf@fmt
  1202     0192  0868               	movf	main@percent+1,w
  1203     0193  00BD               	movwf	?_sprintf+3
  1204     0194  0867               	movf	main@percent,w
  1205     0195  00BC               	movwf	?_sprintf+2
  1206     0196  120A  118A  27D9  120A  118A  	fcall	_sprintf
  1207     019B  292C               	goto	l2164
  1208     019C                     l2196:
  1209     019C  3008               	movlw	8
  1210     019D  120A  118A  260D  120A  118A  	fcall	_LCD_Write
  1211     01A2  3000               	movlw	0
  1212     01A3  120A  118A  260D  120A  118A  	fcall	_LCD_Write
  1213     01A8                     l2204:
  1214                           
  1215                           ;main.c: 122:             LCD_putrs("ADC: ");
  1216     01A8  3018               	movlw	(low ((STR_5-__stringbase)| (0+32768)))& (0+255)
  1217     01A9  1283               	bcf	3,5	;RP0=0, select bank0
  1218     01AA  1303               	bcf	3,6	;RP1=0, select bank0
  1219     01AB  00A1               	movwf	LCD_putrs@a
  1220     01AC  3080               	movlw	128
  1221     01AD  00A2               	movwf	LCD_putrs@a+1
  1222     01AE  120A  118A  26AE  120A  118A  	fcall	_LCD_putrs
  1223     01B3                     l2206:
  1224     01B3  3008               	movlw	8
  1225     01B4  120A  118A  260D  120A  118A  	fcall	_LCD_Write
  1226     01B9                     l2208:
  1227     01B9  3005               	movlw	5
  1228     01BA  120A  118A  260D  120A  118A  	fcall	_LCD_Write
  1229     01BF                     l2216:
  1230                           
  1231                           ;main.c: 125:             unsigned int adc_result = ADC_Read();
  1232     01BF  120A  158A  279F  120A  118A  	fcall	_ADC_Read
  1233     01C4  0874               	movf	?_ADC_Read+1,w
  1234     01C5  1283               	bcf	3,5	;RP0=0, select bank0
  1235     01C6  1303               	bcf	3,6	;RP1=0, select bank0
  1236     01C7  00EA               	movwf	main@adc_result_154+1
  1237     01C8  0873               	movf	?_ADC_Read,w
  1238     01C9  00E9               	movwf	main@adc_result_154
  1239     01CA                     l2218:
  1240                           
  1241                           ;main.c: 126:             sprintf(buffer, "%u %%", adc_result);
  1242     01CA  3050               	movlw	(low (main@buffer| 0))& (0+255)
  1243     01CB  00BA               	movwf	sprintf@s
  1244     01CC  301E               	movlw	(low ((STR_6-__stringbase)| (0+32768)))& (0+255)
  1245     01CD  00BB               	movwf	sprintf@fmt
  1246     01CE  086A               	movf	main@adc_result_154+1,w
  1247     01CF  00BD               	movwf	?_sprintf+3
  1248     01D0  0869               	movf	main@adc_result_154,w
  1249     01D1  00BC               	movwf	?_sprintf+2
  1250     01D2  120A  118A  27D9  120A  118A  	fcall	_sprintf
  1251     01D7  292C               	goto	l2164
  1252     01D8                     l2222:
  1253                           
  1254                           ;main.c: 129:         _delay((unsigned long)((100)*(8000000/4000.0)));
  1255     01D8  3002               	movlw	2
  1256     01D9  1283               	bcf	3,5	;RP0=0, select bank0
  1257     01DA  1303               	bcf	3,6	;RP1=0, select bank0
  1258     01DB  00CF               	movwf	??_main+2
  1259     01DC  3004               	movlw	4
  1260     01DD  00CE               	movwf	??_main+1
  1261     01DE  30B9               	movlw	185
  1262     01DF  00CD               	movwf	??_main
  1263     01E0                     u2397:
  1264     01E0  0BCD               	decfsz	??_main,f
  1265     01E1  29E0               	goto	u2397
  1266     01E2  0BCE               	decfsz	??_main+1,f
  1267     01E3  29E0               	goto	u2397
  1268     01E4  0BCF               	decfsz	??_main+2,f
  1269     01E5  29E0               	goto	u2397
  1270     01E6  29E7               	nop2
  1271     01E7  2883               	goto	l2130
  1272     01E8  120A  118A  280C   	ljmp	start
  1273     01EB                     __end_of_main:
  1274                           
  1275                           	psect	text1
  1276     07D9                     __ptext1:	
  1277 ;; *************** function _sprintf *****************
  1278 ;; Defined at:
  1279 ;;		line 9 in file "C:\Program Files\Microchip\xc8\v3.10\pic\sources\c99\common\nf_sprintf.c"
  1280 ;; Parameters:    Size  Location     Type
  1281 ;;  s               1   26[BANK0 ] PTR unsigned char 
  1282 ;;		 -> main@buffer(10), 
  1283 ;;  fmt             1   27[BANK0 ] PTR const unsigned char 
  1284 ;;		 -> STR_6(6), STR_4(5), STR_2(6), 
  1285 ;; Auto vars:     Size  Location     Type
  1286 ;;  f              11   34[BANK0 ] struct _IO_FILE
  1287 ;;  ret             2    0        int 
  1288 ;;  ap              1   33[BANK0 ] PTR void [1]
  1289 ;;		 -> ?_sprintf(2), 
  1290 ;; Return value:  Size  Location     Type
  1291 ;;                  2   26[BANK0 ] int 
  1292 ;; Registers used:
  1293 ;;		wreg, fsr0l, fsr0h, status,2, status,0, pclath, cstack
  1294 ;; Tracked objects:
  1295 ;;		On entry : 0/0
  1296 ;;		On exit  : 0/0
  1297 ;;		Unchanged: 0/0
  1298 ;; Data sizes:     COMMON   BANK0   BANK1   BANK3   BANK2
  1299 ;;      Params:         0       6       0       0       0
  1300 ;;      Locals:         0      12       0       0       0
  1301 ;;      Temps:          0       1       0       0       0
  1302 ;;      Totals:         0      19       0       0       0
  1303 ;;Total ram usage:       19 bytes
  1304 ;; Hardware stack levels used: 1
  1305 ;; Hardware stack levels required when called: 6
  1306 ;; This function calls:
  1307 ;;		_vfprintf
  1308 ;; This function is called by:
  1309 ;;		_main
  1310 ;; This function uses a non-reentrant model
  1311 ;;
  1312                           
  1313     07D9                     _sprintf:	
  1314                           ;psect for function _sprintf
  1315                           
  1316     07D9                     l2030:	
  1317                           ;incstack = 0
  1318                           ; Regs used in _sprintf: [wreg-fsr0h+status,2+status,0+pclath+cstack]
  1319                           
  1320     07D9  303C               	movlw	(low ((?_sprintf| 0+2)))& (0+255)
  1321     07DA  1283               	bcf	3,5	;RP0=0, select bank0
  1322     07DB  1303               	bcf	3,6	;RP1=0, select bank0
  1323     07DC  00C1               	movwf	sprintf@ap
  1324     07DD                     l2032:
  1325     07DD  083A               	movf	sprintf@s,w
  1326     07DE  00C2               	movwf	sprintf@f
  1327     07DF  3000               	movlw	0
  1328     07E0  00C3               	movwf	sprintf@f+1
  1329     07E1                     l2034:
  1330     07E1  01C4               	clrf	sprintf@f+2
  1331     07E2  01C5               	clrf	sprintf@f+3
  1332     07E3                     l2036:
  1333     07E3  01CB               	clrf	sprintf@f+9
  1334     07E4  01CC               	clrf	sprintf@f+10
  1335     07E5                     l2038:
  1336     07E5  3042               	movlw	low sprintf@f
  1337     07E6  00B5               	movwf	vfprintf@fp
  1338     07E7  3000               	movlw	high sprintf@f
  1339     07E8  00B6               	movwf	vfprintf@fp+1
  1340     07E9  083B               	movf	sprintf@fmt,w
  1341     07EA  00B7               	movwf	vfprintf@fmt
  1342     07EB  3041               	movlw	(low (sprintf@ap| 0))& (0+255)
  1343     07EC  00B8               	movwf	vfprintf@ap
  1344     07ED  120A  158A  27DD  120A  118A  	fcall	_vfprintf
  1345     07F2                     l2040:
  1346     07F2  1283               	bcf	3,5	;RP0=0, select bank0
  1347     07F3  1303               	bcf	3,6	;RP1=0, select bank0
  1348     07F4  0844               	movf	sprintf@f+2,w
  1349     07F5  073A               	addwf	sprintf@s,w
  1350     07F6  00C0               	movwf	??_sprintf
  1351     07F7  0840               	movf	??_sprintf,w
  1352     07F8  0084               	movwf	4
  1353     07F9  1383               	bcf	3,7	;select IRP bank0
  1354     07FA  0180               	clrf	0
  1355     07FB                     l804:
  1356     07FB  0008               	return
  1357     07FC                     __end_of_sprintf:
  1358                           
  1359                           	psect	text2
  1360     0FDD                     __ptext2:	
  1361 ;; *************** function _vfprintf *****************
  1362 ;; Defined at:
  1363 ;;		line 1817 in file "C:\Program Files\Microchip\xc8\v3.10\pic\sources\c99\common\doprnt.c"
  1364 ;; Parameters:    Size  Location     Type
  1365 ;;  fp              2   21[BANK0 ] PTR struct _IO_FILE
  1366 ;;		 -> sprintf@f(11), 
  1367 ;;  fmt             1   23[BANK0 ] PTR const unsigned char 
  1368 ;;		 -> STR_6(6), STR_4(5), STR_2(6), 
  1369 ;;  ap              1   24[BANK0 ] PTR PTR void 
  1370 ;;		 -> sprintf@ap(1), 
  1371 ;; Auto vars:     Size  Location     Type
  1372 ;;  cfmt            1   25[BANK0 ] PTR unsigned char 
  1373 ;;		 -> STR_6(6), STR_4(5), STR_2(6), 
  1374 ;; Return value:  Size  Location     Type
  1375 ;;                  2   21[BANK0 ] int 
  1376 ;; Registers used:
  1377 ;;		wreg, fsr0l, fsr0h, status,2, status,0, pclath, cstack
  1378 ;; Tracked objects:
  1379 ;;		On entry : 0/0
  1380 ;;		On exit  : 0/0
  1381 ;;		Unchanged: 0/0
  1382 ;; Data sizes:     COMMON   BANK0   BANK1   BANK3   BANK2
  1383 ;;      Params:         0       4       0       0       0
  1384 ;;      Locals:         0       1       0       0       0
  1385 ;;      Temps:          0       0       0       0       0
  1386 ;;      Totals:         0       5       0       0       0
  1387 ;;Total ram usage:        5 bytes
  1388 ;; Hardware stack levels used: 1
  1389 ;; Hardware stack levels required when called: 5
  1390 ;; This function calls:
  1391 ;;		_vfpfcnvrt
  1392 ;; This function is called by:
  1393 ;;		_sprintf
  1394 ;; This function uses a non-reentrant model
  1395 ;;
  1396                           
  1397     0FDD                     _vfprintf:	
  1398                           ;psect for function _vfprintf
  1399                           
  1400     0FDD                     l1966:	
  1401                           ;incstack = 0
  1402                           ; Regs used in _vfprintf: [wreg-fsr0h+status,2+status,0+pclath+cstack]
  1403                           
  1404                           
  1405                           ;C:\Program Files\Microchip\xc8\v3.10\pic\sources\c99\common\doprnt.c: 1817: int vfprint
      +                          f(FILE *fp, const char *fmt, va_list ap);C:\Program Files\Microchip\xc8\v3.10\pic\source
      +                          s\c99\common\doprnt.c: 1818: {;C:\Program Files\Microchip\xc8\v3.10\pic\sources\c99\comm
      +                          on\doprnt.c: 1820:     char *cfmt;;C:\Program Files\Microchip\xc8\v3.10\pic\sources\c99\
      +                          common\doprnt.c: 1822:     cfmt = (char *)fmt;
  1406     0FDD  1283               	bcf	3,5	;RP0=0, select bank0
  1407     0FDE  1303               	bcf	3,6	;RP1=0, select bank0
  1408     0FDF  0837               	movf	vfprintf@fmt,w
  1409     0FE0  00B9               	movwf	vfprintf@cfmt
  1410                           
  1411                           ;C:\Program Files\Microchip\xc8\v3.10\pic\sources\c99\common\doprnt.c: 1826:     while (
      +                          *cfmt) {
  1412     0FE1  2FEF               	goto	l1970
  1413     0FE2                     l1968:
  1414                           
  1415                           ;C:\Program Files\Microchip\xc8\v3.10\pic\sources\c99\common\doprnt.c: 1830:    vfpfcnvr
      +                          t(fp, &cfmt, ap);
  1416     0FE2  0835               	movf	vfprintf@fp,w
  1417     0FE3  00A9               	movwf	vfpfcnvrt@fp
  1418     0FE4  0836               	movf	vfprintf@fp+1,w
  1419     0FE5  00AA               	movwf	vfpfcnvrt@fp+1
  1420     0FE6  3039               	movlw	(low (vfprintf@cfmt| 0))& (0+255)
  1421     0FE7  00AB               	movwf	vfpfcnvrt@fmt
  1422     0FE8  0838               	movf	vfprintf@ap,w
  1423     0FE9  00AC               	movwf	vfpfcnvrt@ap
  1424     0FEA  120A  118A  21EB  120A  158A  	fcall	_vfpfcnvrt
  1425     0FEF                     l1970:
  1426                           
  1427                           ;C:\Program Files\Microchip\xc8\v3.10\pic\sources\c99\common\doprnt.c: 1826:     while (
      +                          *cfmt) {
  1428     0FEF  1283               	bcf	3,5	;RP0=0, select bank0
  1429     0FF0  1303               	bcf	3,6	;RP1=0, select bank0
  1430     0FF1  0839               	movf	vfprintf@cfmt,w
  1431     0FF2  0084               	movwf	4
  1432     0FF3  120A  118A  2742  120A  158A  	fcall	stringdir
  1433     0FF8  3A00               	xorlw	0
  1434     0FF9  1D03               	skipz
  1435     0FFA  2FFC               	goto	u2081
  1436     0FFB  2FFD               	goto	u2080
  1437     0FFC                     u2081:
  1438     0FFC  2FE2               	goto	l1968
  1439     0FFD                     u2080:
  1440     0FFD                     l1972:
  1441                           
  1442                           ;C:\Program Files\Microchip\xc8\v3.10\pic\sources\c99\common\doprnt.c: 1835:  return 0;
  1443     0FFD  01B5               	clrf	?_vfprintf
  1444     0FFE  01B6               	clrf	?_vfprintf+1
  1445     0FFF                     l849:
  1446     0FFF  0008               	return
  1447     1000                     __end_of_vfprintf:
  1448                           
  1449                           	psect	text3
  1450     01EB                     __ptext3:	
  1451 ;; *************** function _vfpfcnvrt *****************
  1452 ;; Defined at:
  1453 ;;		line 1177 in file "C:\Program Files\Microchip\xc8\v3.10\pic\sources\c99\common\doprnt.c"
  1454 ;; Parameters:    Size  Location     Type
  1455 ;;  fp              2    9[BANK0 ] PTR struct _IO_FILE
  1456 ;;		 -> sprintf@f(11), 
  1457 ;;  fmt             1   11[BANK0 ] PTR PTR unsigned char 
  1458 ;;		 -> vfprintf@cfmt(1), 
  1459 ;;  ap              1   12[BANK0 ] PTR PTR void 
  1460 ;;		 -> sprintf@ap(1), 
  1461 ;; Auto vars:     Size  Location     Type
  1462 ;;  convarg         4   15[BANK0 ] struct .
  1463 ;;  c               1   20[BANK0 ] unsigned char 
  1464 ;;  cp              1   19[BANK0 ] PTR unsigned char 
  1465 ;;		 -> STR_6(6), STR_4(5), STR_2(6), 
  1466 ;;  done            1    0        _Bool 
  1467 ;; Return value:  Size  Location     Type
  1468 ;;                  1    wreg      void 
  1469 ;; Registers used:
  1470 ;;		wreg, fsr0l, fsr0h, status,2, status,0, pclath, cstack
  1471 ;; Tracked objects:
  1472 ;;		On entry : 0/0
  1473 ;;		On exit  : 0/0
  1474 ;;		Unchanged: 0/0
  1475 ;; Data sizes:     COMMON   BANK0   BANK1   BANK3   BANK2
  1476 ;;      Params:         0       4       0       0       0
  1477 ;;      Locals:         0       6       0       0       0
  1478 ;;      Temps:          0       2       0       0       0
  1479 ;;      Totals:         0      12       0       0       0
  1480 ;;Total ram usage:       12 bytes
  1481 ;; Hardware stack levels used: 1
  1482 ;; Hardware stack levels required when called: 4
  1483 ;; This function calls:
  1484 ;;		___lwdiv
  1485 ;;		___lwmod
  1486 ;;		_fputc
  1487 ;; This function is called by:
  1488 ;;		_vfprintf
  1489 ;; This function uses a non-reentrant model
  1490 ;;
  1491                           
  1492     01EB                     _vfpfcnvrt:	
  1493                           ;psect for function _vfpfcnvrt
  1494                           
  1495     01EB                     l1890:	
  1496                           ;incstack = 0
  1497                           ; Regs used in _vfpfcnvrt: [wreg-fsr0h+status,2+status,0+pclath+cstack]
  1498                           
  1499                           
  1500                           ;C:\Program Files\Microchip\xc8\v3.10\pic\sources\c99\common\doprnt.c: 1177: vfpfcnvrt(F
      +                          ILE *fp, char *fmt[], va_list ap);C:\Program Files\Microchip\xc8\v3.10\pic\sources\c99\c
      +                          ommon\doprnt.c: 1178: {;C:\Program Files\Microchip\xc8\v3.10\pic\sources\c99\common\dopr
      +                          nt.c: 1179:     char c, *cp;;C:\Program Files\Microchip\xc8\v3.10\pic\sources\c99\common
      +                          \doprnt.c: 1180:     _Bool done;;C:\Program Files\Microchip\xc8\v3.10\pic\sources\c99\co
      +                          mmon\doprnt.c: 1188:  } convarg;;C:\Program Files\Microchip\xc8\v3.10\pic\sources\c99\co
      +                          mmon\doprnt.c: 1201:     if ((*fmt)[0] == '%') {
  1501     01EB  1283               	bcf	3,5	;RP0=0, select bank0
  1502     01EC  1303               	bcf	3,6	;RP1=0, select bank0
  1503     01ED  082B               	movf	vfpfcnvrt@fmt,w
  1504     01EE  0084               	movwf	4
  1505     01EF  1383               	bcf	3,7	;select IRP bank0
  1506     01F0  0800               	movf	0,w
  1507     01F1  0084               	movwf	4
  1508     01F2  120A  118A  2742  120A  118A  	fcall	stringdir
  1509     01F7  3A25               	xorlw	37
  1510     01F8  1D03               	skipz
  1511     01F9  29FB               	goto	u1931
  1512     01FA  29FC               	goto	u1930
  1513     01FB                     u1931:
  1514     01FB  2AB6               	goto	l1934
  1515     01FC                     u1930:
  1516     01FC                     l1892:
  1517                           
  1518                           ;C:\Program Files\Microchip\xc8\v3.10\pic\sources\c99\common\doprnt.c: 1202:         ++*
      +                          fmt;
  1519     01FC  082B               	movf	vfpfcnvrt@fmt,w
  1520     01FD  0084               	movwf	4
  1521     01FE  3001               	movlw	1
  1522     01FF  0780               	addwf	0,f
  1523     0200                     l1894:
  1524                           
  1525                           ;C:\Program Files\Microchip\xc8\v3.10\pic\sources\c99\common\doprnt.c: 1204:         fla
      +                          gs = width = 0;
  1526     0200  01ED               	clrf	_width
  1527     0201  01EE               	clrf	_width+1
  1528     0202  3000               	movlw	0
  1529     0203  00FA               	movwf	_flags
  1530     0204                     l1896:
  1531                           
  1532                           ;C:\Program Files\Microchip\xc8\v3.10\pic\sources\c99\common\doprnt.c: 1205:         pre
      +                          c = -1;
  1533     0204  30FF               	movlw	255
  1534     0205  00F8               	movwf	_prec
  1535     0206  30FF               	movlw	255
  1536     0207  00F9               	movwf	_prec+1
  1537     0208                     l1898:
  1538                           
  1539                           ;C:\Program Files\Microchip\xc8\v3.10\pic\sources\c99\common\doprnt.c: 1439:   if (0
  1540     0208  082B               	movf	vfpfcnvrt@fmt,w
  1541     0209  0084               	movwf	4
  1542     020A  0800               	movf	0,w
  1543     020B  00B3               	movwf	vfpfcnvrt@cp
  1544     020C                     l1900:
  1545     020C  0833               	movf	vfpfcnvrt@cp,w
  1546     020D  0084               	movwf	4
  1547     020E  120A  118A  2742  120A  118A  	fcall	stringdir
  1548     0213  3A75               	xorlw	117
  1549     0214  1D03               	skipz
  1550     0215  2A17               	goto	u1941
  1551     0216  2A18               	goto	u1940
  1552     0217                     u1941:
  1553     0217  2A8E               	goto	l1922
  1554     0218                     u1940:
  1555     0218                     l1902:
  1556                           
  1557                           ;C:\Program Files\Microchip\xc8\v3.10\pic\sources\c99\common\doprnt.c: 1452:     ) {;C:\
      +                          Program Files\Microchip\xc8\v3.10\pic\sources\c99\common\doprnt.c: 1495:    convarg.uint
      +                           = (vfpf_uint_t)(unsigned int)(*(unsigned int *)__va_arg(*(unsigned int **)ap, (unsigned
      +                           int)0));
  1558     0218  082C               	movf	vfpfcnvrt@ap,w
  1559     0219  0084               	movwf	4
  1560     021A  0800               	movf	0,w
  1561     021B  00AD               	movwf	??_vfpfcnvrt
  1562     021C  3002               	movlw	2
  1563     021D  0780               	addwf	0,f
  1564     021E  082D               	movf	??_vfpfcnvrt,w
  1565     021F  0084               	movwf	4
  1566     0220  0800               	movf	0,w
  1567     0221  00AF               	movwf	vfpfcnvrt@convarg
  1568     0222  0A84               	incf	4,f
  1569     0223  0800               	movf	0,w
  1570     0224  00B0               	movwf	vfpfcnvrt@convarg+1
  1571                           
  1572                           ;C:\Program Files\Microchip\xc8\v3.10\pic\sources\c99\common\doprnt.c: 1497:    *fmt = c
      +                          p+1;
  1573     0225  082B               	movf	vfpfcnvrt@fmt,w
  1574     0226  0084               	movwf	4
  1575     0227  0833               	movf	vfpfcnvrt@cp,w
  1576     0228  3E01               	addlw	1
  1577     0229  0080               	movwf	0
  1578                           
  1579                           ;C:\Program Files\Microchip\xc8\v3.10\pic\sources\c99\common\doprnt.c: 1498:    switch (
      +                          *cp) {
  1580     022A  2A83               	goto	l1920
  1581     022B                     l833:	
  1582                           ;C:\Program Files\Microchip\xc8\v3.10\pic\sources\c99\common\doprnt.c: 1523:     case 'u
      +                          ':
  1583                           
  1584                           
  1585                           ;C:\Program Files\Microchip\xc8\v3.10\pic\sources\c99\common\doprnt.c: 1525:      c = si
      +                          zeof(dbuf);
  1586     022B  3020               	movlw	32
  1587     022C  00B4               	movwf	vfpfcnvrt@c
  1588     022D                     l1904:
  1589                           
  1590                           ;C:\Program Files\Microchip\xc8\v3.10\pic\sources\c99\common\doprnt.c: 1527:       dbuf[
      +                          --c] = (convarg.uint % 10) + '0';
  1591     022D  3001               	movlw	1
  1592     022E  02B4               	subwf	vfpfcnvrt@c,f
  1593     022F  0834               	movf	vfpfcnvrt@c,w
  1594     0230  3EA0               	addlw	(low (_dbuf| 0))& (0+255)
  1595     0231  0084               	movwf	4
  1596     0232  300A               	movlw	10
  1597     0233  00F3               	movwf	___lwmod@divisor
  1598     0234  3000               	movlw	0
  1599     0235  00F4               	movwf	___lwmod@divisor+1
  1600     0236  0830               	movf	vfpfcnvrt@convarg+1,w
  1601     0237  00F6               	movwf	___lwmod@dividend+1
  1602     0238  082F               	movf	vfpfcnvrt@convarg,w
  1603     0239  00F5               	movwf	___lwmod@dividend
  1604     023A  120A  118A  2776  120A  118A  	fcall	___lwmod
  1605     023F  0873               	movf	?___lwmod,w
  1606     0240  3E30               	addlw	48
  1607     0241  1383               	bcf	3,7	;select IRP bank1
  1608     0242  0080               	movwf	0
  1609     0243                     l1906:
  1610                           
  1611                           ;C:\Program Files\Microchip\xc8\v3.10\pic\sources\c99\common\doprnt.c: 1528:       conva
      +                          rg.uint /= 10;
  1612     0243  300A               	movlw	10
  1613     0244  1283               	bcf	3,5	;RP0=0, select bank0
  1614     0245  1303               	bcf	3,6	;RP1=0, select bank0
  1615     0246  00A2               	movwf	___lwdiv@divisor
  1616     0247  3000               	movlw	0
  1617     0248  00A3               	movwf	___lwdiv@divisor+1
  1618     0249  0830               	movf	vfpfcnvrt@convarg+1,w
  1619     024A  00A5               	movwf	___lwdiv@dividend+1
  1620     024B  082F               	movf	vfpfcnvrt@convarg,w
  1621     024C  00A4               	movwf	___lwdiv@dividend
  1622     024D  120A  118A  26F4  120A  118A  	fcall	___lwdiv
  1623     0252  1283               	bcf	3,5	;RP0=0, select bank0
  1624     0253  1303               	bcf	3,6	;RP1=0, select bank0
  1625     0254  0823               	movf	?___lwdiv+1,w
  1626     0255  00B0               	movwf	vfpfcnvrt@convarg+1
  1627     0256  0822               	movf	?___lwdiv,w
  1628     0257  00AF               	movwf	vfpfcnvrt@convarg
  1629     0258                     l1908:
  1630                           
  1631                           ;C:\Program Files\Microchip\xc8\v3.10\pic\sources\c99\common\doprnt.c: 1532:      } whil
      +                          e (convarg.uint != 0 && c != 0);
  1632     0258  082F               	movf	vfpfcnvrt@convarg,w
  1633     0259  0430               	iorwf	vfpfcnvrt@convarg+1,w
  1634     025A  1903               	btfsc	3,2
  1635     025B  2A5D               	goto	u1951
  1636     025C  2A5E               	goto	u1950
  1637     025D                     u1951:
  1638     025D  2A7C               	goto	l1916
  1639     025E                     u1950:
  1640     025E                     l1910:
  1641     025E  0834               	movf	vfpfcnvrt@c,w
  1642     025F  1D03               	btfss	3,2
  1643     0260  2A62               	goto	u1961
  1644     0261  2A63               	goto	u1960
  1645     0262                     u1961:
  1646     0262  2A2D               	goto	l1904
  1647     0263                     u1960:
  1648     0263  2A7C               	goto	l1916
  1649     0264                     l1912:
  1650                           
  1651                           ;C:\Program Files\Microchip\xc8\v3.10\pic\sources\c99\common\doprnt.c: 1534:       fputc
      +                          (dbuf[c++], fp);
  1652     0264  0834               	movf	vfpfcnvrt@c,w
  1653     0265  3EA0               	addlw	(low (_dbuf| 0))& (0+255)
  1654     0266  0084               	movwf	4
  1655     0267  1383               	bcf	3,7	;select IRP bank1
  1656     0268  0800               	movf	0,w
  1657     0269  00AD               	movwf	??_vfpfcnvrt
  1658     026A  01AE               	clrf	??_vfpfcnvrt+1
  1659     026B  082D               	movf	??_vfpfcnvrt,w
  1660     026C  00F3               	movwf	fputc@c
  1661     026D  082E               	movf	??_vfpfcnvrt+1,w
  1662     026E  00F4               	movwf	fputc@c+1
  1663     026F  0829               	movf	vfpfcnvrt@fp,w
  1664     0270  00F5               	movwf	fputc@fp
  1665     0271  082A               	movf	vfpfcnvrt@fp+1,w
  1666     0272  00F6               	movwf	fputc@fp+1
  1667     0273  120A  118A  243A  120A  118A  	fcall	_fputc
  1668     0278                     l1914:
  1669     0278  3001               	movlw	1
  1670     0279  1283               	bcf	3,5	;RP0=0, select bank0
  1671     027A  1303               	bcf	3,6	;RP1=0, select bank0
  1672     027B  07B4               	addwf	vfpfcnvrt@c,f
  1673     027C                     l1916:
  1674                           
  1675                           ;C:\Program Files\Microchip\xc8\v3.10\pic\sources\c99\common\doprnt.c: 1533:      while 
      +                          (c != sizeof(dbuf)) {
  1676     027C  3020               	movlw	32
  1677     027D  0634               	xorwf	vfpfcnvrt@c,w
  1678     027E  1D03               	btfss	3,2
  1679     027F  2A81               	goto	u1971
  1680     0280  2A82               	goto	u1970
  1681     0281                     u1971:
  1682     0281  2A64               	goto	l1912
  1683     0282                     u1970:
  1684     0282  2ACF               	goto	l841
  1685     0283                     l1920:
  1686     0283  0833               	movf	vfpfcnvrt@cp,w
  1687     0284  0084               	movwf	4
  1688     0285  120A  118A  2742  120A  118A  	fcall	stringdir
  1689                           
  1690                           ; Switch size 1, requested type "simple"
  1691                           ; Number of cases is 1, Range of values is 117 to 117
  1692                           ; switch strategies available:
  1693                           ; Name         Instructions Cycles
  1694                           ; simple_byte            4     3 (average)
  1695                           ; direct_byte           14    11 (fixed)
  1696                           ; jumptable            263     9 (fixed)
  1697                           ;	Chosen strategy is simple_byte
  1698     028A  3A75               	xorlw	117	; case 117
  1699     028B  1903               	skipnz
  1700     028C  2A2B               	goto	l833
  1701     028D  2A8E               	goto	l1922
  1702     028E                     l1922:
  1703                           
  1704                           ;C:\Program Files\Microchip\xc8\v3.10\pic\sources\c99\common\doprnt.c: 1798:         if 
      +                          ((*fmt)[0] == '%') {
  1705     028E  082B               	movf	vfpfcnvrt@fmt,w
  1706     028F  0084               	movwf	4
  1707     0290  0800               	movf	0,w
  1708     0291  0084               	movwf	4
  1709     0292  120A  118A  2742  120A  118A  	fcall	stringdir
  1710     0297  3A25               	xorlw	37
  1711     0298  1D03               	skipz
  1712     0299  2A9B               	goto	u1981
  1713     029A  2A9C               	goto	u1980
  1714     029B                     u1981:
  1715     029B  2AAE               	goto	l1930
  1716     029C                     u1980:
  1717     029C                     l1924:
  1718                           
  1719                           ;C:\Program Files\Microchip\xc8\v3.10\pic\sources\c99\common\doprnt.c: 1799:            
      +                           ++*fmt;
  1720     029C  082B               	movf	vfpfcnvrt@fmt,w
  1721     029D  0084               	movwf	4
  1722     029E  3001               	movlw	1
  1723     029F  0780               	addwf	0,f
  1724     02A0                     l1926:
  1725                           
  1726                           ;C:\Program Files\Microchip\xc8\v3.10\pic\sources\c99\common\doprnt.c: 1800:            
      +                           fputc((int)'%', fp);
  1727     02A0  3025               	movlw	37
  1728     02A1  00F3               	movwf	fputc@c
  1729     02A2  3000               	movlw	0
  1730     02A3  00F4               	movwf	fputc@c+1
  1731     02A4  0829               	movf	vfpfcnvrt@fp,w
  1732     02A5  00F5               	movwf	fputc@fp
  1733     02A6  082A               	movf	vfpfcnvrt@fp+1,w
  1734     02A7  00F6               	movwf	fputc@fp+1
  1735     02A8  120A  118A  243A  120A  118A  	fcall	_fputc
  1736     02AD  2ACF               	goto	l841
  1737     02AE                     l1930:
  1738                           
  1739                           ;C:\Program Files\Microchip\xc8\v3.10\pic\sources\c99\common\doprnt.c: 1806:         ++*
      +                          fmt;
  1740     02AE  1283               	bcf	3,5	;RP0=0, select bank0
  1741     02AF  1303               	bcf	3,6	;RP1=0, select bank0
  1742     02B0  082B               	movf	vfpfcnvrt@fmt,w
  1743     02B1  0084               	movwf	4
  1744     02B2  3001               	movlw	1
  1745     02B3  1383               	bcf	3,7	;select IRP bank0
  1746     02B4  0780               	addwf	0,f
  1747     02B5  2ACF               	goto	l841
  1748     02B6                     l1934:
  1749                           
  1750                           ;C:\Program Files\Microchip\xc8\v3.10\pic\sources\c99\common\doprnt.c: 1811:     fputc((
      +                          int)(*fmt)[0], fp);
  1751     02B6  082B               	movf	vfpfcnvrt@fmt,w
  1752     02B7  0084               	movwf	4
  1753     02B8  0800               	movf	0,w
  1754     02B9  0084               	movwf	4
  1755     02BA  120A  118A  2742  120A  118A  	fcall	stringdir
  1756     02BF  00AD               	movwf	??_vfpfcnvrt
  1757     02C0  01AE               	clrf	??_vfpfcnvrt+1
  1758     02C1  082D               	movf	??_vfpfcnvrt,w
  1759     02C2  00F3               	movwf	fputc@c
  1760     02C3  082E               	movf	??_vfpfcnvrt+1,w
  1761     02C4  00F4               	movwf	fputc@c+1
  1762     02C5  0829               	movf	vfpfcnvrt@fp,w
  1763     02C6  00F5               	movwf	fputc@fp
  1764     02C7  082A               	movf	vfpfcnvrt@fp+1,w
  1765     02C8  00F6               	movwf	fputc@fp+1
  1766     02C9  120A  118A  243A  120A  118A  	fcall	_fputc
  1767     02CE  2AAE               	goto	l1930
  1768     02CF                     l841:
  1769     02CF  0008               	return
  1770     02D0                     __end_of_vfpfcnvrt:
  1771                           
  1772                           	psect	text4
  1773     043A                     __ptext4:	
  1774 ;; *************** function _fputc *****************
  1775 ;; Defined at:
  1776 ;;		line 8 in file "C:\Program Files\Microchip\xc8\v3.10\pic\sources\c99\common\nf_fputc.c"
  1777 ;; Parameters:    Size  Location     Type
  1778 ;;  c               2    3[COMMON] int 
  1779 ;;  fp              2    5[COMMON] PTR struct _IO_FILE
  1780 ;;		 -> sprintf@f(11), 
  1781 ;; Auto vars:     Size  Location     Type
  1782 ;;		None
  1783 ;; Return value:  Size  Location     Type
  1784 ;;                  2    3[COMMON] int 
  1785 ;; Registers used:
  1786 ;;		wreg, fsr0l, fsr0h, status,2, status,0, pclath, cstack
  1787 ;; Tracked objects:
  1788 ;;		On entry : 0/0
  1789 ;;		On exit  : 0/0
  1790 ;;		Unchanged: 0/0
  1791 ;; Data sizes:     COMMON   BANK0   BANK1   BANK3   BANK2
  1792 ;;      Params:         4       0       0       0       0
  1793 ;;      Locals:         0       0       0       0       0
  1794 ;;      Temps:          0       9       0       0       0
  1795 ;;      Totals:         4       9       0       0       0
  1796 ;;Total ram usage:       13 bytes
  1797 ;; Hardware stack levels used: 1
  1798 ;; Hardware stack levels required when called: 3
  1799 ;; This function calls:
  1800 ;;		_putch
  1801 ;; This function is called by:
  1802 ;;		_vfpfcnvrt
  1803 ;; This function uses a non-reentrant model
  1804 ;;
  1805                           
  1806     043A                     _fputc:	
  1807                           ;psect for function _fputc
  1808                           
  1809     043A                     l1418:	
  1810                           ;incstack = 0
  1811                           ; Regs used in _fputc: [wreg-fsr0h+status,2+status,0+pclath+cstack]
  1812                           
  1813     043A  0875               	movf	fputc@fp,w
  1814     043B  0476               	iorwf	fputc@fp+1,w
  1815     043C  1903               	btfsc	3,2
  1816     043D  2C3F               	goto	u1041
  1817     043E  2C40               	goto	u1040
  1818     043F                     u1041:
  1819     043F  2C46               	goto	l1422
  1820     0440                     u1040:
  1821     0440                     l1420:
  1822     0440  0875               	movf	fputc@fp,w
  1823     0441  0476               	iorwf	fputc@fp+1,w
  1824     0442  1D03               	btfss	3,2
  1825     0443  2C45               	goto	u1051
  1826     0444  2C46               	goto	u1050
  1827     0445                     u1051:
  1828     0445  2C4D               	goto	l1424
  1829     0446                     u1050:
  1830     0446                     l1422:
  1831     0446  0873               	movf	fputc@c,w
  1832     0447  120A  118A  27FD  120A  118A  	fcall	_putch
  1833     044C  2CD9               	goto	l861
  1834     044D                     l1424:
  1835     044D  0875               	movf	fputc@fp,w
  1836     044E  3E09               	addlw	9
  1837     044F  1283               	bcf	3,5	;RP0=0, select bank0
  1838     0450  1303               	bcf	3,6	;RP1=0, select bank0
  1839     0451  00A0               	movwf	??_fputc
  1840     0452  0876               	movf	fputc@fp+1,w
  1841     0453  1803               	skipnc
  1842     0454  3E01               	addlw	1
  1843     0455  3E00               	addlw	0
  1844     0456  00A1               	movwf	??_fputc+1
  1845     0457  0820               	movf	??_fputc,w
  1846     0458  0084               	movwf	4
  1847     0459  1783               	bsf	3,7
  1848     045A  1C21               	btfss	??_fputc+1,0
  1849     045B  1383               	bcf	3,7
  1850     045C  0800               	movf	0,w
  1851     045D  00A2               	movwf	??_fputc+2
  1852     045E  0A84               	incf	4,f
  1853     045F  0800               	movf	0,w
  1854     0460  00A3               	movwf	??_fputc+3
  1855     0461  0822               	movf	??_fputc+2,w
  1856     0462  0423               	iorwf	??_fputc+3,w
  1857     0463  1903               	btfsc	3,2
  1858     0464  2C66               	goto	u1061
  1859     0465  2C67               	goto	u1060
  1860     0466                     u1061:
  1861     0466  2C99               	goto	l1428
  1862     0467                     u1060:
  1863     0467                     l1426:
  1864     0467  0875               	movf	fputc@fp,w
  1865     0468  3E09               	addlw	9
  1866     0469  00A0               	movwf	??_fputc
  1867     046A  0876               	movf	fputc@fp+1,w
  1868     046B  1803               	skipnc
  1869     046C  3E01               	addlw	1
  1870     046D  3E00               	addlw	0
  1871     046E  00A1               	movwf	??_fputc+1
  1872     046F  0820               	movf	??_fputc,w
  1873     0470  0084               	movwf	4
  1874     0471  1783               	bsf	3,7
  1875     0472  1C21               	btfss	??_fputc+1,0
  1876     0473  1383               	bcf	3,7
  1877     0474  0800               	movf	0,w
  1878     0475  00A2               	movwf	??_fputc+2
  1879     0476  0A84               	incf	4,f
  1880     0477  0800               	movf	0,w
  1881     0478  00A3               	movwf	??_fputc+3
  1882     0479  0875               	movf	fputc@fp,w
  1883     047A  3E02               	addlw	2
  1884     047B  00A4               	movwf	??_fputc+4
  1885     047C  0876               	movf	fputc@fp+1,w
  1886     047D  1803               	skipnc
  1887     047E  3E01               	addlw	1
  1888     047F  3E00               	addlw	0
  1889     0480  00A5               	movwf	??_fputc+5
  1890     0481  0824               	movf	??_fputc+4,w
  1891     0482  0084               	movwf	4
  1892     0483  1783               	bsf	3,7
  1893     0484  1C25               	btfss	??_fputc+5,0
  1894     0485  1383               	bcf	3,7
  1895     0486  0800               	movf	0,w
  1896     0487  00A6               	movwf	??_fputc+6
  1897     0488  0A84               	incf	4,f
  1898     0489  0800               	movf	0,w
  1899     048A  00A7               	movwf	??_fputc+7
  1900     048B  0827               	movf	??_fputc+7,w
  1901     048C  3A80               	xorlw	128
  1902     048D  00A8               	movwf	??_fputc+8
  1903     048E  0823               	movf	??_fputc+3,w
  1904     048F  3A80               	xorlw	128
  1905     0490  0228               	subwf	??_fputc+8,w
  1906     0491  1D03               	skipz
  1907     0492  2C95               	goto	u1075
  1908     0493  0822               	movf	??_fputc+2,w
  1909     0494  0226               	subwf	??_fputc+6,w
  1910     0495                     u1075:
  1911     0495  1803               	skipnc
  1912     0496  2C98               	goto	u1071
  1913     0497  2C99               	goto	u1070
  1914     0498                     u1071:
  1915     0498  2CD9               	goto	l861
  1916     0499                     u1070:
  1917     0499                     l1428:
  1918     0499  0875               	movf	fputc@fp,w
  1919     049A  0084               	movwf	4
  1920     049B  1783               	bsf	3,7
  1921     049C  1C76               	btfss	fputc@fp+1,0
  1922     049D  1383               	bcf	3,7
  1923     049E  0800               	movf	0,w
  1924     049F  1283               	bcf	3,5	;RP0=0, select bank0
  1925     04A0  1303               	bcf	3,6	;RP1=0, select bank0
  1926     04A1  00A0               	movwf	??_fputc
  1927     04A2  0A84               	incf	4,f
  1928     04A3  0800               	movf	0,w
  1929     04A4  00A1               	movwf	??_fputc+1
  1930     04A5  0875               	movf	fputc@fp,w
  1931     04A6  3E02               	addlw	2
  1932     04A7  00A2               	movwf	??_fputc+2
  1933     04A8  0876               	movf	fputc@fp+1,w
  1934     04A9  1803               	skipnc
  1935     04AA  3E01               	addlw	1
  1936     04AB  3E00               	addlw	0
  1937     04AC  00A3               	movwf	??_fputc+3
  1938     04AD  0822               	movf	??_fputc+2,w
  1939     04AE  0084               	movwf	4
  1940     04AF  1783               	bsf	3,7
  1941     04B0  1C23               	btfss	??_fputc+3,0
  1942     04B1  1383               	bcf	3,7
  1943     04B2  0800               	movf	0,w
  1944     04B3  0720               	addwf	??_fputc,w
  1945     04B4  00A5               	movwf	??_fputc+5
  1946     04B5  0821               	movf	??_fputc+1,w
  1947     04B6  00A4               	movwf	??_fputc+4
  1948     04B7  1803               	skipnc
  1949     04B8  0AA4               	incf	??_fputc+4,f
  1950     04B9  1F80               	btfss	0,7
  1951     04BA  2CBC               	goto	u1080
  1952     04BB  03A4               	decf	??_fputc+4,f
  1953     04BC                     u1080:
  1954     04BC  1283               	bcf	3,5	;RP0=0, select bank0
  1955     04BD  1303               	bcf	3,6	;RP1=0, select bank0
  1956     04BE  0824               	movf	??_fputc+4,w
  1957     04BF  00A6               	movwf	??_fputc+6
  1958     04C0  0825               	movf	??_fputc+5,w
  1959     04C1  0084               	movwf	4
  1960     04C2  1783               	bsf	3,7
  1961     04C3  1C26               	btfss	??_fputc+6,0
  1962     04C4  1383               	bcf	3,7
  1963     04C5  0873               	movf	fputc@c,w
  1964     04C6  0080               	movwf	0
  1965     04C7  0875               	movf	fputc@fp,w
  1966     04C8  3E02               	addlw	2
  1967     04C9  00A0               	movwf	??_fputc
  1968     04CA  0876               	movf	fputc@fp+1,w
  1969     04CB  1803               	skipnc
  1970     04CC  3E01               	addlw	1
  1971     04CD  3E00               	addlw	0
  1972     04CE  00A1               	movwf	??_fputc+1
  1973     04CF  0820               	movf	??_fputc,w
  1974     04D0  0084               	movwf	4
  1975     04D1  1783               	bsf	3,7
  1976     04D2  1C21               	btfss	??_fputc+1,0
  1977     04D3  1383               	bcf	3,7
  1978     04D4  3001               	movlw	1
  1979     04D5  0780               	addwf	0,f
  1980     04D6  0A84               	incf	4,f
  1981     04D7  1803               	skipnc
  1982     04D8  0A80               	incf	0,f
  1983     04D9                     l861:
  1984     04D9  0008               	return
  1985     04DA                     __end_of_fputc:
  1986                           
  1987                           	psect	text5
  1988     07FD                     __ptext5:	
  1989 ;; *************** function _putch *****************
  1990 ;; Defined at:
  1991 ;;		line 7 in file "C:\Program Files\Microchip\xc8\v3.10\pic\sources\c99\common\putch.c"
  1992 ;; Parameters:    Size  Location     Type
  1993 ;;  c               1    wreg     unsigned char 
  1994 ;; Auto vars:     Size  Location     Type
  1995 ;;  c               1    0[COMMON] unsigned char 
  1996 ;; Return value:  Size  Location     Type
  1997 ;;                  1    wreg      void 
  1998 ;; Registers used:
  1999 ;;		wreg
  2000 ;; Tracked objects:
  2001 ;;		On entry : 0/0
  2002 ;;		On exit  : 0/0
  2003 ;;		Unchanged: 0/0
  2004 ;; Data sizes:     COMMON   BANK0   BANK1   BANK3   BANK2
  2005 ;;      Params:         0       0       0       0       0
  2006 ;;      Locals:         0       0       0       0       0
  2007 ;;      Temps:          0       0       0       0       0
  2008 ;;      Totals:         0       0       0       0       0
  2009 ;;Total ram usage:        0 bytes
  2010 ;; Hardware stack levels used: 1
  2011 ;; Hardware stack levels required when called: 2
  2012 ;; This function calls:
  2013 ;;		Nothing
  2014 ;; This function is called by:
  2015 ;;		_fputc
  2016 ;; This function uses a non-reentrant model
  2017 ;;
  2018                           
  2019     07FD                     _putch:	
  2020                           ;psect for function _putch
  2021                           
  2022     07FD                     l872:	
  2023                           ;incstack = 0
  2024                           ; Regs used in _putch: [wreg]
  2025                           
  2026     07FD  0008               	return
  2027     07FE                     __end_of_putch:
  2028                           
  2029                           	psect	text6
  2030     0776                     __ptext6:	
  2031 ;; *************** function ___lwmod *****************
  2032 ;; Defined at:
  2033 ;;		line 5 in file "C:\Program Files\Microchip\xc8\v3.10\pic\sources\c99\common\lwmod.c"
  2034 ;; Parameters:    Size  Location     Type
  2035 ;;  divisor         2    3[COMMON] unsigned int 
  2036 ;;  dividend        2    5[COMMON] unsigned int 
  2037 ;; Auto vars:     Size  Location     Type
  2038 ;;  counter         1    7[COMMON] unsigned char 
  2039 ;; Return value:  Size  Location     Type
  2040 ;;                  2    3[COMMON] unsigned int 
  2041 ;; Registers used:
  2042 ;;		wreg, status,2, status,0
  2043 ;; Tracked objects:
  2044 ;;		On entry : 0/0
  2045 ;;		On exit  : 0/0
  2046 ;;		Unchanged: 0/0
  2047 ;; Data sizes:     COMMON   BANK0   BANK1   BANK3   BANK2
  2048 ;;      Params:         4       0       0       0       0
  2049 ;;      Locals:         1       0       0       0       0
  2050 ;;      Temps:          0       0       0       0       0
  2051 ;;      Totals:         5       0       0       0       0
  2052 ;;Total ram usage:        5 bytes
  2053 ;; Hardware stack levels used: 1
  2054 ;; Hardware stack levels required when called: 2
  2055 ;; This function calls:
  2056 ;;		Nothing
  2057 ;; This function is called by:
  2058 ;;		_main
  2059 ;;		_vfpfcnvrt
  2060 ;; This function uses a non-reentrant model
  2061 ;;
  2062                           
  2063     0776                     ___lwmod:	
  2064                           ;psect for function ___lwmod
  2065                           
  2066     0776                     l1396:	
  2067                           ;incstack = 0
  2068                           ; Regs used in ___lwmod: [wreg+status,2+status,0]
  2069                           
  2070     0776  0873               	movf	___lwmod@divisor,w
  2071     0777  0474               	iorwf	___lwmod@divisor+1,w
  2072     0778  1903               	btfsc	3,2
  2073     0779  2F7B               	goto	u981
  2074     077A  2F7C               	goto	u980
  2075     077B                     u981:
  2076     077B  2FA9               	goto	l1414
  2077     077C                     u980:
  2078     077C                     l1398:
  2079     077C  3001               	movlw	1
  2080     077D  00F7               	movwf	___lwmod@counter
  2081     077E  2F88               	goto	l1404
  2082     077F                     l1400:
  2083     077F  3001               	movlw	1
  2084     0780                     u995:
  2085     0780  1003               	clrc
  2086     0781  0DF3               	rlf	___lwmod@divisor,f
  2087     0782  0DF4               	rlf	___lwmod@divisor+1,f
  2088     0783  3EFF               	addlw	-1
  2089     0784  1D03               	skipz
  2090     0785  2F80               	goto	u995
  2091     0786                     l1402:
  2092     0786  3001               	movlw	1
  2093     0787  07F7               	addwf	___lwmod@counter,f
  2094     0788                     l1404:
  2095     0788  1FF4               	btfss	___lwmod@divisor+1,7
  2096     0789  2F8B               	goto	u1001
  2097     078A  2F8C               	goto	u1000
  2098     078B                     u1001:
  2099     078B  2F7F               	goto	l1400
  2100     078C                     u1000:
  2101     078C                     l1406:
  2102     078C  0874               	movf	___lwmod@divisor+1,w
  2103     078D  0276               	subwf	___lwmod@dividend+1,w
  2104     078E  1D03               	skipz
  2105     078F  2F92               	goto	u1015
  2106     0790  0873               	movf	___lwmod@divisor,w
  2107     0791  0275               	subwf	___lwmod@dividend,w
  2108     0792                     u1015:
  2109     0792  1C03               	skipc
  2110     0793  2F95               	goto	u1011
  2111     0794  2F96               	goto	u1010
  2112     0795                     u1011:
  2113     0795  2F9C               	goto	l1410
  2114     0796                     u1010:
  2115     0796                     l1408:
  2116     0796  0873               	movf	___lwmod@divisor,w
  2117     0797  02F5               	subwf	___lwmod@dividend,f
  2118     0798  0874               	movf	___lwmod@divisor+1,w
  2119     0799  1C03               	skipc
  2120     079A  03F6               	decf	___lwmod@dividend+1,f
  2121     079B  02F6               	subwf	___lwmod@dividend+1,f
  2122     079C                     l1410:
  2123     079C  3001               	movlw	1
  2124     079D                     u1025:
  2125     079D  1003               	clrc
  2126     079E  0CF4               	rrf	___lwmod@divisor+1,f
  2127     079F  0CF3               	rrf	___lwmod@divisor,f
  2128     07A0  3EFF               	addlw	-1
  2129     07A1  1D03               	skipz
  2130     07A2  2F9D               	goto	u1025
  2131     07A3                     l1412:
  2132     07A3  3001               	movlw	1
  2133     07A4  02F7               	subwf	___lwmod@counter,f
  2134     07A5  1D03               	btfss	3,2
  2135     07A6  2FA8               	goto	u1031
  2136     07A7  2FA9               	goto	u1030
  2137     07A8                     u1031:
  2138     07A8  2F8C               	goto	l1406
  2139     07A9                     u1030:
  2140     07A9                     l1414:
  2141     07A9  0876               	movf	___lwmod@dividend+1,w
  2142     07AA  00F4               	movwf	?___lwmod+1
  2143     07AB  0875               	movf	___lwmod@dividend,w
  2144     07AC  00F3               	movwf	?___lwmod
  2145     07AD                     l631:
  2146     07AD  0008               	return
  2147     07AE                     __end_of___lwmod:
  2148                           
  2149                           	psect	text7
  2150     06F4                     __ptext7:	
  2151 ;; *************** function ___lwdiv *****************
  2152 ;; Defined at:
  2153 ;;		line 5 in file "C:\Program Files\Microchip\xc8\v3.10\pic\sources\c99\common\lwdiv.c"
  2154 ;; Parameters:    Size  Location     Type
  2155 ;;  divisor         2    2[BANK0 ] unsigned int 
  2156 ;;  dividend        2    4[BANK0 ] unsigned int 
  2157 ;; Auto vars:     Size  Location     Type
  2158 ;;  quotient        2    6[BANK0 ] unsigned int 
  2159 ;;  counter         1    8[BANK0 ] unsigned char 
  2160 ;; Return value:  Size  Location     Type
  2161 ;;                  2    2[BANK0 ] unsigned int 
  2162 ;; Registers used:
  2163 ;;		wreg, status,2, status,0
  2164 ;; Tracked objects:
  2165 ;;		On entry : 0/0
  2166 ;;		On exit  : 0/0
  2167 ;;		Unchanged: 0/0
  2168 ;; Data sizes:     COMMON   BANK0   BANK1   BANK3   BANK2
  2169 ;;      Params:         0       4       0       0       0
  2170 ;;      Locals:         0       3       0       0       0
  2171 ;;      Temps:          0       0       0       0       0
  2172 ;;      Totals:         0       7       0       0       0
  2173 ;;Total ram usage:        7 bytes
  2174 ;; Hardware stack levels used: 1
  2175 ;; Hardware stack levels required when called: 2
  2176 ;; This function calls:
  2177 ;;		Nothing
  2178 ;; This function is called by:
  2179 ;;		_main
  2180 ;;		_vfpfcnvrt
  2181 ;; This function uses a non-reentrant model
  2182 ;;
  2183                           
  2184     06F4                     ___lwdiv:	
  2185                           ;psect for function ___lwdiv
  2186                           
  2187     06F4                     l1370:	
  2188                           ;incstack = 0
  2189                           ; Regs used in ___lwdiv: [wreg+status,2+status,0]
  2190                           
  2191     06F4  1283               	bcf	3,5	;RP0=0, select bank0
  2192     06F5  1303               	bcf	3,6	;RP1=0, select bank0
  2193     06F6  01A6               	clrf	___lwdiv@quotient
  2194     06F7  01A7               	clrf	___lwdiv@quotient+1
  2195     06F8                     l1372:
  2196     06F8  0822               	movf	___lwdiv@divisor,w
  2197     06F9  0423               	iorwf	___lwdiv@divisor+1,w
  2198     06FA  1903               	btfsc	3,2
  2199     06FB  2EFD               	goto	u911
  2200     06FC  2EFE               	goto	u910
  2201     06FD                     u911:
  2202     06FD  2F33               	goto	l1392
  2203     06FE                     u910:
  2204     06FE                     l1374:
  2205     06FE  3001               	movlw	1
  2206     06FF  00A8               	movwf	___lwdiv@counter
  2207     0700  2F0A               	goto	l1380
  2208     0701                     l1376:
  2209     0701  3001               	movlw	1
  2210     0702                     u925:
  2211     0702  1003               	clrc
  2212     0703  0DA2               	rlf	___lwdiv@divisor,f
  2213     0704  0DA3               	rlf	___lwdiv@divisor+1,f
  2214     0705  3EFF               	addlw	-1
  2215     0706  1D03               	skipz
  2216     0707  2F02               	goto	u925
  2217     0708                     l1378:
  2218     0708  3001               	movlw	1
  2219     0709  07A8               	addwf	___lwdiv@counter,f
  2220     070A                     l1380:
  2221     070A  1FA3               	btfss	___lwdiv@divisor+1,7
  2222     070B  2F0D               	goto	u931
  2223     070C  2F0E               	goto	u930
  2224     070D                     u931:
  2225     070D  2F01               	goto	l1376
  2226     070E                     u930:
  2227     070E                     l1382:
  2228     070E  3001               	movlw	1
  2229     070F                     u945:
  2230     070F  1003               	clrc
  2231     0710  0DA6               	rlf	___lwdiv@quotient,f
  2232     0711  0DA7               	rlf	___lwdiv@quotient+1,f
  2233     0712  3EFF               	addlw	-1
  2234     0713  1D03               	skipz
  2235     0714  2F0F               	goto	u945
  2236     0715  0823               	movf	___lwdiv@divisor+1,w
  2237     0716  0225               	subwf	___lwdiv@dividend+1,w
  2238     0717  1D03               	skipz
  2239     0718  2F1B               	goto	u955
  2240     0719  0822               	movf	___lwdiv@divisor,w
  2241     071A  0224               	subwf	___lwdiv@dividend,w
  2242     071B                     u955:
  2243     071B  1C03               	skipc
  2244     071C  2F1E               	goto	u951
  2245     071D  2F1F               	goto	u950
  2246     071E                     u951:
  2247     071E  2F26               	goto	l1388
  2248     071F                     u950:
  2249     071F                     l1384:
  2250     071F  0822               	movf	___lwdiv@divisor,w
  2251     0720  02A4               	subwf	___lwdiv@dividend,f
  2252     0721  0823               	movf	___lwdiv@divisor+1,w
  2253     0722  1C03               	skipc
  2254     0723  03A5               	decf	___lwdiv@dividend+1,f
  2255     0724  02A5               	subwf	___lwdiv@dividend+1,f
  2256     0725                     l1386:
  2257     0725  1426               	bsf	___lwdiv@quotient,0
  2258     0726                     l1388:
  2259     0726  3001               	movlw	1
  2260     0727                     u965:
  2261     0727  1003               	clrc
  2262     0728  0CA3               	rrf	___lwdiv@divisor+1,f
  2263     0729  0CA2               	rrf	___lwdiv@divisor,f
  2264     072A  3EFF               	addlw	-1
  2265     072B  1D03               	skipz
  2266     072C  2F27               	goto	u965
  2267     072D                     l1390:
  2268     072D  3001               	movlw	1
  2269     072E  02A8               	subwf	___lwdiv@counter,f
  2270     072F  1D03               	btfss	3,2
  2271     0730  2F32               	goto	u971
  2272     0731  2F33               	goto	u970
  2273     0732                     u971:
  2274     0732  2F0E               	goto	l1382
  2275     0733                     u970:
  2276     0733                     l1392:
  2277     0733  0827               	movf	___lwdiv@quotient+1,w
  2278     0734  00A3               	movwf	?___lwdiv+1
  2279     0735  0826               	movf	___lwdiv@quotient,w
  2280     0736  00A2               	movwf	?___lwdiv
  2281     0737                     l621:
  2282     0737  0008               	return
  2283     0738                     __end_of___lwdiv:
  2284                           
  2285                           	psect	text8
  2286     07AE                     __ptext8:	
  2287 ;; *************** function ___wmul *****************
  2288 ;; Defined at:
  2289 ;;		line 15 in file "C:\Program Files\Microchip\xc8\v3.10\pic\sources\c99\common\Umul16.c"
  2290 ;; Parameters:    Size  Location     Type
  2291 ;;  multiplier      2    3[COMMON] unsigned int 
  2292 ;;  multiplicand    2    5[COMMON] unsigned int 
  2293 ;; Auto vars:     Size  Location     Type
  2294 ;;  product         2    0[BANK0 ] unsigned int 
  2295 ;; Return value:  Size  Location     Type
  2296 ;;                  2    3[COMMON] unsigned int 
  2297 ;; Registers used:
  2298 ;;		wreg, status,2, status,0
  2299 ;; Tracked objects:
  2300 ;;		On entry : 0/0
  2301 ;;		On exit  : 0/0
  2302 ;;		Unchanged: 0/0
  2303 ;; Data sizes:     COMMON   BANK0   BANK1   BANK3   BANK2
  2304 ;;      Params:         4       0       0       0       0
  2305 ;;      Locals:         0       2       0       0       0
  2306 ;;      Temps:          0       0       0       0       0
  2307 ;;      Totals:         4       2       0       0       0
  2308 ;;Total ram usage:        6 bytes
  2309 ;; Hardware stack levels used: 1
  2310 ;; Hardware stack levels required when called: 2
  2311 ;; This function calls:
  2312 ;;		Nothing
  2313 ;; This function is called by:
  2314 ;;		_main
  2315 ;; This function uses a non-reentrant model
  2316 ;;
  2317                           
  2318     07AE                     ___wmul:	
  2319                           ;psect for function ___wmul
  2320                           
  2321     07AE                     l2044:	
  2322                           ;incstack = 0
  2323                           ; Regs used in ___wmul: [wreg+status,2+status,0]
  2324                           
  2325     07AE  1283               	bcf	3,5	;RP0=0, select bank0
  2326     07AF  1303               	bcf	3,6	;RP1=0, select bank0
  2327     07B0  01A0               	clrf	___wmul@product
  2328     07B1  01A1               	clrf	___wmul@product+1
  2329     07B2                     l2046:
  2330     07B2  1C73               	btfss	___wmul@multiplier,0
  2331     07B3  2FB5               	goto	u2161
  2332     07B4  2FB6               	goto	u2160
  2333     07B5                     u2161:
  2334     07B5  2FBE               	goto	l341
  2335     07B6                     u2160:
  2336     07B6                     l2048:
  2337     07B6  0875               	movf	___wmul@multiplicand,w
  2338     07B7  1283               	bcf	3,5	;RP0=0, select bank0
  2339     07B8  1303               	bcf	3,6	;RP1=0, select bank0
  2340     07B9  07A0               	addwf	___wmul@product,f
  2341     07BA  1803               	skipnc
  2342     07BB  0AA1               	incf	___wmul@product+1,f
  2343     07BC  0876               	movf	___wmul@multiplicand+1,w
  2344     07BD  07A1               	addwf	___wmul@product+1,f
  2345     07BE                     l341:
  2346     07BE  3001               	movlw	1
  2347     07BF                     u2175:
  2348     07BF  1003               	clrc
  2349     07C0  0DF5               	rlf	___wmul@multiplicand,f
  2350     07C1  0DF6               	rlf	___wmul@multiplicand+1,f
  2351     07C2  3EFF               	addlw	-1
  2352     07C3  1D03               	skipz
  2353     07C4  2FBF               	goto	u2175
  2354     07C5                     l2050:
  2355     07C5  3001               	movlw	1
  2356     07C6                     u2185:
  2357     07C6  1003               	clrc
  2358     07C7  0CF4               	rrf	___wmul@multiplier+1,f
  2359     07C8  0CF3               	rrf	___wmul@multiplier,f
  2360     07C9  3EFF               	addlw	-1
  2361     07CA  1D03               	skipz
  2362     07CB  2FC6               	goto	u2185
  2363     07CC                     l2052:
  2364     07CC  0873               	movf	___wmul@multiplier,w
  2365     07CD  0474               	iorwf	___wmul@multiplier+1,w
  2366     07CE  1D03               	btfss	3,2
  2367     07CF  2FD1               	goto	u2191
  2368     07D0  2FD2               	goto	u2190
  2369     07D1                     u2191:
  2370     07D1  2FB2               	goto	l2046
  2371     07D2                     u2190:
  2372     07D2                     l2054:
  2373     07D2  1283               	bcf	3,5	;RP0=0, select bank0
  2374     07D3  1303               	bcf	3,6	;RP1=0, select bank0
  2375     07D4  0821               	movf	___wmul@product+1,w
  2376     07D5  00F4               	movwf	?___wmul+1
  2377     07D6  0820               	movf	___wmul@product,w
  2378     07D7  00F3               	movwf	?___wmul
  2379     07D8                     l343:
  2380     07D8  0008               	return
  2381     07D9                     __end_of___wmul:
  2382                           
  2383                           	psect	text9
  2384     0666                     __ptext9:	
  2385 ;; *************** function ___lmul *****************
  2386 ;; Defined at:
  2387 ;;		line 15 in file "C:\Program Files\Microchip\xc8\v3.10\pic\sources\c99\common\Umul32.c"
  2388 ;; Parameters:    Size  Location     Type
  2389 ;;  multiplier      4    0[BANK0 ] unsigned long 
  2390 ;;  multiplicand    4    4[BANK0 ] unsigned long 
  2391 ;; Auto vars:     Size  Location     Type
  2392 ;;  product         4    4[COMMON] unsigned long 
  2393 ;; Return value:  Size  Location     Type
  2394 ;;                  4    0[BANK0 ] unsigned long 
  2395 ;; Registers used:
  2396 ;;		wreg, status,2, status,0
  2397 ;; Tracked objects:
  2398 ;;		On entry : 0/0
  2399 ;;		On exit  : 0/0
  2400 ;;		Unchanged: 0/0
  2401 ;; Data sizes:     COMMON   BANK0   BANK1   BANK3   BANK2
  2402 ;;      Params:         0       8       0       0       0
  2403 ;;      Locals:         4       0       0       0       0
  2404 ;;      Temps:          1       0       0       0       0
  2405 ;;      Totals:         5       8       0       0       0
  2406 ;;Total ram usage:       13 bytes
  2407 ;; Hardware stack levels used: 1
  2408 ;; Hardware stack levels required when called: 2
  2409 ;; This function calls:
  2410 ;;		Nothing
  2411 ;; This function is called by:
  2412 ;;		_main
  2413 ;; This function uses a non-reentrant model
  2414 ;;
  2415                           
  2416     0666                     ___lmul:	
  2417                           ;psect for function ___lmul
  2418                           
  2419     0666                     l2058:	
  2420                           ;incstack = 0
  2421                           ; Regs used in ___lmul: [wreg+status,2+status,0]
  2422                           
  2423     0666  3000               	movlw	0
  2424     0667  00F7               	movwf	___lmul@product+3
  2425     0668  3000               	movlw	0
  2426     0669  00F6               	movwf	___lmul@product+2
  2427     066A  3000               	movlw	0
  2428     066B  00F5               	movwf	___lmul@product+1
  2429     066C  3000               	movlw	0
  2430     066D  00F4               	movwf	___lmul@product
  2431     066E                     l2060:
  2432     066E  1283               	bcf	3,5	;RP0=0, select bank0
  2433     066F  1303               	bcf	3,6	;RP1=0, select bank0
  2434     0670  1C20               	btfss	___lmul@multiplier,0
  2435     0671  2E73               	goto	u2201
  2436     0672  2E74               	goto	u2200
  2437     0673                     u2201:
  2438     0673  2E8B               	goto	l2064
  2439     0674                     u2200:
  2440     0674                     l2062:
  2441     0674  0824               	movf	___lmul@multiplicand,w
  2442     0675  07F4               	addwf	___lmul@product,f
  2443     0676  0825               	movf	___lmul@multiplicand+1,w
  2444     0677  1103               	clrz
  2445     0678  1803               	skipnc
  2446     0679  3E01               	addlw	1
  2447     067A  1903               	skipnz
  2448     067B  2E7D               	goto	u2211
  2449     067C  07F5               	addwf	___lmul@product+1,f
  2450     067D                     u2211:
  2451     067D  0826               	movf	___lmul@multiplicand+2,w
  2452     067E  1103               	clrz
  2453     067F  1803               	skipnc
  2454     0680  3E01               	addlw	1
  2455     0681  1903               	skipnz
  2456     0682  2E84               	goto	u2212
  2457     0683  07F6               	addwf	___lmul@product+2,f
  2458     0684                     u2212:
  2459     0684  0827               	movf	___lmul@multiplicand+3,w
  2460     0685  1103               	clrz
  2461     0686  1803               	skipnc
  2462     0687  3E01               	addlw	1
  2463     0688  1903               	skipnz
  2464     0689  2E8B               	goto	u2213
  2465     068A  07F7               	addwf	___lmul@product+3,f
  2466     068B                     u2213:
  2467     068B                     l2064:
  2468     068B  3001               	movlw	1
  2469     068C  00F3               	movwf	??___lmul
  2470     068D                     u2225:
  2471     068D  1003               	clrc
  2472     068E  0DA4               	rlf	___lmul@multiplicand,f
  2473     068F  0DA5               	rlf	___lmul@multiplicand+1,f
  2474     0690  0DA6               	rlf	___lmul@multiplicand+2,f
  2475     0691  0DA7               	rlf	___lmul@multiplicand+3,f
  2476     0692  0BF3               	decfsz	??___lmul,f
  2477     0693  2E8D               	goto	u2225
  2478     0694                     l2066:
  2479     0694  3001               	movlw	1
  2480     0695                     u2235:
  2481     0695  1003               	clrc
  2482     0696  0CA3               	rrf	___lmul@multiplier+3,f
  2483     0697  0CA2               	rrf	___lmul@multiplier+2,f
  2484     0698  0CA1               	rrf	___lmul@multiplier+1,f
  2485     0699  0CA0               	rrf	___lmul@multiplier,f
  2486     069A  3EFF               	addlw	-1
  2487     069B  1D03               	skipz
  2488     069C  2E95               	goto	u2235
  2489     069D  0823               	movf	___lmul@multiplier+3,w
  2490     069E  0422               	iorwf	___lmul@multiplier+2,w
  2491     069F  0421               	iorwf	___lmul@multiplier+1,w
  2492     06A0  0420               	iorwf	___lmul@multiplier,w
  2493     06A1  1D03               	skipz
  2494     06A2  2EA4               	goto	u2241
  2495     06A3  2EA5               	goto	u2240
  2496     06A4                     u2241:
  2497     06A4  2E6E               	goto	l2060
  2498     06A5                     u2240:
  2499     06A5                     l2068:
  2500     06A5  0877               	movf	___lmul@product+3,w
  2501     06A6  00A3               	movwf	?___lmul+3
  2502     06A7  0876               	movf	___lmul@product+2,w
  2503     06A8  00A2               	movwf	?___lmul+2
  2504     06A9  0875               	movf	___lmul@product+1,w
  2505     06AA  00A1               	movwf	?___lmul+1
  2506     06AB  0874               	movf	___lmul@product,w
  2507     06AC  00A0               	movwf	?___lmul
  2508     06AD                     l355:
  2509     06AD  0008               	return
  2510     06AE                     __end_of___lmul:
  2511                           
  2512                           	psect	text10
  2513     0574                     __ptext10:	
  2514 ;; *************** function ___aldiv *****************
  2515 ;; Defined at:
  2516 ;;		line 5 in file "C:\Program Files\Microchip\xc8\v3.10\pic\sources\c99\common\aldiv.c"
  2517 ;; Parameters:    Size  Location     Type
  2518 ;;  divisor         4    8[BANK0 ] long 
  2519 ;;  dividend        4   12[BANK0 ] long 
  2520 ;; Auto vars:     Size  Location     Type
  2521 ;;  quotient        4   19[BANK0 ] long 
  2522 ;;  sign            1   18[BANK0 ] unsigned char 
  2523 ;;  counter         1   17[BANK0 ] unsigned char 
  2524 ;; Return value:  Size  Location     Type
  2525 ;;                  4    8[BANK0 ] long 
  2526 ;; Registers used:
  2527 ;;		wreg, status,2, status,0
  2528 ;; Tracked objects:
  2529 ;;		On entry : 0/0
  2530 ;;		On exit  : 0/0
  2531 ;;		Unchanged: 0/0
  2532 ;; Data sizes:     COMMON   BANK0   BANK1   BANK3   BANK2
  2533 ;;      Params:         0       8       0       0       0
  2534 ;;      Locals:         0       6       0       0       0
  2535 ;;      Temps:          0       1       0       0       0
  2536 ;;      Totals:         0      15       0       0       0
  2537 ;;Total ram usage:       15 bytes
  2538 ;; Hardware stack levels used: 1
  2539 ;; Hardware stack levels required when called: 2
  2540 ;; This function calls:
  2541 ;;		Nothing
  2542 ;; This function is called by:
  2543 ;;		_main
  2544 ;; This function uses a non-reentrant model
  2545 ;;
  2546                           
  2547     0574                     ___aldiv:	
  2548                           ;psect for function ___aldiv
  2549                           
  2550     0574                     l1664:	
  2551                           ;incstack = 0
  2552                           ; Regs used in ___aldiv: [wreg+status,2+status,0]
  2553                           
  2554     0574  1283               	bcf	3,5	;RP0=0, select bank0
  2555     0575  1303               	bcf	3,6	;RP1=0, select bank0
  2556     0576  01B2               	clrf	___aldiv@sign
  2557     0577                     l1666:
  2558     0577  1FAB               	btfss	___aldiv@divisor+3,7
  2559     0578  2D7A               	goto	u1561
  2560     0579  2D7B               	goto	u1560
  2561     057A                     u1561:
  2562     057A  2D88               	goto	l406
  2563     057B                     u1560:
  2564     057B                     l1668:
  2565     057B  09A8               	comf	___aldiv@divisor,f
  2566     057C  09A9               	comf	___aldiv@divisor+1,f
  2567     057D  09AA               	comf	___aldiv@divisor+2,f
  2568     057E  09AB               	comf	___aldiv@divisor+3,f
  2569     057F  0AA8               	incf	___aldiv@divisor,f
  2570     0580  1903               	skipnz
  2571     0581  0AA9               	incf	___aldiv@divisor+1,f
  2572     0582  1903               	skipnz
  2573     0583  0AAA               	incf	___aldiv@divisor+2,f
  2574     0584  1903               	skipnz
  2575     0585  0AAB               	incf	___aldiv@divisor+3,f
  2576     0586  3001               	movlw	1
  2577     0587  00B2               	movwf	___aldiv@sign
  2578     0588                     l406:
  2579     0588  1FAF               	btfss	___aldiv@dividend+3,7
  2580     0589  2D8B               	goto	u1571
  2581     058A  2D8C               	goto	u1570
  2582     058B                     u1571:
  2583     058B  2D99               	goto	l1674
  2584     058C                     u1570:
  2585     058C                     l1670:
  2586     058C  09AC               	comf	___aldiv@dividend,f
  2587     058D  09AD               	comf	___aldiv@dividend+1,f
  2588     058E  09AE               	comf	___aldiv@dividend+2,f
  2589     058F  09AF               	comf	___aldiv@dividend+3,f
  2590     0590  0AAC               	incf	___aldiv@dividend,f
  2591     0591  1903               	skipnz
  2592     0592  0AAD               	incf	___aldiv@dividend+1,f
  2593     0593  1903               	skipnz
  2594     0594  0AAE               	incf	___aldiv@dividend+2,f
  2595     0595  1903               	skipnz
  2596     0596  0AAF               	incf	___aldiv@dividend+3,f
  2597     0597                     l1672:
  2598     0597  3001               	movlw	1
  2599     0598  06B2               	xorwf	___aldiv@sign,f
  2600     0599                     l1674:
  2601     0599  3000               	movlw	0
  2602     059A  00B6               	movwf	___aldiv@quotient+3
  2603     059B  3000               	movlw	0
  2604     059C  00B5               	movwf	___aldiv@quotient+2
  2605     059D  3000               	movlw	0
  2606     059E  00B4               	movwf	___aldiv@quotient+1
  2607     059F  3000               	movlw	0
  2608     05A0  00B3               	movwf	___aldiv@quotient
  2609     05A1                     l1676:
  2610     05A1  082B               	movf	___aldiv@divisor+3,w
  2611     05A2  042A               	iorwf	___aldiv@divisor+2,w
  2612     05A3  0429               	iorwf	___aldiv@divisor+1,w
  2613     05A4  0428               	iorwf	___aldiv@divisor,w
  2614     05A5  1903               	skipnz
  2615     05A6  2DA8               	goto	u1581
  2616     05A7  2DA9               	goto	u1580
  2617     05A8                     u1581:
  2618     05A8  2DF4               	goto	l1696
  2619     05A9                     u1580:
  2620     05A9                     l1678:
  2621     05A9  3001               	movlw	1
  2622     05AA  00B1               	movwf	___aldiv@counter
  2623     05AB  2DB7               	goto	l1682
  2624     05AC                     l1680:
  2625     05AC  3001               	movlw	1
  2626     05AD  00B0               	movwf	??___aldiv
  2627     05AE                     u1595:
  2628     05AE  1003               	clrc
  2629     05AF  0DA8               	rlf	___aldiv@divisor,f
  2630     05B0  0DA9               	rlf	___aldiv@divisor+1,f
  2631     05B1  0DAA               	rlf	___aldiv@divisor+2,f
  2632     05B2  0DAB               	rlf	___aldiv@divisor+3,f
  2633     05B3  0BB0               	decfsz	??___aldiv,f
  2634     05B4  2DAE               	goto	u1595
  2635     05B5  3001               	movlw	1
  2636     05B6  07B1               	addwf	___aldiv@counter,f
  2637     05B7                     l1682:
  2638     05B7  1FAB               	btfss	___aldiv@divisor+3,7
  2639     05B8  2DBA               	goto	u1601
  2640     05B9  2DBB               	goto	u1600
  2641     05BA                     u1601:
  2642     05BA  2DAC               	goto	l1680
  2643     05BB                     u1600:
  2644     05BB                     l1684:
  2645     05BB  3001               	movlw	1
  2646     05BC  00B0               	movwf	??___aldiv
  2647     05BD                     u1615:
  2648     05BD  1003               	clrc
  2649     05BE  0DB3               	rlf	___aldiv@quotient,f
  2650     05BF  0DB4               	rlf	___aldiv@quotient+1,f
  2651     05C0  0DB5               	rlf	___aldiv@quotient+2,f
  2652     05C1  0DB6               	rlf	___aldiv@quotient+3,f
  2653     05C2  0BB0               	decfsz	??___aldiv,f
  2654     05C3  2DBD               	goto	u1615
  2655     05C4                     l1686:
  2656     05C4  082B               	movf	___aldiv@divisor+3,w
  2657     05C5  022F               	subwf	___aldiv@dividend+3,w
  2658     05C6  1D03               	skipz
  2659     05C7  2DD2               	goto	u1625
  2660     05C8  082A               	movf	___aldiv@divisor+2,w
  2661     05C9  022E               	subwf	___aldiv@dividend+2,w
  2662     05CA  1D03               	skipz
  2663     05CB  2DD2               	goto	u1625
  2664     05CC  0829               	movf	___aldiv@divisor+1,w
  2665     05CD  022D               	subwf	___aldiv@dividend+1,w
  2666     05CE  1D03               	skipz
  2667     05CF  2DD2               	goto	u1625
  2668     05D0  0828               	movf	___aldiv@divisor,w
  2669     05D1  022C               	subwf	___aldiv@dividend,w
  2670     05D2                     u1625:
  2671     05D2  1C03               	skipc
  2672     05D3  2DD5               	goto	u1621
  2673     05D4  2DD6               	goto	u1620
  2674     05D5                     u1621:
  2675     05D5  2DE5               	goto	l1692
  2676     05D6                     u1620:
  2677     05D6                     l1688:
  2678     05D6  0828               	movf	___aldiv@divisor,w
  2679     05D7  02AC               	subwf	___aldiv@dividend,f
  2680     05D8  0829               	movf	___aldiv@divisor+1,w
  2681     05D9  1C03               	skipc
  2682     05DA  0F29               	incfsz	___aldiv@divisor+1,w
  2683     05DB  02AD               	subwf	___aldiv@dividend+1,f
  2684     05DC  082A               	movf	___aldiv@divisor+2,w
  2685     05DD  1C03               	skipc
  2686     05DE  0F2A               	incfsz	___aldiv@divisor+2,w
  2687     05DF  02AE               	subwf	___aldiv@dividend+2,f
  2688     05E0  082B               	movf	___aldiv@divisor+3,w
  2689     05E1  1C03               	skipc
  2690     05E2  0F2B               	incfsz	___aldiv@divisor+3,w
  2691     05E3  02AF               	subwf	___aldiv@dividend+3,f
  2692     05E4                     l1690:
  2693     05E4  1433               	bsf	___aldiv@quotient,0
  2694     05E5                     l1692:
  2695     05E5  3001               	movlw	1
  2696     05E6                     u1635:
  2697     05E6  1003               	clrc
  2698     05E7  0CAB               	rrf	___aldiv@divisor+3,f
  2699     05E8  0CAA               	rrf	___aldiv@divisor+2,f
  2700     05E9  0CA9               	rrf	___aldiv@divisor+1,f
  2701     05EA  0CA8               	rrf	___aldiv@divisor,f
  2702     05EB  3EFF               	addlw	-1
  2703     05EC  1D03               	skipz
  2704     05ED  2DE6               	goto	u1635
  2705     05EE                     l1694:
  2706     05EE  3001               	movlw	1
  2707     05EF  02B1               	subwf	___aldiv@counter,f
  2708     05F0  1D03               	btfss	3,2
  2709     05F1  2DF3               	goto	u1641
  2710     05F2  2DF4               	goto	u1640
  2711     05F3                     u1641:
  2712     05F3  2DBB               	goto	l1684
  2713     05F4                     u1640:
  2714     05F4                     l1696:
  2715     05F4  0832               	movf	___aldiv@sign,w
  2716     05F5  1903               	btfsc	3,2
  2717     05F6  2DF8               	goto	u1651
  2718     05F7  2DF9               	goto	u1650
  2719     05F8                     u1651:
  2720     05F8  2E04               	goto	l1700
  2721     05F9                     u1650:
  2722     05F9                     l1698:
  2723     05F9  09B3               	comf	___aldiv@quotient,f
  2724     05FA  09B4               	comf	___aldiv@quotient+1,f
  2725     05FB  09B5               	comf	___aldiv@quotient+2,f
  2726     05FC  09B6               	comf	___aldiv@quotient+3,f
  2727     05FD  0AB3               	incf	___aldiv@quotient,f
  2728     05FE  1903               	skipnz
  2729     05FF  0AB4               	incf	___aldiv@quotient+1,f
  2730     0600  1903               	skipnz
  2731     0601  0AB5               	incf	___aldiv@quotient+2,f
  2732     0602  1903               	skipnz
  2733     0603  0AB6               	incf	___aldiv@quotient+3,f
  2734     0604                     l1700:
  2735     0604  0836               	movf	___aldiv@quotient+3,w
  2736     0605  00AB               	movwf	?___aldiv+3
  2737     0606  0835               	movf	___aldiv@quotient+2,w
  2738     0607  00AA               	movwf	?___aldiv+2
  2739     0608  0834               	movf	___aldiv@quotient+1,w
  2740     0609  00A9               	movwf	?___aldiv+1
  2741     060A  0833               	movf	___aldiv@quotient,w
  2742     060B  00A8               	movwf	?___aldiv
  2743     060C                     l416:
  2744     060C  0008               	return
  2745     060D                     __end_of___aldiv:
  2746                           
  2747                           	psect	text11
  2748     06AE                     __ptext11:	
  2749 ;; *************** function _LCD_putrs *****************
  2750 ;; Defined at:
  2751 ;;		line 142 in file "lcd.c"
  2752 ;; Parameters:    Size  Location     Type
  2753 ;;  a               2    1[BANK0 ] PTR const unsigned char 
  2754 ;;		 -> STR_5(6), STR_3(13), main@buffer(10), STR_1(10), 
  2755 ;; Auto vars:     Size  Location     Type
  2756 ;;  i               2    6[BANK0 ] int 
  2757 ;; Return value:  Size  Location     Type
  2758 ;;                  1    wreg      void 
  2759 ;; Registers used:
  2760 ;;		wreg, fsr0l, fsr0h, status,2, status,0, pclath, btemp1, cstack
  2761 ;; Tracked objects:
  2762 ;;		On entry : 0/0
  2763 ;;		On exit  : 0/0
  2764 ;;		Unchanged: 0/0
  2765 ;; Data sizes:     COMMON   BANK0   BANK1   BANK3   BANK2
  2766 ;;      Params:         0       2       0       0       0
  2767 ;;      Locals:         0       2       0       0       0
  2768 ;;      Temps:          0       3       0       0       0
  2769 ;;      Totals:         0       7       0       0       0
  2770 ;;Total ram usage:        7 bytes
  2771 ;; Hardware stack levels used: 1
  2772 ;; Hardware stack levels required when called: 4
  2773 ;; This function calls:
  2774 ;;		_LCD_putc
  2775 ;; This function is called by:
  2776 ;;		_main
  2777 ;; This function uses a non-reentrant model
  2778 ;;
  2779                           
  2780     06AE                     _LCD_putrs:	
  2781                           ;psect for function _LCD_putrs
  2782                           
  2783     06AE                     l2022:	
  2784                           ;incstack = 0
  2785                           ; Regs used in _LCD_putrs: [wreg-fsr0h+status,2+status,0+pclath+btemp1+cstack]
  2786                           
  2787                           
  2788                           ;lcd.c: 144:     for ( int i = 0; a[i] != '\0'; ++i ) {
  2789     06AE  1283               	bcf	3,5	;RP0=0, select bank0
  2790     06AF  1303               	bcf	3,6	;RP1=0, select bank0
  2791     06B0  01A6               	clrf	LCD_putrs@i
  2792     06B1  01A7               	clrf	LCD_putrs@i+1
  2793     06B2  2ED7               	goto	l2028
  2794     06B3                     l2024:
  2795                           
  2796                           ;lcd.c: 145:         LCD_putc(a[i]);
  2797     06B3  0826               	movf	LCD_putrs@i,w
  2798     06B4  0721               	addwf	LCD_putrs@a,w
  2799     06B5  00A4               	movwf	??_LCD_putrs+1
  2800     06B6  0822               	movf	LCD_putrs@a+1,w
  2801     06B7  00A3               	movwf	??_LCD_putrs
  2802     06B8  1803               	skipnc
  2803     06B9  0AA3               	incf	??_LCD_putrs,f
  2804     06BA  1FA6               	btfss	LCD_putrs@i,7
  2805     06BB  2EBD               	goto	u2130
  2806     06BC  03A3               	decf	??_LCD_putrs,f
  2807     06BD                     u2130:
  2808     06BD  1283               	bcf	3,5	;RP0=0, select bank0
  2809     06BE  1303               	bcf	3,6	;RP1=0, select bank0
  2810     06BF  0823               	movf	??_LCD_putrs,w
  2811     06C0  00A5               	movwf	??_LCD_putrs+2
  2812     06C1  0825               	movf	??_LCD_putrs+2,w
  2813     06C2  00FF               	movwf	btemp1
  2814     06C3  0824               	movf	??_LCD_putrs+1,w
  2815     06C4  0084               	movwf	4
  2816     06C5  120A  118A  2738  120A  118A  	fcall	stringtab
  2817     06CA  120A  118A  24DA  120A  118A  	fcall	_LCD_putc
  2818     06CF                     l2026:
  2819                           
  2820                           ;lcd.c: 146:     }
  2821     06CF  3001               	movlw	1
  2822     06D0  1283               	bcf	3,5	;RP0=0, select bank0
  2823     06D1  1303               	bcf	3,6	;RP1=0, select bank0
  2824     06D2  07A6               	addwf	LCD_putrs@i,f
  2825     06D3  1803               	skipnc
  2826     06D4  0AA7               	incf	LCD_putrs@i+1,f
  2827     06D5  3000               	movlw	0
  2828     06D6  07A7               	addwf	LCD_putrs@i+1,f
  2829     06D7                     l2028:
  2830     06D7  0826               	movf	LCD_putrs@i,w
  2831     06D8  0721               	addwf	LCD_putrs@a,w
  2832     06D9  00A4               	movwf	??_LCD_putrs+1
  2833     06DA  0822               	movf	LCD_putrs@a+1,w
  2834     06DB  00A3               	movwf	??_LCD_putrs
  2835     06DC  1803               	skipnc
  2836     06DD  0AA3               	incf	??_LCD_putrs,f
  2837     06DE  1FA6               	btfss	LCD_putrs@i,7
  2838     06DF  2EE1               	goto	u2140
  2839     06E0  03A3               	decf	??_LCD_putrs,f
  2840     06E1                     u2140:
  2841     06E1  1283               	bcf	3,5	;RP0=0, select bank0
  2842     06E2  1303               	bcf	3,6	;RP1=0, select bank0
  2843     06E3  0823               	movf	??_LCD_putrs,w
  2844     06E4  00A5               	movwf	??_LCD_putrs+2
  2845     06E5  0825               	movf	??_LCD_putrs+2,w
  2846     06E6  00FF               	movwf	btemp1
  2847     06E7  0824               	movf	??_LCD_putrs+1,w
  2848     06E8  0084               	movwf	4
  2849     06E9  120A  118A  2738  120A  118A  	fcall	stringtab
  2850     06EE  3A00               	xorlw	0
  2851     06EF  1D03               	skipz
  2852     06F0  2EF2               	goto	u2151
  2853     06F1  2EF3               	goto	u2150
  2854     06F2                     u2151:
  2855     06F2  2EB3               	goto	l2024
  2856     06F3                     u2150:
  2857     06F3                     l67:
  2858     06F3  0008               	return
  2859     06F4                     __end_of_LCD_putrs:
  2860                           
  2861                           	psect	text12
  2862     04DA                     __ptext12:	
  2863 ;; *************** function _LCD_putc *****************
  2864 ;; Defined at:
  2865 ;;		line 117 in file "lcd.c"
  2866 ;; Parameters:    Size  Location     Type
  2867 ;;  c               1    wreg     unsigned char 
  2868 ;; Auto vars:     Size  Location     Type
  2869 ;;  c               1    0[BANK0 ] unsigned char 
  2870 ;; Return value:  Size  Location     Type
  2871 ;;                  1    wreg      void 
  2872 ;; Registers used:
  2873 ;;		wreg, fsr0l, fsr0h, status,2, status,0, pclath, cstack
  2874 ;; Tracked objects:
  2875 ;;		On entry : 0/0
  2876 ;;		On exit  : 0/0
  2877 ;;		Unchanged: 0/0
  2878 ;; Data sizes:     COMMON   BANK0   BANK1   BANK3   BANK2
  2879 ;;      Params:         0       0       0       0       0
  2880 ;;      Locals:         0       1       0       0       0
  2881 ;;      Temps:          2       0       0       0       0
  2882 ;;      Totals:         2       1       0       0       0
  2883 ;;Total ram usage:        3 bytes
  2884 ;; Hardware stack levels used: 1
  2885 ;; Hardware stack levels required when called: 3
  2886 ;; This function calls:
  2887 ;;		_LCD_Out
  2888 ;; This function is called by:
  2889 ;;		_LCD_putrs
  2890 ;;		_LCD_puts
  2891 ;; This function uses a non-reentrant model
  2892 ;;
  2893                           
  2894     04DA                     _LCD_putc:	
  2895                           ;psect for function _LCD_putc
  2896                           
  2897                           
  2898                           ;incstack = 0
  2899                           ; Regs used in _LCD_putc: [wreg-fsr0h+status,2+status,0+pclath+cstack]
  2900                           ;LCD_putc@c stored from wreg
  2901     04DA  1283               	bcf	3,5	;RP0=0, select bank0
  2902     04DB  1303               	bcf	3,6	;RP1=0, select bank0
  2903     04DC  00A0               	movwf	LCD_putc@c
  2904     04DD                     l1950:
  2905                           
  2906                           ;lcd.c: 119:    *(lcd.PORT) |= 1 << lcd.RS;
  2907     04DD  1683               	bsf	3,5	;RP0=1, select bank1
  2908     04DE  1303               	bcf	3,6	;RP1=0, select bank1
  2909     04DF  0840               	movf	_lcd^(0+128),w
  2910     04E0  0084               	movwf	4
  2911     04E1  1783               	bsf	3,7
  2912     04E2  1C41               	btfss	(_lcd+1)^(0+128),0
  2913     04E3  1383               	bcf	3,7
  2914     04E4  3001               	movlw	1
  2915     04E5  00F6               	movwf	??_LCD_putc
  2916     04E6  0842               	movf	(_lcd^(0+128)+2),w
  2917     04E7  3907               	andlw	7
  2918     04E8  3E01               	addlw	1
  2919     04E9  2CEC               	goto	u2024
  2920     04EA                     u2025:
  2921     04EA  1003               	clrc
  2922     04EB  0DF6               	rlf	??_LCD_putc,f
  2923     04EC                     u2024:
  2924     04EC  3EFF               	addlw	-1
  2925     04ED  1D03               	skipz
  2926     04EE  2CEA               	goto	u2025
  2927     04EF  0876               	movf	??_LCD_putc,w
  2928     04F0  0480               	iorwf	0,f
  2929     04F1                     l1952:
  2930                           
  2931                           ;lcd.c: 120:     LCD_Out((c & 0xF0) >> 4);
  2932     04F1  1283               	bcf	3,5	;RP0=0, select bank0
  2933     04F2  1303               	bcf	3,6	;RP1=0, select bank0
  2934     04F3  0820               	movf	LCD_putc@c,w
  2935     04F4  00F6               	movwf	??_LCD_putc
  2936     04F5  3004               	movlw	4
  2937     04F6                     u2035:
  2938     04F6  1003               	clrc
  2939     04F7  0CF6               	rrf	??_LCD_putc,f
  2940     04F8  3EFF               	addlw	-1
  2941     04F9  1D03               	skipz
  2942     04FA  2CF6               	goto	u2035
  2943     04FB  0876               	movf	??_LCD_putc,w
  2944     04FC  390F               	andlw	15
  2945     04FD  120A  118A  22D0  120A  118A  	fcall	_LCD_Out
  2946     0502                     l1954:
  2947                           
  2948                           ;lcd.c: 122:     *(lcd.PORT) |= 1 << lcd.EN;
  2949     0502  1683               	bsf	3,5	;RP0=1, select bank1
  2950     0503  1303               	bcf	3,6	;RP1=0, select bank1
  2951     0504  0840               	movf	_lcd^(0+128),w
  2952     0505  0084               	movwf	4
  2953     0506  1783               	bsf	3,7
  2954     0507  1C41               	btfss	(_lcd+1)^(0+128),0
  2955     0508  1383               	bcf	3,7
  2956     0509  3001               	movlw	1
  2957     050A  00F6               	movwf	??_LCD_putc
  2958     050B  0C42               	rrf	(_lcd^(0+128)+2),w
  2959     050C  00F7               	movwf	??_LCD_putc+1
  2960     050D  0CF7               	rrf	??_LCD_putc+1,f
  2961     050E  0C77               	rrf	??_LCD_putc+1,w
  2962     050F  3907               	andlw	7
  2963     0510  3E01               	addlw	1
  2964     0511  2D14               	goto	u2044
  2965     0512                     u2045:
  2966     0512  1003               	clrc
  2967     0513  0DF6               	rlf	??_LCD_putc,f
  2968     0514                     u2044:
  2969     0514  3EFF               	addlw	-1
  2970     0515  1D03               	skipz
  2971     0516  2D12               	goto	u2045
  2972     0517  0876               	movf	??_LCD_putc,w
  2973     0518  0480               	iorwf	0,f
  2974     0519                     l1956:
  2975                           
  2976                           ;lcd.c: 123:     _delay((unsigned long)((40)*(8000000/4000000.0)));
  2977     0519  301A               	movlw	26
  2978     051A  00F6               	movwf	??_LCD_putc
  2979     051B                     u2407:
  2980     051B  0BF6               	decfsz	??_LCD_putc,f
  2981     051C  2D1B               	goto	u2407
  2982     051D  0000               	nop
  2983     051E                     l1958:
  2984                           
  2985                           ;lcd.c: 124:     *(lcd.PORT) &= ~(1 << lcd.EN);
  2986     051E  1683               	bsf	3,5	;RP0=1, select bank1
  2987     051F  1303               	bcf	3,6	;RP1=0, select bank1
  2988     0520  0840               	movf	_lcd^(0+128),w
  2989     0521  0084               	movwf	4
  2990     0522  1783               	bsf	3,7
  2991     0523  1C41               	btfss	(_lcd+1)^(0+128),0
  2992     0524  1383               	bcf	3,7
  2993     0525  3001               	movlw	1
  2994     0526  00F6               	movwf	??_LCD_putc
  2995     0527  0C42               	rrf	(_lcd^(0+128)+2),w
  2996     0528  00F7               	movwf	??_LCD_putc+1
  2997     0529  0CF7               	rrf	??_LCD_putc+1,f
  2998     052A  0C77               	rrf	??_LCD_putc+1,w
  2999     052B  3907               	andlw	7
  3000     052C  3E01               	addlw	1
  3001     052D  2D30               	goto	u2054
  3002     052E                     u2055:
  3003     052E  1003               	clrc
  3004     052F  0DF6               	rlf	??_LCD_putc,f
  3005     0530                     u2054:
  3006     0530  3EFF               	addlw	-1
  3007     0531  1D03               	skipz
  3008     0532  2D2E               	goto	u2055
  3009     0533  0876               	movf	??_LCD_putc,w
  3010     0534  3AFF               	xorlw	255
  3011     0535  0580               	andwf	0,f
  3012     0536                     l1960:
  3013                           
  3014                           ;lcd.c: 126:     LCD_Out(c & 0x0F);
  3015     0536  1283               	bcf	3,5	;RP0=0, select bank0
  3016     0537  1303               	bcf	3,6	;RP1=0, select bank0
  3017     0538  0820               	movf	LCD_putc@c,w
  3018     0539  390F               	andlw	15
  3019     053A  120A  118A  22D0  120A  118A  	fcall	_LCD_Out
  3020     053F                     l1962:
  3021                           
  3022                           ;lcd.c: 128:     *(lcd.PORT) |= 1 << lcd.EN;
  3023     053F  1683               	bsf	3,5	;RP0=1, select bank1
  3024     0540  1303               	bcf	3,6	;RP1=0, select bank1
  3025     0541  0840               	movf	_lcd^(0+128),w
  3026     0542  0084               	movwf	4
  3027     0543  1783               	bsf	3,7
  3028     0544  1C41               	btfss	(_lcd+1)^(0+128),0
  3029     0545  1383               	bcf	3,7
  3030     0546  3001               	movlw	1
  3031     0547  00F6               	movwf	??_LCD_putc
  3032     0548  0C42               	rrf	(_lcd^(0+128)+2),w
  3033     0549  00F7               	movwf	??_LCD_putc+1
  3034     054A  0CF7               	rrf	??_LCD_putc+1,f
  3035     054B  0C77               	rrf	??_LCD_putc+1,w
  3036     054C  3907               	andlw	7
  3037     054D  3E01               	addlw	1
  3038     054E  2D51               	goto	u2064
  3039     054F                     u2065:
  3040     054F  1003               	clrc
  3041     0550  0DF6               	rlf	??_LCD_putc,f
  3042     0551                     u2064:
  3043     0551  3EFF               	addlw	-1
  3044     0552  1D03               	skipz
  3045     0553  2D4F               	goto	u2065
  3046     0554  0876               	movf	??_LCD_putc,w
  3047     0555  0480               	iorwf	0,f
  3048                           
  3049                           ;lcd.c: 129:     _delay((unsigned long)((40)*(8000000/4000000.0)));
  3050     0556  301A               	movlw	26
  3051     0557  00F6               	movwf	??_LCD_putc
  3052     0558                     u2417:
  3053     0558  0BF6               	decfsz	??_LCD_putc,f
  3054     0559  2D58               	goto	u2417
  3055     055A  0000               	nop
  3056     055B                     l1964:
  3057                           
  3058                           ;lcd.c: 130:     *(lcd.PORT) &= ~(1 << lcd.EN);
  3059     055B  1683               	bsf	3,5	;RP0=1, select bank1
  3060     055C  1303               	bcf	3,6	;RP1=0, select bank1
  3061     055D  0840               	movf	_lcd^(0+128),w
  3062     055E  0084               	movwf	4
  3063     055F  1783               	bsf	3,7
  3064     0560  1C41               	btfss	(_lcd+1)^(0+128),0
  3065     0561  1383               	bcf	3,7
  3066     0562  3001               	movlw	1
  3067     0563  00F6               	movwf	??_LCD_putc
  3068     0564  0C42               	rrf	(_lcd^(0+128)+2),w
  3069     0565  00F7               	movwf	??_LCD_putc+1
  3070     0566  0CF7               	rrf	??_LCD_putc+1,f
  3071     0567  0C77               	rrf	??_LCD_putc+1,w
  3072     0568  3907               	andlw	7
  3073     0569  3E01               	addlw	1
  3074     056A  2D6D               	goto	u2074
  3075     056B                     u2075:
  3076     056B  1003               	clrc
  3077     056C  0DF6               	rlf	??_LCD_putc,f
  3078     056D                     u2074:
  3079     056D  3EFF               	addlw	-1
  3080     056E  1D03               	skipz
  3081     056F  2D6B               	goto	u2075
  3082     0570  0876               	movf	??_LCD_putc,w
  3083     0571  3AFF               	xorlw	255
  3084     0572  0580               	andwf	0,f
  3085     0573                     l55:
  3086     0573  0008               	return
  3087     0574                     __end_of_LCD_putc:
  3088                           
  3089                           	psect	text13
  3090     038A                     __ptext13:	
  3091 ;; *************** function _LCD_Init *****************
  3092 ;; Defined at:
  3093 ;;		line 59 in file "lcd.c"
  3094 ;; Parameters:    Size  Location     Type
  3095 ;;  display         5    1[BANK0 ] struct .
  3096 ;; Auto vars:     Size  Location     Type
  3097 ;;  cmd             1    8[BANK0 ] unsigned char 
  3098 ;; Return value:  Size  Location     Type
  3099 ;;                  1    wreg      _Bool 
  3100 ;; Registers used:
  3101 ;;		wreg, fsr0l, fsr0h, status,2, status,0, pclath, cstack
  3102 ;; Tracked objects:
  3103 ;;		On entry : 0/0
  3104 ;;		On exit  : 0/0
  3105 ;;		Unchanged: 0/0
  3106 ;; Data sizes:     COMMON   BANK0   BANK1   BANK3   BANK2
  3107 ;;      Params:         0       5       0       0       0
  3108 ;;      Locals:         0       1       0       0       0
  3109 ;;      Temps:          0       2       0       0       0
  3110 ;;      Totals:         0       8       0       0       0
  3111 ;;Total ram usage:        8 bytes
  3112 ;; Hardware stack levels used: 1
  3113 ;; Hardware stack levels required when called: 4
  3114 ;; This function calls:
  3115 ;;		_LCD_Write
  3116 ;; This function is called by:
  3117 ;;		_main
  3118 ;; This function uses a non-reentrant model
  3119 ;;
  3120                           
  3121     038A                     _LCD_Init:	
  3122                           ;psect for function _LCD_Init
  3123                           
  3124     038A                     l1976:	
  3125                           ;incstack = 0
  3126                           ; Regs used in _LCD_Init: [wreg-fsr0h+status,2+status,0+pclath+cstack]
  3127                           
  3128                           
  3129                           ;lcd.c: 61:     lcd = display;
  3130     038A  30C0               	movlw	_lcd& (0+255)
  3131     038B  0084               	movwf	4
  3132     038C  1283               	bcf	3,5	;RP0=0, select bank0
  3133     038D  1303               	bcf	3,6	;RP1=0, select bank0
  3134     038E  0821               	movf	LCD_Init@display,w
  3135     038F  1383               	bcf	3,7	;select IRP bank1
  3136     0390  0080               	movwf	0
  3137     0391  0A84               	incf	4,f
  3138     0392  0822               	movf	LCD_Init@display+1,w
  3139     0393  0080               	movwf	0
  3140     0394  0A84               	incf	4,f
  3141     0395  0823               	movf	LCD_Init@display+2,w
  3142     0396  0080               	movwf	0
  3143     0397  0A84               	incf	4,f
  3144     0398  0824               	movf	LCD_Init@display+3,w
  3145     0399  0080               	movwf	0
  3146     039A  0A84               	incf	4,f
  3147     039B  0825               	movf	LCD_Init@display+4,w
  3148     039C  0080               	movwf	0
  3149     039D                     l1978:
  3150                           
  3151                           ;lcd.c: 70:     if ( lcd.PORT == &PORTA ) {
  3152     039D  3000               	movlw	0
  3153     039E  1683               	bsf	3,5	;RP0=1, select bank1
  3154     039F  1303               	bcf	3,6	;RP1=0, select bank1
  3155     03A0  0641               	xorwf	(_lcd+1)^(0+128),w
  3156     03A1  1D03               	skipz
  3157     03A2  2BA5               	goto	u2095
  3158     03A3  3005               	movlw	5
  3159     03A4  0640               	xorwf	_lcd^(0+128),w
  3160     03A5                     u2095:
  3161     03A5  1D03               	skipz
  3162     03A6  2BA8               	goto	u2091
  3163     03A7  2BA9               	goto	u2090
  3164     03A8                     u2091:
  3165     03A8  2BAB               	goto	l1982
  3166     03A9                     u2090:
  3167     03A9                     l1980:
  3168                           
  3169                           ;lcd.c: 71:         TRISA = 0x00;
  3170     03A9  0185               	clrf	5	;volatile
  3171                           
  3172                           ;lcd.c: 72:     }
  3173     03AA  2BC2               	goto	l1990
  3174     03AB                     l1982:
  3175     03AB  3000               	movlw	0
  3176     03AC  0641               	xorwf	(_lcd+1)^(0+128),w
  3177     03AD  1D03               	skipz
  3178     03AE  2BB1               	goto	u2105
  3179     03AF  3006               	movlw	6
  3180     03B0  0640               	xorwf	_lcd^(0+128),w
  3181     03B1                     u2105:
  3182     03B1  1D03               	skipz
  3183     03B2  2BB4               	goto	u2101
  3184     03B3  2BB5               	goto	u2100
  3185     03B4                     u2101:
  3186     03B4  2BB7               	goto	l1986
  3187     03B5                     u2100:
  3188     03B5                     l1984:
  3189                           
  3190                           ;lcd.c: 74:         TRISB = 0x00;
  3191     03B5  0186               	clrf	6	;volatile
  3192                           
  3193                           ;lcd.c: 75:     }
  3194     03B6  2BC2               	goto	l1990
  3195     03B7                     l1986:
  3196     03B7  3000               	movlw	0
  3197     03B8  0641               	xorwf	(_lcd+1)^(0+128),w
  3198     03B9  1D03               	skipz
  3199     03BA  2BBD               	goto	u2115
  3200     03BB  3007               	movlw	7
  3201     03BC  0640               	xorwf	_lcd^(0+128),w
  3202     03BD                     u2115:
  3203     03BD  1D03               	skipz
  3204     03BE  2BC0               	goto	u2111
  3205     03BF  2BC1               	goto	u2110
  3206     03C0                     u2111:
  3207     03C0  2C39               	goto	l39
  3208     03C1                     u2110:
  3209     03C1                     l1988:
  3210                           
  3211                           ;lcd.c: 77:         TRISC = 0x00;
  3212     03C1  0187               	clrf	7	;volatile
  3213     03C2                     l1990:	
  3214                           ;lcd.c: 78:     }
  3215                           
  3216                           
  3217                           ;lcd.c: 92:     _delay((unsigned long)((20)*(8000000/4000.0)));
  3218     03C2  3034               	movlw	52
  3219     03C3  1283               	bcf	3,5	;RP0=0, select bank0
  3220     03C4  1303               	bcf	3,6	;RP1=0, select bank0
  3221     03C5  00A7               	movwf	??_LCD_Init+1
  3222     03C6  30F1               	movlw	241
  3223     03C7  00A6               	movwf	??_LCD_Init
  3224     03C8                     u2427:
  3225     03C8  0BA6               	decfsz	??_LCD_Init,f
  3226     03C9  2BC8               	goto	u2427
  3227     03CA  0BA7               	decfsz	??_LCD_Init+1,f
  3228     03CB  2BC8               	goto	u2427
  3229     03CC                     l1992:
  3230                           
  3231                           ;lcd.c: 95:     LCD_Write(0x03);
  3232     03CC  3003               	movlw	3
  3233     03CD  120A  118A  260D  120A  118A  	fcall	_LCD_Write
  3234     03D2                     l1994:
  3235                           
  3236                           ;lcd.c: 96:     _delay((unsigned long)((5)*(8000000/4000.0)));
  3237     03D2  300D               	movlw	13
  3238     03D3  1283               	bcf	3,5	;RP0=0, select bank0
  3239     03D4  1303               	bcf	3,6	;RP1=0, select bank0
  3240     03D5  00A7               	movwf	??_LCD_Init+1
  3241     03D6  30FB               	movlw	251
  3242     03D7  00A6               	movwf	??_LCD_Init
  3243     03D8                     u2437:
  3244     03D8  0BA6               	decfsz	??_LCD_Init,f
  3245     03D9  2BD8               	goto	u2437
  3246     03DA  0BA7               	decfsz	??_LCD_Init+1,f
  3247     03DB  2BD8               	goto	u2437
  3248                           
  3249                           ;lcd.c: 97:     LCD_Write(0x03);
  3250     03DC  3003               	movlw	3
  3251     03DD  120A  118A  260D  120A  118A  	fcall	_LCD_Write
  3252     03E2                     l1996:
  3253                           
  3254                           ;lcd.c: 98:     _delay((unsigned long)((16)*(8000000/4000.0)));
  3255     03E2  302A               	movlw	42
  3256     03E3  1283               	bcf	3,5	;RP0=0, select bank0
  3257     03E4  1303               	bcf	3,6	;RP1=0, select bank0
  3258     03E5  00A7               	movwf	??_LCD_Init+1
  3259     03E6  308D               	movlw	141
  3260     03E7  00A6               	movwf	??_LCD_Init
  3261     03E8                     u2447:
  3262     03E8  0BA6               	decfsz	??_LCD_Init,f
  3263     03E9  2BE8               	goto	u2447
  3264     03EA  0BA7               	decfsz	??_LCD_Init+1,f
  3265     03EB  2BE8               	goto	u2447
  3266     03EC                     l1998:
  3267                           
  3268                           ;lcd.c: 99:     LCD_Write(0x03);
  3269     03EC  3003               	movlw	3
  3270     03ED  120A  118A  260D  120A  118A  	fcall	_LCD_Write
  3271     03F2                     l2000:
  3272                           
  3273                           ;lcd.c: 102:     LCD_Write(0x02);
  3274     03F2  3002               	movlw	2
  3275     03F3  120A  118A  260D  120A  118A  	fcall	_LCD_Write
  3276     03F8                     l2002:
  3277     03F8  3002               	movlw	2
  3278     03F9  120A  118A  260D  120A  118A  	fcall	_LCD_Write
  3279     03FE                     l2004:
  3280     03FE  3008               	movlw	8
  3281     03FF  120A  118A  260D  120A  118A  	fcall	_LCD_Write
  3282     0404                     l2006:
  3283     0404  3000               	movlw	0
  3284     0405  120A  118A  260D  120A  118A  	fcall	_LCD_Write
  3285     040A                     l2008:
  3286     040A  3006               	movlw	6
  3287     040B  120A  118A  260D  120A  118A  	fcall	_LCD_Write
  3288     0410                     l2010:
  3289     0410  3008               	movlw	8
  3290     0411  1283               	bcf	3,5	;RP0=0, select bank0
  3291     0412  1303               	bcf	3,6	;RP1=0, select bank0
  3292     0413  00A8               	movwf	LCD_Init@cmd
  3293     0414                     l2012:
  3294     0414  1528               	bsf	LCD_Init@cmd,2
  3295     0415                     l2018:
  3296     0415  0828               	movf	LCD_Init@cmd,w
  3297     0416  00A6               	movwf	??_LCD_Init
  3298     0417  3004               	movlw	4
  3299     0418                     u2125:
  3300     0418  1003               	clrc
  3301     0419  0CA6               	rrf	??_LCD_Init,f
  3302     041A  3EFF               	addlw	-1
  3303     041B  1D03               	skipz
  3304     041C  2C18               	goto	u2125
  3305     041D  0826               	movf	??_LCD_Init,w
  3306     041E  390F               	andlw	15
  3307     041F  120A  118A  260D  120A  118A  	fcall	_LCD_Write
  3308     0424  1283               	bcf	3,5	;RP0=0, select bank0
  3309     0425  1303               	bcf	3,6	;RP1=0, select bank0
  3310     0426  0828               	movf	LCD_Init@cmd,w
  3311     0427  390F               	andlw	15
  3312     0428  120A  118A  260D  120A  118A  	fcall	_LCD_Write
  3313     042D                     l51:	
  3314                           ;lcd.c: 112:     do { LCD_Write( (0x01 & 0xF0) >> 4 ); LCD_Write( 0x01 & 0x0F); } while 
      +                          ( 0 );
  3315                           
  3316     042D  3000               	movlw	0
  3317     042E  120A  118A  260D  120A  118A  	fcall	_LCD_Write
  3318     0433  3001               	movlw	1
  3319     0434  120A  118A  260D  120A  118A  	fcall	_LCD_Write
  3320     0439                     l39:
  3321     0439  0008               	return
  3322     043A                     __end_of_LCD_Init:
  3323                           
  3324                           	psect	text14
  3325     060D                     __ptext14:	
  3326 ;; *************** function _LCD_Write *****************
  3327 ;; Defined at:
  3328 ;;		line 48 in file "lcd.c"
  3329 ;; Parameters:    Size  Location     Type
  3330 ;;  c               1    wreg     unsigned char 
  3331 ;; Auto vars:     Size  Location     Type
  3332 ;;  c               1    0[BANK0 ] unsigned char 
  3333 ;; Return value:  Size  Location     Type
  3334 ;;                  1    wreg      void 
  3335 ;; Registers used:
  3336 ;;		wreg, fsr0l, fsr0h, status,2, status,0, pclath, cstack
  3337 ;; Tracked objects:
  3338 ;;		On entry : 0/0
  3339 ;;		On exit  : 0/0
  3340 ;;		Unchanged: 0/0
  3341 ;; Data sizes:     COMMON   BANK0   BANK1   BANK3   BANK2
  3342 ;;      Params:         0       0       0       0       0
  3343 ;;      Locals:         0       1       0       0       0
  3344 ;;      Temps:          2       0       0       0       0
  3345 ;;      Totals:         2       1       0       0       0
  3346 ;;Total ram usage:        3 bytes
  3347 ;; Hardware stack levels used: 1
  3348 ;; Hardware stack levels required when called: 2
  3349 ;; This function calls:
  3350 ;;		_LCD_Out
  3351 ;; This function is called by:
  3352 ;;		_LCD_Init
  3353 ;;		_main
  3354 ;;		_LCD_Custom_Char
  3355 ;; This function uses a non-reentrant model
  3356 ;;
  3357                           
  3358     060D                     _LCD_Write:	
  3359                           ;psect for function _LCD_Write
  3360                           
  3361                           
  3362                           ;incstack = 0
  3363                           ; Regs used in _LCD_Write: [wreg-fsr0h+status,2+status,0+pclath+cstack]
  3364                           ;LCD_Write@c stored from wreg
  3365     060D  1283               	bcf	3,5	;RP0=0, select bank0
  3366     060E  1303               	bcf	3,6	;RP1=0, select bank0
  3367     060F  00A0               	movwf	LCD_Write@c
  3368     0610                     l1940:
  3369                           
  3370                           ;lcd.c: 50:     *(lcd.PORT) &= ~(1 << lcd.RS);
  3371     0610  1683               	bsf	3,5	;RP0=1, select bank1
  3372     0611  1303               	bcf	3,6	;RP1=0, select bank1
  3373     0612  0840               	movf	_lcd^(0+128),w
  3374     0613  0084               	movwf	4
  3375     0614  1783               	bsf	3,7
  3376     0615  1C41               	btfss	(_lcd+1)^(0+128),0
  3377     0616  1383               	bcf	3,7
  3378     0617  3001               	movlw	1
  3379     0618  00F6               	movwf	??_LCD_Write
  3380     0619  0842               	movf	(_lcd^(0+128)+2),w
  3381     061A  3907               	andlw	7
  3382     061B  3E01               	addlw	1
  3383     061C  2E1F               	goto	u1994
  3384     061D                     u1995:
  3385     061D  1003               	clrc
  3386     061E  0DF6               	rlf	??_LCD_Write,f
  3387     061F                     u1994:
  3388     061F  3EFF               	addlw	-1
  3389     0620  1D03               	skipz
  3390     0621  2E1D               	goto	u1995
  3391     0622  0876               	movf	??_LCD_Write,w
  3392     0623  3AFF               	xorlw	255
  3393     0624  0580               	andwf	0,f
  3394     0625                     l1942:
  3395                           
  3396                           ;lcd.c: 51:     LCD_Out(c);
  3397     0625  1283               	bcf	3,5	;RP0=0, select bank0
  3398     0626  1303               	bcf	3,6	;RP1=0, select bank0
  3399     0627  0820               	movf	LCD_Write@c,w
  3400     0628  120A  118A  22D0  120A  118A  	fcall	_LCD_Out
  3401     062D                     l1944:
  3402                           
  3403                           ;lcd.c: 53:     *(lcd.PORT) |= 1 << lcd.EN;
  3404     062D  1683               	bsf	3,5	;RP0=1, select bank1
  3405     062E  1303               	bcf	3,6	;RP1=0, select bank1
  3406     062F  0840               	movf	_lcd^(0+128),w
  3407     0630  0084               	movwf	4
  3408     0631  1783               	bsf	3,7
  3409     0632  1C41               	btfss	(_lcd+1)^(0+128),0
  3410     0633  1383               	bcf	3,7
  3411     0634  3001               	movlw	1
  3412     0635  00F6               	movwf	??_LCD_Write
  3413     0636  0C42               	rrf	(_lcd^(0+128)+2),w
  3414     0637  00F7               	movwf	??_LCD_Write+1
  3415     0638  0CF7               	rrf	??_LCD_Write+1,f
  3416     0639  0C77               	rrf	??_LCD_Write+1,w
  3417     063A  3907               	andlw	7
  3418     063B  3E01               	addlw	1
  3419     063C  2E3F               	goto	u2004
  3420     063D                     u2005:
  3421     063D  1003               	clrc
  3422     063E  0DF6               	rlf	??_LCD_Write,f
  3423     063F                     u2004:
  3424     063F  3EFF               	addlw	-1
  3425     0640  1D03               	skipz
  3426     0641  2E3D               	goto	u2005
  3427     0642  0876               	movf	??_LCD_Write,w
  3428     0643  0480               	iorwf	0,f
  3429     0644                     l1946:
  3430                           
  3431                           ;lcd.c: 54:     _delay((unsigned long)((4)*(8000000/4000.0)));
  3432     0644  300B               	movlw	11
  3433     0645  00F7               	movwf	??_LCD_Write+1
  3434     0646  3062               	movlw	98
  3435     0647  00F6               	movwf	??_LCD_Write
  3436     0648                     u2457:
  3437     0648  0BF6               	decfsz	??_LCD_Write,f
  3438     0649  2E48               	goto	u2457
  3439     064A  0BF7               	decfsz	??_LCD_Write+1,f
  3440     064B  2E48               	goto	u2457
  3441     064C  0000               	nop
  3442     064D                     l1948:
  3443                           
  3444                           ;lcd.c: 55:     *(lcd.PORT) &= ~(1 << lcd.EN);
  3445     064D  1683               	bsf	3,5	;RP0=1, select bank1
  3446     064E  1303               	bcf	3,6	;RP1=0, select bank1
  3447     064F  0840               	movf	_lcd^(0+128),w
  3448     0650  0084               	movwf	4
  3449     0651  1783               	bsf	3,7
  3450     0652  1C41               	btfss	(_lcd+1)^(0+128),0
  3451     0653  1383               	bcf	3,7
  3452     0654  3001               	movlw	1
  3453     0655  00F6               	movwf	??_LCD_Write
  3454     0656  0C42               	rrf	(_lcd^(0+128)+2),w
  3455     0657  00F7               	movwf	??_LCD_Write+1
  3456     0658  0CF7               	rrf	??_LCD_Write+1,f
  3457     0659  0C77               	rrf	??_LCD_Write+1,w
  3458     065A  3907               	andlw	7
  3459     065B  3E01               	addlw	1
  3460     065C  2E5F               	goto	u2014
  3461     065D                     u2015:
  3462     065D  1003               	clrc
  3463     065E  0DF6               	rlf	??_LCD_Write,f
  3464     065F                     u2014:
  3465     065F  3EFF               	addlw	-1
  3466     0660  1D03               	skipz
  3467     0661  2E5D               	goto	u2015
  3468     0662  0876               	movf	??_LCD_Write,w
  3469     0663  3AFF               	xorlw	255
  3470     0664  0580               	andwf	0,f
  3471     0665                     l30:
  3472     0665  0008               	return
  3473     0666                     __end_of_LCD_Write:
  3474                           
  3475                           	psect	text15
  3476     02D0                     __ptext15:	
  3477 ;; *************** function _LCD_Out *****************
  3478 ;; Defined at:
  3479 ;;		line 16 in file "lcd.c"
  3480 ;; Parameters:    Size  Location     Type
  3481 ;;  c               1    wreg     unsigned char 
  3482 ;; Auto vars:     Size  Location     Type
  3483 ;;  c               1    5[COMMON] unsigned char 
  3484 ;; Return value:  Size  Location     Type
  3485 ;;                  1    wreg      void 
  3486 ;; Registers used:
  3487 ;;		wreg, fsr0l, fsr0h, status,2, status,0
  3488 ;; Tracked objects:
  3489 ;;		On entry : 0/0
  3490 ;;		On exit  : 0/0
  3491 ;;		Unchanged: 0/0
  3492 ;; Data sizes:     COMMON   BANK0   BANK1   BANK3   BANK2
  3493 ;;      Params:         0       0       0       0       0
  3494 ;;      Locals:         1       0       0       0       0
  3495 ;;      Temps:          2       0       0       0       0
  3496 ;;      Totals:         3       0       0       0       0
  3497 ;;Total ram usage:        3 bytes
  3498 ;; Hardware stack levels used: 1
  3499 ;; Hardware stack levels required when called: 2
  3500 ;; This function calls:
  3501 ;;		Nothing
  3502 ;; This function is called by:
  3503 ;;		_LCD_Write
  3504 ;;		_LCD_putc
  3505 ;;		_LCD_Custom_Char
  3506 ;; This function uses a non-reentrant model
  3507 ;;
  3508                           
  3509     02D0                     _LCD_Out:	
  3510                           ;psect for function _LCD_Out
  3511                           
  3512                           
  3513                           ;incstack = 0
  3514                           ; Regs used in _LCD_Out: [wreg-fsr0h+status,2+status,0]
  3515                           ;LCD_Out@c stored from wreg
  3516     02D0  00F5               	movwf	LCD_Out@c
  3517     02D1                     l1866:
  3518                           
  3519                           ;lcd.c: 18:     if ( c & 1 ){
  3520     02D1  1C75               	btfss	LCD_Out@c,0
  3521     02D2  2AD4               	goto	u1811
  3522     02D3  2AD5               	goto	u1810
  3523     02D4                     u1811:
  3524     02D4  2AEA               	goto	l1870
  3525     02D5                     u1810:
  3526     02D5                     l1868:
  3527                           
  3528                           ;lcd.c: 19:         *(lcd.PORT) |= 1 << lcd.D4;
  3529     02D5  1683               	bsf	3,5	;RP0=1, select bank1
  3530     02D6  1303               	bcf	3,6	;RP1=0, select bank1
  3531     02D7  0840               	movf	_lcd^(0+128),w
  3532     02D8  0084               	movwf	4
  3533     02D9  1783               	bsf	3,7
  3534     02DA  1C41               	btfss	(_lcd+1)^(0+128),0
  3535     02DB  1383               	bcf	3,7
  3536     02DC  3001               	movlw	1
  3537     02DD  00F3               	movwf	??_LCD_Out
  3538     02DE  0843               	movf	(_lcd^(0+128)+3),w
  3539     02DF  3907               	andlw	7
  3540     02E0  3E01               	addlw	1
  3541     02E1  2AE4               	goto	u1824
  3542     02E2                     u1825:
  3543     02E2  1003               	clrc
  3544     02E3  0DF3               	rlf	??_LCD_Out,f
  3545     02E4                     u1824:
  3546     02E4  3EFF               	addlw	-1
  3547     02E5  1D03               	skipz
  3548     02E6  2AE2               	goto	u1825
  3549     02E7  0873               	movf	??_LCD_Out,w
  3550     02E8  0480               	iorwf	0,f
  3551                           
  3552                           ;lcd.c: 20:     }
  3553     02E9  2AFF               	goto	l1872
  3554     02EA                     l1870:
  3555                           
  3556                           ;lcd.c: 22:          *(lcd.PORT) &= ~(1 << lcd.D4);
  3557     02EA  1683               	bsf	3,5	;RP0=1, select bank1
  3558     02EB  1303               	bcf	3,6	;RP1=0, select bank1
  3559     02EC  0840               	movf	_lcd^(0+128),w
  3560     02ED  0084               	movwf	4
  3561     02EE  1783               	bsf	3,7
  3562     02EF  1C41               	btfss	(_lcd+1)^(0+128),0
  3563     02F0  1383               	bcf	3,7
  3564     02F1  3001               	movlw	1
  3565     02F2  00F3               	movwf	??_LCD_Out
  3566     02F3  0843               	movf	(_lcd^(0+128)+3),w
  3567     02F4  3907               	andlw	7
  3568     02F5  3E01               	addlw	1
  3569     02F6  2AF9               	goto	u1834
  3570     02F7                     u1835:
  3571     02F7  1003               	clrc
  3572     02F8  0DF3               	rlf	??_LCD_Out,f
  3573     02F9                     u1834:
  3574     02F9  3EFF               	addlw	-1
  3575     02FA  1D03               	skipz
  3576     02FB  2AF7               	goto	u1835
  3577     02FC  0873               	movf	??_LCD_Out,w
  3578     02FD  3AFF               	xorlw	255
  3579     02FE  0580               	andwf	0,f
  3580     02FF                     l1872:
  3581                           
  3582                           ;lcd.c: 25:     if ( c & 2 ) {
  3583     02FF  1CF5               	btfss	LCD_Out@c,1
  3584     0300  2B02               	goto	u1841
  3585     0301  2B03               	goto	u1840
  3586     0302                     u1841:
  3587     0302  2B19               	goto	l1876
  3588     0303                     u1840:
  3589     0303                     l1874:
  3590                           
  3591                           ;lcd.c: 26:         *(lcd.PORT) |= 1 << lcd.D5;
  3592     0303  0840               	movf	_lcd^(0+128),w
  3593     0304  0084               	movwf	4
  3594     0305  1783               	bsf	3,7
  3595     0306  1C41               	btfss	(_lcd+1)^(0+128),0
  3596     0307  1383               	bcf	3,7
  3597     0308  3001               	movlw	1
  3598     0309  00F3               	movwf	??_LCD_Out
  3599     030A  0C43               	rrf	(_lcd^(0+128)+3),w
  3600     030B  00F4               	movwf	??_LCD_Out+1
  3601     030C  0CF4               	rrf	??_LCD_Out+1,f
  3602     030D  0C74               	rrf	??_LCD_Out+1,w
  3603     030E  3907               	andlw	7
  3604     030F  3E01               	addlw	1
  3605     0310  2B13               	goto	u1854
  3606     0311                     u1855:
  3607     0311  1003               	clrc
  3608     0312  0DF3               	rlf	??_LCD_Out,f
  3609     0313                     u1854:
  3610     0313  3EFF               	addlw	-1
  3611     0314  1D03               	skipz
  3612     0315  2B11               	goto	u1855
  3613     0316  0873               	movf	??_LCD_Out,w
  3614     0317  0480               	iorwf	0,f
  3615                           
  3616                           ;lcd.c: 27:     }
  3617     0318  2B2F               	goto	l1878
  3618     0319                     l1876:
  3619                           
  3620                           ;lcd.c: 29:         *(lcd.PORT) &= ~(1 << lcd.D5);
  3621     0319  0840               	movf	_lcd^(0+128),w
  3622     031A  0084               	movwf	4
  3623     031B  1783               	bsf	3,7
  3624     031C  1C41               	btfss	(_lcd+1)^(0+128),0
  3625     031D  1383               	bcf	3,7
  3626     031E  3001               	movlw	1
  3627     031F  00F3               	movwf	??_LCD_Out
  3628     0320  0C43               	rrf	(_lcd^(0+128)+3),w
  3629     0321  00F4               	movwf	??_LCD_Out+1
  3630     0322  0CF4               	rrf	??_LCD_Out+1,f
  3631     0323  0C74               	rrf	??_LCD_Out+1,w
  3632     0324  3907               	andlw	7
  3633     0325  3E01               	addlw	1
  3634     0326  2B29               	goto	u1864
  3635     0327                     u1865:
  3636     0327  1003               	clrc
  3637     0328  0DF3               	rlf	??_LCD_Out,f
  3638     0329                     u1864:
  3639     0329  3EFF               	addlw	-1
  3640     032A  1D03               	skipz
  3641     032B  2B27               	goto	u1865
  3642     032C  0873               	movf	??_LCD_Out,w
  3643     032D  3AFF               	xorlw	255
  3644     032E  0580               	andwf	0,f
  3645     032F                     l1878:
  3646                           
  3647                           ;lcd.c: 32:     if ( c & 4 ) {
  3648     032F  1D75               	btfss	LCD_Out@c,2
  3649     0330  2B32               	goto	u1871
  3650     0331  2B33               	goto	u1870
  3651     0332                     u1871:
  3652     0332  2B46               	goto	l1882
  3653     0333                     u1870:
  3654     0333                     l1880:
  3655                           
  3656                           ;lcd.c: 33:         *(lcd.PORT) |= 1 << lcd.D6;
  3657     0333  0840               	movf	_lcd^(0+128),w
  3658     0334  0084               	movwf	4
  3659     0335  1783               	bsf	3,7
  3660     0336  1C41               	btfss	(_lcd+1)^(0+128),0
  3661     0337  1383               	bcf	3,7
  3662     0338  3001               	movlw	1
  3663     0339  00F3               	movwf	??_LCD_Out
  3664     033A  0844               	movf	(_lcd^(0+128)+4),w
  3665     033B  3907               	andlw	7
  3666     033C  3E01               	addlw	1
  3667     033D  2B40               	goto	u1884
  3668     033E                     u1885:
  3669     033E  1003               	clrc
  3670     033F  0DF3               	rlf	??_LCD_Out,f
  3671     0340                     u1884:
  3672     0340  3EFF               	addlw	-1
  3673     0341  1D03               	skipz
  3674     0342  2B3E               	goto	u1885
  3675     0343  0873               	movf	??_LCD_Out,w
  3676     0344  0480               	iorwf	0,f
  3677                           
  3678                           ;lcd.c: 34:     }
  3679     0345  2B59               	goto	l1884
  3680     0346                     l1882:
  3681                           
  3682                           ;lcd.c: 36:         *(lcd.PORT) &= ~(1 << lcd.D6);
  3683     0346  0840               	movf	_lcd^(0+128),w
  3684     0347  0084               	movwf	4
  3685     0348  1783               	bsf	3,7
  3686     0349  1C41               	btfss	(_lcd+1)^(0+128),0
  3687     034A  1383               	bcf	3,7
  3688     034B  3001               	movlw	1
  3689     034C  00F3               	movwf	??_LCD_Out
  3690     034D  0844               	movf	(_lcd^(0+128)+4),w
  3691     034E  3907               	andlw	7
  3692     034F  3E01               	addlw	1
  3693     0350  2B53               	goto	u1894
  3694     0351                     u1895:
  3695     0351  1003               	clrc
  3696     0352  0DF3               	rlf	??_LCD_Out,f
  3697     0353                     u1894:
  3698     0353  3EFF               	addlw	-1
  3699     0354  1D03               	skipz
  3700     0355  2B51               	goto	u1895
  3701     0356  0873               	movf	??_LCD_Out,w
  3702     0357  3AFF               	xorlw	255
  3703     0358  0580               	andwf	0,f
  3704     0359                     l1884:
  3705                           
  3706                           ;lcd.c: 39:     if ( c & 8 ) {
  3707     0359  1DF5               	btfss	LCD_Out@c,3
  3708     035A  2B5C               	goto	u1901
  3709     035B  2B5D               	goto	u1900
  3710     035C                     u1901:
  3711     035C  2B73               	goto	l1888
  3712     035D                     u1900:
  3713     035D                     l1886:
  3714                           
  3715                           ;lcd.c: 40:          *(lcd.PORT) |= 1 << lcd.D7;
  3716     035D  0840               	movf	_lcd^(0+128),w
  3717     035E  0084               	movwf	4
  3718     035F  1783               	bsf	3,7
  3719     0360  1C41               	btfss	(_lcd+1)^(0+128),0
  3720     0361  1383               	bcf	3,7
  3721     0362  3001               	movlw	1
  3722     0363  00F3               	movwf	??_LCD_Out
  3723     0364  0C44               	rrf	(_lcd^(0+128)+4),w
  3724     0365  00F4               	movwf	??_LCD_Out+1
  3725     0366  0CF4               	rrf	??_LCD_Out+1,f
  3726     0367  0C74               	rrf	??_LCD_Out+1,w
  3727     0368  3907               	andlw	7
  3728     0369  3E01               	addlw	1
  3729     036A  2B6D               	goto	u1914
  3730     036B                     u1915:
  3731     036B  1003               	clrc
  3732     036C  0DF3               	rlf	??_LCD_Out,f
  3733     036D                     u1914:
  3734     036D  3EFF               	addlw	-1
  3735     036E  1D03               	skipz
  3736     036F  2B6B               	goto	u1915
  3737     0370  0873               	movf	??_LCD_Out,w
  3738     0371  0480               	iorwf	0,f
  3739                           
  3740                           ;lcd.c: 41:     }
  3741     0372  2B89               	goto	l27
  3742     0373                     l1888:
  3743                           
  3744                           ;lcd.c: 43:          *(lcd.PORT) &= ~(1 << lcd.D7);
  3745     0373  0840               	movf	_lcd^(0+128),w
  3746     0374  0084               	movwf	4
  3747     0375  1783               	bsf	3,7
  3748     0376  1C41               	btfss	(_lcd+1)^(0+128),0
  3749     0377  1383               	bcf	3,7
  3750     0378  3001               	movlw	1
  3751     0379  00F3               	movwf	??_LCD_Out
  3752     037A  0C44               	rrf	(_lcd^(0+128)+4),w
  3753     037B  00F4               	movwf	??_LCD_Out+1
  3754     037C  0CF4               	rrf	??_LCD_Out+1,f
  3755     037D  0C74               	rrf	??_LCD_Out+1,w
  3756     037E  3907               	andlw	7
  3757     037F  3E01               	addlw	1
  3758     0380  2B83               	goto	u1924
  3759     0381                     u1925:
  3760     0381  1003               	clrc
  3761     0382  0DF3               	rlf	??_LCD_Out,f
  3762     0383                     u1924:
  3763     0383  3EFF               	addlw	-1
  3764     0384  1D03               	skipz
  3765     0385  2B81               	goto	u1925
  3766     0386  0873               	movf	??_LCD_Out,w
  3767     0387  3AFF               	xorlw	255
  3768     0388  0580               	andwf	0,f
  3769     0389                     l27:
  3770     0389  0008               	return
  3771     038A                     __end_of_LCD_Out:
  3772                           
  3773                           	psect	text16
  3774     0F9F                     __ptext16:	
  3775 ;; *************** function _ADC_Read *****************
  3776 ;; Defined at:
  3777 ;;		line 42 in file "main.c"
  3778 ;; Parameters:    Size  Location     Type
  3779 ;;		None
  3780 ;; Auto vars:     Size  Location     Type
  3781 ;;		None
  3782 ;; Return value:  Size  Location     Type
  3783 ;;                  2    3[COMMON] unsigned int 
  3784 ;; Registers used:
  3785 ;;		wreg
  3786 ;; Tracked objects:
  3787 ;;		On entry : 0/0
  3788 ;;		On exit  : 0/0
  3789 ;;		Unchanged: 0/0
  3790 ;; Data sizes:     COMMON   BANK0   BANK1   BANK3   BANK2
  3791 ;;      Params:         2       0       0       0       0
  3792 ;;      Locals:         0       0       0       0       0
  3793 ;;      Temps:          1       0       0       0       0
  3794 ;;      Totals:         3       0       0       0       0
  3795 ;;Total ram usage:        3 bytes
  3796 ;; Hardware stack levels used: 1
  3797 ;; Hardware stack levels required when called: 2
  3798 ;; This function calls:
  3799 ;;		Nothing
  3800 ;; This function is called by:
  3801 ;;		_main
  3802 ;; This function uses a non-reentrant model
  3803 ;;
  3804                           
  3805     0F9F                     _ADC_Read:	
  3806                           ;psect for function _ADC_Read
  3807                           
  3808     0F9F                     l1598:	
  3809                           ;incstack = 0
  3810                           ; Regs used in _ADC_Read: [wreg]
  3811                           
  3812     0F9F  3003               	movlw	3
  3813     0FA0  00F5               	movwf	??_ADC_Read
  3814     0FA1                     u2467:
  3815     0FA1  0BF5               	decfsz	??_ADC_Read,f
  3816     0FA2  2FA1               	goto	u2467
  3817     0FA3                     l1600:
  3818     0FA3  1283               	bcf	3,5	;RP0=0, select bank0
  3819     0FA4  1303               	bcf	3,6	;RP1=0, select bank0
  3820     0FA5  149F               	bsf	31,1	;volatile
  3821     0FA6                     l121:
  3822     0FA6  189F               	btfsc	31,1	;volatile
  3823     0FA7  2FA9               	goto	u1441
  3824     0FA8  2FAA               	goto	u1440
  3825     0FA9                     u1441:
  3826     0FA9  2FA6               	goto	l121
  3827     0FAA                     u1440:
  3828     0FAA                     l1602:
  3829     0FAA  081E               	movf	30,w	;volatile
  3830     0FAB  00F4               	movwf	?_ADC_Read+1
  3831     0FAC  1683               	bsf	3,5	;RP0=1, select bank1
  3832     0FAD  1303               	bcf	3,6	;RP1=0, select bank1
  3833     0FAE  081E               	movf	30,w	;volatile
  3834     0FAF  00F3               	movwf	?_ADC_Read
  3835     0FB0                     l124:
  3836     0FB0  0008               	return
  3837     0FB1                     __end_of_ADC_Read:
  3838                           
  3839                           	psect	text17
  3840     0F92                     __ptext17:	
  3841 ;; *************** function _ADC_Init *****************
  3842 ;; Defined at:
  3843 ;;		line 31 in file "main.c"
  3844 ;; Parameters:    Size  Location     Type
  3845 ;;		None
  3846 ;; Auto vars:     Size  Location     Type
  3847 ;;		None
  3848 ;; Return value:  Size  Location     Type
  3849 ;;                  1    wreg      void 
  3850 ;; Registers used:
  3851 ;;		None
  3852 ;; Tracked objects:
  3853 ;;		On entry : 0/0
  3854 ;;		On exit  : 0/0
  3855 ;;		Unchanged: 0/0
  3856 ;; Data sizes:     COMMON   BANK0   BANK1   BANK3   BANK2
  3857 ;;      Params:         0       0       0       0       0
  3858 ;;      Locals:         0       0       0       0       0
  3859 ;;      Temps:          0       0       0       0       0
  3860 ;;      Totals:         0       0       0       0       0
  3861 ;;Total ram usage:        0 bytes
  3862 ;; Hardware stack levels used: 1
  3863 ;; Hardware stack levels required when called: 2
  3864 ;; This function calls:
  3865 ;;		Nothing
  3866 ;; This function is called by:
  3867 ;;		_main
  3868 ;; This function uses a non-reentrant model
  3869 ;;
  3870                           
  3871     0F92                     _ADC_Init:	
  3872                           ;psect for function _ADC_Init
  3873                           
  3874     0F92                     l1596:	
  3875                           ;incstack = 0
  3876                           ; Regs used in _ADC_Init: []
  3877                           
  3878     0F92  3001               	movlw	1
  3879     0F93  1683               	bsf	3,5	;RP0=1, select bank3
  3880     0F94  1703               	bsf	3,6	;RP1=1, select bank3
  3881     0F95  0088               	movwf	8	;volatile
  3882     0F96  3081               	movlw	129
  3883     0F97  1283               	bcf	3,5	;RP0=0, select bank0
  3884     0F98  1303               	bcf	3,6	;RP1=0, select bank0
  3885     0F99  009F               	movwf	31	;volatile
  3886     0F9A  3080               	movlw	128
  3887     0F9B  1683               	bsf	3,5	;RP0=1, select bank1
  3888     0F9C  1303               	bcf	3,6	;RP1=0, select bank1
  3889     0F9D  009F               	movwf	31	;volatile
  3890     0F9E                     l118:
  3891     0F9E  0008               	return
  3892     0F9F                     __end_of_ADC_Init:
  3893                           
  3894                           	psect	text18
  3895     0FC4                     __ptext18:	
  3896 ;; *************** function _ISR *****************
  3897 ;; Defined at:
  3898 ;;		line 134 in file "main.c"
  3899 ;; Parameters:    Size  Location     Type
  3900 ;;		None
  3901 ;; Auto vars:     Size  Location     Type
  3902 ;;		None
  3903 ;; Return value:  Size  Location     Type
  3904 ;;                  1    wreg      void 
  3905 ;; Registers used:
  3906 ;;		wreg, status,2, status,0, pclath, cstack
  3907 ;; Tracked objects:
  3908 ;;		On entry : 0/0
  3909 ;;		On exit  : 0/0
  3910 ;;		Unchanged: 0/0
  3911 ;; Data sizes:     COMMON   BANK0   BANK1   BANK3   BANK2
  3912 ;;      Params:         0       0       0       0       0
  3913 ;;      Locals:         0       0       0       0       0
  3914 ;;      Temps:          2       0       0       0       0
  3915 ;;      Totals:         2       0       0       0       0
  3916 ;;Total ram usage:        2 bytes
  3917 ;; Hardware stack levels used: 1
  3918 ;; Hardware stack levels required when called: 1
  3919 ;; This function calls:
  3920 ;;		_change
  3921 ;; This function is called by:
  3922 ;;		Interrupt level 1
  3923 ;; This function uses a non-reentrant model
  3924 ;;
  3925                           
  3926     0FC4                     _ISR:	
  3927                           ;psect for function _ISR
  3928                           
  3929     0FC4                     i1l1856:
  3930                           
  3931                           ;main.c: 135:     if(INTF){
  3932     0FC4  1C8B               	btfss	11,1	;volatile
  3933     0FC5  2FC7               	goto	u180_21
  3934     0FC6  2FC8               	goto	u180_20
  3935     0FC7                     u180_21:
  3936     0FC7  2FD6               	goto	i1l255
  3937     0FC8                     u180_20:
  3938     0FC8                     i1l1858:
  3939                           
  3940                           ;main.c: 136:         GIE = 0;
  3941     0FC8  138B               	bcf	11,7	;volatile
  3942     0FC9                     i1l1860:
  3943                           
  3944                           ;main.c: 139:         op = change(op);
  3945     0FC9  1283               	bcf	3,5	;RP0=0, select bank0
  3946     0FCA  1303               	bcf	3,6	;RP1=0, select bank0
  3947     0FCB  086F               	movf	_op,w	;volatile
  3948     0FCC  120A  158A  27B1  120A  158A  	fcall	_change
  3949     0FD1  1283               	bcf	3,5	;RP0=0, select bank0
  3950     0FD2  1303               	bcf	3,6	;RP1=0, select bank0
  3951     0FD3  00EF               	movwf	_op	;volatile
  3952     0FD4                     i1l1862:
  3953                           
  3954                           ;main.c: 141:         GIE = 1;
  3955     0FD4  178B               	bsf	11,7	;volatile
  3956     0FD5                     i1l1864:
  3957                           
  3958                           ;main.c: 142:         INTF = 0;
  3959     0FD5  108B               	bcf	11,1	;volatile
  3960     0FD6                     i1l255:
  3961     0FD6  0872               	movf	??_ISR+1,w
  3962     0FD7  008A               	movwf	10
  3963     0FD8  0E71               	swapf	??_ISR,w
  3964     0FD9  0083               	movwf	3
  3965     0FDA  0EFE               	swapf	btemp,f
  3966     0FDB  0E7E               	swapf	btemp,w
  3967     0FDC  0009               	retfie
  3968     0FDD                     __end_of_ISR:
  3969                           
  3970                           	psect	intentry
  3971     0004                     __pintentry:	
  3972                           ;incstack = 0
  3973                           ; Regs used in _ISR: [wreg+status,2+status,0+pclath+cstack]
  3974                           
  3975     0004                     interrupt_function:
  3976     007E                     saved_w         set	btemp
  3977     0004  00FE               	movwf	btemp
  3978     0005  0E03               	swapf	3,w
  3979     0006  00F1               	movwf	??_ISR
  3980     0007  080A               	movf	10,w
  3981     0008  00F2               	movwf	??_ISR+1
  3982     0009  120A  158A  2FC4   	ljmp	_ISR
  3983                           
  3984                           	psect	text19
  3985     0FB1                     __ptext19:	
  3986 ;; *************** function _change *****************
  3987 ;; Defined at:
  3988 ;;		line 68 in file "main.c"
  3989 ;; Parameters:    Size  Location     Type
  3990 ;;  op              1    wreg     unsigned char 
  3991 ;; Auto vars:     Size  Location     Type
  3992 ;;  op              1    0[COMMON] unsigned char 
  3993 ;; Return value:  Size  Location     Type
  3994 ;;                  1    wreg      unsigned char 
  3995 ;; Registers used:
  3996 ;;		wreg, status,2, status,0
  3997 ;; Tracked objects:
  3998 ;;		On entry : 0/0
  3999 ;;		On exit  : 0/0
  4000 ;;		Unchanged: 0/0
  4001 ;; Data sizes:     COMMON   BANK0   BANK1   BANK3   BANK2
  4002 ;;      Params:         0       0       0       0       0
  4003 ;;      Locals:         1       0       0       0       0
  4004 ;;      Temps:          0       0       0       0       0
  4005 ;;      Totals:         1       0       0       0       0
  4006 ;;Total ram usage:        1 bytes
  4007 ;; Hardware stack levels used: 1
  4008 ;; This function calls:
  4009 ;;		Nothing
  4010 ;; This function is called by:
  4011 ;;		_ISR
  4012 ;; This function uses a non-reentrant model
  4013 ;;
  4014                           
  4015     0FB1                     _change:	
  4016                           ;psect for function _change
  4017                           
  4018                           
  4019                           ;incstack = 0
  4020                           ; Regs used in _change: [wreg+status,2+status,0]
  4021                           ;change@op stored from wreg
  4022     0FB1  00F0               	movwf	change@op
  4023     0FB2                     i1l1606:
  4024                           
  4025                           ;main.c: 69:     if(op == 'v') return 'p';
  4026     0FB2  3076               	movlw	118
  4027     0FB3  0670               	xorwf	change@op,w
  4028     0FB4  1D03               	btfss	3,2
  4029     0FB5  2FB7               	goto	u145_21
  4030     0FB6  2FB8               	goto	u145_20
  4031     0FB7                     u145_21:
  4032     0FB7  2FBA               	goto	i1l1612
  4033     0FB8                     u145_20:
  4034     0FB8                     i1l1608:
  4035     0FB8  3070               	movlw	112
  4036     0FB9  2FC3               	goto	i1l130
  4037     0FBA                     i1l1612:
  4038                           
  4039                           ;main.c: 70:     if(op == 'p') return 'a';
  4040     0FBA  3070               	movlw	112
  4041     0FBB  0670               	xorwf	change@op,w
  4042     0FBC  1D03               	btfss	3,2
  4043     0FBD  2FBF               	goto	u146_21
  4044     0FBE  2FC0               	goto	u146_20
  4045     0FBF                     u146_21:
  4046     0FBF  2FC2               	goto	i1l1618
  4047     0FC0                     u146_20:
  4048     0FC0                     i1l1614:
  4049     0FC0  3061               	movlw	97
  4050     0FC1  2FC3               	goto	i1l130
  4051     0FC2                     i1l1618:
  4052                           
  4053                           ;main.c: 71:     return 'v';
  4054     0FC2  3076               	movlw	118
  4055     0FC3                     i1l130:
  4056     0FC3  0008               	return
  4057     0FC4                     __end_of_change:
  4058     0002                     ___latbits      equ	2
  4059     007E                     btemp           set	126	;btemp
  4060     007E                     btemp0          set	126
  4061     007F                     btemp1          set	127
  4062     007E                     wtemp0          set	126
  4063     007F                     wtemp0a         set	127
  4064     007F                     ttemp0a         set	127
  4065     0080                     ltemp0a         set	128
  4066                           
  4067                           	psect	config
  4068                           
  4069                           ;Config register CONFIG1 @ 0x2007
  4070                           ;	Oscillator Selection bits
  4071                           ;	FOSC = HS, HS oscillator: High-speed crystal/resonator on RA6/OSC2/CLKOUT and RA7/OSC1
      +                          /CLKIN
  4072                           ;	Watchdog Timer Enable bit
  4073                           ;	WDTE = OFF, WDT disabled and can be enabled by SWDTEN bit of the WDTCON register
  4074                           ;	Power-up Timer Enable bit
  4075                           ;	PWRTE = OFF, PWRT disabled
  4076                           ;	RE3/MCLR pin function select bit
  4077                           ;	MCLRE = 0x1, unprogrammed default
  4078                           ;	Code Protection bit
  4079                           ;	CP = OFF, Program memory code protection is disabled
  4080                           ;	Data Code Protection bit
  4081                           ;	CPD = OFF, Data memory code protection is disabled
  4082                           ;	Brown Out Reset Selection bits
  4083                           ;	BOREN = ON, BOR enabled
  4084                           ;	Internal External Switchover bit
  4085                           ;	IESO = 0x1, unprogrammed default
  4086                           ;	Fail-Safe Clock Monitor Enabled bit
  4087                           ;	FCMEN = 0x1, unprogrammed default
  4088                           ;	Low Voltage Programming Enable bit
  4089                           ;	LVP = OFF, RB3 pin has digital I/O, HV on MCLR must be used for programming
  4090                           ;	In-Circuit Debugger Mode bit
  4091                           ;	DEBUG = 0x1, unprogrammed default
  4092     2007                     	org	8199
  4093     2007  2FF2               	dw	12274
  4094                           
  4095                           ;Config register CONFIG2 @ 0x2008
  4096                           ;	Brown-out Reset Selection bit
  4097                           ;	BOR4V = 0x1, unprogrammed default
  4098                           ;	Flash Program Memory Self Write Enable bits
  4099                           ;	WRT = OFF, Write protection off
  4100     2008                     	org	8200
  4101     2008  3FFF               	dw	16383

Data Sizes:
    Strings     46
    Constant    0
    Data        6
    BSS         42
    Persistent  0
    Stack       0

Auto Spaces:
    Space          Size  Autos    Used
    COMMON           14      8      11
    BANK0            80     77      80
    BANK1            80      0      42
    BANK3            96      0       0
    BANK2            96      0       0

Pointer List with Targets:

    display$PORT	PTR volatile unsigned char  size(2) Largest target is 1
		 -> PORTC(SFR0[1]), 

    f$.$buffer	PTR unsigned char  size(2) Largest target is 10
		 -> main@buffer(BANK0[10]), 

    f$.$source	PTR const unsigned char  size(1) Largest target is 0

    F1772$PORT	PTR volatile unsigned char  size(2) Largest target is 1
		 -> PORTC(SFR0[1]), 

    fputc@fp	PTR struct _IO_FILE size(2) Largest target is 11
		 -> sprintf@f(BANK0[11]), 

    fputc@fp$.$buffer	PTR unsigned char  size(2) Largest target is 10
		 -> main@buffer(BANK0[10]), 

    fputc@fp$.$source	PTR const unsigned char  size(1) Largest target is 0

    lcd$PORT	PTR volatile unsigned char  size(2) Largest target is 1
		 -> PORTC(SFR0[1]), 

    LCD_putrs@a	PTR const unsigned char  size(2) Largest target is 13
		 -> main@buffer(BANK0[10]), STR_1(CODE[10]), STR_3(CODE[13]), STR_5(CODE[6]), 

    S22$PORT	PTR volatile unsigned char  size(2) Largest target is 1
		 -> PORTC(SFR0[1]), 

    S603$buffer	PTR unsigned char  size(2) Largest target is 10
		 -> main@buffer(BANK0[10]), 

    S603$source	PTR const unsigned char  size(1) Largest target is 0

    screen$PORT	PTR volatile unsigned char  size(2) Largest target is 1
		 -> PORTC(SFR0[1]), 

    sprintf@ap	PTR void [1] size(1) Largest target is 2
		 -> ?_sprintf(BANK0[2]), 

    sprintf@fmt	PTR const unsigned char  size(1) Largest target is 6
		 -> STR_2(CODE[6]), STR_4(CODE[5]), STR_6(CODE[6]), 

    sprintf@s	PTR unsigned char  size(1) Largest target is 10
		 -> main@buffer(BANK0[10]), 

    vfpfcnvrt@ap	PTR PTR void  size(1) Largest target is 1
		 -> sprintf@ap(BANK0[1]), 

    vfpfcnvrt@cp	PTR unsigned char  size(1) Largest target is 6
		 -> STR_2(CODE[6]), STR_4(CODE[5]), STR_6(CODE[6]), 

    vfpfcnvrt@fmt	PTR PTR unsigned char  size(1) Largest target is 1
		 -> vfprintf@cfmt(BANK0[1]), 

    vfpfcnvrt@fp	PTR struct _IO_FILE size(2) Largest target is 11
		 -> sprintf@f(BANK0[11]), 

    vfprintf@ap	PTR PTR void  size(1) Largest target is 1
		 -> sprintf@ap(BANK0[1]), 

    vfprintf@cfmt	PTR unsigned char  size(1) Largest target is 6
		 -> STR_2(CODE[6]), STR_4(CODE[5]), STR_6(CODE[6]), 

    vfprintf@fmt	PTR const unsigned char  size(1) Largest target is 6
		 -> STR_2(CODE[6]), STR_4(CODE[5]), STR_6(CODE[6]), 

    vfprintf@fp	PTR struct _IO_FILE size(2) Largest target is 11
		 -> sprintf@f(BANK0[11]), 


Critical Paths under _main in COMMON

    _main->_LCD_Write
    _main->___lmul
    _main->___lwmod
    _vfpfcnvrt->___lwmod
    ___lwdiv->___wmul
    ___aldiv->___lmul
    _LCD_putrs->_LCD_putc
    _LCD_putc->_LCD_Out
    _LCD_Init->_LCD_Write
    _LCD_Write->_LCD_Out

Critical Paths under _ISR in COMMON

    _ISR->_change

Critical Paths under _main in BANK0

    _main->_sprintf
    _sprintf->_vfprintf
    _vfprintf->_vfpfcnvrt
    _vfpfcnvrt->___lwdiv
    _vfpfcnvrt->_fputc
    ___lwdiv->___wmul
    ___aldiv->___lmul
    _LCD_putrs->_LCD_putc
    _LCD_Init->_LCD_Write

Critical Paths under _ISR in BANK0

    None.

Critical Paths under _main in BANK1

    None.

Critical Paths under _ISR in BANK1

    None.

Critical Paths under _main in BANK3

    None.

Critical Paths under _ISR in BANK3

    None.

Critical Paths under _main in BANK2

    None.

Critical Paths under _ISR in BANK2

    None.

Call Graph Tables:

 ---------------------------------------------------------------------------------
 (Depth) Function   	        Calls       Base Space   Used Autos Params    Refs
 ---------------------------------------------------------------------------------
 (0) _main                                                32    32      0    4272
                                             45 BANK0     32    32      0
                           _ADC_Init
                           _ADC_Read
                           _LCD_Init
                          _LCD_Write
                          _LCD_putrs
                            ___aldiv
                             ___lmul
                            ___lwdiv
                            ___lwmod
                             ___wmul
                            _sprintf
 ---------------------------------------------------------------------------------
 (1) _sprintf                                             21    15      6    1840
                                             26 BANK0     19    13      6
                           _vfprintf
 ---------------------------------------------------------------------------------
 (2) _vfprintf                                             5     1      4    1509
                                             21 BANK0      5     1      4
                          _vfpfcnvrt
 ---------------------------------------------------------------------------------
 (3) _vfpfcnvrt                                           13     9      4    1300
                                              9 BANK0     12     8      4
                            ___lwdiv
                            ___lwmod
                              _fputc
 ---------------------------------------------------------------------------------
 (4) _fputc                                               13     9      4     232
                                              3 COMMON     4     0      4
                                              0 BANK0      9     9      0
                              _putch
 ---------------------------------------------------------------------------------
 (5) _putch                                                1     1      0       0
 ---------------------------------------------------------------------------------
 (4) ___lwmod                                              5     1      4     163
                                              3 COMMON     5     1      4
 ---------------------------------------------------------------------------------
 (4) ___lwdiv                                              7     3      4     168
                                              2 BANK0      7     3      4
                             ___wmul (ARG)
 ---------------------------------------------------------------------------------
 (1) ___wmul                                               6     2      4     142
                                              3 COMMON     4     0      4
                                              0 BANK0      2     2      0
 ---------------------------------------------------------------------------------
 (1) ___lmul                                              13     5      8     142
                                              3 COMMON     5     5      0
                                              0 BANK0      8     0      8
 ---------------------------------------------------------------------------------
 (1) ___aldiv                                             15     7      8     302
                                              8 BANK0     15     7      8
                             ___lmul (ARG)
 ---------------------------------------------------------------------------------
 (1) _LCD_putrs                                            7     5      2     430
                                              1 BANK0      7     5      2
                           _LCD_putc
 ---------------------------------------------------------------------------------
 (2) _LCD_putc                                             3     3      0     282
                                              6 COMMON     2     2      0
                                              0 BANK0      1     1      0
                            _LCD_Out
 ---------------------------------------------------------------------------------
 (1) _LCD_Init                                             8     3      5     343
                                              1 BANK0      8     3      5
                          _LCD_Write
 ---------------------------------------------------------------------------------
 (2) _LCD_Write                                            3     3      0     235
                                              6 COMMON     2     2      0
                                              0 BANK0      1     1      0
                            _LCD_Out
 ---------------------------------------------------------------------------------
 (3) _LCD_Out                                              3     3      0     188
                                              3 COMMON     3     3      0
 ---------------------------------------------------------------------------------
 (1) _ADC_Read                                             3     1      2       0
                                              3 COMMON     3     1      2
 ---------------------------------------------------------------------------------
 (1) _ADC_Init                                             0     0      0       0
 ---------------------------------------------------------------------------------
 Estimated maximum stack depth 5
 ---------------------------------------------------------------------------------
 (Depth) Function   	        Calls       Base Space   Used Autos Params    Refs
 ---------------------------------------------------------------------------------
 (6) _ISR                                                  2     2      0      58
                                              1 COMMON     2     2      0
                             _change
 ---------------------------------------------------------------------------------
 (7) _change                                               1     1      0      58
                                              0 COMMON     1     1      0
 ---------------------------------------------------------------------------------
 Estimated maximum stack depth 7
 ---------------------------------------------------------------------------------

 Call Graph Graphs:

 _main (ROOT)
   _ADC_Init
   _ADC_Read
   _LCD_Init
     _LCD_Write
       _LCD_Out
   _LCD_Write
   _LCD_putrs
     _LCD_putc
       _LCD_Out
   ___aldiv
     ___lmul (ARG)
   ___lmul
   ___lwdiv
     ___wmul (ARG)
   ___lwmod
   ___wmul
   _sprintf
     _vfprintf
       _vfpfcnvrt
         ___lwdiv
         ___lwmod
         _fputc
           _putch

 _ISR (ROOT)
   _change

Address spaces:
Name               Size   Autos  Total    Usage
BANK3               96      0       0      0.0%
BITBANK3            96      0       0      0.0%
BANK2               96      0       0      0.0%
BITBANK2            96      0       0      0.0%
BANK1               80      0      42     52.5%
BITBANK1            80      0       0      0.0%
BANK0               80     77      80    100.0%
BITBANK0            80      0       0      0.0%
COMMON              14      8      11     78.6%
BITCOMMON           14      0       0      0.0%
DATA                 0      0     134      0.0%
STACK                0      0       0      0.0%


Microchip Technology PIC Macro Assembler V3.10 build 20250813170317 
Symbol Table                                                                                   Thu Jun 11 16:34:34 2026

                      pc 0002                       l30 0665                       l27 0389  
                     l51 042D                       l39 0439                       l55 0573  
                     l67 06F3                       _op 006F                       fsr 0004  
    ___wmul@multiplicand 0075                      l121 0FA6                      l124 0FB0  
                    l140 008F                      l118 0F9E                      l341 07BE  
                    l406 0588                      l343 07D8                      l416 060C  
                    l355 06AD                      l621 0737                      l631 07AD  
                    l804 07FB                      l841 02CF                      l833 022B  
                    l861 04D9                      l872 07FD                      l849 0FFF  
                    _GIE 005F                      _ISR 0FC4                      u910 06FE  
                    u911 06FD                      u930 070E                      u931 070D  
                    u925 0702                      u950 071F                      u951 071E  
                    u945 070F                      u970 0733                      u971 0732  
                    u955 071B                      u980 077C                      u965 0727  
                    u981 077B                      u995 0780          LCD_Init@display 0021  
                    _lcd 00C0                      fsr0 0004                      indf 0000  
                   ?_ISR 0070          __end_of_LCD_Out 038A                     l2000 03F2  
                   l2010 0410                     l2002 03F8                     l2012 0414  
                   l2004 03FE                     l2006 0404                     l2022 06AE  
                   l2030 07D9                     l2008 040A                     l2024 06B3  
                   l1400 077F                     l2040 07F2                     l2032 07DD  
                   l2120 0058                     l2112 0049                     l2018 0415  
                   l2026 06CF                     l2050 07C5                     l1410 079C  
                   l1402 0786                     l2034 07E1                     l2130 0083  
                   l2122 0059                     l2114 004E                     l2028 06D7  
                   l2060 066E                     l2052 07CC                     l2044 07AE  
                   l1412 07A3                     l1404 0788                     l1420 0440  
                   l2036 07E3                     l2204 01A8                     l2132 0089  
                   l2124 005A                     l2116 0051                     l2062 0674  
                   l2054 07D2                     l2046 07B2                     l1406 078C  
                   l1414 07A9                     l1422 0446                     l2038 07E5  
                   l2206 01B3                     l2222 01D8                     l2142 00A3  
                   l2134 0097                     l2126 005B                     l2118 0056  
                   l1600 0FA3                     l2064 068B                     l2048 07B6  
                   l1408 0796                     l1424 044D                     l2216 01BF  
                   l2208 01B9                     l2160 0108                     l2144 00AE  
                   l2128 006C                     l1602 0FAA                     l2066 0694  
                   l2058 0666                     l1370 06F4                     l1426 0467  
                   l1418 043A                     l2218 01CA                     l2162 011B  
                   l2154 00BA                     l2146 00B4                     l1700 0604  
                   l2068 06A5                     l1380 070A                     l1372 06F8  
                   l1428 0499                     l2180 015B                     l2164 012C  
                   l2156 00C5                     l1390 072D                     l1382 070E  
                   l1374 06FE                     l2190 016C                     l2158 00F5  
                   l2166 0138                     l1384 071F                     l1376 0701  
                   l1392 0733                     l2192 018E                     l2176 014A  
                   l2168 013E                     l1386 0725                     l1378 0708  
                   l2178 0155                     l1388 0726                     l1396 0776  
                   l1900 020C                     l2188 0161                     l2196 019C  
                   l1670 058C                     l1398 077C                     l1910 025E  
                   l1902 0218                     l1680 05AC                     l1672 0597  
                   l1664 0574                     l1912 0264                     l1904 022D  
                   l1920 0283                     l1690 05E4                     l1682 05B7  
                   l1674 0599                     l1666 0577                     l1930 02AE  
                   l1914 0278                     l1906 0243                     l1922 028E  
                   l1596 0F92                     l1940 0610                     l1692 05E5  
                   l1684 05BB                     l1676 05A1                     l1668 057B  
                   l1924 029C                     l1916 027C                     l1908 0258  
                   l1598 0F9F                     l1870 02EA                     l1942 0625  
                   l1950 04DD                     l1694 05EE                     l1686 05C4  
                   l1678 05A9                     l1926 02A0                     l1934 02B6  
                   l1880 0333                     l1872 02FF                     l1944 062D  
                   l1960 0536                     l1952 04F1                     l1688 05D6  
                   l1696 05F4                     l1882 0346                     l1874 0303  
                   l1866 02D1                     l1946 0644                     l1962 053F  
                   l1954 0502                     l1698 05F9                     l1890 01EB  
                   l1970 0FEF                     l1884 0359                     l1876 0319  
                   l1868 02D5                     l1948 064D                     l1980 03A9  
                   l1964 055B                     l1956 0519                     l1892 01FC  
                   l1972 0FFD                     l1886 035D                     l1878 032F  
                   l1990 03C2                     l1982 03AB                     l1958 051E  
                   l1894 0200                     l1966 0FDD                     l1888 0373  
                   l1992 03CC                     l1984 03B5                     l1976 038A  
                   l1896 0204                     l1968 0FE2                     l1994 03D2  
                   l1986 03B7                     l1978 039D                     l1898 0208  
                   l1996 03E2                     l1988 03C1                     l1998 03EC  
                   STR_1 0755                     STR_2 076B                     STR_3 0748  
                   STR_4 0771                     STR_5 075F                     STR_6 0765  
                   u1000 078C                     u1001 078B                     u1010 0796  
                   u1011 0795                     u1030 07A9                     u1031 07A8  
                   u1015 0792                     u1040 0440                     u1025 079D  
                   u1041 043F                     u1050 0446                     u1051 0445  
                   u2004 063F                     u2100 03B5                     u1060 0467  
                   u2005 063D                     u2101 03B4                     u1061 0466  
                   u2014 065F                     u2110 03C1                     u1070 0499  
                   u2015 065D                     u2111 03C0                     u1071 0498  
                   u2024 04EC                     u2200 0674                     u1080 04BC  
                   u2105 03B1                     u2025 04EA                     u2201 0673  
                   u2130 06BD                     u2115 03BD                     u2035 04F6  
                   u2211 067D                     u1075 0495                     u2044 0514  
                   u2140 06E1                     u2212 0684                     u2125 0418  
                   u2045 0512                     u2213 068B                     u2054 0530  
                   u2150 06F3                     u2055 052E                     u2151 06F2  
                   u1440 0FAA                     u2064 0551                     u1600 05BB  
                   u2240 06A5                     u2160 07B6                     u2080 0FFD  
                   u1441 0FA9                     u2065 054F                     u1601 05BA  
                   u2241 06A4                     u2225 068D                     u2161 07B5  
                   u2081 0FFC                     u2090 03A9                     u2074 056D  
                   u2091 03A8                     u2075 056B                     u2235 0695  
                   u1620 05D6                     u1621 05D5                     u2190 07D2  
                   u2095 03A5                     u2407 051B                     u1615 05BD  
                   u2191 07D1                     u2175 07BF                     u1640 05F4  
                   u1560 057B                     u2417 0558                     u1641 05F3  
                   u1625 05D2                     u1561 057A                     u2185 07C6  
                   u1810 02D5                     u1650 05F9                     u1570 058C  
                   u2370 0097                     u1811 02D4                     u2427 03C8  
                   u1651 05F8                     u1635 05E6                     u1571 058B  
                   u2371 0096                     u1900 035D                     u1580 05A9  
                   u2380 013E                     u1901 035C                     u2437 03D8  
                   u1581 05A8                     u2381 013D                     u2447 03E8  
                   u1840 0303                     u1824 02E4                     u1841 0302  
                   u1825 02E2                     u2457 0648                     u1914 036D  
                   u1834 02F9                     u1930 01FC                     u2467 0FA1  
                   u1915 036B                     u1835 02F7                     u1595 05AE  
                   u1931 01FB                     u1924 0383                     u1940 0218  
                   u1925 0381                     u1941 0217                     u2397 01E0  
                   u1870 0333                     u1854 0313                     u1950 025E  
                   u1871 0332                     u1855 0311                     u1951 025D  
                   u1864 0329                     u1960 0263                     u1865 0327  
                   u1961 0262                     u1970 0282                     u1971 0281  
                   u1884 0340                     u1980 029C                     u1885 033E  
                   u1981 029B                     _INTE 005C                     u1894 0353  
                   _INTF 0059                     u1895 0351                     u1994 061F  
                   u1995 061D              main@percent 0067                     _dbuf 00A0  
                   _main 0049                     _prec 0078                     btemp 007E  
       __end_of_ADC_Init 0F9F         __end_of_ADC_Read 0FB1                     start 000C  
            LCD_Init@cmd 0028                    ??_ISR 0071         __end_of_LCD_Init 043A  
       __end_of_LCD_putc 0574          __end_of___aldiv 060D                    ?_main 0070  
                  _ANSEL 0188          __end_of___lwdiv 0738                    i1l130 0FC3  
                  i1l255 0FD6          __end_of___lwmod 07AE             vfpfcnvrt@fmt 002B  
                  _PORTA 0005                    _PORTB 0006                    _PORTC 0007  
                  _TRISA 0085                    _TRISB 0086                    _TRISC 0087  
    ___lmul@multiplicand 0024             main@part_dec 0063             main@part_ent 0061  
                  _flags 007A                    _fputc 043A                    btemp0 007E  
                  btemp1 007F                    _width 006D                    _putch 07FD  
                  pclath 000A                    status 0003                    wtemp0 007E  
        __end_of_sprintf 07FC          __initialization 000F             __end_of_main 01EB  
                 ??_main 004D                ??_LCD_Out 0073        __end_of_LCD_Write 0666  
      __end_of_LCD_putrs 06F4                   _ADCON0 001F                   _ADCON1 009F  
                 ?_fputc 0073                   _ADRESH 001E                   _ADRESL 009E  
                 ?_putch 0070                   _ANSELH 0189                   i1l1612 0FBA  
                 i1l1614 0FC0                   i1l1606 0FB2                   i1l1608 0FB8  
                 i1l1618 0FC2                   i1l1860 0FC9                   i1l1862 0FD4  
                 i1l1864 0FD5                   i1l1856 0FC4                   i1l1858 0FC8  
                 _INTEDG 040E                   u145_20 0FB8                   u145_21 0FB7  
                 u146_20 0FC0                   u146_21 0FBF                   u180_20 0FC8  
                 u180_21 0FC7             vfprintf@cfmt 0039                   ___lmul 0666  
              ??___aldiv 0030                   ___wmul 07AE                   _change 0FB1  
              ??___lwdiv 0077                ??___lwmod 0077                   fputc@c 0073  
                 ltemp0a 0080                ?_ADC_Init 0070                ?_ADC_Read 0073  
                 saved_w 007E                   putch@c 0070                   ttemp0a 007F  
       __end_of_vfprintf 1000                ??_sprintf 0040                   wtemp0a 007F  
         main@adc_result 005F  __end_of__initialization 0045                ?_LCD_Init 0021  
              ?_LCD_putc 0070           __pcstackCOMMON 0070             __pidataBANK0 07FC  
           __pidataBANK1 0F85            __end_of_fputc 04DA            __end_of_putch 07FE  
              LCD_putc@c 0020               ??_ADC_Init 0073               ??_ADC_Read 0075  
                ??_fputc 0020                  ??_putch 0073               __pbssBANK0 006D  
             __pbssBANK1 00A0               ??_LCD_Init 0026               ??_LCD_putc 0076  
             __pmaintext 0049                  ?___lmul 0020                  ?___wmul 0073  
                ?_change 0070               __pintentry 0004           ___lmul@product 0074  
                _LCD_Out 02D0               __stringtab 0738                  ___aldiv 0574  
                ___lwdiv 06F4                  ___lwmod 0776                ?_vfprintf 0035  
                __ptext1 07D9                  __ptext2 0FDD                  __ptext3 01EB  
                __ptext4 043A                  __ptext5 07FD                  __ptext6 0776  
                __ptext7 06F4                  __ptext8 07AE                  __ptext9 0666  
       ___aldiv@dividend 002C                  _sprintf 07D9                  clrloop0 0F8B  
              _LCD_Write 060D     end_of_initialization 0045                _LCD_putrs 06AE  
                fputc@fp 0075        __end_of_vfpfcnvrt 02D0         ___aldiv@quotient 0033  
       vfpfcnvrt@convarg 002F               ??_vfprintf 0078               ?_LCD_Write 0070  
             ?_LCD_putrs 0021               main@buffer 0050               main@screen 005A  
         __end_of___lmul 06AE              vfpfcnvrt@ap 002C              vfpfcnvrt@cp 0033  
            vfpfcnvrt@fp 0029           __end_of___wmul 07D9           __end_of_change 0FC4  
             LCD_Write@c 0020      start_initialization 000F              __end_of_ISR 0FDD  
             LCD_putrs@a 0021               LCD_putrs@i 0026              vfprintf@fmt 0037  
               ??___lmul 0073                 ??___wmul 0077                 ??_change 0070  
            __pdataBANK0 006F              __pdataBANK1 00C5                 ?_LCD_Out 0070  
            __pbssCOMMON 0078                ___latbits 0002            __pcstackBANK0 0020  
               LCD_Out@c 0075              ??_LCD_Write 0076              ??_LCD_putrs 0023  
       ___lwdiv@dividend 0024                 ?___aldiv 0028                 ?___lwdiv 0022  
               ?___lwmod 0073                __pstrings 0738                 _ADC_Init 0F92  
               _ADC_Read 0F9F         ___lwdiv@quotient 0026                 ?_sprintf 003A  
        ___aldiv@divisor 0028        interrupt_function 0004          ___aldiv@counter 0031  
               _LCD_Init 038A           ___wmul@product 0020                clear_ram0 0F8A  
               _LCD_putc 04DA                 _GO_nDONE 00F9                main@F1772 00C5  
              _vfpfcnvrt 01EB              __stringbase 0747        ___wmul@multiplier 0073  
             vfpfcnvrt@c 0034        ___lmul@multiplier 0020               vfprintf@ap 0038  
             vfprintf@fp 0035               ?_vfpfcnvrt 0029       __end_of__stringtab 0748  
             sprintf@fmt 003B          ___lwdiv@divisor 0022          ___lwdiv@counter 0028  
               __ptext10 0574                 __ptext11 06AE                 __ptext12 04DA  
               __ptext13 038A                 __ptext14 060D                 __ptext15 02D0  
               __ptext16 0F9F                 __ptext17 0F92                 __ptext18 0FC4  
               __ptext19 0FB1                 change@op 0070                 _vfprintf 0FDD  
               main@volt 006B                 intlevel1 0000                sprintf@ap 0041  
       ___lwmod@dividend 0075       main@adc_result_150 0065       main@adc_result_154 0069  
              stringcode 0742              ??_vfpfcnvrt 002D               _OPTION_REG 0081  
               sprintf@f 0042                 sprintf@s 003A          ___lwmod@divisor 0073  
        ___lwmod@counter 0077                 stringdir 0742                 stringtab 0738  
           ___aldiv@sign 0032  
