

Microchip MPLAB XC8 Assembler V3.10 build 20250813170317 
                                                                                               Mon Jun 22 16:36:19 2026

Microchip MPLAB XC8 C Compiler v3.10 (Free license) build 20250813170317 Og1 
     1                           	processor	16F887
     2                           	pagewidth 120
     3                           	opt	flic
     4                           	psect	idataBANK0,global,class=CODE,space=0,delta=2,noexec
     5                           	psect	strings,global,class=STRING,space=0,delta=2,noexec
     6                           	psect	cinit,global,class=CODE,space=0,merge=1,delta=2
     7                           	psect	bssBANK0,global,class=BANK0,space=1,delta=1,noexec
     8                           	psect	dataBANK0,global,class=BANK0,space=1,delta=1,noexec
     9                           	psect	cstackCOMMON,global,class=COMMON,space=1,delta=1,noexec
    10                           	psect	cstackBANK0,global,class=BANK0,space=1,delta=1,noexec
    11                           	psect	maintext,global,class=CODE,space=0,split=1,delta=2
    12                           	psect	text1,local,class=CODE,space=0,merge=1,delta=2
    13                           	psect	text2,local,class=CODE,space=0,merge=1,delta=2
    14                           	psect	text3,local,class=CODE,space=0,merge=1,delta=2
    15                           	psect	text4,local,class=CODE,space=0,merge=1,delta=2,group=1
    16                           	psect	text5,local,class=CODE,space=0,merge=1,delta=2,group=1
    17                           	psect	text6,local,class=CODE,space=0,merge=1,delta=2
    18                           	psect	text7,local,class=CODE,space=0,merge=1,delta=2
    19                           	psect	text8,local,class=CODE,space=0,merge=1,delta=2
    20                           	psect	text9,local,class=CODE,space=0,merge=1,delta=2
    21                           	psect	text10,local,class=CODE,space=0,merge=1,delta=2,group=1
    22                           	psect	text11,local,class=CODE,space=0,merge=1,delta=2,group=1
    23                           	psect	text12,local,class=CODE,space=0,merge=1,delta=2
    24                           	psect	text13,local,class=CODE,space=0,merge=1,delta=2,group=1
    25                           	psect	text14,local,class=CODE,space=0,merge=1,delta=2,group=1
    26                           	psect	text15,local,class=CODE,space=0,merge=1,delta=2
    27                           	psect	text16,local,class=CODE,space=0,merge=1,delta=2
    28                           	psect	text17,local,class=CODE,space=0,merge=1,delta=2
    29                           	psect	text18,local,class=CODE,space=0,merge=1,delta=2
    30                           	psect	config,global,abs,ovrld,class=CONFIG,space=4,delta=2,noexec
    31                           	dabs	1,0x7E,2
    32     0000                     
    33                           ; Generated 22/04/2026 GMT
    34                           ; 
    35                           ; Copyright (c) 2026 Microchip Technology Inc. and its subsidiaries.
    36                           ; 
    37                           ; Licensed under the Apache License, Version 2.0 (the "License");
    38                           ; you may not use this file except in compliance with the License.
    39                           ; You may obtain a copy of the License at
    40                           ; 
    41                           ;   http://www.apache.org/licenses/LICENSE-2.0
    42                           ; 
    43                           ; Unless required by applicable law or agreed to in writing, software
    44                           ; distributed under the License is distributed on an "AS IS" BASIS,
    45                           ; WITHOUT WARRANTIES OR CONDITIONS OF ANY KIND, either express or implied.
    46                           ; See the License for the specific language governing permissions and
    47                           ; limitations under the License.
    48                           ; 
    49                           ; 
    50                           ; Code-generator required, PIC16F887 Definitions
    51                           ; 
    52                           ; SFR Addresses
    53     0004                     fsr             equ	4
    54     0004                     fsr0            equ	4
    55     0000                     indf            equ	0
    56     0000                     indf0           equ	0
    57     0002                     pc              equ	2
    58     0002                     pcl             equ	2
    59     000A                     pclath          equ	10
    60     0003                     status          equ	3
    61     0000                     INDF            equ	0	;# 
    62     0001                     TMR0            equ	1	;# 
    63     0002                     PCL             equ	2	;# 
    64     0003                     STATUS          equ	3	;# 
    65     0004                     FSR             equ	4	;# 
    66     0005                     PORTA           equ	5	;# 
    67     0006                     PORTB           equ	6	;# 
    68     0007                     PORTC           equ	7	;# 
    69     0008                     PORTD           equ	8	;# 
    70     0009                     PORTE           equ	9	;# 
    71     000A                     PCLATH          equ	10	;# 
    72     000B                     INTCON          equ	11	;# 
    73     000C                     PIR1            equ	12	;# 
    74     000D                     PIR2            equ	13	;# 
    75     000E                     TMR1            equ	14	;# 
    76     000E                     TMR1L           equ	14	;# 
    77     000F                     TMR1H           equ	15	;# 
    78     0010                     T1CON           equ	16	;# 
    79     0011                     TMR2            equ	17	;# 
    80     0012                     T2CON           equ	18	;# 
    81     0013                     SSPBUF          equ	19	;# 
    82     0014                     SSPCON          equ	20	;# 
    83     0015                     CCPR1           equ	21	;# 
    84     0015                     CCPR1L          equ	21	;# 
    85     0016                     CCPR1H          equ	22	;# 
    86     0017                     CCP1CON         equ	23	;# 
    87     0018                     RCSTA           equ	24	;# 
    88     0019                     TXREG           equ	25	;# 
    89     001A                     RCREG           equ	26	;# 
    90     001B                     CCPR2           equ	27	;# 
    91     001B                     CCPR2L          equ	27	;# 
    92     001C                     CCPR2H          equ	28	;# 
    93     001D                     CCP2CON         equ	29	;# 
    94     001E                     ADRESH          equ	30	;# 
    95     001F                     ADCON0          equ	31	;# 
    96     0081                     OPTION_REG      equ	129	;# 
    97     0085                     TRISA           equ	133	;# 
    98     0086                     TRISB           equ	134	;# 
    99     0087                     TRISC           equ	135	;# 
   100     0088                     TRISD           equ	136	;# 
   101     0089                     TRISE           equ	137	;# 
   102     008C                     PIE1            equ	140	;# 
   103     008D                     PIE2            equ	141	;# 
   104     008E                     PCON            equ	142	;# 
   105     008F                     OSCCON          equ	143	;# 
   106     0090                     OSCTUNE         equ	144	;# 
   107     0091                     SSPCON2         equ	145	;# 
   108     0092                     PR2             equ	146	;# 
   109     0093                     SSPADD          equ	147	;# 
   110     0093                     SSPMSK          equ	147	;# 
   111     0093                     MSK             equ	147	;# 
   112     0094                     SSPSTAT         equ	148	;# 
   113     0095                     WPUB            equ	149	;# 
   114     0096                     IOCB            equ	150	;# 
   115     0097                     VRCON           equ	151	;# 
   116     0098                     TXSTA           equ	152	;# 
   117     0099                     SPBRG           equ	153	;# 
   118     009A                     SPBRGH          equ	154	;# 
   119     009B                     PWM1CON         equ	155	;# 
   120     009C                     ECCPAS          equ	156	;# 
   121     009D                     PSTRCON         equ	157	;# 
   122     009E                     ADRESL          equ	158	;# 
   123     009F                     ADCON1          equ	159	;# 
   124     0105                     WDTCON          equ	261	;# 
   125     0107                     CM1CON0         equ	263	;# 
   126     0108                     CM2CON0         equ	264	;# 
   127     0109                     CM2CON1         equ	265	;# 
   128     010C                     EEDATA          equ	268	;# 
   129     010C                     EEDAT           equ	268	;# 
   130     010D                     EEADR           equ	269	;# 
   131     010E                     EEDATH          equ	270	;# 
   132     010F                     EEADRH          equ	271	;# 
   133     0185                     SRCON           equ	389	;# 
   134     0187                     BAUDCTL         equ	391	;# 
   135     0188                     ANSEL           equ	392	;# 
   136     0189                     ANSELH          equ	393	;# 
   137     018C                     EECON1          equ	396	;# 
   138     018D                     EECON2          equ	397	;# 
   139     0000                     INDF            equ	0	;# 
   140     0001                     TMR0            equ	1	;# 
   141     0002                     PCL             equ	2	;# 
   142     0003                     STATUS          equ	3	;# 
   143     0004                     FSR             equ	4	;# 
   144     0005                     PORTA           equ	5	;# 
   145     0006                     PORTB           equ	6	;# 
   146     0007                     PORTC           equ	7	;# 
   147     0008                     PORTD           equ	8	;# 
   148     0009                     PORTE           equ	9	;# 
   149     000A                     PCLATH          equ	10	;# 
   150     000B                     INTCON          equ	11	;# 
   151     000C                     PIR1            equ	12	;# 
   152     000D                     PIR2            equ	13	;# 
   153     000E                     TMR1            equ	14	;# 
   154     000E                     TMR1L           equ	14	;# 
   155     000F                     TMR1H           equ	15	;# 
   156     0010                     T1CON           equ	16	;# 
   157     0011                     TMR2            equ	17	;# 
   158     0012                     T2CON           equ	18	;# 
   159     0013                     SSPBUF          equ	19	;# 
   160     0014                     SSPCON          equ	20	;# 
   161     0015                     CCPR1           equ	21	;# 
   162     0015                     CCPR1L          equ	21	;# 
   163     0016                     CCPR1H          equ	22	;# 
   164     0017                     CCP1CON         equ	23	;# 
   165     0018                     RCSTA           equ	24	;# 
   166     0019                     TXREG           equ	25	;# 
   167     001A                     RCREG           equ	26	;# 
   168     001B                     CCPR2           equ	27	;# 
   169     001B                     CCPR2L          equ	27	;# 
   170     001C                     CCPR2H          equ	28	;# 
   171     001D                     CCP2CON         equ	29	;# 
   172     001E                     ADRESH          equ	30	;# 
   173     001F                     ADCON0          equ	31	;# 
   174     0081                     OPTION_REG      equ	129	;# 
   175     0085                     TRISA           equ	133	;# 
   176     0086                     TRISB           equ	134	;# 
   177     0087                     TRISC           equ	135	;# 
   178     0088                     TRISD           equ	136	;# 
   179     0089                     TRISE           equ	137	;# 
   180     008C                     PIE1            equ	140	;# 
   181     008D                     PIE2            equ	141	;# 
   182     008E                     PCON            equ	142	;# 
   183     008F                     OSCCON          equ	143	;# 
   184     0090                     OSCTUNE         equ	144	;# 
   185     0091                     SSPCON2         equ	145	;# 
   186     0092                     PR2             equ	146	;# 
   187     0093                     SSPADD          equ	147	;# 
   188     0093                     SSPMSK          equ	147	;# 
   189     0093                     MSK             equ	147	;# 
   190     0094                     SSPSTAT         equ	148	;# 
   191     0095                     WPUB            equ	149	;# 
   192     0096                     IOCB            equ	150	;# 
   193     0097                     VRCON           equ	151	;# 
   194     0098                     TXSTA           equ	152	;# 
   195     0099                     SPBRG           equ	153	;# 
   196     009A                     SPBRGH          equ	154	;# 
   197     009B                     PWM1CON         equ	155	;# 
   198     009C                     ECCPAS          equ	156	;# 
   199     009D                     PSTRCON         equ	157	;# 
   200     009E                     ADRESL          equ	158	;# 
   201     009F                     ADCON1          equ	159	;# 
   202     0105                     WDTCON          equ	261	;# 
   203     0107                     CM1CON0         equ	263	;# 
   204     0108                     CM2CON0         equ	264	;# 
   205     0109                     CM2CON1         equ	265	;# 
   206     010C                     EEDATA          equ	268	;# 
   207     010C                     EEDAT           equ	268	;# 
   208     010D                     EEADR           equ	269	;# 
   209     010E                     EEDATH          equ	270	;# 
   210     010F                     EEADRH          equ	271	;# 
   211     0185                     SRCON           equ	389	;# 
   212     0187                     BAUDCTL         equ	391	;# 
   213     0188                     ANSEL           equ	392	;# 
   214     0189                     ANSELH          equ	393	;# 
   215     018C                     EECON1          equ	396	;# 
   216     018D                     EECON2          equ	397	;# 
   217     0000                     INDF            equ	0	;# 
   218     0001                     TMR0            equ	1	;# 
   219     0002                     PCL             equ	2	;# 
   220     0003                     STATUS          equ	3	;# 
   221     0004                     FSR             equ	4	;# 
   222     0005                     PORTA           equ	5	;# 
   223     0006                     PORTB           equ	6	;# 
   224     0007                     PORTC           equ	7	;# 
   225     0008                     PORTD           equ	8	;# 
   226     0009                     PORTE           equ	9	;# 
   227     000A                     PCLATH          equ	10	;# 
   228     000B                     INTCON          equ	11	;# 
   229     000C                     PIR1            equ	12	;# 
   230     000D                     PIR2            equ	13	;# 
   231     000E                     TMR1            equ	14	;# 
   232     000E                     TMR1L           equ	14	;# 
   233     000F                     TMR1H           equ	15	;# 
   234     0010                     T1CON           equ	16	;# 
   235     0011                     TMR2            equ	17	;# 
   236     0012                     T2CON           equ	18	;# 
   237     0013                     SSPBUF          equ	19	;# 
   238     0014                     SSPCON          equ	20	;# 
   239     0015                     CCPR1           equ	21	;# 
   240     0015                     CCPR1L          equ	21	;# 
   241     0016                     CCPR1H          equ	22	;# 
   242     0017                     CCP1CON         equ	23	;# 
   243     0018                     RCSTA           equ	24	;# 
   244     0019                     TXREG           equ	25	;# 
   245     001A                     RCREG           equ	26	;# 
   246     001B                     CCPR2           equ	27	;# 
   247     001B                     CCPR2L          equ	27	;# 
   248     001C                     CCPR2H          equ	28	;# 
   249     001D                     CCP2CON         equ	29	;# 
   250     001E                     ADRESH          equ	30	;# 
   251     001F                     ADCON0          equ	31	;# 
   252     0081                     OPTION_REG      equ	129	;# 
   253     0085                     TRISA           equ	133	;# 
   254     0086                     TRISB           equ	134	;# 
   255     0087                     TRISC           equ	135	;# 
   256     0088                     TRISD           equ	136	;# 
   257     0089                     TRISE           equ	137	;# 
   258     008C                     PIE1            equ	140	;# 
   259     008D                     PIE2            equ	141	;# 
   260     008E                     PCON            equ	142	;# 
   261     008F                     OSCCON          equ	143	;# 
   262     0090                     OSCTUNE         equ	144	;# 
   263     0091                     SSPCON2         equ	145	;# 
   264     0092                     PR2             equ	146	;# 
   265     0093                     SSPADD          equ	147	;# 
   266     0093                     SSPMSK          equ	147	;# 
   267     0093                     MSK             equ	147	;# 
   268     0094                     SSPSTAT         equ	148	;# 
   269     0095                     WPUB            equ	149	;# 
   270     0096                     IOCB            equ	150	;# 
   271     0097                     VRCON           equ	151	;# 
   272     0098                     TXSTA           equ	152	;# 
   273     0099                     SPBRG           equ	153	;# 
   274     009A                     SPBRGH          equ	154	;# 
   275     009B                     PWM1CON         equ	155	;# 
   276     009C                     ECCPAS          equ	156	;# 
   277     009D                     PSTRCON         equ	157	;# 
   278     009E                     ADRESL          equ	158	;# 
   279     009F                     ADCON1          equ	159	;# 
   280     0105                     WDTCON          equ	261	;# 
   281     0107                     CM1CON0         equ	263	;# 
   282     0108                     CM2CON0         equ	264	;# 
   283     0109                     CM2CON1         equ	265	;# 
   284     010C                     EEDATA          equ	268	;# 
   285     010C                     EEDAT           equ	268	;# 
   286     010D                     EEADR           equ	269	;# 
   287     010E                     EEDATH          equ	270	;# 
   288     010F                     EEADRH          equ	271	;# 
   289     0185                     SRCON           equ	389	;# 
   290     0187                     BAUDCTL         equ	391	;# 
   291     0188                     ANSEL           equ	392	;# 
   292     0189                     ANSELH          equ	393	;# 
   293     018C                     EECON1          equ	396	;# 
   294     018D                     EECON2          equ	397	;# 
   295                           
   296                           	psect	idataBANK0
   297     0E7E                     __pidataBANK0:
   298                           
   299                           ;initializer for main@F1871
   300     0E7E  3407               	retlw	7
   301     0E7F  3400               	retlw	0
   302     0E80  341A               	retlw	26
   303     0E81  342C               	retlw	44
   304     0E82  343E               	retlw	62
   305                           
   306                           	psect	strings
   307     0800                     __pstrings:
   308     0800                     stringtab:
   309     0800                     __stringtab:
   310     0800                     stringcode:	
   311                           ;	String table - string pointers are 1 byte each
   312                           
   313     0800                     stringdir:
   314     0800  3008               	movlw	high stringdir
   315     0801  008A               	movwf	10
   316     0802  0804               	movf	4,w
   317     0803  0A84               	incf	4,f
   318     0804  0782               	addwf	2,f
   319     0805                     __stringbase:
   320     0805  3400               	retlw	0
   321     0806                     __end_of__stringtab:
   322     0806                     _map:
   323     0806  3431               	retlw	49
   324     0807  3432               	retlw	50
   325     0808  3433               	retlw	51
   326     0809  342F               	retlw	47
   327     080A  3434               	retlw	52
   328     080B  3435               	retlw	53
   329     080C  3436               	retlw	54
   330     080D  342A               	retlw	42
   331     080E  3437               	retlw	55
   332     080F  3438               	retlw	56
   333     0810  3439               	retlw	57
   334     0811  342D               	retlw	45
   335     0812  3443               	retlw	67
   336     0813  3430               	retlw	48
   337     0814  343D               	retlw	61
   338     0815  342B               	retlw	43
   339     0816                     __end_of_map:
   340     0006                     _PORTB          set	6
   341     0005                     _PORTA          set	5
   342     0007                     _PORTC          set	7
   343     0095                     _WPUB           set	149
   344     0081                     _OPTION_REGbits set	129
   345     0087                     _TRISC          set	135
   346     0086                     _TRISB          set	134
   347     0085                     _TRISA          set	133
   348     0189                     _ANSELH         set	393
   349     0188                     _ANSEL          set	392
   350     0816                     STR_1:
   351     0816  3445               	retlw	69	;'E'
   352     0817  3472               	retlw	114	;'r'
   353     0818  3472               	retlw	114	;'r'
   354     0819  346F               	retlw	111	;'o'
   355     081A  3472               	retlw	114	;'r'
   356     081B  3420               	retlw	32	;' '
   357     081C  3464               	retlw	100	;'d'
   358     081D  3469               	retlw	105	;'i'
   359     081E  3476               	retlw	118	;'v'
   360     081F  3420               	retlw	32	;' '
   361     0820  3430               	retlw	48	;'0'
   362     0821  3400               	retlw	0
   363                           
   364                           	psect	cinit
   365     07D9                     start_initialization:	
   366                           ; #config settings
   367                           
   368     07D9                     __initialization:
   369                           
   370                           ; Initialize objects allocated to BANK0
   371     07D9  120A  158A  267E  120A  118A  	fcall	__pidataBANK0	;fetch initializer
   372     07DE  00DF               	movwf	__pdataBANK0& (0+127)
   373     07DF  120A  158A  267F  120A  118A  	fcall	__pidataBANK0+1	;fetch initializer
   374     07E4  00E0               	movwf	(__pdataBANK0+1)& (0+127)
   375     07E5  120A  158A  2680  120A  118A  	fcall	__pidataBANK0+2	;fetch initializer
   376     07EA  00E1               	movwf	(__pdataBANK0+2)& (0+127)
   377     07EB  120A  158A  2681  120A  118A  	fcall	__pidataBANK0+3	;fetch initializer
   378     07F0  00E2               	movwf	(__pdataBANK0+3)& (0+127)
   379     07F1  120A  158A  2682  120A  118A  	fcall	__pidataBANK0+4	;fetch initializer
   380     07F6  00E3               	movwf	(__pdataBANK0+4)& (0+127)
   381                           
   382                           ; Clear objects allocated to BANK0
   383     07F7  01DA               	clrf	__pbssBANK0& (0+127)
   384     07F8  01DB               	clrf	(__pbssBANK0+1)& (0+127)
   385     07F9  01DC               	clrf	(__pbssBANK0+2)& (0+127)
   386     07FA  01DD               	clrf	(__pbssBANK0+3)& (0+127)
   387     07FB  01DE               	clrf	(__pbssBANK0+4)& (0+127)
   388     07FC                     end_of_initialization:	
   389                           ;End of C runtime variable initialization code
   390                           
   391     07FC                     __end_of__initialization:
   392     07FC  0183               	clrf	3
   393     07FD  120A  118A  2E70   	ljmp	_main	;jump to C main() function
   394                           
   395                           	psect	bssBANK0
   396     005A                     __pbssBANK0:
   397     005A                     _lcd:
   398     005A                     	ds	5
   399                           
   400                           	psect	dataBANK0
   401     005F                     __pdataBANK0:
   402     005F                     main@F1871:
   403     005F                     	ds	5
   404                           
   405                           	psect	cstackCOMMON
   406     0070                     __pcstackCOMMON:
   407     0070                     ?_LCD_Out:
   408     0070                     ?_LCD_Write:	
   409                           ; 1 bytes @ 0x0
   410                           
   411     0070                     ?_LCD_putc:	
   412                           ; 1 bytes @ 0x0
   413                           
   414     0070                     ?_Teclado_Init:	
   415                           ; 1 bytes @ 0x0
   416                           
   417     0070                     ?_Teclado_Read:	
   418                           ; 1 bytes @ 0x0
   419                           
   420     0070                     ?_isDigitKey:	
   421                           ; 1 bytes @ 0x0
   422                           
   423     0070                     ?_isOperatorKey:	
   424                           ; 1 bytes @ 0x0
   425                           
   426     0070                     ?_main:	
   427                           ; 1 bytes @ 0x0
   428                           
   429     0070                     ?___wmul:	
   430                           ; 1 bytes @ 0x0
   431                           
   432     0070                     ?___awdiv:	
   433                           ; 2 bytes @ 0x0
   434                           
   435     0070                     ?___awmod:	
   436                           ; 2 bytes @ 0x0
   437                           
   438     0070                     ?___lmul:	
   439                           ; 2 bytes @ 0x0
   440                           
   441     0070                     ?___almod:	
   442                           ; 4 bytes @ 0x0
   443                           
   444     0070                     _isDigitKey$140:	
   445                           ; 4 bytes @ 0x0
   446                           
   447     0070                     _isOperatorKey$143:	
   448                           ; 1 bytes @ 0x0
   449                           
   450     0070                     ___wmul@multiplier:	
   451                           ; 1 bytes @ 0x0
   452                           
   453     0070                     ___awdiv@divisor:	
   454                           ; 2 bytes @ 0x0
   455                           
   456     0070                     ___awmod@divisor:	
   457                           ; 2 bytes @ 0x0
   458                           
   459     0070                     ___lmul@multiplier:	
   460                           ; 2 bytes @ 0x0
   461                           
   462     0070                     ___almod@divisor:	
   463                           ; 4 bytes @ 0x0
   464                           
   465     0070                     ??_LCD_Out:	
   466                           ; 4 bytes @ 0x0
   467                           
   468     0070                     ??_Teclado_Init:	
   469                           ; 1 bytes @ 0x0
   470                           
   471     0070                     ??_Teclado_Read:	
   472                           ; 1 bytes @ 0x0
   473                           
   474     0070                     ??_isDigitKey:	
   475                           ; 1 bytes @ 0x0
   476                           
   477     0070                     ??_isOperatorKey:	
   478                           ; 1 bytes @ 0x0
   479                           
   480                           
   481                           ; 1 bytes @ 0x0
   482     0070                     	ds	1
   483     0071                     isDigitKey@tecla:
   484     0071                     isOperatorKey@tecla:	
   485                           ; 1 bytes @ 0x1
   486                           
   487                           
   488                           ; 1 bytes @ 0x1
   489     0071                     	ds	1
   490     0072                     LCD_Out@c:
   491     0072                     Teclado_Read@cols:	
   492                           ; 1 bytes @ 0x2
   493                           
   494     0072                     ___wmul@multiplicand:	
   495                           ; 1 bytes @ 0x2
   496                           
   497     0072                     ___awdiv@dividend:	
   498                           ; 2 bytes @ 0x2
   499                           
   500     0072                     ___awmod@dividend:	
   501                           ; 2 bytes @ 0x2
   502                           
   503                           
   504                           ; 2 bytes @ 0x2
   505     0072                     	ds	1
   506     0073                     Teclado_Read@row:
   507     0073                     ??_LCD_Write:	
   508                           ; 1 bytes @ 0x3
   509                           
   510                           
   511                           ; 1 bytes @ 0x3
   512     0073                     	ds	1
   513     0074                     Teclado_Read@col:
   514     0074                     ___awdiv@counter:	
   515                           ; 1 bytes @ 0x4
   516                           
   517     0074                     ___awmod@counter:	
   518                           ; 1 bytes @ 0x4
   519                           
   520     0074                     ___wmul@product:	
   521                           ; 1 bytes @ 0x4
   522                           
   523     0074                     ___lmul@multiplicand:	
   524                           ; 2 bytes @ 0x4
   525                           
   526     0074                     ___almod@dividend:	
   527                           ; 4 bytes @ 0x4
   528                           
   529     0074                     ??___wmul:	
   530                           ; 4 bytes @ 0x4
   531                           
   532     0074                     ??___awdiv:	
   533                           ; 1 bytes @ 0x4
   534                           
   535     0074                     ??___awmod:	
   536                           ; 1 bytes @ 0x4
   537                           
   538                           
   539                           ; 1 bytes @ 0x4
   540     0074                     	ds	1
   541     0075                     LCD_Write@c:
   542     0075                     ___awdiv@sign:	
   543                           ; 1 bytes @ 0x5
   544                           
   545     0075                     ___awmod@sign:	
   546                           ; 1 bytes @ 0x5
   547                           
   548                           
   549                           ; 1 bytes @ 0x5
   550     0075                     	ds	1
   551     0076                     ?_LCD_Init:
   552     0076                     ___awdiv@quotient:	
   553                           ; 1 bytes @ 0x6
   554                           
   555     0076                     LCD_Init@display:	
   556                           ; 2 bytes @ 0x6
   557                           
   558                           
   559                           ; 5 bytes @ 0x6
   560     0076                     	ds	2
   561     0078                     ??_LCD_putc:
   562     0078                     ??___lmul:	
   563                           ; 1 bytes @ 0x8
   564                           
   565     0078                     ??___almod:	
   566                           ; 1 bytes @ 0x8
   567                           
   568                           
   569                           ; 1 bytes @ 0x8
   570     0078                     	ds	1
   571     0079                     ___almod@counter:
   572     0079                     ___lmul@product:	
   573                           ; 1 bytes @ 0x9
   574                           
   575                           
   576                           ; 4 bytes @ 0x9
   577     0079                     	ds	1
   578     007A                     LCD_putc@c:
   579     007A                     ___almod@sign:	
   580                           ; 1 bytes @ 0xA
   581                           
   582                           
   583                           ; 1 bytes @ 0xA
   584     007A                     	ds	1
   585     007B                     ?_LCD_putrs:
   586     007B                     LCD_putrs@a:	
   587                           ; 1 bytes @ 0xB
   588                           
   589     007B                     ??_LCD_Init:	
   590                           ; 1 bytes @ 0xB
   591                           
   592                           
   593                           ; 1 bytes @ 0xB
   594     007B                     	ds	1
   595     007C                     LCD_putrs@i:
   596     007C                     ??_LCD_putrs:	
   597                           ; 2 bytes @ 0xC
   598                           
   599                           
   600                           ; 1 bytes @ 0xC
   601     007C                     	ds	1
   602     007D                     LCD_Init@cmd:
   603     007D                     ??___aldiv:	
   604                           ; 1 bytes @ 0xD
   605                           
   606                           
   607                           ; 1 bytes @ 0xD
   608     007D                     	ds	1
   609     007E                     ??_LCD_PrintLong:
   610     007E                     ??_main:	
   611                           ; 1 bytes @ 0xE
   612                           
   613                           
   614                           	psect	cstackBANK0
   615     0020                     __pcstackBANK0:	
   616                           ; 1 bytes @ 0xE
   617                           
   618     0020                     ?___aldiv:
   619     0020                     ___aldiv@divisor:	
   620                           ; 4 bytes @ 0x0
   621                           
   622                           
   623                           ; 4 bytes @ 0x0
   624     0020                     	ds	4
   625     0024                     ___aldiv@dividend:
   626                           
   627                           ; 4 bytes @ 0x4
   628     0024                     	ds	4
   629     0028                     ___aldiv@counter:
   630                           
   631                           ; 1 bytes @ 0x8
   632     0028                     	ds	1
   633     0029                     ___aldiv@sign:
   634                           
   635                           ; 1 bytes @ 0x9
   636     0029                     	ds	1
   637     002A                     ___aldiv@quotient:
   638                           
   639                           ; 4 bytes @ 0xA
   640     002A                     	ds	4
   641     002E                     ?_LCD_PrintLong:
   642     002E                     ?_calc100:	
   643                           ; 1 bytes @ 0xE
   644                           
   645     002E                     calc100@first:	
   646                           ; 4 bytes @ 0xE
   647                           
   648     002E                     LCD_PrintLong@num:	
   649                           ; 2 bytes @ 0xE
   650                           
   651                           
   652                           ; 4 bytes @ 0xE
   653     002E                     	ds	2
   654     0030                     calc100@second:
   655                           
   656                           ; 2 bytes @ 0x10
   657     0030                     	ds	2
   658     0032                     calc100@op:
   659     0032                     LCD_PrintLong@digits:	
   660                           ; 1 bytes @ 0x12
   661                           
   662                           
   663                           ; 11 bytes @ 0x12
   664     0032                     	ds	1
   665     0033                     calc100@ok:
   666                           
   667                           ; 1 bytes @ 0x13
   668     0033                     	ds	1
   669     0034                     ??_calc100:
   670                           
   671                           ; 1 bytes @ 0x14
   672     0034                     	ds	8
   673     003C                     _calc100$825:
   674                           
   675                           ; 4 bytes @ 0x1C
   676     003C                     	ds	1
   677     003D                     LCD_PrintLong@i:
   678                           
   679                           ; 1 bytes @ 0x1D
   680     003D                     	ds	1
   681     003E                     ?_LCD_PrintResult100:
   682     003E                     LCD_PrintResult100@result100:	
   683                           ; 1 bytes @ 0x1E
   684                           
   685                           
   686                           ; 4 bytes @ 0x1E
   687     003E                     	ds	4
   688     0042                     ??_LCD_PrintResult100:
   689                           
   690                           ; 1 bytes @ 0x22
   691     0042                     	ds	2
   692     0044                     LCD_PrintResult100@ent:
   693                           
   694                           ; 4 bytes @ 0x24
   695     0044                     	ds	4
   696     0048                     LCD_PrintResult100@dec:
   697                           
   698                           ; 1 bytes @ 0x28
   699     0048                     	ds	1
   700     0049                     main@screen:
   701                           
   702                           ; 5 bytes @ 0x29
   703     0049                     	ds	5
   704     004E                     main@result100:
   705                           
   706                           ; 4 bytes @ 0x2E
   707     004E                     	ds	4
   708     0052                     main@digit:
   709                           
   710                           ; 1 bytes @ 0x32
   711     0052                     	ds	1
   712     0053                     main@ok:
   713                           
   714                           ; 1 bytes @ 0x33
   715     0053                     	ds	1
   716     0054                     main@secondNum:
   717                           
   718                           ; 2 bytes @ 0x34
   719     0054                     	ds	2
   720     0056                     main@op:
   721                           
   722                           ; 1 bytes @ 0x36
   723     0056                     	ds	1
   724     0057                     main@firstNum:
   725                           
   726                           ; 2 bytes @ 0x37
   727     0057                     	ds	2
   728     0059                     main@tecla:
   729                           
   730                           ; 1 bytes @ 0x39
   731     0059                     	ds	1
   732                           
   733                           	psect	maintext
   734     0670                     __pmaintext:	
   735 ;;
   736 ;;Main: autosize = 0, tempsize = 0, incstack = 0, save=0
   737 ;;
   738 ;; *************** function _main *****************
   739 ;; Defined at:
   740 ;;		line 312 in file "main.c"
   741 ;; Parameters:    Size  Location     Type
   742 ;;		None
   743 ;; Auto vars:     Size  Location     Type
   744 ;;  screen          5   41[BANK0 ] struct .
   745 ;;  result100       4   46[BANK0 ] long 
   746 ;;  firstNum        2   55[BANK0 ] int 
   747 ;;  secondNum       2   52[BANK0 ] int 
   748 ;;  tecla           1   57[BANK0 ] unsigned char 
   749 ;;  op              1   54[BANK0 ] unsigned char 
   750 ;;  ok              1   51[BANK0 ] _Bool 
   751 ;;  digit           1   50[BANK0 ] unsigned char 
   752 ;; Return value:  Size  Location     Type
   753 ;;                  1    wreg      void 
   754 ;; Registers used:
   755 ;;		wreg, fsr0l, fsr0h, status,2, status,0, pclath, cstack
   756 ;; Tracked objects:
   757 ;;		On entry : B00/0
   758 ;;		On exit  : 0/0
   759 ;;		Unchanged: 0/0
   760 ;; Data sizes:     COMMON   BANK0   BANK1   BANK3   BANK2
   761 ;;      Params:         0       0       0       0       0
   762 ;;      Locals:         0      17       0       0       0
   763 ;;      Temps:          0       0       0       0       0
   764 ;;      Totals:         0      17       0       0       0
   765 ;;Total ram usage:       17 bytes
   766 ;; Hardware stack levels required when called: 4
   767 ;; This function calls:
   768 ;;		_LCD_Init
   769 ;;		_LCD_PrintResult100
   770 ;;		_LCD_Write
   771 ;;		_LCD_putc
   772 ;;		_LCD_putrs
   773 ;;		_Teclado_Init
   774 ;;		_Teclado_Read
   775 ;;		___wmul
   776 ;;		_calc100
   777 ;;		_isDigitKey
   778 ;;		_isOperatorKey
   779 ;; This function is called by:
   780 ;;		Startup code after reset
   781 ;; This function uses a non-reentrant model
   782 ;;
   783                           
   784     0670                     _main:	
   785                           ;psect for function _main
   786                           
   787     0670                     l1783:	
   788                           ;incstack = 0
   789                           ; Regs used in _main: [wreg-fsr0h+status,2+status,0+pclath+cstack]
   790                           
   791                           
   792                           ;main.c: 314:     char tecla;;main.c: 315:     int firstNum = -1;
   793     0670  30FF               	movlw	255
   794     0671  1283               	bcf	3,5	;RP0=0, select bank0
   795     0672  1303               	bcf	3,6	;RP1=0, select bank0
   796     0673  00D7               	movwf	main@firstNum
   797     0674  30FF               	movlw	255
   798     0675  00D8               	movwf	main@firstNum+1
   799                           
   800                           ;main.c: 316:     int secondNum = -1;
   801     0676  30FF               	movlw	255
   802     0677  00D4               	movwf	main@secondNum
   803     0678  30FF               	movlw	255
   804     0679  00D5               	movwf	main@secondNum+1
   805     067A                     l1785:
   806                           
   807                           ;main.c: 317:     char op = '\0';
   808     067A  01D6               	clrf	main@op
   809     067B                     l1787:
   810                           
   811                           ;main.c: 318:     unsigned char digit;;main.c: 319:     long result100;;main.c: 320:    
      +                           _Bool ok;;main.c: 322:     Teclado_Init();
   812     067B  120A  158A  2683  120A  118A  	fcall	_Teclado_Init
   813     0680                     l1789:
   814                           
   815                           ;main.c: 324:     LCD screen = {&PORTC, 2, 3, 4, 5, 6, 7};
   816     0680  3049               	movlw	main@screen& (0+255)
   817     0681  0084               	movwf	4
   818     0682  1283               	bcf	3,5	;RP0=0, select bank0
   819     0683  1303               	bcf	3,6	;RP1=0, select bank0
   820     0684  085F               	movf	main@F1871,w
   821     0685  1383               	bcf	3,7	;select IRP bank0
   822     0686  0080               	movwf	0
   823     0687  0A84               	incf	4,f
   824     0688  0860               	movf	main@F1871+1,w
   825     0689  0080               	movwf	0
   826     068A  0A84               	incf	4,f
   827     068B  0861               	movf	main@F1871+2,w
   828     068C  0080               	movwf	0
   829     068D  0A84               	incf	4,f
   830     068E  0862               	movf	main@F1871+3,w
   831     068F  0080               	movwf	0
   832     0690  0A84               	incf	4,f
   833     0691  0863               	movf	main@F1871+4,w
   834     0692  0080               	movwf	0
   835     0693                     l1791:
   836                           
   837                           ;main.c: 325:     LCD_Init(screen);
   838     0693  3076               	movlw	LCD_Init@display& (0+255)
   839     0694  0084               	movwf	4
   840     0695  0849               	movf	main@screen,w
   841     0696  0080               	movwf	0
   842     0697  0A84               	incf	4,f
   843     0698  084A               	movf	main@screen+1,w
   844     0699  0080               	movwf	0
   845     069A  0A84               	incf	4,f
   846     069B  084B               	movf	main@screen+2,w
   847     069C  0080               	movwf	0
   848     069D  0A84               	incf	4,f
   849     069E  084C               	movf	main@screen+3,w
   850     069F  0080               	movwf	0
   851     06A0  0A84               	incf	4,f
   852     06A1  084D               	movf	main@screen+4,w
   853     06A2  0080               	movwf	0
   854     06A3  120A  118A  23DC  120A  118A  	fcall	_LCD_Init
   855     06A8                     l1793:
   856     06A8  3000               	movlw	0
   857     06A9  120A  158A  2754  120A  118A  	fcall	_LCD_Write
   858     06AE                     l1795:
   859     06AE  3001               	movlw	1
   860     06AF  120A  158A  2754  120A  118A  	fcall	_LCD_Write
   861     06B4                     l1797:
   862                           
   863                           ;main.c: 330:     {;main.c: 331:         tecla = Teclado_Read();
   864     06B4  120A  118A  2332  120A  118A  	fcall	_Teclado_Read
   865     06B9  1283               	bcf	3,5	;RP0=0, select bank0
   866     06BA  1303               	bcf	3,6	;RP1=0, select bank0
   867     06BB  00D9               	movwf	main@tecla
   868     06BC                     l1799:
   869                           
   870                           ;main.c: 333:         if(tecla == '\0') {
   871     06BC  0859               	movf	main@tecla,w
   872     06BD  1D03               	btfss	3,2
   873     06BE  2EC0               	goto	u2391
   874     06BF  2EC1               	goto	u2390
   875     06C0                     u2391:
   876     06C0  2EC2               	goto	l1803
   877     06C1                     u2390:
   878     06C1  2EB4               	goto	l1797
   879     06C2                     l1803:
   880                           
   881                           ;main.c: 337:         if(tecla == 'C') {
   882     06C2  3043               	movlw	67
   883     06C3  0659               	xorwf	main@tecla,w
   884     06C4  1D03               	btfss	3,2
   885     06C5  2EC7               	goto	u2401
   886     06C6  2EC8               	goto	u2400
   887     06C7                     u2401:
   888     06C7  2EDE               	goto	l1813
   889     06C8                     u2400:
   890     06C8                     l1805:
   891                           
   892                           ;main.c: 338:             firstNum = -1;
   893     06C8  30FF               	movlw	255
   894     06C9  00D7               	movwf	main@firstNum
   895     06CA  30FF               	movlw	255
   896     06CB  00D8               	movwf	main@firstNum+1
   897                           
   898                           ;main.c: 339:             secondNum = -1;
   899     06CC  30FF               	movlw	255
   900     06CD  00D4               	movwf	main@secondNum
   901     06CE  30FF               	movlw	255
   902     06CF  00D5               	movwf	main@secondNum+1
   903     06D0                     l1807:
   904                           
   905                           ;main.c: 340:             op = '\0';
   906     06D0  01D6               	clrf	main@op
   907     06D1                     l1809:
   908     06D1  3000               	movlw	0
   909     06D2  120A  158A  2754  120A  118A  	fcall	_LCD_Write
   910     06D7                     l1811:
   911     06D7  3001               	movlw	1
   912     06D8  120A  158A  2754  120A  118A  	fcall	_LCD_Write
   913     06DD  2EB4               	goto	l1797
   914     06DE                     l1813:
   915     06DE  0859               	movf	main@tecla,w
   916     06DF  120A  158A  2695  120A  118A  	fcall	_isDigitKey
   917     06E4  3A00               	xorlw	0
   918     06E5  1903               	skipnz
   919     06E6  2EE8               	goto	u2411
   920     06E7  2EE9               	goto	u2410
   921     06E8                     u2411:
   922     06E8  2F3D               	goto	l1831
   923     06E9                     u2410:
   924     06E9                     l1815:
   925                           
   926                           ;main.c: 345:             digit = tecla - '0';
   927     06E9  1283               	bcf	3,5	;RP0=0, select bank0
   928     06EA  1303               	bcf	3,6	;RP1=0, select bank0
   929     06EB  0859               	movf	main@tecla,w
   930     06EC  3ED0               	addlw	208
   931     06ED  00D2               	movwf	main@digit
   932                           
   933                           ;main.c: 347:             if(op == '\0') {
   934     06EE  0856               	movf	main@op,w
   935     06EF  1D03               	btfss	3,2
   936     06F0  2EF2               	goto	u2421
   937     06F1  2EF3               	goto	u2420
   938     06F2                     u2421:
   939     06F2  2F15               	goto	l1823
   940     06F3                     u2420:
   941     06F3                     l1817:
   942                           
   943                           ;main.c: 348:                 if(firstNum == -1) {
   944     06F3  0A57               	incf	main@firstNum,w
   945     06F4  1D03               	skipz
   946     06F5  2EFA               	goto	u2431
   947     06F6  0A58               	incf	main@firstNum+1,w
   948     06F7  1D03               	btfss	3,2
   949     06F8  2EFA               	goto	u2431
   950     06F9  2EFB               	goto	u2430
   951     06FA                     u2431:
   952     06FA  2EFD               	goto	l1821
   953     06FB                     u2430:
   954     06FB                     l1819:
   955                           
   956                           ;main.c: 349:                     firstNum = 0;
   957     06FB  01D7               	clrf	main@firstNum
   958     06FC  01D8               	clrf	main@firstNum+1
   959     06FD                     l1821:
   960                           
   961                           ;main.c: 352:                 firstNum = firstNum * 10 + digit;
   962     06FD  0858               	movf	main@firstNum+1,w
   963     06FE  00F1               	movwf	___wmul@multiplier+1
   964     06FF  0857               	movf	main@firstNum,w
   965     0700  00F0               	movwf	___wmul@multiplier
   966     0701  300A               	movlw	10
   967     0702  00F2               	movwf	___wmul@multiplicand
   968     0703  3000               	movlw	0
   969     0704  00F3               	movwf	___wmul@multiplicand+1
   970     0705  120A  158A  26E9  120A  118A  	fcall	___wmul
   971     070A  1283               	bcf	3,5	;RP0=0, select bank0
   972     070B  1303               	bcf	3,6	;RP1=0, select bank0
   973     070C  0852               	movf	main@digit,w
   974     070D  0770               	addwf	?___wmul,w
   975     070E  00D7               	movwf	main@firstNum
   976     070F  3000               	movlw	0
   977     0710  1803               	skipnc
   978     0711  3001               	movlw	1
   979     0712  0771               	addwf	?___wmul+1,w
   980     0713  00D8               	movwf	main@firstNum+1
   981                           
   982                           ;main.c: 353:             }
   983     0714  2F36               	goto	l1829
   984     0715                     l1823:
   985                           
   986                           ;main.c: 355:                 if(secondNum == -1) {
   987     0715  0A54               	incf	main@secondNum,w
   988     0716  1D03               	skipz
   989     0717  2F1C               	goto	u2441
   990     0718  0A55               	incf	main@secondNum+1,w
   991     0719  1D03               	btfss	3,2
   992     071A  2F1C               	goto	u2441
   993     071B  2F1D               	goto	u2440
   994     071C                     u2441:
   995     071C  2F1F               	goto	l1827
   996     071D                     u2440:
   997     071D                     l1825:
   998                           
   999                           ;main.c: 356:                     secondNum = 0;
  1000     071D  01D4               	clrf	main@secondNum
  1001     071E  01D5               	clrf	main@secondNum+1
  1002     071F                     l1827:
  1003                           
  1004                           ;main.c: 359:                 secondNum = secondNum * 10 + digit;
  1005     071F  0855               	movf	main@secondNum+1,w
  1006     0720  00F1               	movwf	___wmul@multiplier+1
  1007     0721  0854               	movf	main@secondNum,w
  1008     0722  00F0               	movwf	___wmul@multiplier
  1009     0723  300A               	movlw	10
  1010     0724  00F2               	movwf	___wmul@multiplicand
  1011     0725  3000               	movlw	0
  1012     0726  00F3               	movwf	___wmul@multiplicand+1
  1013     0727  120A  158A  26E9  120A  118A  	fcall	___wmul
  1014     072C  1283               	bcf	3,5	;RP0=0, select bank0
  1015     072D  1303               	bcf	3,6	;RP1=0, select bank0
  1016     072E  0852               	movf	main@digit,w
  1017     072F  0770               	addwf	?___wmul,w
  1018     0730  00D4               	movwf	main@secondNum
  1019     0731  3000               	movlw	0
  1020     0732  1803               	skipnc
  1021     0733  3001               	movlw	1
  1022     0734  0771               	addwf	?___wmul+1,w
  1023     0735  00D5               	movwf	main@secondNum+1
  1024     0736                     l1829:
  1025                           
  1026                           ;main.c: 362:             LCD_putc(tecla);
  1027     0736  0859               	movf	main@tecla,w
  1028     0737  120A  118A  216E  120A  118A  	fcall	_LCD_putc
  1029                           
  1030                           ;main.c: 363:         }
  1031     073C  2EB4               	goto	l1797
  1032     073D                     l1831:
  1033     073D  1283               	bcf	3,5	;RP0=0, select bank0
  1034     073E  1303               	bcf	3,6	;RP1=0, select bank0
  1035     073F  0859               	movf	main@tecla,w
  1036     0740  120A  158A  26A7  120A  118A  	fcall	_isOperatorKey
  1037     0745  3A00               	xorlw	0
  1038     0746  1903               	skipnz
  1039     0747  2F49               	goto	u2451
  1040     0748  2F4A               	goto	u2450
  1041     0749                     u2451:
  1042     0749  2F62               	goto	l1841
  1043     074A                     u2450:
  1044     074A                     l1833:
  1045                           
  1046                           ;main.c: 366:             if(firstNum != -1 && op == '\0') {
  1047     074A  1283               	bcf	3,5	;RP0=0, select bank0
  1048     074B  1303               	bcf	3,6	;RP1=0, select bank0
  1049     074C  0A57               	incf	main@firstNum,w
  1050     074D  1D03               	skipz
  1051     074E  2F54               	goto	u2460
  1052     074F  0A58               	incf	main@firstNum+1,w
  1053     0750  1903               	btfsc	3,2
  1054     0751  2F53               	goto	u2461
  1055     0752  2F54               	goto	u2460
  1056     0753                     u2461:
  1057     0753  2EB4               	goto	l1797
  1058     0754                     u2460:
  1059     0754                     l1835:
  1060     0754  0856               	movf	main@op,w
  1061     0755  1D03               	btfss	3,2
  1062     0756  2F58               	goto	u2471
  1063     0757  2F59               	goto	u2470
  1064     0758                     u2471:
  1065     0758  2EB4               	goto	l1797
  1066     0759                     u2470:
  1067     0759                     l1837:
  1068                           
  1069                           ;main.c: 367:                 op = tecla;
  1070     0759  0859               	movf	main@tecla,w
  1071     075A  00D6               	movwf	main@op
  1072     075B                     l1839:
  1073                           
  1074                           ;main.c: 368:                 LCD_putc(tecla);
  1075     075B  0859               	movf	main@tecla,w
  1076     075C  120A  118A  216E  120A  118A  	fcall	_LCD_putc
  1077     0761  2EB4               	goto	l1797
  1078     0762                     l1841:
  1079     0762  303D               	movlw	61
  1080     0763  1283               	bcf	3,5	;RP0=0, select bank0
  1081     0764  1303               	bcf	3,6	;RP1=0, select bank0
  1082     0765  0659               	xorwf	main@tecla,w
  1083     0766  1D03               	btfss	3,2
  1084     0767  2F69               	goto	u2481
  1085     0768  2F6A               	goto	u2480
  1086     0769                     u2481:
  1087     0769  2EB4               	goto	l1797
  1088     076A                     u2480:
  1089     076A                     l1843:
  1090                           
  1091                           ;main.c: 373:             if(firstNum != -1 && secondNum != -1 && op != '\0') {
  1092     076A  0A57               	incf	main@firstNum,w
  1093     076B  1D03               	skipz
  1094     076C  2F72               	goto	u2490
  1095     076D  0A58               	incf	main@firstNum+1,w
  1096     076E  1903               	btfsc	3,2
  1097     076F  2F71               	goto	u2491
  1098     0770  2F72               	goto	u2490
  1099     0771                     u2491:
  1100     0771  2EB4               	goto	l1797
  1101     0772                     u2490:
  1102     0772                     l1845:
  1103     0772  0A54               	incf	main@secondNum,w
  1104     0773  1D03               	skipz
  1105     0774  2F7A               	goto	u2500
  1106     0775  0A55               	incf	main@secondNum+1,w
  1107     0776  1903               	btfsc	3,2
  1108     0777  2F79               	goto	u2501
  1109     0778  2F7A               	goto	u2500
  1110     0779                     u2501:
  1111     0779  2EB4               	goto	l1797
  1112     077A                     u2500:
  1113     077A                     l1847:
  1114     077A  0856               	movf	main@op,w
  1115     077B  1903               	btfsc	3,2
  1116     077C  2F7E               	goto	u2511
  1117     077D  2F7F               	goto	u2510
  1118     077E                     u2511:
  1119     077E  2EB4               	goto	l1797
  1120     077F                     u2510:
  1121     077F                     l1849:
  1122                           
  1123                           ;main.c: 374:                 LCD_putc('=');
  1124     077F  303D               	movlw	61
  1125     0780  120A  118A  216E  120A  118A  	fcall	_LCD_putc
  1126                           
  1127                           ;main.c: 376:                 result100 = calc100(firstNum, secondNum, op, &ok);
  1128     0785  1283               	bcf	3,5	;RP0=0, select bank0
  1129     0786  1303               	bcf	3,6	;RP1=0, select bank0
  1130     0787  0858               	movf	main@firstNum+1,w
  1131     0788  00AF               	movwf	calc100@first+1
  1132     0789  0857               	movf	main@firstNum,w
  1133     078A  00AE               	movwf	calc100@first
  1134     078B  0855               	movf	main@secondNum+1,w
  1135     078C  00B1               	movwf	calc100@second+1
  1136     078D  0854               	movf	main@secondNum,w
  1137     078E  00B0               	movwf	calc100@second
  1138     078F  0856               	movf	main@op,w
  1139     0790  00B2               	movwf	calc100@op
  1140     0791  3053               	movlw	(low (main@ok| 0))& (0+255)
  1141     0792  00B3               	movwf	calc100@ok
  1142     0793  120A  118A  2543  120A  118A  	fcall	_calc100
  1143     0798  1283               	bcf	3,5	;RP0=0, select bank0
  1144     0799  1303               	bcf	3,6	;RP1=0, select bank0
  1145     079A  0831               	movf	?_calc100+3,w
  1146     079B  00D1               	movwf	main@result100+3
  1147     079C  0830               	movf	?_calc100+2,w
  1148     079D  00D0               	movwf	main@result100+2
  1149     079E  082F               	movf	?_calc100+1,w
  1150     079F  00CF               	movwf	main@result100+1
  1151     07A0  082E               	movf	?_calc100,w
  1152     07A1  00CE               	movwf	main@result100
  1153     07A2                     l182:	
  1154                           ;main.c: 378:                 do { LCD_Write( (0x01 & 0xF0) >> 4 ); LCD_Write( 0x01 & 0x
      +                          0F); } while ( 0 );
  1155                           
  1156     07A2  3000               	movlw	0
  1157     07A3  120A  158A  2754  120A  118A  	fcall	_LCD_Write
  1158     07A8  3001               	movlw	1
  1159     07A9  120A  158A  2754  120A  118A  	fcall	_LCD_Write
  1160     07AE                     l1851:
  1161                           
  1162                           ;main.c: 380:                 if(ok) {
  1163     07AE  1283               	bcf	3,5	;RP0=0, select bank0
  1164     07AF  1303               	bcf	3,6	;RP1=0, select bank0
  1165     07B0  0853               	movf	main@ok,w
  1166     07B1  1903               	btfsc	3,2
  1167     07B2  2FB4               	goto	u2521
  1168     07B3  2FB5               	goto	u2520
  1169     07B4                     u2521:
  1170     07B4  2FC3               	goto	l1855
  1171     07B5                     u2520:
  1172     07B5                     l1853:
  1173                           
  1174                           ;main.c: 381:                     LCD_PrintResult100(result100);
  1175     07B5  0851               	movf	main@result100+3,w
  1176     07B6  00C1               	movwf	LCD_PrintResult100@result100+3
  1177     07B7  0850               	movf	main@result100+2,w
  1178     07B8  00C0               	movwf	LCD_PrintResult100@result100+2
  1179     07B9  084F               	movf	main@result100+1,w
  1180     07BA  00BF               	movwf	LCD_PrintResult100@result100+1
  1181     07BB  084E               	movf	main@result100,w
  1182     07BC  00BE               	movwf	LCD_PrintResult100@result100
  1183     07BD  120A  118A  2202  120A  118A  	fcall	_LCD_PrintResult100
  1184                           
  1185                           ;main.c: 382:                 }
  1186     07C2  2FCA               	goto	l1857
  1187     07C3                     l1855:
  1188                           
  1189                           ;main.c: 384:                     LCD_putrs("Error div 0");
  1190     07C3  3011               	movlw	(low ((STR_1-__stringbase)| (0+32768)))& (0+255)
  1191     07C4  00FB               	movwf	LCD_putrs@a
  1192     07C5  120A  158A  26C5  120A  118A  	fcall	_LCD_putrs
  1193     07CA                     l1857:
  1194                           
  1195                           ;main.c: 387:                 firstNum = -1;
  1196     07CA  30FF               	movlw	255
  1197     07CB  1283               	bcf	3,5	;RP0=0, select bank0
  1198     07CC  1303               	bcf	3,6	;RP1=0, select bank0
  1199     07CD  00D7               	movwf	main@firstNum
  1200     07CE  30FF               	movlw	255
  1201     07CF  00D8               	movwf	main@firstNum+1
  1202     07D0                     l1859:
  1203                           
  1204                           ;main.c: 388:                 secondNum = -1;
  1205     07D0  30FF               	movlw	255
  1206     07D1  00D4               	movwf	main@secondNum
  1207     07D2  30FF               	movlw	255
  1208     07D3  00D5               	movwf	main@secondNum+1
  1209     07D4                     l1861:
  1210                           
  1211                           ;main.c: 389:                 op = '\0';
  1212     07D4  01D6               	clrf	main@op
  1213     07D5  2EB4               	goto	l1797
  1214     07D6  120A  118A  2800   	ljmp	start
  1215     07D9                     __end_of_main:
  1216                           
  1217                           	psect	text1
  1218     0EA7                     __ptext1:	
  1219 ;; *************** function _isOperatorKey *****************
  1220 ;; Defined at:
  1221 ;;		line 245 in file "main.c"
  1222 ;; Parameters:    Size  Location     Type
  1223 ;;  tecla           1    wreg     unsigned char 
  1224 ;; Auto vars:     Size  Location     Type
  1225 ;;  tecla           1    1[COMMON] unsigned char 
  1226 ;; Return value:  Size  Location     Type
  1227 ;;                  1    wreg      _Bool 
  1228 ;; Registers used:
  1229 ;;		wreg, status,2, status,0
  1230 ;; Tracked objects:
  1231 ;;		On entry : 0/0
  1232 ;;		On exit  : 0/0
  1233 ;;		Unchanged: 0/0
  1234 ;; Data sizes:     COMMON   BANK0   BANK1   BANK3   BANK2
  1235 ;;      Params:         0       0       0       0       0
  1236 ;;      Locals:         2       0       0       0       0
  1237 ;;      Temps:          0       0       0       0       0
  1238 ;;      Totals:         2       0       0       0       0
  1239 ;;Total ram usage:        2 bytes
  1240 ;; Hardware stack levels used: 1
  1241 ;; This function calls:
  1242 ;;		Nothing
  1243 ;; This function is called by:
  1244 ;;		_main
  1245 ;; This function uses a non-reentrant model
  1246 ;;
  1247                           
  1248     0EA7                     _isOperatorKey:	
  1249                           ;psect for function _isOperatorKey
  1250                           
  1251                           
  1252                           ;incstack = 0
  1253                           ; Regs used in _isOperatorKey: [wreg+status,2+status,0]
  1254                           ;isOperatorKey@tecla stored from wreg
  1255     0EA7  00F1               	movwf	isOperatorKey@tecla
  1256     0EA8                     l1667:
  1257                           
  1258                           ;main.c: 246:     return (tecla == '+' || tecla == '-' || tecla == '*' || tecla == '/');
  1259     0EA8  3001               	movlw	1
  1260     0EA9  00F0               	movwf	_isOperatorKey$143
  1261     0EAA                     l1669:
  1262     0EAA  302B               	movlw	43
  1263     0EAB  0671               	xorwf	isOperatorKey@tecla,w
  1264     0EAC  1903               	btfsc	3,2
  1265     0EAD  2EAF               	goto	u2151
  1266     0EAE  2EB0               	goto	u2150
  1267     0EAF                     u2151:
  1268     0EAF  2EC3               	goto	l1679
  1269     0EB0                     u2150:
  1270     0EB0                     l1671:
  1271     0EB0  302D               	movlw	45
  1272     0EB1  0671               	xorwf	isOperatorKey@tecla,w
  1273     0EB2  1903               	btfsc	3,2
  1274     0EB3  2EB5               	goto	u2161
  1275     0EB4  2EB6               	goto	u2160
  1276     0EB5                     u2161:
  1277     0EB5  2EC3               	goto	l1679
  1278     0EB6                     u2160:
  1279     0EB6                     l1673:
  1280     0EB6  302A               	movlw	42
  1281     0EB7  0671               	xorwf	isOperatorKey@tecla,w
  1282     0EB8  1903               	btfsc	3,2
  1283     0EB9  2EBB               	goto	u2171
  1284     0EBA  2EBC               	goto	u2170
  1285     0EBB                     u2171:
  1286     0EBB  2EC3               	goto	l1679
  1287     0EBC                     u2170:
  1288     0EBC                     l1675:
  1289     0EBC  302F               	movlw	47
  1290     0EBD  0671               	xorwf	isOperatorKey@tecla,w
  1291     0EBE  1903               	btfsc	3,2
  1292     0EBF  2EC1               	goto	u2181
  1293     0EC0  2EC2               	goto	u2180
  1294     0EC1                     u2181:
  1295     0EC1  2EC3               	goto	l1679
  1296     0EC2                     u2180:
  1297     0EC2                     l1677:
  1298     0EC2  01F0               	clrf	_isOperatorKey$143
  1299     0EC3                     l1679:
  1300     0EC3  0870               	movf	_isOperatorKey$143,w
  1301     0EC4                     l128:
  1302     0EC4  0008               	return
  1303     0EC5                     __end_of_isOperatorKey:
  1304                           
  1305                           	psect	text2
  1306     0E95                     __ptext2:	
  1307 ;; *************** function _isDigitKey *****************
  1308 ;; Defined at:
  1309 ;;		line 241 in file "main.c"
  1310 ;; Parameters:    Size  Location     Type
  1311 ;;  tecla           1    wreg     unsigned char 
  1312 ;; Auto vars:     Size  Location     Type
  1313 ;;  tecla           1    1[COMMON] unsigned char 
  1314 ;; Return value:  Size  Location     Type
  1315 ;;                  1    wreg      _Bool 
  1316 ;; Registers used:
  1317 ;;		wreg, status,2
  1318 ;; Tracked objects:
  1319 ;;		On entry : 0/0
  1320 ;;		On exit  : 0/0
  1321 ;;		Unchanged: 0/0
  1322 ;; Data sizes:     COMMON   BANK0   BANK1   BANK3   BANK2
  1323 ;;      Params:         0       0       0       0       0
  1324 ;;      Locals:         2       0       0       0       0
  1325 ;;      Temps:          0       0       0       0       0
  1326 ;;      Totals:         2       0       0       0       0
  1327 ;;Total ram usage:        2 bytes
  1328 ;; Hardware stack levels used: 1
  1329 ;; This function calls:
  1330 ;;		Nothing
  1331 ;; This function is called by:
  1332 ;;		_main
  1333 ;; This function uses a non-reentrant model
  1334 ;;
  1335                           
  1336     0E95                     _isDigitKey:	
  1337                           ;psect for function _isDigitKey
  1338                           
  1339                           
  1340                           ;incstack = 0
  1341                           ; Regs used in _isDigitKey: [wreg+status,2]
  1342                           ;isDigitKey@tecla stored from wreg
  1343     0E95  00F1               	movwf	isDigitKey@tecla
  1344     0E96                     l1655:
  1345                           
  1346                           ;main.c: 242:     return (tecla >= '0' && tecla <= '9');
  1347     0E96  01F0               	clrf	_isDigitKey$140
  1348     0E97                     l1657:
  1349     0E97  3030               	movlw	48
  1350     0E98  0271               	subwf	isDigitKey@tecla,w
  1351     0E99  1C03               	skipc
  1352     0E9A  2E9C               	goto	u2131
  1353     0E9B  2E9D               	goto	u2130
  1354     0E9C                     u2131:
  1355     0E9C  2EA5               	goto	l1663
  1356     0E9D                     u2130:
  1357     0E9D                     l1659:
  1358     0E9D  303A               	movlw	58
  1359     0E9E  0271               	subwf	isDigitKey@tecla,w
  1360     0E9F  1803               	skipnc
  1361     0EA0  2EA2               	goto	u2141
  1362     0EA1  2EA3               	goto	u2140
  1363     0EA2                     u2141:
  1364     0EA2  2EA5               	goto	l1663
  1365     0EA3                     u2140:
  1366     0EA3                     l1661:
  1367     0EA3  3001               	movlw	1
  1368     0EA4  00F0               	movwf	_isDigitKey$140
  1369     0EA5                     l1663:
  1370     0EA5  0870               	movf	_isDigitKey$140,w
  1371     0EA6                     l123:
  1372     0EA6  0008               	return
  1373     0EA7                     __end_of_isDigitKey:
  1374                           
  1375                           	psect	text3
  1376     0543                     __ptext3:	
  1377 ;; *************** function _calc100 *****************
  1378 ;; Defined at:
  1379 ;;		line 249 in file "main.c"
  1380 ;; Parameters:    Size  Location     Type
  1381 ;;  first           2   14[BANK0 ] int 
  1382 ;;  second          2   16[BANK0 ] int 
  1383 ;;  op              1   18[BANK0 ] unsigned char 
  1384 ;;  ok              1   19[BANK0 ] PTR _Bool 
  1385 ;;		 -> main@ok(1), 
  1386 ;; Auto vars:     Size  Location     Type
  1387 ;;		None
  1388 ;; Return value:  Size  Location     Type
  1389 ;;                  4   14[BANK0 ] long 
  1390 ;; Registers used:
  1391 ;;		wreg, fsr0l, fsr0h, status,2, status,0, pclath, cstack
  1392 ;; Tracked objects:
  1393 ;;		On entry : 0/0
  1394 ;;		On exit  : 0/0
  1395 ;;		Unchanged: 0/0
  1396 ;; Data sizes:     COMMON   BANK0   BANK1   BANK3   BANK2
  1397 ;;      Params:         0       6       0       0       0
  1398 ;;      Locals:         0       4       0       0       0
  1399 ;;      Temps:          0       8       0       0       0
  1400 ;;      Totals:         0      18       0       0       0
  1401 ;;Total ram usage:       18 bytes
  1402 ;; Hardware stack levels used: 1
  1403 ;; Hardware stack levels required when called: 1
  1404 ;; This function calls:
  1405 ;;		___aldiv
  1406 ;;		___lmul
  1407 ;; This function is called by:
  1408 ;;		_main
  1409 ;; This function uses a non-reentrant model
  1410 ;;
  1411                           
  1412     0543                     _calc100:	
  1413                           ;psect for function _calc100
  1414                           
  1415     0543                     l1683:	
  1416                           ;incstack = 0
  1417                           ; Regs used in _calc100: [wreg-fsr0h+status,2+status,0+pclath+cstack]
  1418                           
  1419                           
  1420                           ;main.c: 250:     *ok = 1;
  1421     0543  1283               	bcf	3,5	;RP0=0, select bank0
  1422     0544  1303               	bcf	3,6	;RP1=0, select bank0
  1423     0545  0833               	movf	calc100@ok,w
  1424     0546  0084               	movwf	4
  1425     0547  3001               	movlw	1
  1426     0548  1383               	bcf	3,7	;select IRP bank0
  1427     0549  0080               	movwf	0
  1428                           
  1429                           ;main.c: 252:     switch(op) {
  1430     054A  2E61               	goto	l1717
  1431     054B                     l1685:
  1432                           
  1433                           ;main.c: 254:             return ((long)first + second) * 100L;
  1434     054B  0830               	movf	calc100@second,w
  1435     054C  00B4               	movwf	??_calc100
  1436     054D  0831               	movf	calc100@second+1,w
  1437     054E  00B5               	movwf	??_calc100+1
  1438     054F  3000               	movlw	0
  1439     0550  1BB5               	btfsc	??_calc100+1,7
  1440     0551  30FF               	movlw	255
  1441     0552  00B6               	movwf	??_calc100+2
  1442     0553  00B7               	movwf	??_calc100+3
  1443     0554  082E               	movf	calc100@first,w
  1444     0555  00B8               	movwf	??_calc100+4
  1445     0556  082F               	movf	calc100@first+1,w
  1446     0557  00B9               	movwf	??_calc100+5
  1447     0558  3000               	movlw	0
  1448     0559  1BB9               	btfsc	??_calc100+5,7
  1449     055A  30FF               	movlw	255
  1450     055B  00BA               	movwf	??_calc100+6
  1451     055C  00BB               	movwf	??_calc100+7
  1452     055D  0838               	movf	??_calc100+4,w
  1453     055E  07B4               	addwf	??_calc100,f
  1454     055F  0839               	movf	??_calc100+5,w
  1455     0560  1803               	skipnc
  1456     0561  0F39               	incfsz	??_calc100+5,w
  1457     0562  2D64               	goto	u2190
  1458     0563  2D65               	goto	u2191
  1459     0564                     u2190:
  1460     0564  07B5               	addwf	??_calc100+1,f
  1461     0565                     u2191:
  1462     0565  083A               	movf	??_calc100+6,w
  1463     0566  1803               	skipnc
  1464     0567  0F3A               	incfsz	??_calc100+6,w
  1465     0568  2D6A               	goto	u2192
  1466     0569  2D6B               	goto	u2193
  1467     056A                     u2192:
  1468     056A  07B6               	addwf	??_calc100+2,f
  1469     056B                     u2193:
  1470     056B  083B               	movf	??_calc100+7,w
  1471     056C  1803               	skipnc
  1472     056D  0A3B               	incf	??_calc100+7,w
  1473     056E  07B7               	addwf	??_calc100+3,f
  1474     056F  0837               	movf	??_calc100+3,w
  1475     0570  00F3               	movwf	___lmul@multiplier+3
  1476     0571  0836               	movf	??_calc100+2,w
  1477     0572  00F2               	movwf	___lmul@multiplier+2
  1478     0573  0835               	movf	??_calc100+1,w
  1479     0574  00F1               	movwf	___lmul@multiplier+1
  1480     0575  0834               	movf	??_calc100,w
  1481     0576  00F0               	movwf	___lmul@multiplier
  1482     0577  3000               	movlw	0
  1483     0578  00F7               	movwf	___lmul@multiplicand+3
  1484     0579  3000               	movlw	0
  1485     057A  00F6               	movwf	___lmul@multiplicand+2
  1486     057B  3000               	movlw	0
  1487     057C  00F5               	movwf	___lmul@multiplicand+1
  1488     057D  3064               	movlw	100
  1489     057E  00F4               	movwf	___lmul@multiplicand
  1490     057F  120A  158A  270E  120A  118A  	fcall	___lmul
  1491     0584  0873               	movf	?___lmul+3,w
  1492     0585  1283               	bcf	3,5	;RP0=0, select bank0
  1493     0586  1303               	bcf	3,6	;RP1=0, select bank0
  1494     0587  00B1               	movwf	?_calc100+3
  1495     0588  0872               	movf	?___lmul+2,w
  1496     0589  00B0               	movwf	?_calc100+2
  1497     058A  0871               	movf	?___lmul+1,w
  1498     058B  00AF               	movwf	?_calc100+1
  1499     058C  0870               	movf	?___lmul,w
  1500     058D  00AE               	movwf	?_calc100
  1501     058E  2E6F               	goto	l133
  1502     058F                     l1689:
  1503                           
  1504                           ;main.c: 257:             return ((long)first - second) * 100L;
  1505     058F  0830               	movf	calc100@second,w
  1506     0590  00B4               	movwf	??_calc100
  1507     0591  0831               	movf	calc100@second+1,w
  1508     0592  00B5               	movwf	??_calc100+1
  1509     0593  3000               	movlw	0
  1510     0594  1BB5               	btfsc	??_calc100+1,7
  1511     0595  30FF               	movlw	255
  1512     0596  00B6               	movwf	??_calc100+2
  1513     0597  00B7               	movwf	??_calc100+3
  1514     0598  082E               	movf	calc100@first,w
  1515     0599  00B8               	movwf	??_calc100+4
  1516     059A  082F               	movf	calc100@first+1,w
  1517     059B  00B9               	movwf	??_calc100+5
  1518     059C  3000               	movlw	0
  1519     059D  1BB9               	btfsc	??_calc100+5,7
  1520     059E  30FF               	movlw	255
  1521     059F  00BA               	movwf	??_calc100+6
  1522     05A0  00BB               	movwf	??_calc100+7
  1523     05A1  0834               	movf	??_calc100,w
  1524     05A2  02B8               	subwf	??_calc100+4,f
  1525     05A3  0835               	movf	??_calc100+1,w
  1526     05A4  1C03               	skipc
  1527     05A5  0F35               	incfsz	??_calc100+1,w
  1528     05A6  2DA8               	goto	u2201
  1529     05A7  2DA9               	goto	u2202
  1530     05A8                     u2201:
  1531     05A8  02B9               	subwf	??_calc100+5,f
  1532     05A9                     u2202:
  1533     05A9  0836               	movf	??_calc100+2,w
  1534     05AA  1C03               	skipc
  1535     05AB  0F36               	incfsz	??_calc100+2,w
  1536     05AC  2DAE               	goto	u2203
  1537     05AD  2DAF               	goto	u2204
  1538     05AE                     u2203:
  1539     05AE  02BA               	subwf	??_calc100+6,f
  1540     05AF                     u2204:
  1541     05AF  0837               	movf	??_calc100+3,w
  1542     05B0  1C03               	skipc
  1543     05B1  0F37               	incfsz	??_calc100+3,w
  1544     05B2  2DB4               	goto	u2205
  1545     05B3  2DB5               	goto	u2206
  1546     05B4                     u2205:
  1547     05B4  02BB               	subwf	??_calc100+7,f
  1548     05B5                     u2206:
  1549     05B5  083B               	movf	??_calc100+7,w
  1550     05B6  00F3               	movwf	___lmul@multiplier+3
  1551     05B7  083A               	movf	??_calc100+6,w
  1552     05B8  00F2               	movwf	___lmul@multiplier+2
  1553     05B9  0839               	movf	??_calc100+5,w
  1554     05BA  00F1               	movwf	___lmul@multiplier+1
  1555     05BB  0838               	movf	??_calc100+4,w
  1556     05BC  00F0               	movwf	___lmul@multiplier
  1557     05BD  3000               	movlw	0
  1558     05BE  00F7               	movwf	___lmul@multiplicand+3
  1559     05BF  3000               	movlw	0
  1560     05C0  00F6               	movwf	___lmul@multiplicand+2
  1561     05C1  3000               	movlw	0
  1562     05C2  00F5               	movwf	___lmul@multiplicand+1
  1563     05C3  3064               	movlw	100
  1564     05C4  00F4               	movwf	___lmul@multiplicand
  1565     05C5  120A  158A  270E  120A  118A  	fcall	___lmul
  1566     05CA  0873               	movf	?___lmul+3,w
  1567     05CB  1283               	bcf	3,5	;RP0=0, select bank0
  1568     05CC  1303               	bcf	3,6	;RP1=0, select bank0
  1569     05CD  00B1               	movwf	?_calc100+3
  1570     05CE  0872               	movf	?___lmul+2,w
  1571     05CF  00B0               	movwf	?_calc100+2
  1572     05D0  0871               	movf	?___lmul+1,w
  1573     05D1  00AF               	movwf	?_calc100+1
  1574     05D2  0870               	movf	?___lmul,w
  1575     05D3  00AE               	movwf	?_calc100
  1576     05D4  2E6F               	goto	l133
  1577     05D5                     l1693:
  1578                           
  1579                           ;main.c: 260:             return ((long)first * second) * 100L;
  1580     05D5  082E               	movf	calc100@first,w
  1581     05D6  00F0               	movwf	___lmul@multiplier
  1582     05D7  082F               	movf	calc100@first+1,w
  1583     05D8  00F1               	movwf	___lmul@multiplier+1
  1584     05D9  3000               	movlw	0
  1585     05DA  1BF1               	btfsc	___lmul@multiplier+1,7
  1586     05DB  30FF               	movlw	255
  1587     05DC  00F2               	movwf	___lmul@multiplier+2
  1588     05DD  00F3               	movwf	___lmul@multiplier+3
  1589     05DE  0830               	movf	calc100@second,w
  1590     05DF  00F4               	movwf	___lmul@multiplicand
  1591     05E0  0831               	movf	calc100@second+1,w
  1592     05E1  00F5               	movwf	___lmul@multiplicand+1
  1593     05E2  3000               	movlw	0
  1594     05E3  1BF5               	btfsc	___lmul@multiplicand+1,7
  1595     05E4  30FF               	movlw	255
  1596     05E5  00F6               	movwf	___lmul@multiplicand+2
  1597     05E6  00F7               	movwf	___lmul@multiplicand+3
  1598     05E7  120A  158A  270E  120A  118A  	fcall	___lmul
  1599     05EC  0873               	movf	?___lmul+3,w
  1600     05ED  1283               	bcf	3,5	;RP0=0, select bank0
  1601     05EE  1303               	bcf	3,6	;RP1=0, select bank0
  1602     05EF  00BF               	movwf	_calc100$825+3
  1603     05F0  0872               	movf	?___lmul+2,w
  1604     05F1  00BE               	movwf	_calc100$825+2
  1605     05F2  0871               	movf	?___lmul+1,w
  1606     05F3  00BD               	movwf	_calc100$825+1
  1607     05F4  0870               	movf	?___lmul,w
  1608     05F5  00BC               	movwf	_calc100$825
  1609                           
  1610                           ;main.c: 260:             return ((long)first * second) * 100L;
  1611     05F6  083F               	movf	_calc100$825+3,w
  1612     05F7  00F3               	movwf	___lmul@multiplier+3
  1613     05F8  083E               	movf	_calc100$825+2,w
  1614     05F9  00F2               	movwf	___lmul@multiplier+2
  1615     05FA  083D               	movf	_calc100$825+1,w
  1616     05FB  00F1               	movwf	___lmul@multiplier+1
  1617     05FC  083C               	movf	_calc100$825,w
  1618     05FD  00F0               	movwf	___lmul@multiplier
  1619     05FE  3000               	movlw	0
  1620     05FF  00F7               	movwf	___lmul@multiplicand+3
  1621     0600  3000               	movlw	0
  1622     0601  00F6               	movwf	___lmul@multiplicand+2
  1623     0602  3000               	movlw	0
  1624     0603  00F5               	movwf	___lmul@multiplicand+1
  1625     0604  3064               	movlw	100
  1626     0605  00F4               	movwf	___lmul@multiplicand
  1627     0606  120A  158A  270E  120A  118A  	fcall	___lmul
  1628     060B  0873               	movf	?___lmul+3,w
  1629     060C  1283               	bcf	3,5	;RP0=0, select bank0
  1630     060D  1303               	bcf	3,6	;RP1=0, select bank0
  1631     060E  00B1               	movwf	?_calc100+3
  1632     060F  0872               	movf	?___lmul+2,w
  1633     0610  00B0               	movwf	?_calc100+2
  1634     0611  0871               	movf	?___lmul+1,w
  1635     0612  00AF               	movwf	?_calc100+1
  1636     0613  0870               	movf	?___lmul,w
  1637     0614  00AE               	movwf	?_calc100
  1638     0615  2E6F               	goto	l133
  1639     0616                     l1697:
  1640                           
  1641                           ;main.c: 263:             if(second == 0) {
  1642     0616  0830               	movf	calc100@second,w
  1643     0617  0431               	iorwf	calc100@second+1,w
  1644     0618  1D03               	btfss	3,2
  1645     0619  2E1B               	goto	u2211
  1646     061A  2E1C               	goto	u2210
  1647     061B                     u2211:
  1648     061B  2E28               	goto	l1705
  1649     061C                     u2210:
  1650     061C                     l1699:
  1651                           
  1652                           ;main.c: 264:                 *ok = 0;
  1653     061C  0833               	movf	calc100@ok,w
  1654     061D  0084               	movwf	4
  1655     061E  0180               	clrf	0
  1656     061F                     l1701:
  1657                           
  1658                           ;main.c: 265:                 return 0;
  1659     061F  3000               	movlw	0
  1660     0620  00B1               	movwf	?_calc100+3
  1661     0621  3000               	movlw	0
  1662     0622  00B0               	movwf	?_calc100+2
  1663     0623  3000               	movlw	0
  1664     0624  00AF               	movwf	?_calc100+1
  1665     0625  3000               	movlw	0
  1666     0626  00AE               	movwf	?_calc100
  1667     0627  2E6F               	goto	l133
  1668     0628                     l1705:
  1669                           
  1670                           ;main.c: 267:             return ((long)first * 100L) / second;
  1671     0628  0830               	movf	calc100@second,w
  1672     0629  00A0               	movwf	___aldiv@divisor
  1673     062A  0831               	movf	calc100@second+1,w
  1674     062B  00A1               	movwf	___aldiv@divisor+1
  1675     062C  3000               	movlw	0
  1676     062D  1BA1               	btfsc	___aldiv@divisor+1,7
  1677     062E  30FF               	movlw	255
  1678     062F  00A2               	movwf	___aldiv@divisor+2
  1679     0630  00A3               	movwf	___aldiv@divisor+3
  1680     0631  082E               	movf	calc100@first,w
  1681     0632  00F0               	movwf	___lmul@multiplier
  1682     0633  082F               	movf	calc100@first+1,w
  1683     0634  00F1               	movwf	___lmul@multiplier+1
  1684     0635  3000               	movlw	0
  1685     0636  1BF1               	btfsc	___lmul@multiplier+1,7
  1686     0637  30FF               	movlw	255
  1687     0638  00F2               	movwf	___lmul@multiplier+2
  1688     0639  00F3               	movwf	___lmul@multiplier+3
  1689     063A  3000               	movlw	0
  1690     063B  00F7               	movwf	___lmul@multiplicand+3
  1691     063C  3000               	movlw	0
  1692     063D  00F6               	movwf	___lmul@multiplicand+2
  1693     063E  3000               	movlw	0
  1694     063F  00F5               	movwf	___lmul@multiplicand+1
  1695     0640  3064               	movlw	100
  1696     0641  00F4               	movwf	___lmul@multiplicand
  1697     0642  120A  158A  270E  120A  118A  	fcall	___lmul
  1698     0647  0873               	movf	?___lmul+3,w
  1699     0648  1283               	bcf	3,5	;RP0=0, select bank0
  1700     0649  1303               	bcf	3,6	;RP1=0, select bank0
  1701     064A  00A7               	movwf	___aldiv@dividend+3
  1702     064B  0872               	movf	?___lmul+2,w
  1703     064C  00A6               	movwf	___aldiv@dividend+2
  1704     064D  0871               	movf	?___lmul+1,w
  1705     064E  00A5               	movwf	___aldiv@dividend+1
  1706     064F  0870               	movf	?___lmul,w
  1707     0650  00A4               	movwf	___aldiv@dividend
  1708     0651  120A  118A  2299  120A  118A  	fcall	___aldiv
  1709     0656  1283               	bcf	3,5	;RP0=0, select bank0
  1710     0657  1303               	bcf	3,6	;RP1=0, select bank0
  1711     0658  0823               	movf	?___aldiv+3,w
  1712     0659  00B1               	movwf	?_calc100+3
  1713     065A  0822               	movf	?___aldiv+2,w
  1714     065B  00B0               	movwf	?_calc100+2
  1715     065C  0821               	movf	?___aldiv+1,w
  1716     065D  00AF               	movwf	?_calc100+1
  1717     065E  0820               	movf	?___aldiv,w
  1718     065F  00AE               	movwf	?_calc100
  1719     0660  2E6F               	goto	l133
  1720     0661                     l1717:
  1721     0661  0832               	movf	calc100@op,w
  1722                           
  1723                           ; Switch size 1, requested type "simple"
  1724                           ; Number of cases is 4, Range of values is 42 to 47
  1725                           ; switch strategies available:
  1726                           ; Name         Instructions Cycles
  1727                           ; simple_byte           13     7 (average)
  1728                           ; direct_byte           29    11 (fixed)
  1729                           ; jumptable            263     9 (fixed)
  1730                           ;	Chosen strategy is simple_byte
  1731     0662  3A2A               	xorlw	42	; case 42
  1732     0663  1903               	skipnz
  1733     0664  2DD5               	goto	l1693
  1734     0665  3A01               	xorlw	1	; case 43
  1735     0666  1903               	skipnz
  1736     0667  2D4B               	goto	l1685
  1737     0668  3A06               	xorlw	6	; case 45
  1738     0669  1903               	skipnz
  1739     066A  2D8F               	goto	l1689
  1740     066B  3A02               	xorlw	2	; case 47
  1741     066C  1903               	skipnz
  1742     066D  2E16               	goto	l1697
  1743     066E  2E1C               	goto	l1699
  1744     066F                     l133:
  1745     066F  0008               	return
  1746     0670                     __end_of_calc100:
  1747                           
  1748                           	psect	text4
  1749     0F0E                     __ptext4:	
  1750 ;; *************** function ___lmul *****************
  1751 ;; Defined at:
  1752 ;;		line 15 in file "C:\Program Files\Microchip\xc8\v3.10\pic\sources\c99\common\Umul32.c"
  1753 ;; Parameters:    Size  Location     Type
  1754 ;;  multiplier      4    0[COMMON] unsigned long 
  1755 ;;  multiplicand    4    4[COMMON] unsigned long 
  1756 ;; Auto vars:     Size  Location     Type
  1757 ;;  product         4    9[COMMON] unsigned long 
  1758 ;; Return value:  Size  Location     Type
  1759 ;;                  4    0[COMMON] unsigned long 
  1760 ;; Registers used:
  1761 ;;		wreg, status,2, status,0
  1762 ;; Tracked objects:
  1763 ;;		On entry : 0/0
  1764 ;;		On exit  : 0/0
  1765 ;;		Unchanged: 0/0
  1766 ;; Data sizes:     COMMON   BANK0   BANK1   BANK3   BANK2
  1767 ;;      Params:         8       0       0       0       0
  1768 ;;      Locals:         4       0       0       0       0
  1769 ;;      Temps:          1       0       0       0       0
  1770 ;;      Totals:        13       0       0       0       0
  1771 ;;Total ram usage:       13 bytes
  1772 ;; Hardware stack levels used: 1
  1773 ;; This function calls:
  1774 ;;		Nothing
  1775 ;; This function is called by:
  1776 ;;		_calc100
  1777 ;; This function uses a non-reentrant model
  1778 ;;
  1779                           
  1780     0F0E                     ___lmul:	
  1781                           ;psect for function ___lmul
  1782                           
  1783     0F0E                     l1441:	
  1784                           ;incstack = 0
  1785                           ; Regs used in ___lmul: [wreg+status,2+status,0]
  1786                           
  1787     0F0E  3000               	movlw	0
  1788     0F0F  00FC               	movwf	___lmul@product+3
  1789     0F10  3000               	movlw	0
  1790     0F11  00FB               	movwf	___lmul@product+2
  1791     0F12  3000               	movlw	0
  1792     0F13  00FA               	movwf	___lmul@product+1
  1793     0F14  3000               	movlw	0
  1794     0F15  00F9               	movwf	___lmul@product
  1795     0F16                     l1443:
  1796     0F16  1C70               	btfss	___lmul@multiplier,0
  1797     0F17  2F19               	goto	u1711
  1798     0F18  2F1A               	goto	u1710
  1799     0F19                     u1711:
  1800     0F19  2F31               	goto	l1447
  1801     0F1A                     u1710:
  1802     0F1A                     l1445:
  1803     0F1A  0874               	movf	___lmul@multiplicand,w
  1804     0F1B  07F9               	addwf	___lmul@product,f
  1805     0F1C  0875               	movf	___lmul@multiplicand+1,w
  1806     0F1D  1103               	clrz
  1807     0F1E  1803               	skipnc
  1808     0F1F  3E01               	addlw	1
  1809     0F20  1903               	skipnz
  1810     0F21  2F23               	goto	u1721
  1811     0F22  07FA               	addwf	___lmul@product+1,f
  1812     0F23                     u1721:
  1813     0F23  0876               	movf	___lmul@multiplicand+2,w
  1814     0F24  1103               	clrz
  1815     0F25  1803               	skipnc
  1816     0F26  3E01               	addlw	1
  1817     0F27  1903               	skipnz
  1818     0F28  2F2A               	goto	u1722
  1819     0F29  07FB               	addwf	___lmul@product+2,f
  1820     0F2A                     u1722:
  1821     0F2A  0877               	movf	___lmul@multiplicand+3,w
  1822     0F2B  1103               	clrz
  1823     0F2C  1803               	skipnc
  1824     0F2D  3E01               	addlw	1
  1825     0F2E  1903               	skipnz
  1826     0F2F  2F31               	goto	u1723
  1827     0F30  07FC               	addwf	___lmul@product+3,f
  1828     0F31                     u1723:
  1829     0F31                     l1447:
  1830     0F31  3001               	movlw	1
  1831     0F32  00F8               	movwf	??___lmul
  1832     0F33                     u1735:
  1833     0F33  1003               	clrc
  1834     0F34  0DF4               	rlf	___lmul@multiplicand,f
  1835     0F35  0DF5               	rlf	___lmul@multiplicand+1,f
  1836     0F36  0DF6               	rlf	___lmul@multiplicand+2,f
  1837     0F37  0DF7               	rlf	___lmul@multiplicand+3,f
  1838     0F38  0BF8               	decfsz	??___lmul,f
  1839     0F39  2F33               	goto	u1735
  1840     0F3A                     l1449:
  1841     0F3A  3001               	movlw	1
  1842     0F3B                     u1745:
  1843     0F3B  1003               	clrc
  1844     0F3C  0CF3               	rrf	___lmul@multiplier+3,f
  1845     0F3D  0CF2               	rrf	___lmul@multiplier+2,f
  1846     0F3E  0CF1               	rrf	___lmul@multiplier+1,f
  1847     0F3F  0CF0               	rrf	___lmul@multiplier,f
  1848     0F40  3EFF               	addlw	-1
  1849     0F41  1D03               	skipz
  1850     0F42  2F3B               	goto	u1745
  1851     0F43  0873               	movf	___lmul@multiplier+3,w
  1852     0F44  0472               	iorwf	___lmul@multiplier+2,w
  1853     0F45  0471               	iorwf	___lmul@multiplier+1,w
  1854     0F46  0470               	iorwf	___lmul@multiplier,w
  1855     0F47  1D03               	skipz
  1856     0F48  2F4A               	goto	u1751
  1857     0F49  2F4B               	goto	u1750
  1858     0F4A                     u1751:
  1859     0F4A  2F16               	goto	l1443
  1860     0F4B                     u1750:
  1861     0F4B                     l1451:
  1862     0F4B  087C               	movf	___lmul@product+3,w
  1863     0F4C  00F3               	movwf	?___lmul+3
  1864     0F4D  087B               	movf	___lmul@product+2,w
  1865     0F4E  00F2               	movwf	?___lmul+2
  1866     0F4F  087A               	movf	___lmul@product+1,w
  1867     0F50  00F1               	movwf	?___lmul+1
  1868     0F51  0879               	movf	___lmul@product,w
  1869     0F52  00F0               	movwf	?___lmul
  1870     0F53                     l287:
  1871     0F53  0008               	return
  1872     0F54                     __end_of___lmul:
  1873                           
  1874                           	psect	text5
  1875     0EE9                     __ptext5:	
  1876 ;; *************** function ___wmul *****************
  1877 ;; Defined at:
  1878 ;;		line 15 in file "C:\Program Files\Microchip\xc8\v3.10\pic\sources\c99\common\Umul16.c"
  1879 ;; Parameters:    Size  Location     Type
  1880 ;;  multiplier      2    0[COMMON] unsigned int 
  1881 ;;  multiplicand    2    2[COMMON] unsigned int 
  1882 ;; Auto vars:     Size  Location     Type
  1883 ;;  product         2    4[COMMON] unsigned int 
  1884 ;; Return value:  Size  Location     Type
  1885 ;;                  2    0[COMMON] unsigned int 
  1886 ;; Registers used:
  1887 ;;		wreg, status,2, status,0
  1888 ;; Tracked objects:
  1889 ;;		On entry : 0/0
  1890 ;;		On exit  : 0/0
  1891 ;;		Unchanged: 0/0
  1892 ;; Data sizes:     COMMON   BANK0   BANK1   BANK3   BANK2
  1893 ;;      Params:         4       0       0       0       0
  1894 ;;      Locals:         2       0       0       0       0
  1895 ;;      Temps:          0       0       0       0       0
  1896 ;;      Totals:         6       0       0       0       0
  1897 ;;Total ram usage:        6 bytes
  1898 ;; Hardware stack levels used: 1
  1899 ;; This function calls:
  1900 ;;		Nothing
  1901 ;; This function is called by:
  1902 ;;		_main
  1903 ;; This function uses a non-reentrant model
  1904 ;;
  1905                           
  1906     0EE9                     ___wmul:	
  1907                           ;psect for function ___wmul
  1908                           
  1909     0EE9                     l1729:	
  1910                           ;incstack = 0
  1911                           ; Regs used in ___wmul: [wreg+status,2+status,0]
  1912                           
  1913     0EE9  01F4               	clrf	___wmul@product
  1914     0EEA  01F5               	clrf	___wmul@product+1
  1915     0EEB                     l1731:
  1916     0EEB  1C70               	btfss	___wmul@multiplier,0
  1917     0EEC  2EEE               	goto	u2231
  1918     0EED  2EEF               	goto	u2230
  1919     0EEE                     u2231:
  1920     0EEE  2EF5               	goto	l273
  1921     0EEF                     u2230:
  1922     0EEF                     l1733:
  1923     0EEF  0872               	movf	___wmul@multiplicand,w
  1924     0EF0  07F4               	addwf	___wmul@product,f
  1925     0EF1  1803               	skipnc
  1926     0EF2  0AF5               	incf	___wmul@product+1,f
  1927     0EF3  0873               	movf	___wmul@multiplicand+1,w
  1928     0EF4  07F5               	addwf	___wmul@product+1,f
  1929     0EF5                     l273:
  1930     0EF5  3001               	movlw	1
  1931     0EF6                     u2245:
  1932     0EF6  1003               	clrc
  1933     0EF7  0DF2               	rlf	___wmul@multiplicand,f
  1934     0EF8  0DF3               	rlf	___wmul@multiplicand+1,f
  1935     0EF9  3EFF               	addlw	-1
  1936     0EFA  1D03               	skipz
  1937     0EFB  2EF6               	goto	u2245
  1938     0EFC                     l1735:
  1939     0EFC  3001               	movlw	1
  1940     0EFD                     u2255:
  1941     0EFD  1003               	clrc
  1942     0EFE  0CF1               	rrf	___wmul@multiplier+1,f
  1943     0EFF  0CF0               	rrf	___wmul@multiplier,f
  1944     0F00  3EFF               	addlw	-1
  1945     0F01  1D03               	skipz
  1946     0F02  2EFD               	goto	u2255
  1947     0F03                     l1737:
  1948     0F03  0870               	movf	___wmul@multiplier,w
  1949     0F04  0471               	iorwf	___wmul@multiplier+1,w
  1950     0F05  1D03               	btfss	3,2
  1951     0F06  2F08               	goto	u2261
  1952     0F07  2F09               	goto	u2260
  1953     0F08                     u2261:
  1954     0F08  2EEB               	goto	l1731
  1955     0F09                     u2260:
  1956     0F09                     l1739:
  1957     0F09  0875               	movf	___wmul@product+1,w
  1958     0F0A  00F1               	movwf	?___wmul+1
  1959     0F0B  0874               	movf	___wmul@product,w
  1960     0F0C  00F0               	movwf	?___wmul
  1961     0F0D                     l275:
  1962     0F0D  0008               	return
  1963     0F0E                     __end_of___wmul:
  1964                           
  1965                           	psect	text6
  1966     0332                     __ptext6:	
  1967 ;; *************** function _Teclado_Read *****************
  1968 ;; Defined at:
  1969 ;;		line 188 in file "main.c"
  1970 ;; Parameters:    Size  Location     Type
  1971 ;;		None
  1972 ;; Auto vars:     Size  Location     Type
  1973 ;;  col             1    4[COMMON] unsigned char 
  1974 ;;  row             1    3[COMMON] unsigned char 
  1975 ;;  cols            1    2[COMMON] unsigned char 
  1976 ;; Return value:  Size  Location     Type
  1977 ;;                  1    wreg      unsigned char 
  1978 ;; Registers used:
  1979 ;;		wreg, fsr0l, fsr0h, status,2, status,0, pclath
  1980 ;; Tracked objects:
  1981 ;;		On entry : 0/0
  1982 ;;		On exit  : 0/0
  1983 ;;		Unchanged: 0/0
  1984 ;; Data sizes:     COMMON   BANK0   BANK1   BANK3   BANK2
  1985 ;;      Params:         0       0       0       0       0
  1986 ;;      Locals:         3       0       0       0       0
  1987 ;;      Temps:          2       0       0       0       0
  1988 ;;      Totals:         5       0       0       0       0
  1989 ;;Total ram usage:        5 bytes
  1990 ;; Hardware stack levels used: 2
  1991 ;; This function calls:
  1992 ;;		Nothing
  1993 ;; This function is called by:
  1994 ;;		_main
  1995 ;; This function uses a non-reentrant model
  1996 ;;
  1997                           
  1998     0332                     _Teclado_Read:	
  1999                           ;psect for function _Teclado_Read
  2000                           
  2001     0332                     l1601:	
  2002                           ;incstack = 0
  2003                           ; Regs used in _Teclado_Read: [wreg-fsr0h+status,2+status,0+pclath]
  2004                           
  2005                           
  2006                           ;main.c: 189:     unsigned char row,col,cols;;main.c: 196:     for(row = 0; row < 4; row
      +                          ++){
  2007     0332  01F3               	clrf	Teclado_Read@row
  2008     0333                     l1603:
  2009     0333  3004               	movlw	4
  2010     0334  0273               	subwf	Teclado_Read@row,w
  2011     0335  1C03               	skipc
  2012     0336  2B38               	goto	u2001
  2013     0337  2B39               	goto	u2000
  2014     0338                     u2001:
  2015     0338  2B3A               	goto	l1607
  2016     0339                     u2000:
  2017     0339  2BD6               	goto	l110
  2018     033A                     l1607:
  2019                           
  2020                           ;main.c: 199:         PORTB = 0b11110000 | (0b00001111 & ~(1 << row));
  2021     033A  3001               	movlw	1
  2022     033B  00F0               	movwf	??_Teclado_Read
  2023     033C  0A73               	incf	Teclado_Read@row,w
  2024     033D  2B40               	goto	u2014
  2025     033E                     u2015:
  2026     033E  1003               	clrc
  2027     033F  0DF0               	rlf	??_Teclado_Read,f
  2028     0340                     u2014:
  2029     0340  3EFF               	addlw	-1
  2030     0341  1D03               	skipz
  2031     0342  2B3E               	goto	u2015
  2032     0343  0870               	movf	??_Teclado_Read,w
  2033     0344  3AFF               	xorlw	255
  2034     0345  390F               	andlw	15
  2035     0346  38F0               	iorlw	240
  2036     0347  1283               	bcf	3,5	;RP0=0, select bank0
  2037     0348  1303               	bcf	3,6	;RP1=0, select bank0
  2038     0349  0086               	movwf	6	;volatile
  2039     034A                     l1609:
  2040                           
  2041                           ;main.c: 202:         _delay((unsigned long)((50)*(8000000/4000000.0)));
  2042     034A  3021               	movlw	33
  2043     034B  00F0               	movwf	??_Teclado_Read
  2044     034C                     u2537:
  2045     034C  0BF0               	decfsz	??_Teclado_Read,f
  2046     034D  2B4C               	goto	u2537
  2047     034E                     l1611:
  2048                           
  2049                           ;main.c: 205:         cols = (PORTB >> 4) & 0x0F;
  2050     034E  1283               	bcf	3,5	;RP0=0, select bank0
  2051     034F  1303               	bcf	3,6	;RP1=0, select bank0
  2052     0350  0806               	movf	6,w	;volatile
  2053     0351  00F0               	movwf	??_Teclado_Read
  2054     0352  3004               	movlw	4
  2055     0353                     u2025:
  2056     0353  1003               	clrc
  2057     0354  0CF0               	rrf	??_Teclado_Read,f
  2058     0355  3EFF               	addlw	-1
  2059     0356  1D03               	skipz
  2060     0357  2B53               	goto	u2025
  2061     0358  0870               	movf	??_Teclado_Read,w
  2062     0359  00F2               	movwf	Teclado_Read@cols
  2063     035A                     l1613:
  2064     035A  300F               	movlw	15
  2065     035B  05F2               	andwf	Teclado_Read@cols,f
  2066     035C                     l1615:
  2067                           
  2068                           ;main.c: 208:         for(col = 0; col < 4; col++){
  2069     035C  01F4               	clrf	Teclado_Read@col
  2070     035D                     l1621:
  2071                           
  2072                           ;main.c: 215:            if ((cols & (1 << col)) == 0)
  2073     035D  3001               	movlw	1
  2074     035E  00F0               	movwf	??_Teclado_Read
  2075     035F  0A74               	incf	Teclado_Read@col,w
  2076     0360  2B63               	goto	u2034
  2077     0361                     u2035:
  2078     0361  1003               	clrc
  2079     0362  0DF0               	rlf	??_Teclado_Read,f
  2080     0363                     u2034:
  2081     0363  3EFF               	addlw	-1
  2082     0364  1D03               	skipz
  2083     0365  2B61               	goto	u2035
  2084     0366  0870               	movf	??_Teclado_Read,w
  2085     0367  0572               	andwf	Teclado_Read@cols,w
  2086     0368  1D03               	btfss	3,2
  2087     0369  2B6B               	goto	u2041
  2088     036A  2B6C               	goto	u2040
  2089     036B                     u2041:
  2090     036B  2BCB               	goto	l1643
  2091     036C                     u2040:
  2092     036C                     l1623:
  2093                           
  2094                           ;main.c: 216:             {;main.c: 217:                 _delay((unsigned long)((20)*(80
      +                          00000/4000.0)));
  2095     036C  3034               	movlw	52
  2096     036D  00F1               	movwf	??_Teclado_Read+1
  2097     036E  30F1               	movlw	241
  2098     036F  00F0               	movwf	??_Teclado_Read
  2099     0370                     u2547:
  2100     0370  0BF0               	decfsz	??_Teclado_Read,f
  2101     0371  2B70               	goto	u2547
  2102     0372  0BF1               	decfsz	??_Teclado_Read+1,f
  2103     0373  2B70               	goto	u2547
  2104     0374  2B75               	nop2
  2105     0375                     l1625:
  2106                           
  2107                           ;main.c: 220:                 cols = (PORTB >> 4) & 0x0F;
  2108     0375  1283               	bcf	3,5	;RP0=0, select bank0
  2109     0376  1303               	bcf	3,6	;RP1=0, select bank0
  2110     0377  0806               	movf	6,w	;volatile
  2111     0378  00F0               	movwf	??_Teclado_Read
  2112     0379  3004               	movlw	4
  2113     037A                     u2055:
  2114     037A  1003               	clrc
  2115     037B  0CF0               	rrf	??_Teclado_Read,f
  2116     037C  3EFF               	addlw	-1
  2117     037D  1D03               	skipz
  2118     037E  2B7A               	goto	u2055
  2119     037F  0870               	movf	??_Teclado_Read,w
  2120     0380  00F2               	movwf	Teclado_Read@cols
  2121     0381                     l1627:
  2122     0381  300F               	movlw	15
  2123     0382  05F2               	andwf	Teclado_Read@cols,f
  2124     0383                     l1629:
  2125                           
  2126                           ;main.c: 221:                 if ((cols & (1 << col)) == 0)
  2127     0383  3001               	movlw	1
  2128     0384  00F0               	movwf	??_Teclado_Read
  2129     0385  0A74               	incf	Teclado_Read@col,w
  2130     0386  2B89               	goto	u2064
  2131     0387                     u2065:
  2132     0387  1003               	clrc
  2133     0388  0DF0               	rlf	??_Teclado_Read,f
  2134     0389                     u2064:
  2135     0389  3EFF               	addlw	-1
  2136     038A  1D03               	skipz
  2137     038B  2B87               	goto	u2065
  2138     038C  0870               	movf	??_Teclado_Read,w
  2139     038D  0572               	andwf	Teclado_Read@cols,w
  2140     038E  1D03               	btfss	3,2
  2141     038F  2B91               	goto	u2071
  2142     0390  2B92               	goto	u2070
  2143     0391                     u2071:
  2144     0391  2BCB               	goto	l1643
  2145     0392                     u2070:
  2146     0392                     l1633:
  2147     0392  3001               	movlw	1
  2148     0393  00F0               	movwf	??_Teclado_Read
  2149     0394  0A74               	incf	Teclado_Read@col,w
  2150     0395  2B98               	goto	u2084
  2151     0396                     u2085:
  2152     0396  1003               	clrc
  2153     0397  0DF0               	rlf	??_Teclado_Read,f
  2154     0398                     u2084:
  2155     0398  3EFF               	addlw	-1
  2156     0399  1D03               	skipz
  2157     039A  2B96               	goto	u2085
  2158     039B  0806               	movf	6,w	;volatile
  2159     039C  00F1               	movwf	??_Teclado_Read+1
  2160     039D  3004               	movlw	4
  2161     039E                     u2095:
  2162     039E  1003               	clrc
  2163     039F  0CF1               	rrf	??_Teclado_Read+1,f
  2164     03A0  3EFF               	addlw	-1
  2165     03A1  1D03               	skipz
  2166     03A2  2B9E               	goto	u2095
  2167     03A3  0871               	movf	??_Teclado_Read+1,w
  2168     03A4  0570               	andwf	??_Teclado_Read,w
  2169     03A5  390F               	andlw	15
  2170     03A6  1903               	btfsc	3,2
  2171     03A7  2BA9               	goto	u2101
  2172     03A8  2BAA               	goto	u2100
  2173     03A9                     u2101:
  2174     03A9  2B92               	goto	l1633
  2175     03AA                     u2100:
  2176     03AA                     l1635:
  2177                           
  2178                           ;main.c: 226:                     _delay((unsigned long)((20)*(8000000/4000.0)));
  2179     03AA  3034               	movlw	52
  2180     03AB  00F1               	movwf	??_Teclado_Read+1
  2181     03AC  30F1               	movlw	241
  2182     03AD  00F0               	movwf	??_Teclado_Read
  2183     03AE                     u2557:
  2184     03AE  0BF0               	decfsz	??_Teclado_Read,f
  2185     03AF  2BAE               	goto	u2557
  2186     03B0  0BF1               	decfsz	??_Teclado_Read+1,f
  2187     03B1  2BAE               	goto	u2557
  2188     03B2  2BB3               	nop2
  2189     03B3                     l1637:
  2190                           
  2191                           ;main.c: 228:                     PORTB = 0xFF;
  2192     03B3  30FF               	movlw	255
  2193     03B4  1283               	bcf	3,5	;RP0=0, select bank0
  2194     03B5  1303               	bcf	3,6	;RP1=0, select bank0
  2195     03B6  0086               	movwf	6	;volatile
  2196     03B7                     l1639:
  2197                           
  2198                           ;main.c: 229:                     return map[row][col];
  2199     03B7  0873               	movf	Teclado_Read@row,w
  2200     03B8  00F0               	movwf	??_Teclado_Read
  2201     03B9  3002               	movlw	2
  2202     03BA                     u2115:
  2203     03BA  1003               	clrc
  2204     03BB  0DF0               	rlf	??_Teclado_Read,f
  2205     03BC  3EFF               	addlw	-1
  2206     03BD  1D03               	skipz
  2207     03BE  2BBA               	goto	u2115
  2208     03BF  3001               	movlw	(low ((_map-__stringbase)| (0+32768)))& (0+255)
  2209     03C0  0770               	addwf	??_Teclado_Read,w
  2210     03C1  00F1               	movwf	??_Teclado_Read+1
  2211     03C2  0874               	movf	Teclado_Read@col,w
  2212     03C3  0771               	addwf	??_Teclado_Read+1,w
  2213     03C4  0084               	movwf	4
  2214     03C5  120A  158A  2000  120A  118A  	fcall	stringdir
  2215     03CA  2BDB               	goto	l118
  2216     03CB                     l1643:
  2217                           
  2218                           ;main.c: 232:         }
  2219     03CB  3001               	movlw	1
  2220     03CC  07F4               	addwf	Teclado_Read@col,f
  2221     03CD                     l1645:
  2222     03CD  3004               	movlw	4
  2223     03CE  0274               	subwf	Teclado_Read@col,w
  2224     03CF  1C03               	skipc
  2225     03D0  2BD2               	goto	u2121
  2226     03D1  2BD3               	goto	u2120
  2227     03D2                     u2121:
  2228     03D2  2B5D               	goto	l1621
  2229     03D3                     u2120:
  2230     03D3                     l1647:
  2231                           
  2232                           ;main.c: 233:     }
  2233     03D3  3001               	movlw	1
  2234     03D4  07F3               	addwf	Teclado_Read@row,f
  2235     03D5  2B33               	goto	l1603
  2236     03D6                     l110:
  2237                           
  2238                           ;main.c: 235:     PORTB = 0xFF;
  2239     03D6  30FF               	movlw	255
  2240     03D7  1283               	bcf	3,5	;RP0=0, select bank0
  2241     03D8  1303               	bcf	3,6	;RP1=0, select bank0
  2242     03D9  0086               	movwf	6	;volatile
  2243     03DA                     l1651:
  2244                           
  2245                           ;main.c: 236:     return '\0';
  2246     03DA  3000               	movlw	0
  2247     03DB                     l118:
  2248     03DB  0008               	return
  2249     03DC                     __end_of_Teclado_Read:
  2250                           
  2251                           	psect	text7
  2252     0E83                     __ptext7:	
  2253 ;; *************** function _Teclado_Init *****************
  2254 ;; Defined at:
  2255 ;;		line 32 in file "main.c"
  2256 ;; Parameters:    Size  Location     Type
  2257 ;;		None
  2258 ;; Auto vars:     Size  Location     Type
  2259 ;;		None
  2260 ;; Return value:  Size  Location     Type
  2261 ;;                  1    wreg      void 
  2262 ;; Registers used:
  2263 ;;		status,2
  2264 ;; Tracked objects:
  2265 ;;		On entry : 0/0
  2266 ;;		On exit  : 0/0
  2267 ;;		Unchanged: 0/0
  2268 ;; Data sizes:     COMMON   BANK0   BANK1   BANK3   BANK2
  2269 ;;      Params:         0       0       0       0       0
  2270 ;;      Locals:         0       0       0       0       0
  2271 ;;      Temps:          0       0       0       0       0
  2272 ;;      Totals:         0       0       0       0       0
  2273 ;;Total ram usage:        0 bytes
  2274 ;; Hardware stack levels used: 1
  2275 ;; This function calls:
  2276 ;;		Nothing
  2277 ;; This function is called by:
  2278 ;;		_main
  2279 ;; This function uses a non-reentrant model
  2280 ;;
  2281                           
  2282     0E83                     _Teclado_Init:	
  2283                           ;psect for function _Teclado_Init
  2284                           
  2285     0E83                     l1591:	
  2286                           ;incstack = 0
  2287                           ; Regs used in _Teclado_Init: [status,2]
  2288                           
  2289                           
  2290                           ;main.c: 35:     ANSEL = 0x00;
  2291     0E83  1683               	bsf	3,5	;RP0=1, select bank3
  2292     0E84  1703               	bsf	3,6	;RP1=1, select bank3
  2293     0E85  0188               	clrf	8	;volatile
  2294                           
  2295                           ;main.c: 36:     ANSELH = 0x00;
  2296     0E86  0189               	clrf	9	;volatile
  2297     0E87                     l1593:
  2298                           
  2299                           ;main.c: 40:     TRISB = 0b11110000;
  2300     0E87  30F0               	movlw	240
  2301     0E88  1683               	bsf	3,5	;RP0=1, select bank1
  2302     0E89  1303               	bcf	3,6	;RP1=0, select bank1
  2303     0E8A  0086               	movwf	6	;volatile
  2304     0E8B                     l1595:
  2305                           
  2306                           ;main.c: 43:     PORTB = 0xFF;
  2307     0E8B  30FF               	movlw	255
  2308     0E8C  1283               	bcf	3,5	;RP0=0, select bank0
  2309     0E8D  1303               	bcf	3,6	;RP1=0, select bank0
  2310     0E8E  0086               	movwf	6	;volatile
  2311     0E8F                     l1597:
  2312                           
  2313                           ;main.c: 46:     OPTION_REGbits.nRBPU = 0;
  2314     0E8F  1683               	bsf	3,5	;RP0=1, select bank1
  2315     0E90  1303               	bcf	3,6	;RP1=0, select bank1
  2316     0E91  1381               	bcf	1,7	;volatile
  2317     0E92                     l1599:
  2318                           
  2319                           ;main.c: 47:     WPUB = 0b11110000;
  2320     0E92  30F0               	movlw	240
  2321     0E93  0095               	movwf	21	;volatile
  2322     0E94                     l104:
  2323     0E94  0008               	return
  2324     0E95                     __end_of_Teclado_Init:
  2325                           
  2326                           	psect	text8
  2327     0EC5                     __ptext8:	
  2328 ;; *************** function _LCD_putrs *****************
  2329 ;; Defined at:
  2330 ;;		line 142 in file "lcd.c"
  2331 ;; Parameters:    Size  Location     Type
  2332 ;;  a               1   11[COMMON] PTR const unsigned char 
  2333 ;;		 -> STR_1(12), 
  2334 ;; Auto vars:     Size  Location     Type
  2335 ;;  i               2   12[COMMON] int 
  2336 ;; Return value:  Size  Location     Type
  2337 ;;                  1    wreg      void 
  2338 ;; Registers used:
  2339 ;;		wreg, fsr0l, fsr0h, status,2, status,0, pclath, cstack
  2340 ;; Tracked objects:
  2341 ;;		On entry : 0/0
  2342 ;;		On exit  : 0/0
  2343 ;;		Unchanged: 0/0
  2344 ;; Data sizes:     COMMON   BANK0   BANK1   BANK3   BANK2
  2345 ;;      Params:         1       0       0       0       0
  2346 ;;      Locals:         2       0       0       0       0
  2347 ;;      Temps:          0       0       0       0       0
  2348 ;;      Totals:         3       0       0       0       0
  2349 ;;Total ram usage:        3 bytes
  2350 ;; Hardware stack levels used: 1
  2351 ;; Hardware stack levels required when called: 1
  2352 ;; This function calls:
  2353 ;;		_LCD_putc
  2354 ;; This function is called by:
  2355 ;;		_main
  2356 ;; This function uses a non-reentrant model
  2357 ;;
  2358                           
  2359     0EC5                     _LCD_putrs:	
  2360                           ;psect for function _LCD_putrs
  2361                           
  2362     0EC5                     l1583:	
  2363                           ;incstack = 0
  2364                           ; Regs used in _LCD_putrs: [wreg-fsr0h+status,2+status,0+pclath+cstack]
  2365                           
  2366                           
  2367                           ;lcd.c: 144:     for ( int i = 0; a[i] != '\0'; ++i ) {
  2368     0EC5  01FC               	clrf	LCD_putrs@i
  2369     0EC6  01FD               	clrf	LCD_putrs@i+1
  2370     0EC7  2EDB               	goto	l1589
  2371     0EC8                     l1585:
  2372                           
  2373                           ;lcd.c: 145:         LCD_putc(a[i]);
  2374     0EC8  087C               	movf	LCD_putrs@i,w
  2375     0EC9  077B               	addwf	LCD_putrs@a,w
  2376     0ECA  0084               	movwf	4
  2377     0ECB  120A  158A  2000  120A  158A  	fcall	stringdir
  2378     0ED0  120A  118A  216E  120A  158A  	fcall	_LCD_putc
  2379     0ED5                     l1587:
  2380                           
  2381                           ;lcd.c: 146:     }
  2382     0ED5  3001               	movlw	1
  2383     0ED6  07FC               	addwf	LCD_putrs@i,f
  2384     0ED7  1803               	skipnc
  2385     0ED8  0AFD               	incf	LCD_putrs@i+1,f
  2386     0ED9  3000               	movlw	0
  2387     0EDA  07FD               	addwf	LCD_putrs@i+1,f
  2388     0EDB                     l1589:
  2389     0EDB  087C               	movf	LCD_putrs@i,w
  2390     0EDC  077B               	addwf	LCD_putrs@a,w
  2391     0EDD  0084               	movwf	4
  2392     0EDE  120A  158A  2000  120A  158A  	fcall	stringdir
  2393     0EE3  3A00               	xorlw	0
  2394     0EE4  1D03               	skipz
  2395     0EE5  2EE7               	goto	u1991
  2396     0EE6  2EE8               	goto	u1990
  2397     0EE7                     u1991:
  2398     0EE7  2EC8               	goto	l1585
  2399     0EE8                     u1990:
  2400     0EE8                     l67:
  2401     0EE8  0008               	return
  2402     0EE9                     __end_of_LCD_putrs:
  2403                           
  2404                           	psect	text9
  2405     0202                     __ptext9:	
  2406 ;; *************** function _LCD_PrintResult100 *****************
  2407 ;; Defined at:
  2408 ;;		line 294 in file "main.c"
  2409 ;; Parameters:    Size  Location     Type
  2410 ;;  result100       4   30[BANK0 ] long 
  2411 ;; Auto vars:     Size  Location     Type
  2412 ;;  ent             4   36[BANK0 ] long 
  2413 ;;  dec             1   40[BANK0 ] unsigned char 
  2414 ;; Return value:  Size  Location     Type
  2415 ;;                  1    wreg      void 
  2416 ;; Registers used:
  2417 ;;		wreg, fsr0l, fsr0h, status,2, status,0, pclath, cstack
  2418 ;; Tracked objects:
  2419 ;;		On entry : 0/0
  2420 ;;		On exit  : 0/0
  2421 ;;		Unchanged: 0/0
  2422 ;; Data sizes:     COMMON   BANK0   BANK1   BANK3   BANK2
  2423 ;;      Params:         0       4       0       0       0
  2424 ;;      Locals:         0       5       0       0       0
  2425 ;;      Temps:          0       2       0       0       0
  2426 ;;      Totals:         0      11       0       0       0
  2427 ;;Total ram usage:       11 bytes
  2428 ;; Hardware stack levels used: 1
  2429 ;; Hardware stack levels required when called: 3
  2430 ;; This function calls:
  2431 ;;		_LCD_PrintLong
  2432 ;;		_LCD_putc
  2433 ;;		___aldiv
  2434 ;;		___almod
  2435 ;;		___awdiv
  2436 ;;		___awmod
  2437 ;; This function is called by:
  2438 ;;		_main
  2439 ;; This function uses a non-reentrant model
  2440 ;;
  2441                           
  2442     0202                     _LCD_PrintResult100:	
  2443                           ;psect for function _LCD_PrintResult100
  2444                           
  2445     0202                     l1719:	
  2446                           ;incstack = 0
  2447                           ; Regs used in _LCD_PrintResult100: [wreg-fsr0h+status,2+status,0+pclath+cstack]
  2448                           
  2449                           
  2450                           ;main.c: 295:     long ent;;main.c: 296:     unsigned char dec;;main.c: 298:     if(resu
      +                          lt100 < 0) {
  2451     0202  1283               	bcf	3,5	;RP0=0, select bank0
  2452     0203  1303               	bcf	3,6	;RP1=0, select bank0
  2453     0204  1FC1               	btfss	LCD_PrintResult100@result100+3,7
  2454     0205  2A07               	goto	u2221
  2455     0206  2A08               	goto	u2220
  2456     0207                     u2221:
  2457     0207  2A1B               	goto	l1725
  2458     0208                     u2220:
  2459     0208                     l1721:
  2460                           
  2461                           ;main.c: 299:         LCD_putc('-');
  2462     0208  302D               	movlw	45
  2463     0209  120A  118A  216E  120A  118A  	fcall	_LCD_putc
  2464     020E                     l1723:
  2465                           
  2466                           ;main.c: 300:         result100 = -result100;
  2467     020E  1283               	bcf	3,5	;RP0=0, select bank0
  2468     020F  1303               	bcf	3,6	;RP1=0, select bank0
  2469     0210  09BE               	comf	LCD_PrintResult100@result100,f
  2470     0211  09BF               	comf	LCD_PrintResult100@result100+1,f
  2471     0212  09C0               	comf	LCD_PrintResult100@result100+2,f
  2472     0213  09C1               	comf	LCD_PrintResult100@result100+3,f
  2473     0214  0ABE               	incf	LCD_PrintResult100@result100,f
  2474     0215  1903               	skipnz
  2475     0216  0ABF               	incf	LCD_PrintResult100@result100+1,f
  2476     0217  1903               	skipnz
  2477     0218  0AC0               	incf	LCD_PrintResult100@result100+2,f
  2478     0219  1903               	skipnz
  2479     021A  0AC1               	incf	LCD_PrintResult100@result100+3,f
  2480     021B                     l1725:
  2481                           
  2482                           ;main.c: 303:     ent = result100 / 100;
  2483     021B  3000               	movlw	0
  2484     021C  00A3               	movwf	___aldiv@divisor+3
  2485     021D  3000               	movlw	0
  2486     021E  00A2               	movwf	___aldiv@divisor+2
  2487     021F  3000               	movlw	0
  2488     0220  00A1               	movwf	___aldiv@divisor+1
  2489     0221  3064               	movlw	100
  2490     0222  00A0               	movwf	___aldiv@divisor
  2491     0223  0841               	movf	LCD_PrintResult100@result100+3,w
  2492     0224  00A7               	movwf	___aldiv@dividend+3
  2493     0225  0840               	movf	LCD_PrintResult100@result100+2,w
  2494     0226  00A6               	movwf	___aldiv@dividend+2
  2495     0227  083F               	movf	LCD_PrintResult100@result100+1,w
  2496     0228  00A5               	movwf	___aldiv@dividend+1
  2497     0229  083E               	movf	LCD_PrintResult100@result100,w
  2498     022A  00A4               	movwf	___aldiv@dividend
  2499     022B  120A  118A  2299  120A  118A  	fcall	___aldiv
  2500     0230  1283               	bcf	3,5	;RP0=0, select bank0
  2501     0231  1303               	bcf	3,6	;RP1=0, select bank0
  2502     0232  0823               	movf	?___aldiv+3,w
  2503     0233  00C7               	movwf	LCD_PrintResult100@ent+3
  2504     0234  0822               	movf	?___aldiv+2,w
  2505     0235  00C6               	movwf	LCD_PrintResult100@ent+2
  2506     0236  0821               	movf	?___aldiv+1,w
  2507     0237  00C5               	movwf	LCD_PrintResult100@ent+1
  2508     0238  0820               	movf	?___aldiv,w
  2509     0239  00C4               	movwf	LCD_PrintResult100@ent
  2510     023A                     l1727:
  2511                           
  2512                           ;main.c: 304:     dec = result100 % 100;
  2513     023A  3000               	movlw	0
  2514     023B  00F3               	movwf	___almod@divisor+3
  2515     023C  3000               	movlw	0
  2516     023D  00F2               	movwf	___almod@divisor+2
  2517     023E  3000               	movlw	0
  2518     023F  00F1               	movwf	___almod@divisor+1
  2519     0240  3064               	movlw	100
  2520     0241  00F0               	movwf	___almod@divisor
  2521     0242  0841               	movf	LCD_PrintResult100@result100+3,w
  2522     0243  00F7               	movwf	___almod@dividend+3
  2523     0244  0840               	movf	LCD_PrintResult100@result100+2,w
  2524     0245  00F6               	movwf	___almod@dividend+2
  2525     0246  083F               	movf	LCD_PrintResult100@result100+1,w
  2526     0247  00F5               	movwf	___almod@dividend+1
  2527     0248  083E               	movf	LCD_PrintResult100@result100,w
  2528     0249  00F4               	movwf	___almod@dividend
  2529     024A  120A  118A  20EB  120A  118A  	fcall	___almod
  2530     024F  0870               	movf	?___almod,w
  2531     0250  1283               	bcf	3,5	;RP0=0, select bank0
  2532     0251  1303               	bcf	3,6	;RP1=0, select bank0
  2533     0252  00C8               	movwf	LCD_PrintResult100@dec
  2534                           
  2535                           ;main.c: 306:     LCD_PrintLong(ent);
  2536     0253  0847               	movf	LCD_PrintResult100@ent+3,w
  2537     0254  00B1               	movwf	LCD_PrintLong@num+3
  2538     0255  0846               	movf	LCD_PrintResult100@ent+2,w
  2539     0256  00B0               	movwf	LCD_PrintLong@num+2
  2540     0257  0845               	movf	LCD_PrintResult100@ent+1,w
  2541     0258  00AF               	movwf	LCD_PrintLong@num+1
  2542     0259  0844               	movf	LCD_PrintResult100@ent,w
  2543     025A  00AE               	movwf	LCD_PrintLong@num
  2544     025B  120A  118A  206A  120A  118A  	fcall	_LCD_PrintLong
  2545                           
  2546                           ;main.c: 307:     LCD_putc('.');
  2547     0260  302E               	movlw	46
  2548     0261  120A  118A  216E  120A  118A  	fcall	_LCD_putc
  2549                           
  2550                           ;main.c: 308:     LCD_putc((dec / 10) + '0');
  2551     0266  300A               	movlw	10
  2552     0267  00F0               	movwf	___awdiv@divisor
  2553     0268  3000               	movlw	0
  2554     0269  00F1               	movwf	___awdiv@divisor+1
  2555     026A  1283               	bcf	3,5	;RP0=0, select bank0
  2556     026B  1303               	bcf	3,6	;RP1=0, select bank0
  2557     026C  0848               	movf	LCD_PrintResult100@dec,w
  2558     026D  00C2               	movwf	??_LCD_PrintResult100
  2559     026E  01C3               	clrf	??_LCD_PrintResult100+1
  2560     026F  0842               	movf	??_LCD_PrintResult100,w
  2561     0270  00F2               	movwf	___awdiv@dividend
  2562     0271  0843               	movf	??_LCD_PrintResult100+1,w
  2563     0272  00F3               	movwf	___awdiv@dividend+1
  2564     0273  120A  118A  2007  120A  118A  	fcall	___awdiv
  2565     0278  0870               	movf	?___awdiv,w
  2566     0279  3E30               	addlw	48
  2567     027A  120A  118A  216E  120A  118A  	fcall	_LCD_putc
  2568                           
  2569                           ;main.c: 309:     LCD_putc((dec % 10) + '0');
  2570     027F  300A               	movlw	10
  2571     0280  00F0               	movwf	___awmod@divisor
  2572     0281  3000               	movlw	0
  2573     0282  00F1               	movwf	___awmod@divisor+1
  2574     0283  1283               	bcf	3,5	;RP0=0, select bank0
  2575     0284  1303               	bcf	3,6	;RP1=0, select bank0
  2576     0285  0848               	movf	LCD_PrintResult100@dec,w
  2577     0286  00C2               	movwf	??_LCD_PrintResult100
  2578     0287  01C3               	clrf	??_LCD_PrintResult100+1
  2579     0288  0842               	movf	??_LCD_PrintResult100,w
  2580     0289  00F2               	movwf	___awmod@dividend
  2581     028A  0843               	movf	??_LCD_PrintResult100+1,w
  2582     028B  00F3               	movwf	___awmod@dividend+1
  2583     028C  120A  158A  27A9  120A  118A  	fcall	___awmod
  2584     0291  0870               	movf	?___awmod,w
  2585     0292  3E30               	addlw	48
  2586     0293  120A  118A  216E  120A  118A  	fcall	_LCD_putc
  2587     0298                     l155:
  2588     0298  0008               	return
  2589     0299                     __end_of_LCD_PrintResult100:
  2590                           
  2591                           	psect	text10
  2592     0FA9                     __ptext10:	
  2593 ;; *************** function ___awmod *****************
  2594 ;; Defined at:
  2595 ;;		line 5 in file "C:\Program Files\Microchip\xc8\v3.10\pic\sources\c99\common\awmod.c"
  2596 ;; Parameters:    Size  Location     Type
  2597 ;;  divisor         2    0[COMMON] int 
  2598 ;;  dividend        2    2[COMMON] int 
  2599 ;; Auto vars:     Size  Location     Type
  2600 ;;  sign            1    5[COMMON] unsigned char 
  2601 ;;  counter         1    4[COMMON] unsigned char 
  2602 ;; Return value:  Size  Location     Type
  2603 ;;                  2    0[COMMON] int 
  2604 ;; Registers used:
  2605 ;;		wreg, status,2, status,0
  2606 ;; Tracked objects:
  2607 ;;		On entry : 0/0
  2608 ;;		On exit  : 0/0
  2609 ;;		Unchanged: 0/0
  2610 ;; Data sizes:     COMMON   BANK0   BANK1   BANK3   BANK2
  2611 ;;      Params:         4       0       0       0       0
  2612 ;;      Locals:         2       0       0       0       0
  2613 ;;      Temps:          0       0       0       0       0
  2614 ;;      Totals:         6       0       0       0       0
  2615 ;;Total ram usage:        6 bytes
  2616 ;; Hardware stack levels used: 1
  2617 ;; This function calls:
  2618 ;;		Nothing
  2619 ;; This function is called by:
  2620 ;;		_LCD_PrintResult100
  2621 ;; This function uses a non-reentrant model
  2622 ;;
  2623                           
  2624     0FA9                     ___awmod:	
  2625                           ;psect for function ___awmod
  2626                           
  2627     0FA9                     l1499:	
  2628                           ;incstack = 0
  2629                           ; Regs used in ___awmod: [wreg+status,2+status,0]
  2630                           
  2631     0FA9  01F5               	clrf	___awmod@sign
  2632     0FAA                     l1501:
  2633     0FAA  1FF3               	btfss	___awmod@dividend+1,7
  2634     0FAB  2FAD               	goto	u1861
  2635     0FAC  2FAE               	goto	u1860
  2636     0FAD                     u1861:
  2637     0FAD  2FB5               	goto	l1507
  2638     0FAE                     u1860:
  2639     0FAE                     l1503:
  2640     0FAE  09F2               	comf	___awmod@dividend,f
  2641     0FAF  09F3               	comf	___awmod@dividend+1,f
  2642     0FB0  0AF2               	incf	___awmod@dividend,f
  2643     0FB1  1903               	skipnz
  2644     0FB2  0AF3               	incf	___awmod@dividend+1,f
  2645     0FB3                     l1505:
  2646     0FB3  3001               	movlw	1
  2647     0FB4  00F5               	movwf	___awmod@sign
  2648     0FB5                     l1507:
  2649     0FB5  1FF1               	btfss	___awmod@divisor+1,7
  2650     0FB6  2FB8               	goto	u1871
  2651     0FB7  2FB9               	goto	u1870
  2652     0FB8                     u1871:
  2653     0FB8  2FBE               	goto	l1511
  2654     0FB9                     u1870:
  2655     0FB9                     l1509:
  2656     0FB9  09F0               	comf	___awmod@divisor,f
  2657     0FBA  09F1               	comf	___awmod@divisor+1,f
  2658     0FBB  0AF0               	incf	___awmod@divisor,f
  2659     0FBC  1903               	skipnz
  2660     0FBD  0AF1               	incf	___awmod@divisor+1,f
  2661     0FBE                     l1511:
  2662     0FBE  0870               	movf	___awmod@divisor,w
  2663     0FBF  0471               	iorwf	___awmod@divisor+1,w
  2664     0FC0  1903               	btfsc	3,2
  2665     0FC1  2FC3               	goto	u1881
  2666     0FC2  2FC4               	goto	u1880
  2667     0FC3                     u1881:
  2668     0FC3  2FF1               	goto	l1529
  2669     0FC4                     u1880:
  2670     0FC4                     l1513:
  2671     0FC4  3001               	movlw	1
  2672     0FC5  00F4               	movwf	___awmod@counter
  2673     0FC6  2FD0               	goto	l1519
  2674     0FC7                     l1515:
  2675     0FC7  3001               	movlw	1
  2676     0FC8                     u1895:
  2677     0FC8  1003               	clrc
  2678     0FC9  0DF0               	rlf	___awmod@divisor,f
  2679     0FCA  0DF1               	rlf	___awmod@divisor+1,f
  2680     0FCB  3EFF               	addlw	-1
  2681     0FCC  1D03               	skipz
  2682     0FCD  2FC8               	goto	u1895
  2683     0FCE                     l1517:
  2684     0FCE  3001               	movlw	1
  2685     0FCF  07F4               	addwf	___awmod@counter,f
  2686     0FD0                     l1519:
  2687     0FD0  1FF1               	btfss	___awmod@divisor+1,7
  2688     0FD1  2FD3               	goto	u1901
  2689     0FD2  2FD4               	goto	u1900
  2690     0FD3                     u1901:
  2691     0FD3  2FC7               	goto	l1515
  2692     0FD4                     u1900:
  2693     0FD4                     l1521:
  2694     0FD4  0871               	movf	___awmod@divisor+1,w
  2695     0FD5  0273               	subwf	___awmod@dividend+1,w
  2696     0FD6  1D03               	skipz
  2697     0FD7  2FDA               	goto	u1915
  2698     0FD8  0870               	movf	___awmod@divisor,w
  2699     0FD9  0272               	subwf	___awmod@dividend,w
  2700     0FDA                     u1915:
  2701     0FDA  1C03               	skipc
  2702     0FDB  2FDD               	goto	u1911
  2703     0FDC  2FDE               	goto	u1910
  2704     0FDD                     u1911:
  2705     0FDD  2FE4               	goto	l1525
  2706     0FDE                     u1910:
  2707     0FDE                     l1523:
  2708     0FDE  0870               	movf	___awmod@divisor,w
  2709     0FDF  02F2               	subwf	___awmod@dividend,f
  2710     0FE0  0871               	movf	___awmod@divisor+1,w
  2711     0FE1  1C03               	skipc
  2712     0FE2  03F3               	decf	___awmod@dividend+1,f
  2713     0FE3  02F3               	subwf	___awmod@dividend+1,f
  2714     0FE4                     l1525:
  2715     0FE4  3001               	movlw	1
  2716     0FE5                     u1925:
  2717     0FE5  1003               	clrc
  2718     0FE6  0CF1               	rrf	___awmod@divisor+1,f
  2719     0FE7  0CF0               	rrf	___awmod@divisor,f
  2720     0FE8  3EFF               	addlw	-1
  2721     0FE9  1D03               	skipz
  2722     0FEA  2FE5               	goto	u1925
  2723     0FEB                     l1527:
  2724     0FEB  3001               	movlw	1
  2725     0FEC  02F4               	subwf	___awmod@counter,f
  2726     0FED  1D03               	btfss	3,2
  2727     0FEE  2FF0               	goto	u1931
  2728     0FEF  2FF1               	goto	u1930
  2729     0FF0                     u1931:
  2730     0FF0  2FD4               	goto	l1521
  2731     0FF1                     u1930:
  2732     0FF1                     l1529:
  2733     0FF1  0875               	movf	___awmod@sign,w
  2734     0FF2  1903               	btfsc	3,2
  2735     0FF3  2FF5               	goto	u1941
  2736     0FF4  2FF6               	goto	u1940
  2737     0FF5                     u1941:
  2738     0FF5  2FFB               	goto	l1533
  2739     0FF6                     u1940:
  2740     0FF6                     l1531:
  2741     0FF6  09F2               	comf	___awmod@dividend,f
  2742     0FF7  09F3               	comf	___awmod@dividend+1,f
  2743     0FF8  0AF2               	incf	___awmod@dividend,f
  2744     0FF9  1903               	skipnz
  2745     0FFA  0AF3               	incf	___awmod@dividend+1,f
  2746     0FFB                     l1533:
  2747     0FFB  0873               	movf	___awmod@dividend+1,w
  2748     0FFC  00F1               	movwf	?___awmod+1
  2749     0FFD  0872               	movf	___awmod@dividend,w
  2750     0FFE  00F0               	movwf	?___awmod
  2751     0FFF                     l439:
  2752     0FFF  0008               	return
  2753     1000                     __end_of___awmod:
  2754                           
  2755                           	psect	text11
  2756     0007                     __ptext11:	
  2757 ;; *************** function ___awdiv *****************
  2758 ;; Defined at:
  2759 ;;		line 5 in file "C:\Program Files\Microchip\xc8\v3.10\pic\sources\c99\common\awdiv.c"
  2760 ;; Parameters:    Size  Location     Type
  2761 ;;  divisor         2    0[COMMON] int 
  2762 ;;  dividend        2    2[COMMON] int 
  2763 ;; Auto vars:     Size  Location     Type
  2764 ;;  quotient        2    6[COMMON] int 
  2765 ;;  sign            1    5[COMMON] unsigned char 
  2766 ;;  counter         1    4[COMMON] unsigned char 
  2767 ;; Return value:  Size  Location     Type
  2768 ;;                  2    0[COMMON] int 
  2769 ;; Registers used:
  2770 ;;		wreg, status,2, status,0
  2771 ;; Tracked objects:
  2772 ;;		On entry : 0/0
  2773 ;;		On exit  : 0/0
  2774 ;;		Unchanged: 0/0
  2775 ;; Data sizes:     COMMON   BANK0   BANK1   BANK3   BANK2
  2776 ;;      Params:         4       0       0       0       0
  2777 ;;      Locals:         4       0       0       0       0
  2778 ;;      Temps:          0       0       0       0       0
  2779 ;;      Totals:         8       0       0       0       0
  2780 ;;Total ram usage:        8 bytes
  2781 ;; Hardware stack levels used: 1
  2782 ;; This function calls:
  2783 ;;		Nothing
  2784 ;; This function is called by:
  2785 ;;		_LCD_PrintResult100
  2786 ;; This function uses a non-reentrant model
  2787 ;;
  2788                           
  2789     0007                     ___awdiv:	
  2790                           ;psect for function ___awdiv
  2791                           
  2792     0007                     l1455:	
  2793                           ;incstack = 0
  2794                           ; Regs used in ___awdiv: [wreg+status,2+status,0]
  2795                           
  2796     0007  01F5               	clrf	___awdiv@sign
  2797     0008                     l1457:
  2798     0008  1FF1               	btfss	___awdiv@divisor+1,7
  2799     0009  280B               	goto	u1761
  2800     000A  280C               	goto	u1760
  2801     000B                     u1761:
  2802     000B  2813               	goto	l1463
  2803     000C                     u1760:
  2804     000C                     l1459:
  2805     000C  09F0               	comf	___awdiv@divisor,f
  2806     000D  09F1               	comf	___awdiv@divisor+1,f
  2807     000E  0AF0               	incf	___awdiv@divisor,f
  2808     000F  1903               	skipnz
  2809     0010  0AF1               	incf	___awdiv@divisor+1,f
  2810     0011                     l1461:
  2811     0011  3001               	movlw	1
  2812     0012  00F5               	movwf	___awdiv@sign
  2813     0013                     l1463:
  2814     0013  1FF3               	btfss	___awdiv@dividend+1,7
  2815     0014  2816               	goto	u1771
  2816     0015  2817               	goto	u1770
  2817     0016                     u1771:
  2818     0016  281E               	goto	l1469
  2819     0017                     u1770:
  2820     0017                     l1465:
  2821     0017  09F2               	comf	___awdiv@dividend,f
  2822     0018  09F3               	comf	___awdiv@dividend+1,f
  2823     0019  0AF2               	incf	___awdiv@dividend,f
  2824     001A  1903               	skipnz
  2825     001B  0AF3               	incf	___awdiv@dividend+1,f
  2826     001C                     l1467:
  2827     001C  3001               	movlw	1
  2828     001D  06F5               	xorwf	___awdiv@sign,f
  2829     001E                     l1469:
  2830     001E  01F6               	clrf	___awdiv@quotient
  2831     001F  01F7               	clrf	___awdiv@quotient+1
  2832     0020                     l1471:
  2833     0020  0870               	movf	___awdiv@divisor,w
  2834     0021  0471               	iorwf	___awdiv@divisor+1,w
  2835     0022  1903               	btfsc	3,2
  2836     0023  2825               	goto	u1781
  2837     0024  2826               	goto	u1780
  2838     0025                     u1781:
  2839     0025  285B               	goto	l1491
  2840     0026                     u1780:
  2841     0026                     l1473:
  2842     0026  3001               	movlw	1
  2843     0027  00F4               	movwf	___awdiv@counter
  2844     0028  2832               	goto	l1479
  2845     0029                     l1475:
  2846     0029  3001               	movlw	1
  2847     002A                     u1795:
  2848     002A  1003               	clrc
  2849     002B  0DF0               	rlf	___awdiv@divisor,f
  2850     002C  0DF1               	rlf	___awdiv@divisor+1,f
  2851     002D  3EFF               	addlw	-1
  2852     002E  1D03               	skipz
  2853     002F  282A               	goto	u1795
  2854     0030                     l1477:
  2855     0030  3001               	movlw	1
  2856     0031  07F4               	addwf	___awdiv@counter,f
  2857     0032                     l1479:
  2858     0032  1FF1               	btfss	___awdiv@divisor+1,7
  2859     0033  2835               	goto	u1801
  2860     0034  2836               	goto	u1800
  2861     0035                     u1801:
  2862     0035  2829               	goto	l1475
  2863     0036                     u1800:
  2864     0036                     l1481:
  2865     0036  3001               	movlw	1
  2866     0037                     u1815:
  2867     0037  1003               	clrc
  2868     0038  0DF6               	rlf	___awdiv@quotient,f
  2869     0039  0DF7               	rlf	___awdiv@quotient+1,f
  2870     003A  3EFF               	addlw	-1
  2871     003B  1D03               	skipz
  2872     003C  2837               	goto	u1815
  2873     003D  0871               	movf	___awdiv@divisor+1,w
  2874     003E  0273               	subwf	___awdiv@dividend+1,w
  2875     003F  1D03               	skipz
  2876     0040  2843               	goto	u1825
  2877     0041  0870               	movf	___awdiv@divisor,w
  2878     0042  0272               	subwf	___awdiv@dividend,w
  2879     0043                     u1825:
  2880     0043  1C03               	skipc
  2881     0044  2846               	goto	u1821
  2882     0045  2847               	goto	u1820
  2883     0046                     u1821:
  2884     0046  284E               	goto	l1487
  2885     0047                     u1820:
  2886     0047                     l1483:
  2887     0047  0870               	movf	___awdiv@divisor,w
  2888     0048  02F2               	subwf	___awdiv@dividend,f
  2889     0049  0871               	movf	___awdiv@divisor+1,w
  2890     004A  1C03               	skipc
  2891     004B  03F3               	decf	___awdiv@dividend+1,f
  2892     004C  02F3               	subwf	___awdiv@dividend+1,f
  2893     004D                     l1485:
  2894     004D  1476               	bsf	___awdiv@quotient,0
  2895     004E                     l1487:
  2896     004E  3001               	movlw	1
  2897     004F                     u1835:
  2898     004F  1003               	clrc
  2899     0050  0CF1               	rrf	___awdiv@divisor+1,f
  2900     0051  0CF0               	rrf	___awdiv@divisor,f
  2901     0052  3EFF               	addlw	-1
  2902     0053  1D03               	skipz
  2903     0054  284F               	goto	u1835
  2904     0055                     l1489:
  2905     0055  3001               	movlw	1
  2906     0056  02F4               	subwf	___awdiv@counter,f
  2907     0057  1D03               	btfss	3,2
  2908     0058  285A               	goto	u1841
  2909     0059  285B               	goto	u1840
  2910     005A                     u1841:
  2911     005A  2836               	goto	l1481
  2912     005B                     u1840:
  2913     005B                     l1491:
  2914     005B  0875               	movf	___awdiv@sign,w
  2915     005C  1903               	btfsc	3,2
  2916     005D  285F               	goto	u1851
  2917     005E  2860               	goto	u1850
  2918     005F                     u1851:
  2919     005F  2865               	goto	l1495
  2920     0060                     u1850:
  2921     0060                     l1493:
  2922     0060  09F6               	comf	___awdiv@quotient,f
  2923     0061  09F7               	comf	___awdiv@quotient+1,f
  2924     0062  0AF6               	incf	___awdiv@quotient,f
  2925     0063  1903               	skipnz
  2926     0064  0AF7               	incf	___awdiv@quotient+1,f
  2927     0065                     l1495:
  2928     0065  0877               	movf	___awdiv@quotient+1,w
  2929     0066  00F1               	movwf	?___awdiv+1
  2930     0067  0876               	movf	___awdiv@quotient,w
  2931     0068  00F0               	movwf	?___awdiv
  2932     0069                     l426:
  2933     0069  0008               	return
  2934     006A                     __end_of___awdiv:
  2935                           
  2936                           	psect	text12
  2937     006A                     __ptext12:	
  2938 ;; *************** function _LCD_PrintLong *****************
  2939 ;; Defined at:
  2940 ;;		line 275 in file "main.c"
  2941 ;; Parameters:    Size  Location     Type
  2942 ;;  num             4   14[BANK0 ] long 
  2943 ;; Auto vars:     Size  Location     Type
  2944 ;;  digits         11   18[BANK0 ] unsigned char [11]
  2945 ;;  i               1   29[BANK0 ] unsigned char 
  2946 ;; Return value:  Size  Location     Type
  2947 ;;                  1    wreg      void 
  2948 ;; Registers used:
  2949 ;;		wreg, fsr0l, fsr0h, status,2, status,0, pclath, cstack
  2950 ;; Tracked objects:
  2951 ;;		On entry : 0/0
  2952 ;;		On exit  : 0/0
  2953 ;;		Unchanged: 0/0
  2954 ;; Data sizes:     COMMON   BANK0   BANK1   BANK3   BANK2
  2955 ;;      Params:         0       4       0       0       0
  2956 ;;      Locals:         0      12       0       0       0
  2957 ;;      Temps:          0       0       0       0       0
  2958 ;;      Totals:         0      16       0       0       0
  2959 ;;Total ram usage:       16 bytes
  2960 ;; Hardware stack levels used: 1
  2961 ;; Hardware stack levels required when called: 2
  2962 ;; This function calls:
  2963 ;;		_LCD_putc
  2964 ;;		___aldiv
  2965 ;;		___almod
  2966 ;; This function is called by:
  2967 ;;		_LCD_PrintResult100
  2968 ;; This function uses a non-reentrant model
  2969 ;;
  2970                           
  2971     006A                     _LCD_PrintLong:	
  2972                           ;psect for function _LCD_PrintLong
  2973                           
  2974     006A                     l1419:	
  2975                           ;incstack = 0
  2976                           ; Regs used in _LCD_PrintLong: [wreg-fsr0h+status,2+status,0+pclath+cstack]
  2977                           
  2978                           
  2979                           ;main.c: 276:     char digits[11];;main.c: 277:     unsigned char i = 0;
  2980     006A  1283               	bcf	3,5	;RP0=0, select bank0
  2981     006B  1303               	bcf	3,6	;RP1=0, select bank0
  2982     006C  01BD               	clrf	LCD_PrintLong@i
  2983     006D                     l1421:
  2984                           
  2985                           ;main.c: 279:     if(num == 0) {
  2986     006D  0831               	movf	LCD_PrintLong@num+3,w
  2987     006E  0430               	iorwf	LCD_PrintLong@num+2,w
  2988     006F  042F               	iorwf	LCD_PrintLong@num+1,w
  2989     0070  042E               	iorwf	LCD_PrintLong@num,w
  2990     0071  1D03               	skipz
  2991     0072  2874               	goto	u1671
  2992     0073  2875               	goto	u1670
  2993     0074                     u1671:
  2994     0074  28BB               	goto	l1433
  2995     0075                     u1670:
  2996     0075                     l1423:
  2997                           
  2998                           ;main.c: 280:         LCD_putc('0');
  2999     0075  3030               	movlw	48
  3000     0076  120A  118A  216E  120A  118A  	fcall	_LCD_putc
  3001     007B  28EA               	goto	l143
  3002     007C                     l1427:
  3003                           
  3004                           ;main.c: 285:         digits[i++] = (num % 10) + '0';
  3005     007C  083D               	movf	LCD_PrintLong@i,w
  3006     007D  3E32               	addlw	(low (LCD_PrintLong@digits| 0))& (0+255)
  3007     007E  0084               	movwf	4
  3008     007F  3000               	movlw	0
  3009     0080  00F3               	movwf	___almod@divisor+3
  3010     0081  3000               	movlw	0
  3011     0082  00F2               	movwf	___almod@divisor+2
  3012     0083  3000               	movlw	0
  3013     0084  00F1               	movwf	___almod@divisor+1
  3014     0085  300A               	movlw	10
  3015     0086  00F0               	movwf	___almod@divisor
  3016     0087  0831               	movf	LCD_PrintLong@num+3,w
  3017     0088  00F7               	movwf	___almod@dividend+3
  3018     0089  0830               	movf	LCD_PrintLong@num+2,w
  3019     008A  00F6               	movwf	___almod@dividend+2
  3020     008B  082F               	movf	LCD_PrintLong@num+1,w
  3021     008C  00F5               	movwf	___almod@dividend+1
  3022     008D  082E               	movf	LCD_PrintLong@num,w
  3023     008E  00F4               	movwf	___almod@dividend
  3024     008F  120A  118A  20EB  120A  118A  	fcall	___almod
  3025     0094  0870               	movf	?___almod,w
  3026     0095  3E30               	addlw	48
  3027     0096  1383               	bcf	3,7	;select IRP bank0
  3028     0097  0080               	movwf	0
  3029     0098                     l1429:
  3030     0098  3001               	movlw	1
  3031     0099  1283               	bcf	3,5	;RP0=0, select bank0
  3032     009A  1303               	bcf	3,6	;RP1=0, select bank0
  3033     009B  07BD               	addwf	LCD_PrintLong@i,f
  3034     009C                     l1431:
  3035                           
  3036                           ;main.c: 286:         num /= 10;
  3037     009C  3000               	movlw	0
  3038     009D  00A3               	movwf	___aldiv@divisor+3
  3039     009E  3000               	movlw	0
  3040     009F  00A2               	movwf	___aldiv@divisor+2
  3041     00A0  3000               	movlw	0
  3042     00A1  00A1               	movwf	___aldiv@divisor+1
  3043     00A2  300A               	movlw	10
  3044     00A3  00A0               	movwf	___aldiv@divisor
  3045     00A4  0831               	movf	LCD_PrintLong@num+3,w
  3046     00A5  00A7               	movwf	___aldiv@dividend+3
  3047     00A6  0830               	movf	LCD_PrintLong@num+2,w
  3048     00A7  00A6               	movwf	___aldiv@dividend+2
  3049     00A8  082F               	movf	LCD_PrintLong@num+1,w
  3050     00A9  00A5               	movwf	___aldiv@dividend+1
  3051     00AA  082E               	movf	LCD_PrintLong@num,w
  3052     00AB  00A4               	movwf	___aldiv@dividend
  3053     00AC  120A  118A  2299  120A  118A  	fcall	___aldiv
  3054     00B1  1283               	bcf	3,5	;RP0=0, select bank0
  3055     00B2  1303               	bcf	3,6	;RP1=0, select bank0
  3056     00B3  0823               	movf	?___aldiv+3,w
  3057     00B4  00B1               	movwf	LCD_PrintLong@num+3
  3058     00B5  0822               	movf	?___aldiv+2,w
  3059     00B6  00B0               	movwf	LCD_PrintLong@num+2
  3060     00B7  0821               	movf	?___aldiv+1,w
  3061     00B8  00AF               	movwf	LCD_PrintLong@num+1
  3062     00B9  0820               	movf	?___aldiv,w
  3063     00BA  00AE               	movwf	LCD_PrintLong@num
  3064     00BB                     l1433:
  3065                           
  3066                           ;main.c: 284:     while(num > 0 && i < 10) {
  3067     00BB  1BB1               	btfsc	LCD_PrintLong@num+3,7
  3068     00BC  28CD               	goto	u1681
  3069     00BD  0831               	movf	LCD_PrintLong@num+3,w
  3070     00BE  1D03               	btfss	3,2
  3071     00BF  28CE               	goto	u1680
  3072     00C0  0830               	movf	LCD_PrintLong@num+2,w
  3073     00C1  1D03               	btfss	3,2
  3074     00C2  28CE               	goto	u1680
  3075     00C3  082F               	movf	LCD_PrintLong@num+1,w
  3076     00C4  1D03               	btfss	3,2
  3077     00C5  28CE               	goto	u1680
  3078     00C6  3001               	movlw	1
  3079     00C7  022E               	subwf	LCD_PrintLong@num,w
  3080     00C8  1D03               	skipz
  3081     00C9  28CA               	goto	u1683
  3082     00CA                     u1683:
  3083     00CA  1C03               	btfss	3,0
  3084     00CB  28CD               	goto	u1681
  3085     00CC  28CE               	goto	u1680
  3086     00CD                     u1681:
  3087     00CD  28E3               	goto	l1439
  3088     00CE                     u1680:
  3089     00CE                     l1435:
  3090     00CE  300A               	movlw	10
  3091     00CF  1283               	bcf	3,5	;RP0=0, select bank0
  3092     00D0  1303               	bcf	3,6	;RP1=0, select bank0
  3093     00D1  023D               	subwf	LCD_PrintLong@i,w
  3094     00D2  1C03               	skipc
  3095     00D3  28D5               	goto	u1691
  3096     00D4  28D6               	goto	u1690
  3097     00D5                     u1691:
  3098     00D5  287C               	goto	l1427
  3099     00D6                     u1690:
  3100     00D6  28E3               	goto	l1439
  3101     00D7                     l1437:
  3102                           
  3103                           ;main.c: 290:         LCD_putc(digits[--i]);
  3104     00D7  3001               	movlw	1
  3105     00D8  02BD               	subwf	LCD_PrintLong@i,f
  3106     00D9  083D               	movf	LCD_PrintLong@i,w
  3107     00DA  3E32               	addlw	(low (LCD_PrintLong@digits| 0))& (0+255)
  3108     00DB  0084               	movwf	4
  3109     00DC  1383               	bcf	3,7	;select IRP bank0
  3110     00DD  0800               	movf	0,w
  3111     00DE  120A  118A  216E  120A  118A  	fcall	_LCD_putc
  3112     00E3                     l1439:
  3113                           
  3114                           ;main.c: 289:     while(i > 0) {
  3115     00E3  1283               	bcf	3,5	;RP0=0, select bank0
  3116     00E4  1303               	bcf	3,6	;RP1=0, select bank0
  3117     00E5  083D               	movf	LCD_PrintLong@i,w
  3118     00E6  1D03               	btfss	3,2
  3119     00E7  28E9               	goto	u1701
  3120     00E8  28EA               	goto	u1700
  3121     00E9                     u1701:
  3122     00E9  28D7               	goto	l1437
  3123     00EA                     u1700:
  3124     00EA                     l143:
  3125     00EA  0008               	return
  3126     00EB                     __end_of_LCD_PrintLong:
  3127                           
  3128                           	psect	text13
  3129     00EB                     __ptext13:	
  3130 ;; *************** function ___almod *****************
  3131 ;; Defined at:
  3132 ;;		line 5 in file "C:\Program Files\Microchip\xc8\v3.10\pic\sources\c99\common\almod.c"
  3133 ;; Parameters:    Size  Location     Type
  3134 ;;  divisor         4    0[COMMON] long 
  3135 ;;  dividend        4    4[COMMON] long 
  3136 ;; Auto vars:     Size  Location     Type
  3137 ;;  sign            1   10[COMMON] unsigned char 
  3138 ;;  counter         1    9[COMMON] unsigned char 
  3139 ;; Return value:  Size  Location     Type
  3140 ;;                  4    0[COMMON] long 
  3141 ;; Registers used:
  3142 ;;		wreg, status,2, status,0
  3143 ;; Tracked objects:
  3144 ;;		On entry : 0/0
  3145 ;;		On exit  : 0/0
  3146 ;;		Unchanged: 0/0
  3147 ;; Data sizes:     COMMON   BANK0   BANK1   BANK3   BANK2
  3148 ;;      Params:         8       0       0       0       0
  3149 ;;      Locals:         2       0       0       0       0
  3150 ;;      Temps:          1       0       0       0       0
  3151 ;;      Totals:        11       0       0       0       0
  3152 ;;Total ram usage:       11 bytes
  3153 ;; Hardware stack levels used: 1
  3154 ;; This function calls:
  3155 ;;		Nothing
  3156 ;; This function is called by:
  3157 ;;		_LCD_PrintLong
  3158 ;;		_LCD_PrintResult100
  3159 ;; This function uses a non-reentrant model
  3160 ;;
  3161                           
  3162     00EB                     ___almod:	
  3163                           ;psect for function ___almod
  3164                           
  3165     00EB                     l1377:	
  3166                           ;incstack = 0
  3167                           ; Regs used in ___almod: [wreg+status,2+status,0]
  3168                           
  3169     00EB  01FA               	clrf	___almod@sign
  3170     00EC                     l1379:
  3171     00EC  1FF7               	btfss	___almod@dividend+3,7
  3172     00ED  28EF               	goto	u1551
  3173     00EE  28F0               	goto	u1550
  3174     00EF                     u1551:
  3175     00EF  28FD               	goto	l351
  3176     00F0                     u1550:
  3177     00F0                     l1381:
  3178     00F0  09F4               	comf	___almod@dividend,f
  3179     00F1  09F5               	comf	___almod@dividend+1,f
  3180     00F2  09F6               	comf	___almod@dividend+2,f
  3181     00F3  09F7               	comf	___almod@dividend+3,f
  3182     00F4  0AF4               	incf	___almod@dividend,f
  3183     00F5  1903               	skipnz
  3184     00F6  0AF5               	incf	___almod@dividend+1,f
  3185     00F7  1903               	skipnz
  3186     00F8  0AF6               	incf	___almod@dividend+2,f
  3187     00F9  1903               	skipnz
  3188     00FA  0AF7               	incf	___almod@dividend+3,f
  3189     00FB  3001               	movlw	1
  3190     00FC  00FA               	movwf	___almod@sign
  3191     00FD                     l351:
  3192     00FD  1FF3               	btfss	___almod@divisor+3,7
  3193     00FE  2900               	goto	u1561
  3194     00FF  2901               	goto	u1560
  3195     0100                     u1561:
  3196     0100  290C               	goto	l1385
  3197     0101                     u1560:
  3198     0101                     l1383:
  3199     0101  09F0               	comf	___almod@divisor,f
  3200     0102  09F1               	comf	___almod@divisor+1,f
  3201     0103  09F2               	comf	___almod@divisor+2,f
  3202     0104  09F3               	comf	___almod@divisor+3,f
  3203     0105  0AF0               	incf	___almod@divisor,f
  3204     0106  1903               	skipnz
  3205     0107  0AF1               	incf	___almod@divisor+1,f
  3206     0108  1903               	skipnz
  3207     0109  0AF2               	incf	___almod@divisor+2,f
  3208     010A  1903               	skipnz
  3209     010B  0AF3               	incf	___almod@divisor+3,f
  3210     010C                     l1385:
  3211     010C  0873               	movf	___almod@divisor+3,w
  3212     010D  0472               	iorwf	___almod@divisor+2,w
  3213     010E  0471               	iorwf	___almod@divisor+1,w
  3214     010F  0470               	iorwf	___almod@divisor,w
  3215     0110  1903               	skipnz
  3216     0111  2913               	goto	u1571
  3217     0112  2914               	goto	u1570
  3218     0113                     u1571:
  3219     0113  2955               	goto	l1401
  3220     0114                     u1570:
  3221     0114                     l1387:
  3222     0114  3001               	movlw	1
  3223     0115  00F9               	movwf	___almod@counter
  3224     0116  2922               	goto	l1391
  3225     0117                     l1389:
  3226     0117  3001               	movlw	1
  3227     0118  00F8               	movwf	??___almod
  3228     0119                     u1585:
  3229     0119  1003               	clrc
  3230     011A  0DF0               	rlf	___almod@divisor,f
  3231     011B  0DF1               	rlf	___almod@divisor+1,f
  3232     011C  0DF2               	rlf	___almod@divisor+2,f
  3233     011D  0DF3               	rlf	___almod@divisor+3,f
  3234     011E  0BF8               	decfsz	??___almod,f
  3235     011F  2919               	goto	u1585
  3236     0120  3001               	movlw	1
  3237     0121  07F9               	addwf	___almod@counter,f
  3238     0122                     l1391:
  3239     0122  1FF3               	btfss	___almod@divisor+3,7
  3240     0123  2925               	goto	u1591
  3241     0124  2926               	goto	u1590
  3242     0125                     u1591:
  3243     0125  2917               	goto	l1389
  3244     0126                     u1590:
  3245     0126                     l1393:
  3246     0126  0873               	movf	___almod@divisor+3,w
  3247     0127  0277               	subwf	___almod@dividend+3,w
  3248     0128  1D03               	skipz
  3249     0129  2934               	goto	u1605
  3250     012A  0872               	movf	___almod@divisor+2,w
  3251     012B  0276               	subwf	___almod@dividend+2,w
  3252     012C  1D03               	skipz
  3253     012D  2934               	goto	u1605
  3254     012E  0871               	movf	___almod@divisor+1,w
  3255     012F  0275               	subwf	___almod@dividend+1,w
  3256     0130  1D03               	skipz
  3257     0131  2934               	goto	u1605
  3258     0132  0870               	movf	___almod@divisor,w
  3259     0133  0274               	subwf	___almod@dividend,w
  3260     0134                     u1605:
  3261     0134  1C03               	skipc
  3262     0135  2937               	goto	u1601
  3263     0136  2938               	goto	u1600
  3264     0137                     u1601:
  3265     0137  2946               	goto	l1397
  3266     0138                     u1600:
  3267     0138                     l1395:
  3268     0138  0870               	movf	___almod@divisor,w
  3269     0139  02F4               	subwf	___almod@dividend,f
  3270     013A  0871               	movf	___almod@divisor+1,w
  3271     013B  1C03               	skipc
  3272     013C  0F71               	incfsz	___almod@divisor+1,w
  3273     013D  02F5               	subwf	___almod@dividend+1,f
  3274     013E  0872               	movf	___almod@divisor+2,w
  3275     013F  1C03               	skipc
  3276     0140  0F72               	incfsz	___almod@divisor+2,w
  3277     0141  02F6               	subwf	___almod@dividend+2,f
  3278     0142  0873               	movf	___almod@divisor+3,w
  3279     0143  1C03               	skipc
  3280     0144  0F73               	incfsz	___almod@divisor+3,w
  3281     0145  02F7               	subwf	___almod@dividend+3,f
  3282     0146                     l1397:
  3283     0146  3001               	movlw	1
  3284     0147                     u1615:
  3285     0147  1003               	clrc
  3286     0148  0CF3               	rrf	___almod@divisor+3,f
  3287     0149  0CF2               	rrf	___almod@divisor+2,f
  3288     014A  0CF1               	rrf	___almod@divisor+1,f
  3289     014B  0CF0               	rrf	___almod@divisor,f
  3290     014C  3EFF               	addlw	-1
  3291     014D  1D03               	skipz
  3292     014E  2947               	goto	u1615
  3293     014F                     l1399:
  3294     014F  3001               	movlw	1
  3295     0150  02F9               	subwf	___almod@counter,f
  3296     0151  1D03               	btfss	3,2
  3297     0152  2954               	goto	u1621
  3298     0153  2955               	goto	u1620
  3299     0154                     u1621:
  3300     0154  2926               	goto	l1393
  3301     0155                     u1620:
  3302     0155                     l1401:
  3303     0155  087A               	movf	___almod@sign,w
  3304     0156  1903               	btfsc	3,2
  3305     0157  2959               	goto	u1631
  3306     0158  295A               	goto	u1630
  3307     0159                     u1631:
  3308     0159  2965               	goto	l1405
  3309     015A                     u1630:
  3310     015A                     l1403:
  3311     015A  09F4               	comf	___almod@dividend,f
  3312     015B  09F5               	comf	___almod@dividend+1,f
  3313     015C  09F6               	comf	___almod@dividend+2,f
  3314     015D  09F7               	comf	___almod@dividend+3,f
  3315     015E  0AF4               	incf	___almod@dividend,f
  3316     015F  1903               	skipnz
  3317     0160  0AF5               	incf	___almod@dividend+1,f
  3318     0161  1903               	skipnz
  3319     0162  0AF6               	incf	___almod@dividend+2,f
  3320     0163  1903               	skipnz
  3321     0164  0AF7               	incf	___almod@dividend+3,f
  3322     0165                     l1405:
  3323     0165  0877               	movf	___almod@dividend+3,w
  3324     0166  00F3               	movwf	?___almod+3
  3325     0167  0876               	movf	___almod@dividend+2,w
  3326     0168  00F2               	movwf	?___almod+2
  3327     0169  0875               	movf	___almod@dividend+1,w
  3328     016A  00F1               	movwf	?___almod+1
  3329     016B  0874               	movf	___almod@dividend,w
  3330     016C  00F0               	movwf	?___almod
  3331     016D                     l361:
  3332     016D  0008               	return
  3333     016E                     __end_of___almod:
  3334                           
  3335                           	psect	text14
  3336     0299                     __ptext14:	
  3337 ;; *************** function ___aldiv *****************
  3338 ;; Defined at:
  3339 ;;		line 5 in file "C:\Program Files\Microchip\xc8\v3.10\pic\sources\c99\common\aldiv.c"
  3340 ;; Parameters:    Size  Location     Type
  3341 ;;  divisor         4    0[BANK0 ] long 
  3342 ;;  dividend        4    4[BANK0 ] long 
  3343 ;; Auto vars:     Size  Location     Type
  3344 ;;  quotient        4   10[BANK0 ] long 
  3345 ;;  sign            1    9[BANK0 ] unsigned char 
  3346 ;;  counter         1    8[BANK0 ] unsigned char 
  3347 ;; Return value:  Size  Location     Type
  3348 ;;                  4    0[BANK0 ] long 
  3349 ;; Registers used:
  3350 ;;		wreg, status,2, status,0
  3351 ;; Tracked objects:
  3352 ;;		On entry : 0/0
  3353 ;;		On exit  : 0/0
  3354 ;;		Unchanged: 0/0
  3355 ;; Data sizes:     COMMON   BANK0   BANK1   BANK3   BANK2
  3356 ;;      Params:         0       8       0       0       0
  3357 ;;      Locals:         0       6       0       0       0
  3358 ;;      Temps:          1       0       0       0       0
  3359 ;;      Totals:         1      14       0       0       0
  3360 ;;Total ram usage:       15 bytes
  3361 ;; Hardware stack levels used: 1
  3362 ;; This function calls:
  3363 ;;		Nothing
  3364 ;; This function is called by:
  3365 ;;		_calc100
  3366 ;;		_LCD_PrintLong
  3367 ;;		_LCD_PrintResult100
  3368 ;; This function uses a non-reentrant model
  3369 ;;
  3370                           
  3371     0299                     ___aldiv:	
  3372                           ;psect for function ___aldiv
  3373                           
  3374     0299                     l1337:	
  3375                           ;incstack = 0
  3376                           ; Regs used in ___aldiv: [wreg+status,2+status,0]
  3377                           
  3378     0299  1283               	bcf	3,5	;RP0=0, select bank0
  3379     029A  1303               	bcf	3,6	;RP1=0, select bank0
  3380     029B  01A9               	clrf	___aldiv@sign
  3381     029C                     l1339:
  3382     029C  1FA3               	btfss	___aldiv@divisor+3,7
  3383     029D  2A9F               	goto	u1451
  3384     029E  2AA0               	goto	u1450
  3385     029F                     u1451:
  3386     029F  2AAD               	goto	l338
  3387     02A0                     u1450:
  3388     02A0                     l1341:
  3389     02A0  09A0               	comf	___aldiv@divisor,f
  3390     02A1  09A1               	comf	___aldiv@divisor+1,f
  3391     02A2  09A2               	comf	___aldiv@divisor+2,f
  3392     02A3  09A3               	comf	___aldiv@divisor+3,f
  3393     02A4  0AA0               	incf	___aldiv@divisor,f
  3394     02A5  1903               	skipnz
  3395     02A6  0AA1               	incf	___aldiv@divisor+1,f
  3396     02A7  1903               	skipnz
  3397     02A8  0AA2               	incf	___aldiv@divisor+2,f
  3398     02A9  1903               	skipnz
  3399     02AA  0AA3               	incf	___aldiv@divisor+3,f
  3400     02AB  3001               	movlw	1
  3401     02AC  00A9               	movwf	___aldiv@sign
  3402     02AD                     l338:
  3403     02AD  1FA7               	btfss	___aldiv@dividend+3,7
  3404     02AE  2AB0               	goto	u1461
  3405     02AF  2AB1               	goto	u1460
  3406     02B0                     u1461:
  3407     02B0  2ABE               	goto	l1347
  3408     02B1                     u1460:
  3409     02B1                     l1343:
  3410     02B1  09A4               	comf	___aldiv@dividend,f
  3411     02B2  09A5               	comf	___aldiv@dividend+1,f
  3412     02B3  09A6               	comf	___aldiv@dividend+2,f
  3413     02B4  09A7               	comf	___aldiv@dividend+3,f
  3414     02B5  0AA4               	incf	___aldiv@dividend,f
  3415     02B6  1903               	skipnz
  3416     02B7  0AA5               	incf	___aldiv@dividend+1,f
  3417     02B8  1903               	skipnz
  3418     02B9  0AA6               	incf	___aldiv@dividend+2,f
  3419     02BA  1903               	skipnz
  3420     02BB  0AA7               	incf	___aldiv@dividend+3,f
  3421     02BC                     l1345:
  3422     02BC  3001               	movlw	1
  3423     02BD  06A9               	xorwf	___aldiv@sign,f
  3424     02BE                     l1347:
  3425     02BE  3000               	movlw	0
  3426     02BF  00AD               	movwf	___aldiv@quotient+3
  3427     02C0  3000               	movlw	0
  3428     02C1  00AC               	movwf	___aldiv@quotient+2
  3429     02C2  3000               	movlw	0
  3430     02C3  00AB               	movwf	___aldiv@quotient+1
  3431     02C4  3000               	movlw	0
  3432     02C5  00AA               	movwf	___aldiv@quotient
  3433     02C6                     l1349:
  3434     02C6  0823               	movf	___aldiv@divisor+3,w
  3435     02C7  0422               	iorwf	___aldiv@divisor+2,w
  3436     02C8  0421               	iorwf	___aldiv@divisor+1,w
  3437     02C9  0420               	iorwf	___aldiv@divisor,w
  3438     02CA  1903               	skipnz
  3439     02CB  2ACD               	goto	u1471
  3440     02CC  2ACE               	goto	u1470
  3441     02CD                     u1471:
  3442     02CD  2B19               	goto	l1369
  3443     02CE                     u1470:
  3444     02CE                     l1351:
  3445     02CE  3001               	movlw	1
  3446     02CF  00A8               	movwf	___aldiv@counter
  3447     02D0  2ADC               	goto	l1355
  3448     02D1                     l1353:
  3449     02D1  3001               	movlw	1
  3450     02D2  00FD               	movwf	??___aldiv
  3451     02D3                     u1485:
  3452     02D3  1003               	clrc
  3453     02D4  0DA0               	rlf	___aldiv@divisor,f
  3454     02D5  0DA1               	rlf	___aldiv@divisor+1,f
  3455     02D6  0DA2               	rlf	___aldiv@divisor+2,f
  3456     02D7  0DA3               	rlf	___aldiv@divisor+3,f
  3457     02D8  0BFD               	decfsz	??___aldiv,f
  3458     02D9  2AD3               	goto	u1485
  3459     02DA  3001               	movlw	1
  3460     02DB  07A8               	addwf	___aldiv@counter,f
  3461     02DC                     l1355:
  3462     02DC  1FA3               	btfss	___aldiv@divisor+3,7
  3463     02DD  2ADF               	goto	u1491
  3464     02DE  2AE0               	goto	u1490
  3465     02DF                     u1491:
  3466     02DF  2AD1               	goto	l1353
  3467     02E0                     u1490:
  3468     02E0                     l1357:
  3469     02E0  3001               	movlw	1
  3470     02E1  00FD               	movwf	??___aldiv
  3471     02E2                     u1505:
  3472     02E2  1003               	clrc
  3473     02E3  0DAA               	rlf	___aldiv@quotient,f
  3474     02E4  0DAB               	rlf	___aldiv@quotient+1,f
  3475     02E5  0DAC               	rlf	___aldiv@quotient+2,f
  3476     02E6  0DAD               	rlf	___aldiv@quotient+3,f
  3477     02E7  0BFD               	decfsz	??___aldiv,f
  3478     02E8  2AE2               	goto	u1505
  3479     02E9                     l1359:
  3480     02E9  0823               	movf	___aldiv@divisor+3,w
  3481     02EA  0227               	subwf	___aldiv@dividend+3,w
  3482     02EB  1D03               	skipz
  3483     02EC  2AF7               	goto	u1515
  3484     02ED  0822               	movf	___aldiv@divisor+2,w
  3485     02EE  0226               	subwf	___aldiv@dividend+2,w
  3486     02EF  1D03               	skipz
  3487     02F0  2AF7               	goto	u1515
  3488     02F1  0821               	movf	___aldiv@divisor+1,w
  3489     02F2  0225               	subwf	___aldiv@dividend+1,w
  3490     02F3  1D03               	skipz
  3491     02F4  2AF7               	goto	u1515
  3492     02F5  0820               	movf	___aldiv@divisor,w
  3493     02F6  0224               	subwf	___aldiv@dividend,w
  3494     02F7                     u1515:
  3495     02F7  1C03               	skipc
  3496     02F8  2AFA               	goto	u1511
  3497     02F9  2AFB               	goto	u1510
  3498     02FA                     u1511:
  3499     02FA  2B0A               	goto	l1365
  3500     02FB                     u1510:
  3501     02FB                     l1361:
  3502     02FB  0820               	movf	___aldiv@divisor,w
  3503     02FC  02A4               	subwf	___aldiv@dividend,f
  3504     02FD  0821               	movf	___aldiv@divisor+1,w
  3505     02FE  1C03               	skipc
  3506     02FF  0F21               	incfsz	___aldiv@divisor+1,w
  3507     0300  02A5               	subwf	___aldiv@dividend+1,f
  3508     0301  0822               	movf	___aldiv@divisor+2,w
  3509     0302  1C03               	skipc
  3510     0303  0F22               	incfsz	___aldiv@divisor+2,w
  3511     0304  02A6               	subwf	___aldiv@dividend+2,f
  3512     0305  0823               	movf	___aldiv@divisor+3,w
  3513     0306  1C03               	skipc
  3514     0307  0F23               	incfsz	___aldiv@divisor+3,w
  3515     0308  02A7               	subwf	___aldiv@dividend+3,f
  3516     0309                     l1363:
  3517     0309  142A               	bsf	___aldiv@quotient,0
  3518     030A                     l1365:
  3519     030A  3001               	movlw	1
  3520     030B                     u1525:
  3521     030B  1003               	clrc
  3522     030C  0CA3               	rrf	___aldiv@divisor+3,f
  3523     030D  0CA2               	rrf	___aldiv@divisor+2,f
  3524     030E  0CA1               	rrf	___aldiv@divisor+1,f
  3525     030F  0CA0               	rrf	___aldiv@divisor,f
  3526     0310  3EFF               	addlw	-1
  3527     0311  1D03               	skipz
  3528     0312  2B0B               	goto	u1525
  3529     0313                     l1367:
  3530     0313  3001               	movlw	1
  3531     0314  02A8               	subwf	___aldiv@counter,f
  3532     0315  1D03               	btfss	3,2
  3533     0316  2B18               	goto	u1531
  3534     0317  2B19               	goto	u1530
  3535     0318                     u1531:
  3536     0318  2AE0               	goto	l1357
  3537     0319                     u1530:
  3538     0319                     l1369:
  3539     0319  0829               	movf	___aldiv@sign,w
  3540     031A  1903               	btfsc	3,2
  3541     031B  2B1D               	goto	u1541
  3542     031C  2B1E               	goto	u1540
  3543     031D                     u1541:
  3544     031D  2B29               	goto	l1373
  3545     031E                     u1540:
  3546     031E                     l1371:
  3547     031E  09AA               	comf	___aldiv@quotient,f
  3548     031F  09AB               	comf	___aldiv@quotient+1,f
  3549     0320  09AC               	comf	___aldiv@quotient+2,f
  3550     0321  09AD               	comf	___aldiv@quotient+3,f
  3551     0322  0AAA               	incf	___aldiv@quotient,f
  3552     0323  1903               	skipnz
  3553     0324  0AAB               	incf	___aldiv@quotient+1,f
  3554     0325  1903               	skipnz
  3555     0326  0AAC               	incf	___aldiv@quotient+2,f
  3556     0327  1903               	skipnz
  3557     0328  0AAD               	incf	___aldiv@quotient+3,f
  3558     0329                     l1373:
  3559     0329  082D               	movf	___aldiv@quotient+3,w
  3560     032A  00A3               	movwf	?___aldiv+3
  3561     032B  082C               	movf	___aldiv@quotient+2,w
  3562     032C  00A2               	movwf	?___aldiv+2
  3563     032D  082B               	movf	___aldiv@quotient+1,w
  3564     032E  00A1               	movwf	?___aldiv+1
  3565     032F  082A               	movf	___aldiv@quotient,w
  3566     0330  00A0               	movwf	?___aldiv
  3567     0331                     l348:
  3568     0331  0008               	return
  3569     0332                     __end_of___aldiv:
  3570                           
  3571                           	psect	text15
  3572     016E                     __ptext15:	
  3573 ;; *************** function _LCD_putc *****************
  3574 ;; Defined at:
  3575 ;;		line 117 in file "lcd.c"
  3576 ;; Parameters:    Size  Location     Type
  3577 ;;  c               1    wreg     unsigned char 
  3578 ;; Auto vars:     Size  Location     Type
  3579 ;;  c               1   10[COMMON] unsigned char 
  3580 ;; Return value:  Size  Location     Type
  3581 ;;                  1    wreg      void 
  3582 ;; Registers used:
  3583 ;;		wreg, fsr0l, fsr0h, status,2, status,0, pclath, cstack
  3584 ;; Tracked objects:
  3585 ;;		On entry : 0/0
  3586 ;;		On exit  : 0/0
  3587 ;;		Unchanged: 0/0
  3588 ;; Data sizes:     COMMON   BANK0   BANK1   BANK3   BANK2
  3589 ;;      Params:         0       0       0       0       0
  3590 ;;      Locals:         1       0       0       0       0
  3591 ;;      Temps:          2       0       0       0       0
  3592 ;;      Totals:         3       0       0       0       0
  3593 ;;Total ram usage:        3 bytes
  3594 ;; Hardware stack levels used: 1
  3595 ;; This function calls:
  3596 ;;		_LCD_Out
  3597 ;; This function is called by:
  3598 ;;		_LCD_putrs
  3599 ;;		_LCD_PrintLong
  3600 ;;		_LCD_PrintResult100
  3601 ;;		_main
  3602 ;;		_LCD_puts
  3603 ;; This function uses a non-reentrant model
  3604 ;;
  3605                           
  3606     016E                     _LCD_putc:	
  3607                           ;psect for function _LCD_putc
  3608                           
  3609                           
  3610                           ;incstack = 0
  3611                           ; Regs used in _LCD_putc: [wreg-fsr0h+status,2+status,0+pclath+cstack]
  3612                           ;LCD_putc@c stored from wreg
  3613     016E  00FA               	movwf	LCD_putc@c
  3614     016F                     l1321:
  3615                           
  3616                           ;lcd.c: 119:    *(lcd.PORT) |= 1 << lcd.RS;
  3617     016F  1283               	bcf	3,5	;RP0=0, select bank0
  3618     0170  1303               	bcf	3,6	;RP1=0, select bank0
  3619     0171  085A               	movf	_lcd,w
  3620     0172  0084               	movwf	4
  3621     0173  1783               	bsf	3,7
  3622     0174  1C5B               	btfss	_lcd+1,0
  3623     0175  1383               	bcf	3,7
  3624     0176  3001               	movlw	1
  3625     0177  00F8               	movwf	??_LCD_putc
  3626     0178  085C               	movf	_lcd+2,w
  3627     0179  3907               	andlw	7
  3628     017A  3E01               	addlw	1
  3629     017B  297E               	goto	u1394
  3630     017C                     u1395:
  3631     017C  1003               	clrc
  3632     017D  0DF8               	rlf	??_LCD_putc,f
  3633     017E                     u1394:
  3634     017E  3EFF               	addlw	-1
  3635     017F  1D03               	skipz
  3636     0180  297C               	goto	u1395
  3637     0181  0878               	movf	??_LCD_putc,w
  3638     0182  0480               	iorwf	0,f
  3639     0183                     l1323:
  3640                           
  3641                           ;lcd.c: 120:     LCD_Out((c & 0xF0) >> 4);
  3642     0183  087A               	movf	LCD_putc@c,w
  3643     0184  00F8               	movwf	??_LCD_putc
  3644     0185  3004               	movlw	4
  3645     0186                     u1405:
  3646     0186  1003               	clrc
  3647     0187  0CF8               	rrf	??_LCD_putc,f
  3648     0188  3EFF               	addlw	-1
  3649     0189  1D03               	skipz
  3650     018A  2986               	goto	u1405
  3651     018B  0878               	movf	??_LCD_putc,w
  3652     018C  390F               	andlw	15
  3653     018D  120A  118A  2489  120A  118A  	fcall	_LCD_Out
  3654     0192                     l1325:
  3655                           
  3656                           ;lcd.c: 122:     *(lcd.PORT) |= 1 << lcd.EN;
  3657     0192  1283               	bcf	3,5	;RP0=0, select bank0
  3658     0193  1303               	bcf	3,6	;RP1=0, select bank0
  3659     0194  085A               	movf	_lcd,w
  3660     0195  0084               	movwf	4
  3661     0196  1783               	bsf	3,7
  3662     0197  1C5B               	btfss	_lcd+1,0
  3663     0198  1383               	bcf	3,7
  3664     0199  3001               	movlw	1
  3665     019A  00F8               	movwf	??_LCD_putc
  3666     019B  0C5C               	rrf	_lcd+2,w
  3667     019C  00F9               	movwf	??_LCD_putc+1
  3668     019D  0CF9               	rrf	??_LCD_putc+1,f
  3669     019E  0C79               	rrf	??_LCD_putc+1,w
  3670     019F  3907               	andlw	7
  3671     01A0  3E01               	addlw	1
  3672     01A1  29A4               	goto	u1414
  3673     01A2                     u1415:
  3674     01A2  1003               	clrc
  3675     01A3  0DF8               	rlf	??_LCD_putc,f
  3676     01A4                     u1414:
  3677     01A4  3EFF               	addlw	-1
  3678     01A5  1D03               	skipz
  3679     01A6  29A2               	goto	u1415
  3680     01A7  0878               	movf	??_LCD_putc,w
  3681     01A8  0480               	iorwf	0,f
  3682     01A9                     l1327:
  3683                           
  3684                           ;lcd.c: 123:     _delay((unsigned long)((40)*(8000000/4000000.0)));
  3685     01A9  301A               	movlw	26
  3686     01AA  00F8               	movwf	??_LCD_putc
  3687     01AB                     u2567:
  3688     01AB  0BF8               	decfsz	??_LCD_putc,f
  3689     01AC  29AB               	goto	u2567
  3690     01AD  0000               	nop
  3691     01AE                     l1329:
  3692                           
  3693                           ;lcd.c: 124:     *(lcd.PORT) &= ~(1 << lcd.EN);
  3694     01AE  1283               	bcf	3,5	;RP0=0, select bank0
  3695     01AF  1303               	bcf	3,6	;RP1=0, select bank0
  3696     01B0  085A               	movf	_lcd,w
  3697     01B1  0084               	movwf	4
  3698     01B2  1783               	bsf	3,7
  3699     01B3  1C5B               	btfss	_lcd+1,0
  3700     01B4  1383               	bcf	3,7
  3701     01B5  3001               	movlw	1
  3702     01B6  00F8               	movwf	??_LCD_putc
  3703     01B7  0C5C               	rrf	_lcd+2,w
  3704     01B8  00F9               	movwf	??_LCD_putc+1
  3705     01B9  0CF9               	rrf	??_LCD_putc+1,f
  3706     01BA  0C79               	rrf	??_LCD_putc+1,w
  3707     01BB  3907               	andlw	7
  3708     01BC  3E01               	addlw	1
  3709     01BD  29C0               	goto	u1424
  3710     01BE                     u1425:
  3711     01BE  1003               	clrc
  3712     01BF  0DF8               	rlf	??_LCD_putc,f
  3713     01C0                     u1424:
  3714     01C0  3EFF               	addlw	-1
  3715     01C1  1D03               	skipz
  3716     01C2  29BE               	goto	u1425
  3717     01C3  0878               	movf	??_LCD_putc,w
  3718     01C4  3AFF               	xorlw	255
  3719     01C5  0580               	andwf	0,f
  3720     01C6                     l1331:
  3721                           
  3722                           ;lcd.c: 126:     LCD_Out(c & 0x0F);
  3723     01C6  087A               	movf	LCD_putc@c,w
  3724     01C7  390F               	andlw	15
  3725     01C8  120A  118A  2489  120A  118A  	fcall	_LCD_Out
  3726     01CD                     l1333:
  3727                           
  3728                           ;lcd.c: 128:     *(lcd.PORT) |= 1 << lcd.EN;
  3729     01CD  1283               	bcf	3,5	;RP0=0, select bank0
  3730     01CE  1303               	bcf	3,6	;RP1=0, select bank0
  3731     01CF  085A               	movf	_lcd,w
  3732     01D0  0084               	movwf	4
  3733     01D1  1783               	bsf	3,7
  3734     01D2  1C5B               	btfss	_lcd+1,0
  3735     01D3  1383               	bcf	3,7
  3736     01D4  3001               	movlw	1
  3737     01D5  00F8               	movwf	??_LCD_putc
  3738     01D6  0C5C               	rrf	_lcd+2,w
  3739     01D7  00F9               	movwf	??_LCD_putc+1
  3740     01D8  0CF9               	rrf	??_LCD_putc+1,f
  3741     01D9  0C79               	rrf	??_LCD_putc+1,w
  3742     01DA  3907               	andlw	7
  3743     01DB  3E01               	addlw	1
  3744     01DC  29DF               	goto	u1434
  3745     01DD                     u1435:
  3746     01DD  1003               	clrc
  3747     01DE  0DF8               	rlf	??_LCD_putc,f
  3748     01DF                     u1434:
  3749     01DF  3EFF               	addlw	-1
  3750     01E0  1D03               	skipz
  3751     01E1  29DD               	goto	u1435
  3752     01E2  0878               	movf	??_LCD_putc,w
  3753     01E3  0480               	iorwf	0,f
  3754                           
  3755                           ;lcd.c: 129:     _delay((unsigned long)((40)*(8000000/4000000.0)));
  3756     01E4  301A               	movlw	26
  3757     01E5  00F8               	movwf	??_LCD_putc
  3758     01E6                     u2577:
  3759     01E6  0BF8               	decfsz	??_LCD_putc,f
  3760     01E7  29E6               	goto	u2577
  3761     01E8  0000               	nop
  3762     01E9                     l1335:
  3763                           
  3764                           ;lcd.c: 130:     *(lcd.PORT) &= ~(1 << lcd.EN);
  3765     01E9  1283               	bcf	3,5	;RP0=0, select bank0
  3766     01EA  1303               	bcf	3,6	;RP1=0, select bank0
  3767     01EB  085A               	movf	_lcd,w
  3768     01EC  0084               	movwf	4
  3769     01ED  1783               	bsf	3,7
  3770     01EE  1C5B               	btfss	_lcd+1,0
  3771     01EF  1383               	bcf	3,7
  3772     01F0  3001               	movlw	1
  3773     01F1  00F8               	movwf	??_LCD_putc
  3774     01F2  0C5C               	rrf	_lcd+2,w
  3775     01F3  00F9               	movwf	??_LCD_putc+1
  3776     01F4  0CF9               	rrf	??_LCD_putc+1,f
  3777     01F5  0C79               	rrf	??_LCD_putc+1,w
  3778     01F6  3907               	andlw	7
  3779     01F7  3E01               	addlw	1
  3780     01F8  29FB               	goto	u1444
  3781     01F9                     u1445:
  3782     01F9  1003               	clrc
  3783     01FA  0DF8               	rlf	??_LCD_putc,f
  3784     01FB                     u1444:
  3785     01FB  3EFF               	addlw	-1
  3786     01FC  1D03               	skipz
  3787     01FD  29F9               	goto	u1445
  3788     01FE  0878               	movf	??_LCD_putc,w
  3789     01FF  3AFF               	xorlw	255
  3790     0200  0580               	andwf	0,f
  3791     0201                     l55:
  3792     0201  0008               	return
  3793     0202                     __end_of_LCD_putc:
  3794                           
  3795                           	psect	text16
  3796     03DC                     __ptext16:	
  3797 ;; *************** function _LCD_Init *****************
  3798 ;; Defined at:
  3799 ;;		line 59 in file "lcd.c"
  3800 ;; Parameters:    Size  Location     Type
  3801 ;;  display         5    6[COMMON] struct .
  3802 ;; Auto vars:     Size  Location     Type
  3803 ;;  cmd             1   13[COMMON] unsigned char 
  3804 ;; Return value:  Size  Location     Type
  3805 ;;                  1    wreg      _Bool 
  3806 ;; Registers used:
  3807 ;;		wreg, fsr0l, fsr0h, status,2, status,0, pclath, cstack
  3808 ;; Tracked objects:
  3809 ;;		On entry : 0/0
  3810 ;;		On exit  : 0/0
  3811 ;;		Unchanged: 0/0
  3812 ;; Data sizes:     COMMON   BANK0   BANK1   BANK3   BANK2
  3813 ;;      Params:         5       0       0       0       0
  3814 ;;      Locals:         1       0       0       0       0
  3815 ;;      Temps:          2       0       0       0       0
  3816 ;;      Totals:         8       0       0       0       0
  3817 ;;Total ram usage:        8 bytes
  3818 ;; Hardware stack levels used: 1
  3819 ;; Hardware stack levels required when called: 2
  3820 ;; This function calls:
  3821 ;;		_LCD_Write
  3822 ;; This function is called by:
  3823 ;;		_main
  3824 ;; This function uses a non-reentrant model
  3825 ;;
  3826                           
  3827     03DC                     _LCD_Init:	
  3828                           ;psect for function _LCD_Init
  3829                           
  3830     03DC                     l1537:	
  3831                           ;incstack = 0
  3832                           ; Regs used in _LCD_Init: [wreg-fsr0h+status,2+status,0+pclath+cstack]
  3833                           
  3834                           
  3835                           ;lcd.c: 61:     lcd = display;
  3836     03DC  305A               	movlw	_lcd& (0+255)
  3837     03DD  0084               	movwf	4
  3838     03DE  0876               	movf	LCD_Init@display,w
  3839     03DF  1383               	bcf	3,7	;select IRP bank0
  3840     03E0  0080               	movwf	0
  3841     03E1  0A84               	incf	4,f
  3842     03E2  0877               	movf	LCD_Init@display+1,w
  3843     03E3  0080               	movwf	0
  3844     03E4  0A84               	incf	4,f
  3845     03E5  0878               	movf	LCD_Init@display+2,w
  3846     03E6  0080               	movwf	0
  3847     03E7  0A84               	incf	4,f
  3848     03E8  0879               	movf	LCD_Init@display+3,w
  3849     03E9  0080               	movwf	0
  3850     03EA  0A84               	incf	4,f
  3851     03EB  087A               	movf	LCD_Init@display+4,w
  3852     03EC  0080               	movwf	0
  3853     03ED                     l1539:
  3854                           
  3855                           ;lcd.c: 70:     if ( lcd.PORT == &PORTA ) {
  3856     03ED  3000               	movlw	0
  3857     03EE  1283               	bcf	3,5	;RP0=0, select bank0
  3858     03EF  1303               	bcf	3,6	;RP1=0, select bank0
  3859     03F0  065B               	xorwf	_lcd+1,w
  3860     03F1  1D03               	skipz
  3861     03F2  2BF5               	goto	u1955
  3862     03F3  3005               	movlw	5
  3863     03F4  065A               	xorwf	_lcd,w
  3864     03F5                     u1955:
  3865     03F5  1D03               	skipz
  3866     03F6  2BF8               	goto	u1951
  3867     03F7  2BF9               	goto	u1950
  3868     03F8                     u1951:
  3869     03F8  2BFD               	goto	l1543
  3870     03F9                     u1950:
  3871     03F9                     l1541:
  3872                           
  3873                           ;lcd.c: 71:         TRISA = 0x00;
  3874     03F9  1683               	bsf	3,5	;RP0=1, select bank1
  3875     03FA  1303               	bcf	3,6	;RP1=0, select bank1
  3876     03FB  0185               	clrf	5	;volatile
  3877                           
  3878                           ;lcd.c: 72:     }
  3879     03FC  2C18               	goto	l1551
  3880     03FD                     l1543:
  3881     03FD  3000               	movlw	0
  3882     03FE  065B               	xorwf	_lcd+1,w
  3883     03FF  1D03               	skipz
  3884     0400  2C03               	goto	u1965
  3885     0401  3006               	movlw	6
  3886     0402  065A               	xorwf	_lcd,w
  3887     0403                     u1965:
  3888     0403  1D03               	skipz
  3889     0404  2C06               	goto	u1961
  3890     0405  2C07               	goto	u1960
  3891     0406                     u1961:
  3892     0406  2C0B               	goto	l1547
  3893     0407                     u1960:
  3894     0407                     l1545:
  3895                           
  3896                           ;lcd.c: 74:         TRISB = 0x00;
  3897     0407  1683               	bsf	3,5	;RP0=1, select bank1
  3898     0408  1303               	bcf	3,6	;RP1=0, select bank1
  3899     0409  0186               	clrf	6	;volatile
  3900                           
  3901                           ;lcd.c: 75:     }
  3902     040A  2C18               	goto	l1551
  3903     040B                     l1547:
  3904     040B  3000               	movlw	0
  3905     040C  065B               	xorwf	_lcd+1,w
  3906     040D  1D03               	skipz
  3907     040E  2C11               	goto	u1975
  3908     040F  3007               	movlw	7
  3909     0410  065A               	xorwf	_lcd,w
  3910     0411                     u1975:
  3911     0411  1D03               	skipz
  3912     0412  2C14               	goto	u1971
  3913     0413  2C15               	goto	u1970
  3914     0414                     u1971:
  3915     0414  2C88               	goto	l39
  3916     0415                     u1970:
  3917     0415                     l1549:
  3918                           
  3919                           ;lcd.c: 77:         TRISC = 0x00;
  3920     0415  1683               	bsf	3,5	;RP0=1, select bank1
  3921     0416  1303               	bcf	3,6	;RP1=0, select bank1
  3922     0417  0187               	clrf	7	;volatile
  3923     0418                     l1551:	
  3924                           ;lcd.c: 78:     }
  3925                           
  3926                           
  3927                           ;lcd.c: 92:     _delay((unsigned long)((20)*(8000000/4000.0)));
  3928     0418  3034               	movlw	52
  3929     0419  00FC               	movwf	??_LCD_Init+1
  3930     041A  30F1               	movlw	241
  3931     041B  00FB               	movwf	??_LCD_Init
  3932     041C                     u2587:
  3933     041C  0BFB               	decfsz	??_LCD_Init,f
  3934     041D  2C1C               	goto	u2587
  3935     041E  0BFC               	decfsz	??_LCD_Init+1,f
  3936     041F  2C1C               	goto	u2587
  3937     0420  2C21               	nop2
  3938     0421                     l1553:
  3939                           
  3940                           ;lcd.c: 95:     LCD_Write(0x03);
  3941     0421  3003               	movlw	3
  3942     0422  120A  158A  2754  120A  118A  	fcall	_LCD_Write
  3943     0427                     l1555:
  3944                           
  3945                           ;lcd.c: 96:     _delay((unsigned long)((5)*(8000000/4000.0)));
  3946     0427  300D               	movlw	13
  3947     0428  00FC               	movwf	??_LCD_Init+1
  3948     0429  30FB               	movlw	251
  3949     042A  00FB               	movwf	??_LCD_Init
  3950     042B                     u2597:
  3951     042B  0BFB               	decfsz	??_LCD_Init,f
  3952     042C  2C2B               	goto	u2597
  3953     042D  0BFC               	decfsz	??_LCD_Init+1,f
  3954     042E  2C2B               	goto	u2597
  3955     042F  2C30               	nop2
  3956                           
  3957                           ;lcd.c: 97:     LCD_Write(0x03);
  3958     0430  3003               	movlw	3
  3959     0431  120A  158A  2754  120A  118A  	fcall	_LCD_Write
  3960     0436                     l1557:
  3961                           
  3962                           ;lcd.c: 98:     _delay((unsigned long)((16)*(8000000/4000.0)));
  3963     0436  302A               	movlw	42
  3964     0437  00FC               	movwf	??_LCD_Init+1
  3965     0438  308D               	movlw	141
  3966     0439  00FB               	movwf	??_LCD_Init
  3967     043A                     u2607:
  3968     043A  0BFB               	decfsz	??_LCD_Init,f
  3969     043B  2C3A               	goto	u2607
  3970     043C  0BFC               	decfsz	??_LCD_Init+1,f
  3971     043D  2C3A               	goto	u2607
  3972     043E  2C3F               	nop2
  3973     043F                     l1559:
  3974                           
  3975                           ;lcd.c: 99:     LCD_Write(0x03);
  3976     043F  3003               	movlw	3
  3977     0440  120A  158A  2754  120A  118A  	fcall	_LCD_Write
  3978     0445                     l1561:
  3979                           
  3980                           ;lcd.c: 102:     LCD_Write(0x02);
  3981     0445  3002               	movlw	2
  3982     0446  120A  158A  2754  120A  118A  	fcall	_LCD_Write
  3983     044B                     l1563:
  3984     044B  3002               	movlw	2
  3985     044C  120A  158A  2754  120A  118A  	fcall	_LCD_Write
  3986     0451                     l1565:
  3987     0451  3008               	movlw	8
  3988     0452  120A  158A  2754  120A  118A  	fcall	_LCD_Write
  3989     0457                     l1567:
  3990     0457  3000               	movlw	0
  3991     0458  120A  158A  2754  120A  118A  	fcall	_LCD_Write
  3992     045D                     l1569:
  3993     045D  3006               	movlw	6
  3994     045E  120A  158A  2754  120A  118A  	fcall	_LCD_Write
  3995     0463                     l1571:
  3996     0463  3008               	movlw	8
  3997     0464  00FD               	movwf	LCD_Init@cmd
  3998     0465                     l1573:
  3999     0465  157D               	bsf	LCD_Init@cmd,2
  4000     0466                     l1579:
  4001     0466  087D               	movf	LCD_Init@cmd,w
  4002     0467  00FB               	movwf	??_LCD_Init
  4003     0468  3004               	movlw	4
  4004     0469                     u1985:
  4005     0469  1003               	clrc
  4006     046A  0CFB               	rrf	??_LCD_Init,f
  4007     046B  3EFF               	addlw	-1
  4008     046C  1D03               	skipz
  4009     046D  2C69               	goto	u1985
  4010     046E  087B               	movf	??_LCD_Init,w
  4011     046F  390F               	andlw	15
  4012     0470  120A  158A  2754  120A  118A  	fcall	_LCD_Write
  4013     0475  087D               	movf	LCD_Init@cmd,w
  4014     0476  390F               	andlw	15
  4015     0477  120A  158A  2754  120A  118A  	fcall	_LCD_Write
  4016     047C                     l51:	
  4017                           ;lcd.c: 112:     do { LCD_Write( (0x01 & 0xF0) >> 4 ); LCD_Write( 0x01 & 0x0F); } while 
      +                          ( 0 );
  4018                           
  4019     047C  3000               	movlw	0
  4020     047D  120A  158A  2754  120A  118A  	fcall	_LCD_Write
  4021     0482  3001               	movlw	1
  4022     0483  120A  158A  2754  120A  118A  	fcall	_LCD_Write
  4023     0488                     l39:
  4024     0488  0008               	return
  4025     0489                     __end_of_LCD_Init:
  4026                           
  4027                           	psect	text17
  4028     0F54                     __ptext17:	
  4029 ;; *************** function _LCD_Write *****************
  4030 ;; Defined at:
  4031 ;;		line 48 in file "lcd.c"
  4032 ;; Parameters:    Size  Location     Type
  4033 ;;  c               1    wreg     unsigned char 
  4034 ;; Auto vars:     Size  Location     Type
  4035 ;;  c               1    5[COMMON] unsigned char 
  4036 ;; Return value:  Size  Location     Type
  4037 ;;                  1    wreg      void 
  4038 ;; Registers used:
  4039 ;;		wreg, fsr0l, fsr0h, status,2, status,0, pclath, cstack
  4040 ;; Tracked objects:
  4041 ;;		On entry : 0/0
  4042 ;;		On exit  : 0/0
  4043 ;;		Unchanged: 0/0
  4044 ;; Data sizes:     COMMON   BANK0   BANK1   BANK3   BANK2
  4045 ;;      Params:         0       0       0       0       0
  4046 ;;      Locals:         1       0       0       0       0
  4047 ;;      Temps:          2       0       0       0       0
  4048 ;;      Totals:         3       0       0       0       0
  4049 ;;Total ram usage:        3 bytes
  4050 ;; Hardware stack levels used: 1
  4051 ;; This function calls:
  4052 ;;		_LCD_Out
  4053 ;; This function is called by:
  4054 ;;		_LCD_Init
  4055 ;;		_main
  4056 ;;		_LCD_Custom_Char
  4057 ;; This function uses a non-reentrant model
  4058 ;;
  4059                           
  4060     0F54                     _LCD_Write:	
  4061                           ;psect for function _LCD_Write
  4062                           
  4063                           
  4064                           ;incstack = 0
  4065                           ; Regs used in _LCD_Write: [wreg-fsr0h+status,2+status,0+pclath+cstack]
  4066                           ;LCD_Write@c stored from wreg
  4067     0F54  00F5               	movwf	LCD_Write@c
  4068     0F55                     l1409:
  4069                           
  4070                           ;lcd.c: 50:     *(lcd.PORT) &= ~(1 << lcd.RS);
  4071     0F55  1283               	bcf	3,5	;RP0=0, select bank0
  4072     0F56  1303               	bcf	3,6	;RP1=0, select bank0
  4073     0F57  085A               	movf	_lcd,w
  4074     0F58  0084               	movwf	4
  4075     0F59  1783               	bsf	3,7
  4076     0F5A  1C5B               	btfss	_lcd+1,0
  4077     0F5B  1383               	bcf	3,7
  4078     0F5C  3001               	movlw	1
  4079     0F5D  00F3               	movwf	??_LCD_Write
  4080     0F5E  085C               	movf	_lcd+2,w
  4081     0F5F  3907               	andlw	7
  4082     0F60  3E01               	addlw	1
  4083     0F61  2F64               	goto	u1644
  4084     0F62                     u1645:
  4085     0F62  1003               	clrc
  4086     0F63  0DF3               	rlf	??_LCD_Write,f
  4087     0F64                     u1644:
  4088     0F64  3EFF               	addlw	-1
  4089     0F65  1D03               	skipz
  4090     0F66  2F62               	goto	u1645
  4091     0F67  0873               	movf	??_LCD_Write,w
  4092     0F68  3AFF               	xorlw	255
  4093     0F69  0580               	andwf	0,f
  4094     0F6A                     l1411:
  4095                           
  4096                           ;lcd.c: 51:     LCD_Out(c);
  4097     0F6A  0875               	movf	LCD_Write@c,w
  4098     0F6B  120A  118A  2489  120A  158A  	fcall	_LCD_Out
  4099     0F70                     l1413:
  4100                           
  4101                           ;lcd.c: 53:     *(lcd.PORT) |= 1 << lcd.EN;
  4102     0F70  1283               	bcf	3,5	;RP0=0, select bank0
  4103     0F71  1303               	bcf	3,6	;RP1=0, select bank0
  4104     0F72  085A               	movf	_lcd,w
  4105     0F73  0084               	movwf	4
  4106     0F74  1783               	bsf	3,7
  4107     0F75  1C5B               	btfss	_lcd+1,0
  4108     0F76  1383               	bcf	3,7
  4109     0F77  3001               	movlw	1
  4110     0F78  00F3               	movwf	??_LCD_Write
  4111     0F79  0C5C               	rrf	_lcd+2,w
  4112     0F7A  00F4               	movwf	??_LCD_Write+1
  4113     0F7B  0CF4               	rrf	??_LCD_Write+1,f
  4114     0F7C  0C74               	rrf	??_LCD_Write+1,w
  4115     0F7D  3907               	andlw	7
  4116     0F7E  3E01               	addlw	1
  4117     0F7F  2F82               	goto	u1654
  4118     0F80                     u1655:
  4119     0F80  1003               	clrc
  4120     0F81  0DF3               	rlf	??_LCD_Write,f
  4121     0F82                     u1654:
  4122     0F82  3EFF               	addlw	-1
  4123     0F83  1D03               	skipz
  4124     0F84  2F80               	goto	u1655
  4125     0F85  0873               	movf	??_LCD_Write,w
  4126     0F86  0480               	iorwf	0,f
  4127     0F87                     l1415:
  4128                           
  4129                           ;lcd.c: 54:     _delay((unsigned long)((4)*(8000000/4000.0)));
  4130     0F87  300B               	movlw	11
  4131     0F88  00F4               	movwf	??_LCD_Write+1
  4132     0F89  3062               	movlw	98
  4133     0F8A  00F3               	movwf	??_LCD_Write
  4134     0F8B                     u2617:
  4135     0F8B  0BF3               	decfsz	??_LCD_Write,f
  4136     0F8C  2F8B               	goto	u2617
  4137     0F8D  0BF4               	decfsz	??_LCD_Write+1,f
  4138     0F8E  2F8B               	goto	u2617
  4139     0F8F  0000               	nop
  4140     0F90                     l1417:
  4141                           
  4142                           ;lcd.c: 55:     *(lcd.PORT) &= ~(1 << lcd.EN);
  4143     0F90  1283               	bcf	3,5	;RP0=0, select bank0
  4144     0F91  1303               	bcf	3,6	;RP1=0, select bank0
  4145     0F92  085A               	movf	_lcd,w
  4146     0F93  0084               	movwf	4
  4147     0F94  1783               	bsf	3,7
  4148     0F95  1C5B               	btfss	_lcd+1,0
  4149     0F96  1383               	bcf	3,7
  4150     0F97  3001               	movlw	1
  4151     0F98  00F3               	movwf	??_LCD_Write
  4152     0F99  0C5C               	rrf	_lcd+2,w
  4153     0F9A  00F4               	movwf	??_LCD_Write+1
  4154     0F9B  0CF4               	rrf	??_LCD_Write+1,f
  4155     0F9C  0C74               	rrf	??_LCD_Write+1,w
  4156     0F9D  3907               	andlw	7
  4157     0F9E  3E01               	addlw	1
  4158     0F9F  2FA2               	goto	u1664
  4159     0FA0                     u1665:
  4160     0FA0  1003               	clrc
  4161     0FA1  0DF3               	rlf	??_LCD_Write,f
  4162     0FA2                     u1664:
  4163     0FA2  3EFF               	addlw	-1
  4164     0FA3  1D03               	skipz
  4165     0FA4  2FA0               	goto	u1665
  4166     0FA5  0873               	movf	??_LCD_Write,w
  4167     0FA6  3AFF               	xorlw	255
  4168     0FA7  0580               	andwf	0,f
  4169     0FA8                     l30:
  4170     0FA8  0008               	return
  4171     0FA9                     __end_of_LCD_Write:
  4172                           
  4173                           	psect	text18
  4174     0489                     __ptext18:	
  4175 ;; *************** function _LCD_Out *****************
  4176 ;; Defined at:
  4177 ;;		line 16 in file "lcd.c"
  4178 ;; Parameters:    Size  Location     Type
  4179 ;;  c               1    wreg     unsigned char 
  4180 ;; Auto vars:     Size  Location     Type
  4181 ;;  c               1    2[COMMON] unsigned char 
  4182 ;; Return value:  Size  Location     Type
  4183 ;;                  1    wreg      void 
  4184 ;; Registers used:
  4185 ;;		wreg, fsr0l, fsr0h, status,2, status,0
  4186 ;; Tracked objects:
  4187 ;;		On entry : 0/0
  4188 ;;		On exit  : 0/0
  4189 ;;		Unchanged: 0/0
  4190 ;; Data sizes:     COMMON   BANK0   BANK1   BANK3   BANK2
  4191 ;;      Params:         0       0       0       0       0
  4192 ;;      Locals:         1       0       0       0       0
  4193 ;;      Temps:          2       0       0       0       0
  4194 ;;      Totals:         3       0       0       0       0
  4195 ;;Total ram usage:        3 bytes
  4196 ;; Hardware stack levels used: 1
  4197 ;; This function calls:
  4198 ;;		Nothing
  4199 ;; This function is called by:
  4200 ;;		_LCD_Write
  4201 ;;		_LCD_putc
  4202 ;;		_LCD_Custom_Char
  4203 ;; This function uses a non-reentrant model
  4204 ;;
  4205                           
  4206     0489                     _LCD_Out:	
  4207                           ;psect for function _LCD_Out
  4208                           
  4209                           
  4210                           ;incstack = 0
  4211                           ; Regs used in _LCD_Out: [wreg-fsr0h+status,2+status,0]
  4212                           ;LCD_Out@c stored from wreg
  4213     0489  00F2               	movwf	LCD_Out@c
  4214     048A                     l1297:
  4215                           
  4216                           ;lcd.c: 18:     if ( c & 1 ){
  4217     048A  1C72               	btfss	LCD_Out@c,0
  4218     048B  2C8D               	goto	u1271
  4219     048C  2C8E               	goto	u1270
  4220     048D                     u1271:
  4221     048D  2CA3               	goto	l1301
  4222     048E                     u1270:
  4223     048E                     l1299:
  4224                           
  4225                           ;lcd.c: 19:         *(lcd.PORT) |= 1 << lcd.D4;
  4226     048E  1283               	bcf	3,5	;RP0=0, select bank0
  4227     048F  1303               	bcf	3,6	;RP1=0, select bank0
  4228     0490  085A               	movf	_lcd,w
  4229     0491  0084               	movwf	4
  4230     0492  1783               	bsf	3,7
  4231     0493  1C5B               	btfss	_lcd+1,0
  4232     0494  1383               	bcf	3,7
  4233     0495  3001               	movlw	1
  4234     0496  00F0               	movwf	??_LCD_Out
  4235     0497  085D               	movf	_lcd+3,w
  4236     0498  3907               	andlw	7
  4237     0499  3E01               	addlw	1
  4238     049A  2C9D               	goto	u1284
  4239     049B                     u1285:
  4240     049B  1003               	clrc
  4241     049C  0DF0               	rlf	??_LCD_Out,f
  4242     049D                     u1284:
  4243     049D  3EFF               	addlw	-1
  4244     049E  1D03               	skipz
  4245     049F  2C9B               	goto	u1285
  4246     04A0  0870               	movf	??_LCD_Out,w
  4247     04A1  0480               	iorwf	0,f
  4248                           
  4249                           ;lcd.c: 20:     }
  4250     04A2  2CB8               	goto	l1303
  4251     04A3                     l1301:
  4252                           
  4253                           ;lcd.c: 22:          *(lcd.PORT) &= ~(1 << lcd.D4);
  4254     04A3  1283               	bcf	3,5	;RP0=0, select bank0
  4255     04A4  1303               	bcf	3,6	;RP1=0, select bank0
  4256     04A5  085A               	movf	_lcd,w
  4257     04A6  0084               	movwf	4
  4258     04A7  1783               	bsf	3,7
  4259     04A8  1C5B               	btfss	_lcd+1,0
  4260     04A9  1383               	bcf	3,7
  4261     04AA  3001               	movlw	1
  4262     04AB  00F0               	movwf	??_LCD_Out
  4263     04AC  085D               	movf	_lcd+3,w
  4264     04AD  3907               	andlw	7
  4265     04AE  3E01               	addlw	1
  4266     04AF  2CB2               	goto	u1294
  4267     04B0                     u1295:
  4268     04B0  1003               	clrc
  4269     04B1  0DF0               	rlf	??_LCD_Out,f
  4270     04B2                     u1294:
  4271     04B2  3EFF               	addlw	-1
  4272     04B3  1D03               	skipz
  4273     04B4  2CB0               	goto	u1295
  4274     04B5  0870               	movf	??_LCD_Out,w
  4275     04B6  3AFF               	xorlw	255
  4276     04B7  0580               	andwf	0,f
  4277     04B8                     l1303:
  4278                           
  4279                           ;lcd.c: 25:     if ( c & 2 ) {
  4280     04B8  1CF2               	btfss	LCD_Out@c,1
  4281     04B9  2CBB               	goto	u1301
  4282     04BA  2CBC               	goto	u1300
  4283     04BB                     u1301:
  4284     04BB  2CD2               	goto	l1307
  4285     04BC                     u1300:
  4286     04BC                     l1305:
  4287                           
  4288                           ;lcd.c: 26:         *(lcd.PORT) |= 1 << lcd.D5;
  4289     04BC  085A               	movf	_lcd,w
  4290     04BD  0084               	movwf	4
  4291     04BE  1783               	bsf	3,7
  4292     04BF  1C5B               	btfss	_lcd+1,0
  4293     04C0  1383               	bcf	3,7
  4294     04C1  3001               	movlw	1
  4295     04C2  00F0               	movwf	??_LCD_Out
  4296     04C3  0C5D               	rrf	_lcd+3,w
  4297     04C4  00F1               	movwf	??_LCD_Out+1
  4298     04C5  0CF1               	rrf	??_LCD_Out+1,f
  4299     04C6  0C71               	rrf	??_LCD_Out+1,w
  4300     04C7  3907               	andlw	7
  4301     04C8  3E01               	addlw	1
  4302     04C9  2CCC               	goto	u1314
  4303     04CA                     u1315:
  4304     04CA  1003               	clrc
  4305     04CB  0DF0               	rlf	??_LCD_Out,f
  4306     04CC                     u1314:
  4307     04CC  3EFF               	addlw	-1
  4308     04CD  1D03               	skipz
  4309     04CE  2CCA               	goto	u1315
  4310     04CF  0870               	movf	??_LCD_Out,w
  4311     04D0  0480               	iorwf	0,f
  4312                           
  4313                           ;lcd.c: 27:     }
  4314     04D1  2CE8               	goto	l1309
  4315     04D2                     l1307:
  4316                           
  4317                           ;lcd.c: 29:         *(lcd.PORT) &= ~(1 << lcd.D5);
  4318     04D2  085A               	movf	_lcd,w
  4319     04D3  0084               	movwf	4
  4320     04D4  1783               	bsf	3,7
  4321     04D5  1C5B               	btfss	_lcd+1,0
  4322     04D6  1383               	bcf	3,7
  4323     04D7  3001               	movlw	1
  4324     04D8  00F0               	movwf	??_LCD_Out
  4325     04D9  0C5D               	rrf	_lcd+3,w
  4326     04DA  00F1               	movwf	??_LCD_Out+1
  4327     04DB  0CF1               	rrf	??_LCD_Out+1,f
  4328     04DC  0C71               	rrf	??_LCD_Out+1,w
  4329     04DD  3907               	andlw	7
  4330     04DE  3E01               	addlw	1
  4331     04DF  2CE2               	goto	u1324
  4332     04E0                     u1325:
  4333     04E0  1003               	clrc
  4334     04E1  0DF0               	rlf	??_LCD_Out,f
  4335     04E2                     u1324:
  4336     04E2  3EFF               	addlw	-1
  4337     04E3  1D03               	skipz
  4338     04E4  2CE0               	goto	u1325
  4339     04E5  0870               	movf	??_LCD_Out,w
  4340     04E6  3AFF               	xorlw	255
  4341     04E7  0580               	andwf	0,f
  4342     04E8                     l1309:
  4343                           
  4344                           ;lcd.c: 32:     if ( c & 4 ) {
  4345     04E8  1D72               	btfss	LCD_Out@c,2
  4346     04E9  2CEB               	goto	u1331
  4347     04EA  2CEC               	goto	u1330
  4348     04EB                     u1331:
  4349     04EB  2CFF               	goto	l1313
  4350     04EC                     u1330:
  4351     04EC                     l1311:
  4352                           
  4353                           ;lcd.c: 33:         *(lcd.PORT) |= 1 << lcd.D6;
  4354     04EC  085A               	movf	_lcd,w
  4355     04ED  0084               	movwf	4
  4356     04EE  1783               	bsf	3,7
  4357     04EF  1C5B               	btfss	_lcd+1,0
  4358     04F0  1383               	bcf	3,7
  4359     04F1  3001               	movlw	1
  4360     04F2  00F0               	movwf	??_LCD_Out
  4361     04F3  085E               	movf	_lcd+4,w
  4362     04F4  3907               	andlw	7
  4363     04F5  3E01               	addlw	1
  4364     04F6  2CF9               	goto	u1344
  4365     04F7                     u1345:
  4366     04F7  1003               	clrc
  4367     04F8  0DF0               	rlf	??_LCD_Out,f
  4368     04F9                     u1344:
  4369     04F9  3EFF               	addlw	-1
  4370     04FA  1D03               	skipz
  4371     04FB  2CF7               	goto	u1345
  4372     04FC  0870               	movf	??_LCD_Out,w
  4373     04FD  0480               	iorwf	0,f
  4374                           
  4375                           ;lcd.c: 34:     }
  4376     04FE  2D12               	goto	l1315
  4377     04FF                     l1313:
  4378                           
  4379                           ;lcd.c: 36:         *(lcd.PORT) &= ~(1 << lcd.D6);
  4380     04FF  085A               	movf	_lcd,w
  4381     0500  0084               	movwf	4
  4382     0501  1783               	bsf	3,7
  4383     0502  1C5B               	btfss	_lcd+1,0
  4384     0503  1383               	bcf	3,7
  4385     0504  3001               	movlw	1
  4386     0505  00F0               	movwf	??_LCD_Out
  4387     0506  085E               	movf	_lcd+4,w
  4388     0507  3907               	andlw	7
  4389     0508  3E01               	addlw	1
  4390     0509  2D0C               	goto	u1354
  4391     050A                     u1355:
  4392     050A  1003               	clrc
  4393     050B  0DF0               	rlf	??_LCD_Out,f
  4394     050C                     u1354:
  4395     050C  3EFF               	addlw	-1
  4396     050D  1D03               	skipz
  4397     050E  2D0A               	goto	u1355
  4398     050F  0870               	movf	??_LCD_Out,w
  4399     0510  3AFF               	xorlw	255
  4400     0511  0580               	andwf	0,f
  4401     0512                     l1315:
  4402                           
  4403                           ;lcd.c: 39:     if ( c & 8 ) {
  4404     0512  1DF2               	btfss	LCD_Out@c,3
  4405     0513  2D15               	goto	u1361
  4406     0514  2D16               	goto	u1360
  4407     0515                     u1361:
  4408     0515  2D2C               	goto	l1319
  4409     0516                     u1360:
  4410     0516                     l1317:
  4411                           
  4412                           ;lcd.c: 40:          *(lcd.PORT) |= 1 << lcd.D7;
  4413     0516  085A               	movf	_lcd,w
  4414     0517  0084               	movwf	4
  4415     0518  1783               	bsf	3,7
  4416     0519  1C5B               	btfss	_lcd+1,0
  4417     051A  1383               	bcf	3,7
  4418     051B  3001               	movlw	1
  4419     051C  00F0               	movwf	??_LCD_Out
  4420     051D  0C5E               	rrf	_lcd+4,w
  4421     051E  00F1               	movwf	??_LCD_Out+1
  4422     051F  0CF1               	rrf	??_LCD_Out+1,f
  4423     0520  0C71               	rrf	??_LCD_Out+1,w
  4424     0521  3907               	andlw	7
  4425     0522  3E01               	addlw	1
  4426     0523  2D26               	goto	u1374
  4427     0524                     u1375:
  4428     0524  1003               	clrc
  4429     0525  0DF0               	rlf	??_LCD_Out,f
  4430     0526                     u1374:
  4431     0526  3EFF               	addlw	-1
  4432     0527  1D03               	skipz
  4433     0528  2D24               	goto	u1375
  4434     0529  0870               	movf	??_LCD_Out,w
  4435     052A  0480               	iorwf	0,f
  4436                           
  4437                           ;lcd.c: 41:     }
  4438     052B  2D42               	goto	l27
  4439     052C                     l1319:
  4440                           
  4441                           ;lcd.c: 43:          *(lcd.PORT) &= ~(1 << lcd.D7);
  4442     052C  085A               	movf	_lcd,w
  4443     052D  0084               	movwf	4
  4444     052E  1783               	bsf	3,7
  4445     052F  1C5B               	btfss	_lcd+1,0
  4446     0530  1383               	bcf	3,7
  4447     0531  3001               	movlw	1
  4448     0532  00F0               	movwf	??_LCD_Out
  4449     0533  0C5E               	rrf	_lcd+4,w
  4450     0534  00F1               	movwf	??_LCD_Out+1
  4451     0535  0CF1               	rrf	??_LCD_Out+1,f
  4452     0536  0C71               	rrf	??_LCD_Out+1,w
  4453     0537  3907               	andlw	7
  4454     0538  3E01               	addlw	1
  4455     0539  2D3C               	goto	u1384
  4456     053A                     u1385:
  4457     053A  1003               	clrc
  4458     053B  0DF0               	rlf	??_LCD_Out,f
  4459     053C                     u1384:
  4460     053C  3EFF               	addlw	-1
  4461     053D  1D03               	skipz
  4462     053E  2D3A               	goto	u1385
  4463     053F  0870               	movf	??_LCD_Out,w
  4464     0540  3AFF               	xorlw	255
  4465     0541  0580               	andwf	0,f
  4466     0542                     l27:
  4467     0542  0008               	return
  4468     0543                     __end_of_LCD_Out:
  4469     0002                     ___latbits      equ	2
  4470     007E                     btemp           set	126	;btemp
  4471     007E                     btemp0          set	126
  4472     007F                     btemp1          set	127
  4473     007E                     wtemp0          set	126
  4474     007F                     wtemp0a         set	127
  4475     007F                     ttemp0a         set	127
  4476     0080                     ltemp0a         set	128
  4477                           
  4478                           	psect	config
  4479                           
  4480                           ;Config register CONFIG1 @ 0x2007
  4481                           ;	Oscillator Selection bits
  4482                           ;	FOSC = HS, HS oscillator: High-speed crystal/resonator on RA6/OSC2/CLKOUT and RA7/OSC1
      +                          /CLKIN
  4483                           ;	Watchdog Timer Enable bit
  4484                           ;	WDTE = OFF, WDT disabled and can be enabled by SWDTEN bit of the WDTCON register
  4485                           ;	Power-up Timer Enable bit
  4486                           ;	PWRTE = OFF, PWRT disabled
  4487                           ;	RE3/MCLR pin function select bit
  4488                           ;	MCLRE = 0x1, unprogrammed default
  4489                           ;	Code Protection bit
  4490                           ;	CP = OFF, Program memory code protection is disabled
  4491                           ;	Data Code Protection bit
  4492                           ;	CPD = OFF, Data memory code protection is disabled
  4493                           ;	Brown Out Reset Selection bits
  4494                           ;	BOREN = ON, BOR enabled
  4495                           ;	Internal External Switchover bit
  4496                           ;	IESO = 0x1, unprogrammed default
  4497                           ;	Fail-Safe Clock Monitor Enabled bit
  4498                           ;	FCMEN = 0x1, unprogrammed default
  4499                           ;	Low Voltage Programming Enable bit
  4500                           ;	LVP = OFF, RB3 pin has digital I/O, HV on MCLR must be used for programming
  4501                           ;	In-Circuit Debugger Mode bit
  4502                           ;	DEBUG = 0x1, unprogrammed default
  4503     2007                     	org	8199
  4504     2007  2FF2               	dw	12274
  4505                           
  4506                           ;Config register CONFIG2 @ 0x2008
  4507                           ;	Brown-out Reset Selection bit
  4508                           ;	BOR4V = 0x1, unprogrammed default
  4509                           ;	Flash Program Memory Self Write Enable bits
  4510                           ;	WRT = OFF, Write protection off
  4511     2008                     	org	8200
  4512     2008  3FFF               	dw	16383

Data Sizes:
    Strings     12
    Constant    16
    Data        5
    BSS         5
    Persistent  0
    Stack       0

Auto Spaces:
    Space          Size  Autos    Used
    COMMON           14     14      14
    BANK0            80     58      68
    BANK1            80      0       0
    BANK3            96      0       0
    BANK2            96      0       0

Pointer List with Targets:

    calc100@ok	PTR _Bool  size(1) Largest target is 1
		 -> main@ok(BANK0[1]), 

    display$PORT	PTR volatile unsigned char  size(2) Largest target is 1
		 -> PORTC(SFR0[1]), 

    F1871$PORT	PTR volatile unsigned char  size(2) Largest target is 1
		 -> PORTC(SFR0[1]), 

    lcd$PORT	PTR volatile unsigned char  size(2) Largest target is 1
		 -> PORTC(SFR0[1]), 

    LCD_putrs@a	PTR const unsigned char  size(1) Largest target is 12
		 -> STR_1(CODE[12]), 

    S22$PORT	PTR volatile unsigned char  size(2) Largest target is 1
		 -> PORTC(SFR0[1]), 

    screen$PORT	PTR volatile unsigned char  size(2) Largest target is 1
		 -> PORTC(SFR0[1]), 


Critical Paths under _main in COMMON

    _main->_LCD_Init
    _main->_LCD_putrs
    _calc100->___aldiv
    _LCD_putrs->_LCD_putc
    _LCD_PrintResult100->___aldiv
    _LCD_PrintLong->___aldiv
    ___aldiv->___lmul
    _LCD_putc->___awdiv
    _LCD_Init->_LCD_Write
    _LCD_Write->_LCD_Out

Critical Paths under _main in BANK0

    _main->_LCD_PrintResult100
    _calc100->___aldiv
    _LCD_PrintResult100->_LCD_PrintLong
    _LCD_PrintLong->___aldiv

Critical Paths under _main in BANK1

    None.

Critical Paths under _main in BANK3

    None.

Critical Paths under _main in BANK2

    None.

Call Graph Tables:

 ---------------------------------------------------------------------------------
 (Depth) Function   	        Calls       Base Space   Used Autos Params    Refs
 ---------------------------------------------------------------------------------
 (0) _main                                                17    17      0    5296
                                             41 BANK0     17    17      0
                           _LCD_Init
                 _LCD_PrintResult100
                          _LCD_Write
                           _LCD_putc
                          _LCD_putrs
                       _Teclado_Init
                       _Teclado_Read
                             ___wmul
                            _calc100
                         _isDigitKey
                      _isOperatorKey
 ---------------------------------------------------------------------------------
 (1) _isOperatorKey                                        2     2      0     140
                                              0 COMMON     2     2      0
 ---------------------------------------------------------------------------------
 (1) _isDigitKey                                           2     2      0      82
                                              0 COMMON     2     2      0
 ---------------------------------------------------------------------------------
 (1) _calc100                                             18    12      6     721
                                             14 BANK0     18    12      6
                            ___aldiv
                             ___lmul
 ---------------------------------------------------------------------------------
 (2) ___lmul                                              13     5      8     102
                                              0 COMMON    13     5      8
 ---------------------------------------------------------------------------------
 (1) ___wmul                                               6     2      4      96
                                              0 COMMON     6     2      4
 ---------------------------------------------------------------------------------
 (2) _Teclado_Read                                         5     5      0     272
                                              0 COMMON     5     5      0
 ---------------------------------------------------------------------------------
 (1) _Teclado_Init                                         0     0      0       0
 ---------------------------------------------------------------------------------
 (1) _LCD_putrs                                            3     2      1     265
                                             11 COMMON     3     2      1
                           _LCD_putc
 ---------------------------------------------------------------------------------
 (1) _LCD_PrintResult100                                  11     7      4    2545
                                             30 BANK0     11     7      4
                      _LCD_PrintLong
                           _LCD_putc
                            ___aldiv
                            ___almod
                            ___awdiv
                            ___awmod
 ---------------------------------------------------------------------------------
 (2) ___awmod                                              6     2      4     298
                                              0 COMMON     6     2      4
 ---------------------------------------------------------------------------------
 (2) ___awdiv                                              8     4      4     302
                                              0 COMMON     8     4      4
 ---------------------------------------------------------------------------------
 (2) _LCD_PrintLong                                       16    12      4    1007
                                             14 BANK0     16    12      4
                           _LCD_putc
                            ___aldiv
                            ___almod
 ---------------------------------------------------------------------------------
 (3) ___almod                                             11     3      8     300
                                              0 COMMON    11     3      8
 ---------------------------------------------------------------------------------
 (3) ___aldiv                                             15     7      8     306
                                             13 COMMON     1     1      0
                                              0 BANK0     14     6      8
                             ___lmul (ARG)
 ---------------------------------------------------------------------------------
 (3) _LCD_putc                                             3     3      0     174
                                              8 COMMON     3     3      0
                            _LCD_Out
                            ___awdiv (ARG)
                            ___awmod (ARG)
 ---------------------------------------------------------------------------------
 (1) _LCD_Init                                             8     3      5     216
                                              6 COMMON     8     3      5
                          _LCD_Write
 ---------------------------------------------------------------------------------
 (2) _LCD_Write                                            3     3      0     145
                                              3 COMMON     3     3      0
                            _LCD_Out
 ---------------------------------------------------------------------------------
 (4) _LCD_Out                                              3     3      0     116
                                              0 COMMON     3     3      0
 ---------------------------------------------------------------------------------
 Estimated maximum stack depth 4
 ---------------------------------------------------------------------------------

 Call Graph Graphs:

 _main (ROOT)
   _LCD_Init
     _LCD_Write
       _LCD_Out
   _LCD_PrintResult100
     _LCD_PrintLong
       _LCD_putc
         _LCD_Out
         ___awdiv (ARG)
         ___awmod (ARG)
       ___aldiv
         ___lmul (ARG)
       ___almod
     _LCD_putc
     ___aldiv
     ___almod
     ___awdiv
     ___awmod
   _LCD_Write
   _LCD_putc
   _LCD_putrs
     _LCD_putc
   _Teclado_Init
   _Teclado_Read
   ___wmul
   _calc100
     ___aldiv
     ___lmul
   _isDigitKey
   _isOperatorKey

Address spaces:
Name               Size   Autos  Total    Usage
BANK3               96      0       0      0.0%
BITBANK3            96      0       0      0.0%
BANK2               96      0       0      0.0%
BITBANK2            96      0       0      0.0%
BANK1               80      0       0      0.0%
BITBANK1            80      0       0      0.0%
BANK0               80     58      68     85.0%
BITBANK0            80      0       0      0.0%
COMMON              14     14      14    100.0%
BITCOMMON           14      0       0      0.0%
DATA                 0      0      82      0.0%
STACK                0      0       0      0.0%


Microchip Technology PIC Macro Assembler V3.10 build 20250813170317 
Symbol Table                                                                                   Mon Jun 22 16:36:19 2026

                          pc 0002                           l30 0FA8                           l27 0542  
                         l51 047C                           l39 0488                           l55 0201  
                         l67 0EE8                 ___awdiv@sign 0075                           fsr 0004  
        ___wmul@multiplicand 0072                          l110 03D6                          l104 0E94  
                        l123 0EA6                          l133 066F                          l118 03DB  
                        l143 00EA                          l128 0EC4                          l155 0298  
                        l182 07A2                          l351 00FD                          l361 016D  
                        l273 0EF5                          l338 02AD                          l426 0069  
                        l275 0F0D                          l348 0331                          l439 0FFF  
                        l287 0F53              LCD_Init@display 0076                          _lcd 005A  
                        _map 0806                          fsr0 0004                          indf 0000  
               ___awmod@sign 0075                _LCD_PrintLong 006A              __end_of_LCD_Out 0543  
              _isOperatorKey 0EA7                         l1301 04A3                         l1311 04EC  
                       l1303 04B8                         l1313 04FF                         l1305 04BC  
                       l1321 016F                         l1401 0155                         l1315 0512  
                       l1307 04D2                         l1411 0F6A                         l1331 01C6  
                       l1323 0183                         l1403 015A                         l1317 0516  
                       l1309 04E8                         l1413 0F70                         l1333 01CD  
                       l1325 0192                         l1341 02A0                         l1405 0165  
                       l1421 006D                         l1501 0FAA                         l1319 052C  
                       l1415 0F87                         l1335 01E9                         l1327 01A9  
                       l1351 02CE                         l1343 02B1                         l1431 009C  
                       l1423 0075                         l1511 0FBE                         l1503 0FAE  
                       l1417 0F90                         l1409 0F55                         l1329 01AE  
                       l1361 02FB                         l1353 02D1                         l1345 02BC  
                       l1337 0299                         l1433 00BB                         l1521 0FD4  
                       l1513 0FC4                         l1505 0FB3                         l1601 0332  
                       l1441 0F0E                         l1371 031E                         l1363 0309  
                       l1355 02DC                         l1347 02BE                         l1339 029C  
                       l1435 00CE                         l1427 007C                         l1419 006A  
                       l1531 0FF6                         l1523 0FDE                         l1515 0FC7  
                       l1507 0FB5                         l1611 034E                         l1603 0333  
                       l1451 0F4B                         l1443 0F16                         l1541 03F9  
                       l1373 0329                         l1365 030A                         l1357 02E0  
                       l1349 02C6                         l1381 00F0                         l1437 00D7  
                       l1429 0098                         l1461 0011                         l1533 0FFB  
                       l1525 0FE4                         l1517 0FCE                         l1509 0FB9  
                       l1621 035D                         l1613 035A                         l1445 0F1A  
                       l1701 061F                         l1551 0418                         l1543 03FD  
                       l1367 0313                         l1359 02E9                         l1391 0122  
                       l1383 0101                         l1439 00E3                         l1471 0020  
                       l1463 0013                         l1455 0007                         l1527 0FEB  
                       l1519 0FD0                         l1623 036C                         l1615 035C  
                       l1607 033A                         l1447 0F31                         l1297 048A  
                       l1561 0445                         l1553 0421                         l1545 0407  
                       l1537 03DC                         l1369 0319                         l1393 0126  
                       l1385 010C                         l1377 00EB                         l1481 0036  
                       l1473 0026                         l1465 0017                         l1457 0008  
                       l1529 0FF1                         l1721 0208                         l1633 0392  
                       l1625 0375                         l1609 034A                         l1449 0F3A  
                       l1705 0628                         l1299 048E                         l1571 0463  
                       l1563 044B                         l1555 0427                         l1547 040B  
                       l1539 03ED                         l1395 0138                         l1387 0114  
                       l1379 00EC                         l1483 0047                         l1475 0029  
                       l1491 005B                         l1467 001C                         l1459 000C  
                       l1723 020E                         l1651 03DA                         l1635 03AA  
                       l1627 0381                         l1643 03CB                         l1731 0EEB  
                       l1811 06D7                         l1803 06C2                         l1573 0465  
                       l1565 0451                         l1557 0436                         l1549 0415  
                       l1397 0146                         l1389 0117                         l1493 0060  
                       l1485 004D                         l1477 0030                         l1469 001E  
                       l1725 021B                         l1645 03CD                         l1637 03B3  
                       l1629 0383                         l1733 0EEF                         l1717 0661  
                       l1661 0EA3                         l1821 06FD                         l1805 06C8  
                       l1813 06DE                         l1567 0457                         l1559 043F  
                       l1399 014F                         l1495 0065                         l1487 004E  
                       l1479 0032                         l1727 023A                         l1719 0202  
                       l1583 0EC5                         l1591 0E83                         l1647 03D3  
                       l1639 03B7                         l1735 0EFC                         l1663 0EA5  
                       l1655 0E96                         l1671 0EB0                         l1823 0715  
                       l1815 06E9                         l1831 073D                         l1807 06D0  
                       l1569 045D                         l1489 0055                         l1585 0EC8  
                       l1593 0E87                         l1737 0F03                         l1729 0EE9  
                       l1657 0E97                         l1673 0EB6                         l1833 074A  
                       l1841 0762                         l1825 071D                         l1817 06F3  
                       l1809 06D1                         l1579 0466                         l1499 0FA9  
                       l1587 0ED5                         l1595 0E8B                         l1739 0F09  
                       l1683 0543                         l1659 0E9D                         l1675 0EBC  
                       l1667 0EA8                         l1851 07AE                         l1843 076A  
                       l1835 0754                         l1827 071F                         l1819 06FB  
                       l1589 0EDB                         l1597 0E8F                         l1693 05D5  
                       l1685 054B                         l1677 0EC2                         l1669 0EAA  
                       l1861 07D4                         l1853 07B5                         l1845 0772  
                       l1837 0759                         l1829 0736                         l1599 0E92  
                       l1679 0EC3                         l1855 07C3                         l1847 077A  
                       l1839 075B                         l1791 0693                         l1783 0670  
                       l1697 0616                         l1689 058F                         l1857 07CA  
                       l1849 077F                         l1793 06A8                         l1785 067A  
                       l1699 061C                         l1859 07D0                         l1795 06AE  
                       l1787 067B                         l1797 06B4                         l1789 0680  
                       l1799 06BC                         STR_1 0816                         u2000 0339  
                       u2001 0338                         u1300 04BC                         u2100 03AA  
                       u1301 04BB                         u2101 03A9                         u2014 0340  
                       u2015 033E                         u2120 03D3                         u2040 036C  
                       u2121 03D2                         u2041 036B                         u2025 0353  
                       u2201 05A8                         u1330 04EC                         u1314 04CC  
                       u2034 0363                         u2210 061C                         u2202 05A9  
                       u2130 0E9D                         u1331 04EB                         u1315 04CA  
                       u2115 03BA                         u2035 0361                         u2211 061B  
                       u2203 05AE                         u2131 0E9C                         u1324 04E2  
                       u2220 0208                         u2204 05AF                         u2140 0EA3  
                       u1325 04E0                         u1405 0186                         u2221 0207  
                       u2205 05B4                         u2141 0EA2                         u1270 048E  
                       u1414 01A4                         u1510 02FB                         u2070 0392  
                       u2230 0EEF                         u2206 05B5                         u2150 0EB0  
                       u1271 048D                         u1415 01A2                         u1511 02FA  
                       u2071 0391                         u2055 037A                         u2231 0EEE  
                       u2151 0EAF                         u1360 0516                         u1344 04F9  
                       u1424 01C0                         u1600 0138                         u2064 0389  
                       u2160 0EB6                         u2400 06C8                         u1361 0515  
                       u1345 04F7                         u1425 01BE                         u1505 02E2  
                       u1601 0137                         u2065 0387                         u2161 0EB5  
                       u2401 06C7                         u1354 050C                         u1434 01DF  
                       u1530 0319                         u1450 02A0                         u2170 0EBC  
                       u2410 06E9                         u1355 050A                         u1435 01DD  
                       u1531 0318                         u1515 02F7                         u1451 029F  
                       u2171 0EBB                         u2411 06E8                         u1284 049D  
                       u1444 01FB                         u1540 031E                         u1460 02B1  
                       u1620 0155                         u1700 00EA                         u2084 0398  
                       u2260 0F09                         u2180 0EC2                         u2500 077A  
                       u2420 06F3                         u1285 049B                         u1445 01F9  
                       u1541 031D                         u1525 030B                         u1461 02B0  
                       u1621 0154                         u1605 0134                         u1701 00E9  
                       u2085 0396                         u2261 0F08                         u2245 0EF6  
                       u2181 0EC1                         u2501 0779                         u2421 06F2  
                       u1374 0526                         u1294 04B2                         u1470 02CE  
                       u1630 015A                         u1550 00F0                         u1710 0F1A  
                       u2190 0564                         u2510 077F                         u2430 06FB  
                       u1375 0524                         u1295 04B0                         u1471 02CD  
                       u1631 0159                         u1615 0147                         u1551 00EF  
                       u2095 039E                         u2255 0EFD                         u1711 0F19  
                       u2191 0565                         u2511 077E                         u2431 06FA  
                       u1384 053C                         u1560 0101                         u1800 0036  
                       u2192 056A                         u2520 07B5                         u2440 071D  
                       u1385 053A                         u1561 0100                         u1801 0035  
                       u1721 0F23                         u2193 056B                         u2521 07B4  
                       u2441 071C                         u1394 017E                         u1490 02E0  
                       u1570 0114                         u1722 0F2A                         u2450 074A  
                       u1395 017C                         u1491 02DF                         u1571 0113  
                       u1723 0F31                         u2451 0749                         u1644 0F64  
                       u1820 0047                         u1900 0FD4                         u2460 0754  
                       u1645 0F62                         u1485 02D3                         u1821 0046  
                       u1901 0FD3                         u2461 0753                         u1654 0F82  
                       u1590 0126                         u1670 0075                         u1910 0FDE  
                       u1750 0F4B                         u2470 0759                         u2390 06C1  
                       u1655 0F80                         u2607 043A                         u1591 0125  
                       u1671 0074                         u1815 0037                         u1911 0FDD  
                       u1751 0F4A                         u1735 0F33                         u2471 0758  
                       u2391 06C0                         u1664 0FA2                         u1680 00CE  
                       u1840 005B                         u1760 000C                         u2480 076A  
                       u1665 0FA0                         u2617 0F8B                         u1585 0119  
                       u1681 00CD                         u1841 005A                         u1825 0043  
                       u1761 000B                         u2537 034C                         u1745 0F3B  
                       u2481 0769                         u1690 00D6                         u1850 0060  
                       u1770 0017                         u1930 0FF1                         u2490 0772  
                       u1691 00D5                         u1683 00CA                         u1851 005F  
                       u1835 004F                         u1771 0016                         u1931 0FF0  
                       u1915 0FDA                         u2547 0370                         u2491 0771  
                       u1780 0026                         u1940 0FF6                         u1860 0FAE  
                       u1781 0025                         u1941 0FF5                         u1925 0FE5  
                       u1861 0FAD                         u2557 03AE                         u1950 03F9  
                       u1870 0FB9                         u1951 03F8                         u2567 01AB  
                       u1871 0FB8                         u1960 0407                         u1880 0FC4  
                       u1961 0406                         u2577 01E6                         u1881 0FC3  
                       u1970 0415                         u2587 041C                         u1971 0414  
                       u1955 03F5                         u1795 002A                         u2597 042B  
                       u1965 0403                         u1990 0EE8                         u1975 0411  
                       u1895 0FC8                         u1991 0EE7                         u1985 0469  
                       _WPUB 0095                         _main 0670                         btemp 007E  
                       start 0000                  LCD_Init@cmd 007D             __end_of_LCD_Init 0489  
      LCD_PrintResult100@dec 0048        LCD_PrintResult100@ent 0044             __end_of_LCD_putc 0202  
            __end_of___aldiv 0332              __end_of___almod 016E              __end_of_calc100 0670  
                      ?_main 0070              __end_of___awdiv 006A              __end_of___awmod 1000  
                      _ANSEL 0188              ___awdiv@divisor 0070                 main@firstNum 0057  
            ___awdiv@counter 0074                        _PORTA 0005                        _PORTB 0006  
                      _PORTC 0007                        _TRISA 0085                        _TRISB 0086  
                      _TRISC 0087          ___lmul@multiplicand 0074               ?_LCD_PrintLong 002E  
               calc100@first 002E               ?_isOperatorKey 0070                        btemp0 007E  
                      btemp1 007F                        pclath 000A                        status 0003  
                      wtemp0 007E              __initialization 07D9                 __end_of_main 07D9  
                     ??_main 007E                    ??_LCD_Out 0070            __end_of_LCD_Write 0FA9  
          __end_of_LCD_putrs 0EE9             ___awdiv@dividend 0072          LCD_PrintLong@digits 0032  
                     _ANSELH 0189                       ___lmul 0F0E                    ??___aldiv 007D  
                  ??___almod 0078                    ??_calc100 0034                main@secondNum 0054  
                     ___wmul 0EE9                    ??___awdiv 0074                    ??___awmod 0074  
              calc100@second 0030             ___awdiv@quotient 0076              ___awmod@divisor 0070  
            ___awmod@counter 0074                main@result100 004E                       main@ok 0053  
                     main@op 0056              ??_LCD_PrintLong 007E                       ltemp0a 0080  
            ??_isOperatorKey 0070                ?_Teclado_Init 0070                ?_Teclado_Read 0070  
                     ttemp0a 007F                       wtemp0a 007F           _LCD_PrintResult100 0202  
    __end_of__initialization 07FC                    ?_LCD_Init 0076                    ?_LCD_putc 0070  
        ?_LCD_PrintResult100 003E               __pcstackCOMMON 0070                 __pidataBANK0 0E7E  
            Teclado_Read@col 0074              Teclado_Read@row 0073                    LCD_putc@c 007A  
             _OPTION_REGbits 0081               ??_Teclado_Init 0070               ??_Teclado_Read 0070  
       ??_LCD_PrintResult100 0042                   __pbssBANK0 005A                   ??_LCD_Init 007B  
         isOperatorKey@tecla 0071                   ??_LCD_putc 0078                   __pmaintext 0670  
                    ?___lmul 0070              isDigitKey@tecla 0071                      ?___wmul 0070  
             ___lmul@product 0079                   _isDigitKey 0E95                      _LCD_Out 0489  
                 __stringtab 0800                      ___aldiv 0299                      ___almod 00EB  
                    _calc100 0543                      ___awdiv 0007                      ___awmod 0FA9  
                    __ptext1 0EA7                      __ptext2 0E95                      __ptext3 0543  
                    __ptext4 0F0E                      __ptext5 0EE9                      __ptext6 0332  
                    __ptext7 0E83                      __ptext8 0EC5                      __ptext9 0202  
           ___awmod@dividend 0072             ___aldiv@dividend 0024                    _LCD_Write 0F54  
       end_of_initialization 07FC                    _LCD_putrs 0EC5         __end_of_Teclado_Init 0E95  
       __end_of_Teclado_Read 03DC             ___aldiv@quotient 002A                  ?_isDigitKey 0070  
                _calc100$825 003C                   ?_LCD_Write 0070                   ?_LCD_putrs 007B  
                 main@screen 0049               __end_of___lmul 0F54               __end_of___wmul 0F0E  
           Teclado_Read@cols 0072                   LCD_Write@c 0075               _isDigitKey$140 0070  
        start_initialization 07D9        __end_of_LCD_PrintLong 00EB                  __end_of_map 0816  
      __end_of_isOperatorKey 0EC5                   LCD_putrs@a 007B                   LCD_putrs@i 007C  
                   ??___lmul 0078                     ??___wmul 0074                  __pdataBANK0 005F  
                   ?_LCD_Out 0070                    ___latbits 0002                __pcstackBANK0 0020  
                   LCD_Out@c 0072                    calc100@ok 0033                    calc100@op 0032  
                ??_LCD_Write 0073                  ??_LCD_putrs 007C            _isOperatorKey$143 0070  
                   ?___aldiv 0020                     ?___almod 0070                     ?_calc100 002E  
                   ?___awdiv 0070                     ?___awmod 0070             ___almod@dividend 0074  
                  __pstrings 0800               LCD_PrintLong@i 003D                 _Teclado_Init 0E83  
               _Teclado_Read 0332              ___aldiv@divisor 0020              ___aldiv@counter 0028  
                   _LCD_Init 03DC               ___wmul@product 0074                     _LCD_putc 016E  
                  main@F1871 005F                 ??_isDigitKey 0070                  __stringbase 0805  
          ___wmul@multiplier 0070  LCD_PrintResult100@result100 003E                    main@digit 0052  
                  main@tecla 0059             LCD_PrintLong@num 002E            ___lmul@multiplier 0070  
         __end_of_isDigitKey 0EA7           __end_of__stringtab 0806                     __ptext10 0FA9  
                   __ptext11 0007                     __ptext12 006A                     __ptext13 00EB  
                   __ptext14 0299                     __ptext15 016E                     __ptext16 03DC  
                   __ptext17 0F54                     __ptext18 0489              ___almod@divisor 0070  
            ___almod@counter 0079                    stringcode 0800   __end_of_LCD_PrintResult100 0299  
                   stringdir 0800                     stringtab 0800                 ___aldiv@sign 0029  
               ___almod@sign 007A  
