

Microchip MPLAB XC8 Assembler V3.10 build 20250813170317 
                                                                                               Fri Jun 12 15:57:23 2026

Microchip MPLAB XC8 C Compiler v3.10 (Free license) build 20250813170317 Og1 
     1                           	processor	16F887
     2                           	pagewidth 120
     3                           	opt	flic
     4                           	psect	idataBANK1,global,class=CODE,space=0,delta=2,noexec
     5                           	psect	strings,global,class=STRING,space=0,delta=2,noexec
     6                           	psect	cinit,global,class=CODE,space=0,merge=1,delta=2
     7                           	psect	bssCOMMON,global,class=COMMON,space=1,delta=1,noexec
     8                           	psect	bssBANK0,global,class=BANK0,space=1,delta=1,noexec
     9                           	psect	bssBANK1,global,class=BANK1,space=1,delta=1,noexec
    10                           	psect	dataBANK1,global,class=BANK1,space=1,delta=1,noexec
    11                           	psect	inittext,global,class=CODE,space=0,delta=2
    12                           	psect	clrtext,global,class=CODE,space=0,delta=2
    13                           	psect	cstackBANK1,global,class=BANK1,space=1,delta=1,noexec
    14                           	psect	cstackCOMMON,global,class=COMMON,space=1,delta=1,noexec
    15                           	psect	cstackBANK0,global,class=BANK0,space=1,delta=1,noexec
    16                           	psect	maintext,global,class=CODE,space=0,split=1,delta=2
    17                           	psect	text1,local,class=CODE,space=0,merge=1,delta=2
    18                           	psect	text2,local,class=CODE,space=0,merge=1,delta=2,group=3
    19                           	psect	text3,local,class=CODE,space=0,merge=1,delta=2,group=1
    20                           	psect	text4,local,class=CODE,space=0,merge=1,delta=2,group=1
    21                           	psect	text5,local,class=CODE,space=0,merge=1,delta=2,group=1
    22                           	psect	text6,local,class=CODE,space=0,merge=1,delta=2,group=1
    23                           	psect	text7,local,class=CODE,space=0,merge=1,delta=2,group=3
    24                           	psect	text8,local,class=CODE,space=0,merge=1,delta=2,group=3
    25                           	psect	text9,local,class=CODE,space=0,merge=1,delta=2,group=3
    26                           	psect	text10,local,class=CODE,space=0,merge=1,delta=2,group=2
    27                           	psect	text11,local,class=CODE,space=0,merge=1,delta=2,group=2
    28                           	psect	text12,local,class=CODE,space=0,merge=1,delta=2,group=1
    29                           	psect	text13,local,class=CODE,space=0,merge=1,delta=2,group=2
    30                           	psect	text14,local,class=CODE,space=0,merge=1,delta=2,group=2
    31                           	psect	text15,local,class=CODE,space=0,merge=1,delta=2,group=2
    32                           	psect	text16,local,class=CODE,space=0,merge=1,delta=2
    33                           	psect	text17,local,class=CODE,space=0,merge=1,delta=2
    34                           	psect	text18,local,class=CODE,space=0,merge=1,delta=2
    35                           	psect	text19,local,class=CODE,space=0,merge=1,delta=2
    36                           	psect	text20,local,class=CODE,space=0,merge=1,delta=2
    37                           	psect	text21,local,class=CODE,space=0,merge=1,delta=2
    38                           	psect	text22,local,class=CODE,space=0,merge=1,delta=2
    39                           	psect	text23,local,class=CODE,space=0,merge=1,delta=2
    40                           	psect	text24,local,class=CODE,space=0,merge=1,delta=2
    41                           	psect	intentry,global,class=CODE,space=0,delta=2
    42                           	psect	text25,local,class=CODE,space=0,merge=1,delta=2
    43                           	psect	config,global,abs,ovrld,class=CONFIG,space=4,delta=2,noexec
    44                           	dabs	1,0x7E,2
    45     0000                     
    46                           ; Generated 22/04/2026 GMT
    47                           ; 
    48                           ; Copyright (c) 2026 Microchip Technology Inc. and its subsidiaries.
    49                           ; 
    50                           ; Licensed under the Apache License, Version 2.0 (the "License");
    51                           ; you may not use this file except in compliance with the License.
    52                           ; You may obtain a copy of the License at
    53                           ; 
    54                           ;   http://www.apache.org/licenses/LICENSE-2.0
    55                           ; 
    56                           ; Unless required by applicable law or agreed to in writing, software
    57                           ; distributed under the License is distributed on an "AS IS" BASIS,
    58                           ; WITHOUT WARRANTIES OR CONDITIONS OF ANY KIND, either express or implied.
    59                           ; See the License for the specific language governing permissions and
    60                           ; limitations under the License.
    61                           ; 
    62                           ; 
    63                           ; Code-generator required, PIC16F887 Definitions
    64                           ; 
    65                           ; SFR Addresses
    66     0004                     fsr             equ	4
    67     0004                     fsr0            equ	4
    68     0000                     indf            equ	0
    69     0000                     indf0           equ	0
    70     0002                     pc              equ	2
    71     0002                     pcl             equ	2
    72     000A                     pclath          equ	10
    73     0003                     status          equ	3
    74     0000                     INDF            equ	0	;# 
    75     0001                     TMR0            equ	1	;# 
    76     0002                     PCL             equ	2	;# 
    77     0003                     STATUS          equ	3	;# 
    78     0004                     FSR             equ	4	;# 
    79     0005                     PORTA           equ	5	;# 
    80     0006                     PORTB           equ	6	;# 
    81     0007                     PORTC           equ	7	;# 
    82     0008                     PORTD           equ	8	;# 
    83     0009                     PORTE           equ	9	;# 
    84     000A                     PCLATH          equ	10	;# 
    85     000B                     INTCON          equ	11	;# 
    86     000C                     PIR1            equ	12	;# 
    87     000D                     PIR2            equ	13	;# 
    88     000E                     TMR1            equ	14	;# 
    89     000E                     TMR1L           equ	14	;# 
    90     000F                     TMR1H           equ	15	;# 
    91     0010                     T1CON           equ	16	;# 
    92     0011                     TMR2            equ	17	;# 
    93     0012                     T2CON           equ	18	;# 
    94     0013                     SSPBUF          equ	19	;# 
    95     0014                     SSPCON          equ	20	;# 
    96     0015                     CCPR1           equ	21	;# 
    97     0015                     CCPR1L          equ	21	;# 
    98     0016                     CCPR1H          equ	22	;# 
    99     0017                     CCP1CON         equ	23	;# 
   100     0018                     RCSTA           equ	24	;# 
   101     0019                     TXREG           equ	25	;# 
   102     001A                     RCREG           equ	26	;# 
   103     001B                     CCPR2           equ	27	;# 
   104     001B                     CCPR2L          equ	27	;# 
   105     001C                     CCPR2H          equ	28	;# 
   106     001D                     CCP2CON         equ	29	;# 
   107     001E                     ADRESH          equ	30	;# 
   108     001F                     ADCON0          equ	31	;# 
   109     0081                     OPTION_REG      equ	129	;# 
   110     0085                     TRISA           equ	133	;# 
   111     0086                     TRISB           equ	134	;# 
   112     0087                     TRISC           equ	135	;# 
   113     0088                     TRISD           equ	136	;# 
   114     0089                     TRISE           equ	137	;# 
   115     008C                     PIE1            equ	140	;# 
   116     008D                     PIE2            equ	141	;# 
   117     008E                     PCON            equ	142	;# 
   118     008F                     OSCCON          equ	143	;# 
   119     0090                     OSCTUNE         equ	144	;# 
   120     0091                     SSPCON2         equ	145	;# 
   121     0092                     PR2             equ	146	;# 
   122     0093                     SSPADD          equ	147	;# 
   123     0093                     SSPMSK          equ	147	;# 
   124     0093                     MSK             equ	147	;# 
   125     0094                     SSPSTAT         equ	148	;# 
   126     0095                     WPUB            equ	149	;# 
   127     0096                     IOCB            equ	150	;# 
   128     0097                     VRCON           equ	151	;# 
   129     0098                     TXSTA           equ	152	;# 
   130     0099                     SPBRG           equ	153	;# 
   131     009A                     SPBRGH          equ	154	;# 
   132     009B                     PWM1CON         equ	155	;# 
   133     009C                     ECCPAS          equ	156	;# 
   134     009D                     PSTRCON         equ	157	;# 
   135     009E                     ADRESL          equ	158	;# 
   136     009F                     ADCON1          equ	159	;# 
   137     0105                     WDTCON          equ	261	;# 
   138     0107                     CM1CON0         equ	263	;# 
   139     0108                     CM2CON0         equ	264	;# 
   140     0109                     CM2CON1         equ	265	;# 
   141     010C                     EEDATA          equ	268	;# 
   142     010C                     EEDAT           equ	268	;# 
   143     010D                     EEADR           equ	269	;# 
   144     010E                     EEDATH          equ	270	;# 
   145     010F                     EEADRH          equ	271	;# 
   146     0185                     SRCON           equ	389	;# 
   147     0187                     BAUDCTL         equ	391	;# 
   148     0188                     ANSEL           equ	392	;# 
   149     0189                     ANSELH          equ	393	;# 
   150     018C                     EECON1          equ	396	;# 
   151     018D                     EECON2          equ	397	;# 
   152     0000                     INDF            equ	0	;# 
   153     0001                     TMR0            equ	1	;# 
   154     0002                     PCL             equ	2	;# 
   155     0003                     STATUS          equ	3	;# 
   156     0004                     FSR             equ	4	;# 
   157     0005                     PORTA           equ	5	;# 
   158     0006                     PORTB           equ	6	;# 
   159     0007                     PORTC           equ	7	;# 
   160     0008                     PORTD           equ	8	;# 
   161     0009                     PORTE           equ	9	;# 
   162     000A                     PCLATH          equ	10	;# 
   163     000B                     INTCON          equ	11	;# 
   164     000C                     PIR1            equ	12	;# 
   165     000D                     PIR2            equ	13	;# 
   166     000E                     TMR1            equ	14	;# 
   167     000E                     TMR1L           equ	14	;# 
   168     000F                     TMR1H           equ	15	;# 
   169     0010                     T1CON           equ	16	;# 
   170     0011                     TMR2            equ	17	;# 
   171     0012                     T2CON           equ	18	;# 
   172     0013                     SSPBUF          equ	19	;# 
   173     0014                     SSPCON          equ	20	;# 
   174     0015                     CCPR1           equ	21	;# 
   175     0015                     CCPR1L          equ	21	;# 
   176     0016                     CCPR1H          equ	22	;# 
   177     0017                     CCP1CON         equ	23	;# 
   178     0018                     RCSTA           equ	24	;# 
   179     0019                     TXREG           equ	25	;# 
   180     001A                     RCREG           equ	26	;# 
   181     001B                     CCPR2           equ	27	;# 
   182     001B                     CCPR2L          equ	27	;# 
   183     001C                     CCPR2H          equ	28	;# 
   184     001D                     CCP2CON         equ	29	;# 
   185     001E                     ADRESH          equ	30	;# 
   186     001F                     ADCON0          equ	31	;# 
   187     0081                     OPTION_REG      equ	129	;# 
   188     0085                     TRISA           equ	133	;# 
   189     0086                     TRISB           equ	134	;# 
   190     0087                     TRISC           equ	135	;# 
   191     0088                     TRISD           equ	136	;# 
   192     0089                     TRISE           equ	137	;# 
   193     008C                     PIE1            equ	140	;# 
   194     008D                     PIE2            equ	141	;# 
   195     008E                     PCON            equ	142	;# 
   196     008F                     OSCCON          equ	143	;# 
   197     0090                     OSCTUNE         equ	144	;# 
   198     0091                     SSPCON2         equ	145	;# 
   199     0092                     PR2             equ	146	;# 
   200     0093                     SSPADD          equ	147	;# 
   201     0093                     SSPMSK          equ	147	;# 
   202     0093                     MSK             equ	147	;# 
   203     0094                     SSPSTAT         equ	148	;# 
   204     0095                     WPUB            equ	149	;# 
   205     0096                     IOCB            equ	150	;# 
   206     0097                     VRCON           equ	151	;# 
   207     0098                     TXSTA           equ	152	;# 
   208     0099                     SPBRG           equ	153	;# 
   209     009A                     SPBRGH          equ	154	;# 
   210     009B                     PWM1CON         equ	155	;# 
   211     009C                     ECCPAS          equ	156	;# 
   212     009D                     PSTRCON         equ	157	;# 
   213     009E                     ADRESL          equ	158	;# 
   214     009F                     ADCON1          equ	159	;# 
   215     0105                     WDTCON          equ	261	;# 
   216     0107                     CM1CON0         equ	263	;# 
   217     0108                     CM2CON0         equ	264	;# 
   218     0109                     CM2CON1         equ	265	;# 
   219     010C                     EEDATA          equ	268	;# 
   220     010C                     EEDAT           equ	268	;# 
   221     010D                     EEADR           equ	269	;# 
   222     010E                     EEDATH          equ	270	;# 
   223     010F                     EEADRH          equ	271	;# 
   224     0185                     SRCON           equ	389	;# 
   225     0187                     BAUDCTL         equ	391	;# 
   226     0188                     ANSEL           equ	392	;# 
   227     0189                     ANSELH          equ	393	;# 
   228     018C                     EECON1          equ	396	;# 
   229     018D                     EECON2          equ	397	;# 
   230     0000                     INDF            equ	0	;# 
   231     0001                     TMR0            equ	1	;# 
   232     0002                     PCL             equ	2	;# 
   233     0003                     STATUS          equ	3	;# 
   234     0004                     FSR             equ	4	;# 
   235     0005                     PORTA           equ	5	;# 
   236     0006                     PORTB           equ	6	;# 
   237     0007                     PORTC           equ	7	;# 
   238     0008                     PORTD           equ	8	;# 
   239     0009                     PORTE           equ	9	;# 
   240     000A                     PCLATH          equ	10	;# 
   241     000B                     INTCON          equ	11	;# 
   242     000C                     PIR1            equ	12	;# 
   243     000D                     PIR2            equ	13	;# 
   244     000E                     TMR1            equ	14	;# 
   245     000E                     TMR1L           equ	14	;# 
   246     000F                     TMR1H           equ	15	;# 
   247     0010                     T1CON           equ	16	;# 
   248     0011                     TMR2            equ	17	;# 
   249     0012                     T2CON           equ	18	;# 
   250     0013                     SSPBUF          equ	19	;# 
   251     0014                     SSPCON          equ	20	;# 
   252     0015                     CCPR1           equ	21	;# 
   253     0015                     CCPR1L          equ	21	;# 
   254     0016                     CCPR1H          equ	22	;# 
   255     0017                     CCP1CON         equ	23	;# 
   256     0018                     RCSTA           equ	24	;# 
   257     0019                     TXREG           equ	25	;# 
   258     001A                     RCREG           equ	26	;# 
   259     001B                     CCPR2           equ	27	;# 
   260     001B                     CCPR2L          equ	27	;# 
   261     001C                     CCPR2H          equ	28	;# 
   262     001D                     CCP2CON         equ	29	;# 
   263     001E                     ADRESH          equ	30	;# 
   264     001F                     ADCON0          equ	31	;# 
   265     0081                     OPTION_REG      equ	129	;# 
   266     0085                     TRISA           equ	133	;# 
   267     0086                     TRISB           equ	134	;# 
   268     0087                     TRISC           equ	135	;# 
   269     0088                     TRISD           equ	136	;# 
   270     0089                     TRISE           equ	137	;# 
   271     008C                     PIE1            equ	140	;# 
   272     008D                     PIE2            equ	141	;# 
   273     008E                     PCON            equ	142	;# 
   274     008F                     OSCCON          equ	143	;# 
   275     0090                     OSCTUNE         equ	144	;# 
   276     0091                     SSPCON2         equ	145	;# 
   277     0092                     PR2             equ	146	;# 
   278     0093                     SSPADD          equ	147	;# 
   279     0093                     SSPMSK          equ	147	;# 
   280     0093                     MSK             equ	147	;# 
   281     0094                     SSPSTAT         equ	148	;# 
   282     0095                     WPUB            equ	149	;# 
   283     0096                     IOCB            equ	150	;# 
   284     0097                     VRCON           equ	151	;# 
   285     0098                     TXSTA           equ	152	;# 
   286     0099                     SPBRG           equ	153	;# 
   287     009A                     SPBRGH          equ	154	;# 
   288     009B                     PWM1CON         equ	155	;# 
   289     009C                     ECCPAS          equ	156	;# 
   290     009D                     PSTRCON         equ	157	;# 
   291     009E                     ADRESL          equ	158	;# 
   292     009F                     ADCON1          equ	159	;# 
   293     0105                     WDTCON          equ	261	;# 
   294     0107                     CM1CON0         equ	263	;# 
   295     0108                     CM2CON0         equ	264	;# 
   296     0109                     CM2CON1         equ	265	;# 
   297     010C                     EEDATA          equ	268	;# 
   298     010C                     EEDAT           equ	268	;# 
   299     010D                     EEADR           equ	269	;# 
   300     010E                     EEDATH          equ	270	;# 
   301     010F                     EEADRH          equ	271	;# 
   302     0185                     SRCON           equ	389	;# 
   303     0187                     BAUDCTL         equ	391	;# 
   304     0188                     ANSEL           equ	392	;# 
   305     0189                     ANSELH          equ	393	;# 
   306     018C                     EECON1          equ	396	;# 
   307     018D                     EECON2          equ	397	;# 
   308                           
   309                           	psect	idataBANK1
   310     0CE6                     __pidataBANK1:
   311                           
   312                           ;initializer for main@F1790
   313     0CE6  3407               	retlw	7
   314     0CE7  3400               	retlw	0
   315     0CE8  341A               	retlw	26
   316     0CE9  342C               	retlw	44
   317     0CEA  343E               	retlw	62
   318                           
   319                           ;initializer for _op
   320     0CEB  3476               	retlw	118
   321                           
   322                           ;initializer for _flag_actualizar_lcd
   323     0CEC  3401               	retlw	1
   324     0006                     _PORTBbits      set	6
   325     001E                     _ADRESH         set	30
   326     001F                     _ADCON0         set	31
   327     0006                     _PORTB          set	6
   328     0005                     _PORTA          set	5
   329     0007                     _PORTC          set	7
   330     005C                     _INTE           set	92
   331     0059                     _INTF           set	89
   332     005F                     _GIE            set	95
   333     00F9                     _GO_nDONE       set	249
   334     0081                     _OPTION_REG     set	129
   335     009E                     _ADRESL         set	158
   336     009F                     _ADCON1         set	159
   337     0087                     _TRISC          set	135
   338     0086                     _TRISB          set	134
   339     0085                     _TRISA          set	133
   340     040E                     _INTEDG         set	1038
   341     0189                     _ANSELH         set	393
   342     0188                     _ANSEL          set	392
   343                           
   344                           	psect	strings
   345     0760                     __pstrings:
   346     0760                     stringtab:
   347     0760                     __stringtab:
   348                           
   349                           ;	String table - string pointers are 1 byte each
   350     0760  1BFF               	btfsc	btemp+1,7
   351     0761  2F6A               	ljmp	stringcode
   352     0762  1383               	bcf	3,7
   353     0763  187F               	btfsc	btemp+1,0
   354     0764  1783               	bsf	3,7
   355     0765  0800               	movf	0,w
   356     0766  0A84               	incf	4,f
   357     0767  1903               	skipnz
   358     0768  0AFF               	incf	btemp+1,f
   359     0769  0008               	return
   360     076A                     stringcode:
   361     076A                     stringdir:
   362     076A  3007               	movlw	high stringdir
   363     076B  008A               	movwf	10
   364     076C  0804               	movf	4,w
   365     076D  0A84               	incf	4,f
   366     076E  0782               	addwf	2,f
   367     076F                     __stringbase:
   368     076F  3400               	retlw	0
   369     0770                     __end_of__stringtab:
   370     0770                     STR_4:
   371     0770  3425               	retlw	37	;'%'
   372     0771  3475               	retlw	117	;'u'
   373     0772  342E               	retlw	46	;'.'
   374     0773  3425               	retlw	37	;'%'
   375     0774  3430               	retlw	48	;'0'
   376     0775  3434               	retlw	52	;'4'
   377     0776  3475               	retlw	117	;'u'
   378     0777  3420               	retlw	32	;' '
   379     0778  3456               	retlw	86	;'V'
   380     0779  3420               	retlw	32	;' '
   381     077A  3420               	retlw	32	;' '
   382     077B  3420               	retlw	32	;' '
   383     077C  3420               	retlw	32	;' '
   384     077D  3420               	retlw	32	;' '
   385     077E  3400               	retlw	0
   386     077F                     STR_6:
   387     077F  3425               	retlw	37	;'%'
   388     0780  3475               	retlw	117	;'u'
   389     0781  3420               	retlw	32	;' '
   390     0782  3425               	retlw	37	;'%'
   391     0783  3425               	retlw	37	;'%'
   392     0784  3420               	retlw	32	;' '
   393     0785  3420               	retlw	32	;' '
   394     0786  3420               	retlw	32	;' '
   395     0787  3420               	retlw	32	;' '
   396     0788  3420               	retlw	32	;' '
   397     0789  3420               	retlw	32	;' '
   398     078A  3420               	retlw	32	;' '
   399     078B  3420               	retlw	32	;' '
   400     078C  3400               	retlw	0
   401     078D                     STR_8:
   402     078D  3425               	retlw	37	;'%'
   403     078E  3475               	retlw	117	;'u'
   404     078F  3420               	retlw	32	;' '
   405     0790  3420               	retlw	32	;' '
   406     0791  3420               	retlw	32	;' '
   407     0792  3420               	retlw	32	;' '
   408     0793  3420               	retlw	32	;' '
   409     0794  3420               	retlw	32	;' '
   410     0795  3420               	retlw	32	;' '
   411     0796  3420               	retlw	32	;' '
   412     0797  3420               	retlw	32	;' '
   413     0798  3420               	retlw	32	;' '
   414     0799  3400               	retlw	0
   415     079A                     STR_5:
   416     079A  3450               	retlw	80	;'P'
   417     079B  346F               	retlw	111	;'o'
   418     079C  3472               	retlw	114	;'r'
   419     079D  3463               	retlw	99	;'c'
   420     079E  3465               	retlw	101	;'e'
   421     079F  346E               	retlw	110	;'n'
   422     07A0  3474               	retlw	116	;'t'
   423     07A1  3461               	retlw	97	;'a'
   424     07A2  346A               	retlw	106	;'j'
   425     07A3  3465               	retlw	101	;'e'
   426     07A4  343A               	retlw	58	;':'
   427     07A5  3420               	retlw	32	;' '
   428     07A6  3400               	retlw	0
   429     07A7                     STR_7:
   430     07A7  3441               	retlw	65	;'A'
   431     07A8  3444               	retlw	68	;'D'
   432     07A9  3443               	retlw	67	;'C'
   433     07AA  343A               	retlw	58	;':'
   434     07AB  3420               	retlw	32	;' '
   435     07AC  3420               	retlw	32	;' '
   436     07AD  3420               	retlw	32	;' '
   437     07AE  3420               	retlw	32	;' '
   438     07AF  3420               	retlw	32	;' '
   439     07B0  3420               	retlw	32	;' '
   440     07B1  3420               	retlw	32	;' '
   441     07B2  3400               	retlw	0
   442     07B3                     STR_3:
   443     07B3  3456               	retlw	86	;'V'
   444     07B4  346F               	retlw	111	;'o'
   445     07B5  346C               	retlw	108	;'l'
   446     07B6  3474               	retlw	116	;'t'
   447     07B7  3461               	retlw	97	;'a'
   448     07B8  346A               	retlw	106	;'j'
   449     07B9  3465               	retlw	101	;'e'
   450     07BA  343A               	retlw	58	;':'
   451     07BB  3420               	retlw	32	;' '
   452     07BC  3400               	retlw	0
   453     07BD                     STR_1:
   454     07BD  3420               	retlw	32	;' '
   455     07BE  3428               	retlw	40	;'('
   456     07BF  3449               	retlw	73	;'I'
   457     07C0  344E               	retlw	78	;'N'
   458     07C1  3431               	retlw	49	;'1'
   459     07C2  3429               	retlw	41	;')'
   460     07C3  3400               	retlw	0
   461     07C4                     STR_2:
   462     07C4  3420               	retlw	32	;' '
   463     07C5  3428               	retlw	40	;'('
   464     07C6  3449               	retlw	73	;'I'
   465     07C7  344E               	retlw	78	;'N'
   466     07C8  3432               	retlw	50	;'2'
   467     07C9  3429               	retlw	41	;')'
   468     07CA  3400               	retlw	0
   469                           
   470                           	psect	cinit
   471     000F                     start_initialization:	
   472                           ; #config settings
   473                           
   474     000F                     __initialization:
   475                           
   476                           ; Initialize objects allocated to BANK1
   477     000F  1383               	bcf	3,7	;select IRP bank0
   478     0010  30F0               	movlw	low (__pdataBANK1+7)
   479     0011  00FD               	movwf	btemp+-1
   480     0012  300C               	movlw	high __pidataBANK1
   481     0013  00FE               	movwf	btemp
   482     0014  30E6               	movlw	low __pidataBANK1
   483     0015  00FF               	movwf	btemp+1
   484     0016  30E9               	movlw	low __pdataBANK1
   485     0017  0084               	movwf	4
   486     0018  120A  158A  2526  120A  118A  	fcall	init_ram0
   487                           
   488                           ; Clear objects allocated to BANK1
   489     001D  30C8               	movlw	low __pbssBANK1
   490     001E  0084               	movwf	4
   491     001F  30E9               	movlw	low (__pbssBANK1+33)
   492     0020  120A  158A  24ED  120A  118A  	fcall	clear_ram0
   493                           
   494                           ; Clear objects allocated to BANK0
   495     0025  01EB               	clrf	__pbssBANK0& (0+127)
   496     0026  01EC               	clrf	(__pbssBANK0+1)& (0+127)
   497     0027  01ED               	clrf	(__pbssBANK0+2)& (0+127)
   498     0028  01EE               	clrf	(__pbssBANK0+3)& (0+127)
   499     0029  01EF               	clrf	(__pbssBANK0+4)& (0+127)
   500                           
   501                           ; Clear objects allocated to COMMON
   502     002A  01F0               	clrf	__pbssCOMMON& (0+127)
   503     002B  01F1               	clrf	(__pbssCOMMON+1)& (0+127)
   504     002C  01F2               	clrf	(__pbssCOMMON+2)& (0+127)
   505     002D  01F3               	clrf	(__pbssCOMMON+3)& (0+127)
   506     002E  01F4               	clrf	(__pbssCOMMON+4)& (0+127)
   507     002F                     end_of_initialization:	
   508                           ;End of C runtime variable initialization code
   509                           
   510     002F                     __end_of__initialization:
   511     002F  0183               	clrf	3
   512     0030  120A  118A  2C68   	ljmp	_main	;jump to C main() function
   513                           
   514                           	psect	bssCOMMON
   515     0070                     __pbssCOMMON:
   516     0070                     _lcd:
   517     0070                     	ds	5
   518                           
   519                           	psect	bssBANK0
   520     006B                     __pbssBANK0:
   521     006B                     _width:
   522     006B                     	ds	2
   523     006D                     _prec:
   524     006D                     	ds	2
   525     006F                     _flags:
   526     006F                     	ds	1
   527                           
   528                           	psect	bssBANK1
   529     00C8                     __pbssBANK1:
   530     00C8                     _pantalla:
   531     00C8                     	ds	1
   532     00C9                     _dbuf:
   533     00C9                     	ds	32
   534                           
   535                           	psect	dataBANK1
   536     00E9                     __pdataBANK1:
   537     00E9                     main@F1790:
   538     00E9                     	ds	5
   539     00EE                     _op:
   540     00EE                     	ds	1
   541     00EF                     _flag_actualizar_lcd:
   542     00EF                     	ds	1
   543                           
   544                           	psect	inittext
   545     0D22                     init_fetch0:	
   546                           ;	Called with low address in FSR and high address in W
   547                           
   548     0D22  087E               	movf	btemp,w
   549     0D23  008A               	movwf	10
   550     0D24  087F               	movf	btemp+1,w
   551     0D25  0082               	movwf	2
   552     0D26                     init_ram0:	
   553                           ;Called with:
   554                           ;	high address of idata address in btemp 
   555                           ;	low address of idata address in btemp+1 
   556                           ;	low address of data in FSR
   557                           ;	high address + 1 of data in btemp-1
   558                           
   559     0D26  120A  158A  2522  120A  158A  	fcall	init_fetch0
   560     0D2B  0080               	movwf	0
   561     0D2C  0A84               	incf	4,f
   562     0D2D  0804               	movf	4,w
   563     0D2E  067D               	xorwf	btemp+-1,w
   564     0D2F  1903               	btfsc	3,2
   565     0D30  3400               	retlw	0
   566     0D31  0AFF               	incf	btemp+1,f
   567     0D32  1903               	btfsc	3,2
   568     0D33  0AFE               	incf	btemp,f
   569     0D34  2D26               	goto	init_ram0
   570                           
   571                           	psect	clrtext
   572     0CED                     clear_ram0:	
   573                           ;	Called with FSR containing the base address, and
   574                           ;	W with the last address+1
   575                           
   576     0CED  0064               	clrwdt	;clear the watchdog before getting into this loop
   577     0CEE                     clrloop0:
   578     0CEE  0180               	clrf	0	;clear RAM location pointed to by FSR
   579     0CEF  0A84               	incf	4,f	;increment pointer
   580     0CF0  0604               	xorwf	4,w	;XOR with final address
   581     0CF1  1903               	btfsc	3,2	;have we reached the end yet?
   582     0CF2  3400               	retlw	0	;all done for this memory range, return
   583     0CF3  0604               	xorwf	4,w	;XOR again to restore value
   584     0CF4  2CEE               	goto	clrloop0	;do the next byte
   585                           
   586                           	psect	cstackBANK1
   587     00A0                     __pcstackBANK1:
   588     00A0                     show@buffer:
   589                           
   590                           ; 15 bytes @ 0x0
   591     00A0                     	ds	15
   592     00AF                     show@adc_result:
   593                           
   594                           ; 2 bytes @ 0xF
   595     00AF                     	ds	2
   596     00B1                     show@part_ent:
   597                           
   598                           ; 2 bytes @ 0x11
   599     00B1                     	ds	2
   600     00B3                     show@part_dec:
   601                           
   602                           ; 2 bytes @ 0x13
   603     00B3                     	ds	2
   604     00B5                     show@adc_result_159:
   605                           
   606                           ; 2 bytes @ 0x15
   607     00B5                     	ds	2
   608     00B7                     show@percent:
   609                           
   610                           ; 2 bytes @ 0x17
   611     00B7                     	ds	2
   612     00B9                     show@adc_result_163:
   613                           
   614                           ; 2 bytes @ 0x19
   615     00B9                     	ds	2
   616     00BB                     show@volt:
   617                           
   618                           ; 2 bytes @ 0x1B
   619     00BB                     	ds	2
   620     00BD                     show@channel:
   621                           
   622                           ; 1 bytes @ 0x1D
   623     00BD                     	ds	1
   624     00BE                     ??_main:
   625                           
   626                           ; 1 bytes @ 0x1E
   627     00BE                     	ds	3
   628     00C1                     main@screen:
   629                           
   630                           ; 5 bytes @ 0x21
   631     00C1                     	ds	5
   632     00C6                     main@ultimo_op:
   633                           
   634                           ; 1 bytes @ 0x26
   635     00C6                     	ds	1
   636     00C7                     main@ultima_screen:
   637                           
   638                           ; 1 bytes @ 0x27
   639     00C7                     	ds	1
   640                           
   641                           	psect	cstackCOMMON
   642     0075                     __pcstackCOMMON:
   643     0075                     ?_putch:
   644     0075                     ?_LCD_Out:	
   645                           ; 1 bytes @ 0x0
   646                           
   647     0075                     ?_LCD_Write:	
   648                           ; 1 bytes @ 0x0
   649                           
   650     0075                     ?_LCD_putc:	
   651                           ; 1 bytes @ 0x0
   652                           
   653     0075                     ?_ADC_Init:	
   654                           ; 1 bytes @ 0x0
   655                           
   656     0075                     ?_changeOP:	
   657                           ; 1 bytes @ 0x0
   658                           
   659     0075                     ?_changeScreen:	
   660                           ; 1 bytes @ 0x0
   661                           
   662     0075                     ?_main:	
   663                           ; 1 bytes @ 0x0
   664                           
   665     0075                     ?_ISR:	
   666                           ; 1 bytes @ 0x0
   667                           
   668     0075                     changeOP@op:	
   669                           ; 1 bytes @ 0x0
   670                           
   671     0075                     putch@c:	
   672                           ; 1 bytes @ 0x0
   673                           
   674     0075                     ??_changeOP:	
   675                           ; 1 bytes @ 0x0
   676                           
   677                           
   678                           ; 1 bytes @ 0x0
   679     0075                     	ds	1
   680     0076                     ??_ISR:
   681                           
   682                           ; 1 bytes @ 0x1
   683     0076                     	ds	4
   684                           
   685                           	psect	cstackBANK0
   686     0020                     __pcstackBANK0:
   687     0020                     ?_fputc:
   688     0020                     ?_ADC_Read:	
   689                           ; 2 bytes @ 0x0
   690                           
   691     0020                     ?___wmul:	
   692                           ; 2 bytes @ 0x0
   693                           
   694     0020                     ?___lwmod:	
   695                           ; 2 bytes @ 0x0
   696                           
   697     0020                     ?___lmul:	
   698                           ; 2 bytes @ 0x0
   699                           
   700     0020                     changeScreen@pantalla:	
   701                           ; 4 bytes @ 0x0
   702                           
   703     0020                     ___wmul@multiplier:	
   704                           ; 1 bytes @ 0x0
   705                           
   706     0020                     ___lwmod@divisor:	
   707                           ; 2 bytes @ 0x0
   708                           
   709     0020                     fputc@c:	
   710                           ; 2 bytes @ 0x0
   711                           
   712     0020                     ___lmul@multiplier:	
   713                           ; 2 bytes @ 0x0
   714                           
   715     0020                     ??_putch:	
   716                           ; 4 bytes @ 0x0
   717                           
   718     0020                     ??_LCD_Out:	
   719                           ; 1 bytes @ 0x0
   720                           
   721     0020                     ??_ADC_Init:	
   722                           ; 1 bytes @ 0x0
   723                           
   724     0020                     ??_changeScreen:	
   725                           ; 1 bytes @ 0x0
   726                           
   727                           
   728                           ; 1 bytes @ 0x0
   729     0020                     	ds	2
   730     0022                     LCD_Out@c:
   731     0022                     ___wmul@multiplicand:	
   732                           ; 1 bytes @ 0x2
   733                           
   734     0022                     ___lwmod@dividend:	
   735                           ; 2 bytes @ 0x2
   736                           
   737     0022                     fputc@fp:	
   738                           ; 2 bytes @ 0x2
   739                           
   740     0022                     ??_ADC_Read:	
   741                           ; 2 bytes @ 0x2
   742                           
   743                           
   744                           ; 1 bytes @ 0x2
   745     0022                     	ds	1
   746     0023                     ??_LCD_Write:
   747     0023                     ??_LCD_putc:	
   748                           ; 1 bytes @ 0x3
   749                           
   750                           
   751                           ; 1 bytes @ 0x3
   752     0023                     	ds	1
   753     0024                     ADC_Read@channel:
   754     0024                     ___lwmod@counter:	
   755                           ; 1 bytes @ 0x4
   756                           
   757     0024                     ___wmul@product:	
   758                           ; 1 bytes @ 0x4
   759                           
   760     0024                     ___lmul@multiplicand:	
   761                           ; 2 bytes @ 0x4
   762                           
   763     0024                     ??_fputc:	
   764                           ; 4 bytes @ 0x4
   765                           
   766     0024                     ??___wmul:	
   767                           ; 1 bytes @ 0x4
   768                           
   769     0024                     ??___lwmod:	
   770                           ; 1 bytes @ 0x4
   771                           
   772                           
   773                           ; 1 bytes @ 0x4
   774     0024                     	ds	1
   775     0025                     LCD_Write@c:
   776     0025                     LCD_putc@c:	
   777                           ; 1 bytes @ 0x5
   778                           
   779                           
   780                           ; 1 bytes @ 0x5
   781     0025                     	ds	1
   782     0026                     ?_LCD_Init:
   783     0026                     ?_LCD_putrs:	
   784                           ; 1 bytes @ 0x6
   785                           
   786     0026                     ?___lwdiv:	
   787                           ; 1 bytes @ 0x6
   788                           
   789     0026                     ?_read_prec_or_width:	
   790                           ; 2 bytes @ 0x6
   791                           
   792     0026                     read_prec_or_width@fmt:	
   793                           ; 2 bytes @ 0x6
   794                           
   795     0026                     LCD_putrs@a:	
   796                           ; 1 bytes @ 0x6
   797                           
   798     0026                     ___lwdiv@divisor:	
   799                           ; 2 bytes @ 0x6
   800                           
   801     0026                     LCD_Init@display:	
   802                           ; 2 bytes @ 0x6
   803                           
   804                           
   805                           ; 5 bytes @ 0x6
   806     0026                     	ds	1
   807     0027                     read_prec_or_width@ap:
   808                           
   809                           ; 1 bytes @ 0x7
   810     0027                     	ds	1
   811     0028                     ___lwdiv@dividend:
   812     0028                     ??_LCD_putrs:	
   813                           ; 2 bytes @ 0x8
   814                           
   815     0028                     ??___lmul:	
   816                           ; 1 bytes @ 0x8
   817                           
   818     0028                     ??_read_prec_or_width:	
   819                           ; 1 bytes @ 0x8
   820                           
   821                           
   822                           ; 1 bytes @ 0x8
   823     0028                     	ds	1
   824     0029                     read_prec_or_width@c:
   825     0029                     ___lmul@product:	
   826                           ; 1 bytes @ 0x9
   827                           
   828                           
   829                           ; 4 bytes @ 0x9
   830     0029                     	ds	1
   831     002A                     ___lwdiv@quotient:
   832     002A                     read_prec_or_width@n:	
   833                           ; 2 bytes @ 0xA
   834                           
   835     002A                     ??___lwdiv:	
   836                           ; 2 bytes @ 0xA
   837                           
   838                           
   839                           ; 1 bytes @ 0xA
   840     002A                     	ds	1
   841     002B                     LCD_putrs@i:
   842     002B                     ??_LCD_Init:	
   843                           ; 2 bytes @ 0xB
   844                           
   845                           
   846                           ; 1 bytes @ 0xB
   847     002B                     	ds	1
   848     002C                     ___lwdiv@counter:
   849                           
   850                           ; 1 bytes @ 0xC
   851     002C                     	ds	1
   852     002D                     ?_fputs:
   853     002D                     ?___aldiv:	
   854                           ; 2 bytes @ 0xD
   855                           
   856     002D                     LCD_Init@cmd:	
   857                           ; 4 bytes @ 0xD
   858                           
   859     002D                     fputs@s:	
   860                           ; 1 bytes @ 0xD
   861                           
   862     002D                     ___aldiv@divisor:	
   863                           ; 1 bytes @ 0xD
   864                           
   865                           
   866                           ; 4 bytes @ 0xD
   867     002D                     	ds	1
   868     002E                     fputs@fp:
   869                           
   870                           ; 2 bytes @ 0xE
   871     002E                     	ds	2
   872     0030                     ??_fputs:
   873                           
   874                           ; 1 bytes @ 0x10
   875     0030                     	ds	1
   876     0031                     ___aldiv@dividend:
   877                           
   878                           ; 4 bytes @ 0x11
   879     0031                     	ds	1
   880     0032                     fputs@c:
   881                           
   882                           ; 1 bytes @ 0x12
   883     0032                     	ds	1
   884     0033                     fputs@i:
   885                           
   886                           ; 2 bytes @ 0x13
   887     0033                     	ds	2
   888     0035                     ?_pad:
   889     0035                     pad@fp:	
   890                           ; 1 bytes @ 0x15
   891                           
   892     0035                     ??___aldiv:	
   893                           ; 2 bytes @ 0x15
   894                           
   895                           
   896                           ; 1 bytes @ 0x15
   897     0035                     	ds	1
   898     0036                     ___aldiv@counter:
   899                           
   900                           ; 1 bytes @ 0x16
   901     0036                     	ds	1
   902     0037                     ___aldiv@sign:
   903     0037                     pad@buf:	
   904                           ; 1 bytes @ 0x17
   905                           
   906                           
   907                           ; 1 bytes @ 0x17
   908     0037                     	ds	1
   909     0038                     pad@p:
   910     0038                     ___aldiv@quotient:	
   911                           ; 2 bytes @ 0x18
   912                           
   913                           
   914                           ; 4 bytes @ 0x18
   915     0038                     	ds	2
   916     003A                     ??_pad:
   917                           
   918                           ; 1 bytes @ 0x1A
   919     003A                     	ds	1
   920     003B                     pad@i:
   921                           
   922                           ; 2 bytes @ 0x1B
   923     003B                     	ds	2
   924     003D                     ?_utoa:
   925     003D                     utoa@fp:	
   926                           ; 1 bytes @ 0x1D
   927                           
   928                           
   929                           ; 2 bytes @ 0x1D
   930     003D                     	ds	2
   931     003F                     utoa@d:
   932                           
   933                           ; 2 bytes @ 0x1F
   934     003F                     	ds	2
   935     0041                     utoa@p:
   936     0041                     ??_utoa:	
   937                           ; 1 bytes @ 0x21
   938                           
   939                           
   940                           ; 1 bytes @ 0x21
   941     0041                     	ds	1
   942     0042                     utoa@w:
   943                           
   944                           ; 2 bytes @ 0x22
   945     0042                     	ds	2
   946     0044                     utoa@i:
   947                           
   948                           ; 2 bytes @ 0x24
   949     0044                     	ds	2
   950     0046                     ?_vfpfcnvrt:
   951     0046                     vfpfcnvrt@fp:	
   952                           ; 1 bytes @ 0x26
   953                           
   954                           
   955                           ; 2 bytes @ 0x26
   956     0046                     	ds	2
   957     0048                     vfpfcnvrt@fmt:
   958                           
   959                           ; 1 bytes @ 0x28
   960     0048                     	ds	1
   961     0049                     vfpfcnvrt@ap:
   962                           
   963                           ; 1 bytes @ 0x29
   964     0049                     	ds	1
   965     004A                     ??_vfpfcnvrt:
   966                           
   967                           ; 1 bytes @ 0x2A
   968     004A                     	ds	2
   969     004C                     vfpfcnvrt@convarg:
   970                           
   971                           ; 4 bytes @ 0x2C
   972     004C                     	ds	4
   973     0050                     vfpfcnvrt@done:
   974                           
   975                           ; 1 bytes @ 0x30
   976     0050                     	ds	1
   977     0051                     vfpfcnvrt@cp:
   978                           
   979                           ; 1 bytes @ 0x31
   980     0051                     	ds	1
   981     0052                     ?_vfprintf:
   982     0052                     vfprintf@fp:	
   983                           ; 2 bytes @ 0x32
   984                           
   985                           
   986                           ; 2 bytes @ 0x32
   987     0052                     	ds	2
   988     0054                     vfprintf@fmt:
   989                           
   990                           ; 1 bytes @ 0x34
   991     0054                     	ds	1
   992     0055                     vfprintf@ap:
   993                           
   994                           ; 1 bytes @ 0x35
   995     0055                     	ds	1
   996     0056                     vfprintf@cfmt:
   997     0056                     ??_vfprintf:	
   998                           ; 1 bytes @ 0x36
   999                           
  1000                           
  1001                           ; 1 bytes @ 0x36
  1002     0056                     	ds	1
  1003     0057                     ?_sprintf:
  1004     0057                     sprintf@s:	
  1005                           ; 2 bytes @ 0x37
  1006                           
  1007                           
  1008                           ; 1 bytes @ 0x37
  1009     0057                     	ds	1
  1010     0058                     sprintf@fmt:
  1011                           
  1012                           ; 1 bytes @ 0x38
  1013     0058                     	ds	5
  1014     005D                     ??_sprintf:
  1015                           
  1016                           ; 1 bytes @ 0x3D
  1017     005D                     	ds	1
  1018     005E                     sprintf@ap:
  1019                           
  1020                           ; 1 bytes @ 0x3E
  1021     005E                     	ds	1
  1022     005F                     sprintf@f:
  1023                           
  1024                           ; 11 bytes @ 0x3F
  1025     005F                     	ds	11
  1026     006A                     ?_show:
  1027     006A                     show@op:	
  1028                           ; 1 bytes @ 0x4A
  1029                           
  1030                           
  1031                           ; 1 bytes @ 0x4A
  1032     006A                     	ds	1
  1033     006B                     ??_show:
  1034                           
  1035                           	psect	maintext
  1036     0468                     __pmaintext:	
  1037                           ; 1 bytes @ 0x4B
  1038 ;;
  1039 ;;Main: autosize = 0, tempsize = 3, incstack = 0, save=0
  1040 ;;
  1041 ;; *************** function _main *****************
  1042 ;; Defined at:
  1043 ;;		line 187 in file "main.c"
  1044 ;; Parameters:    Size  Location     Type
  1045 ;;		None
  1046 ;; Auto vars:     Size  Location     Type
  1047 ;;  screen          5   33[BANK1 ] struct .
  1048 ;;  ultima_scree    1   39[BANK1 ] unsigned char 
  1049 ;;  ultimo_op       1   38[BANK1 ] unsigned char 
  1050 ;; Return value:  Size  Location     Type
  1051 ;;                  1    wreg      void 
  1052 ;; Registers used:
  1053 ;;		wreg, fsr0l, fsr0h, status,2, status,0, pclath, btemp1, cstack
  1054 ;; Tracked objects:
  1055 ;;		On entry : B00/0
  1056 ;;		On exit  : 0/0
  1057 ;;		Unchanged: 0/0
  1058 ;; Data sizes:     COMMON   BANK0   BANK1   BANK3   BANK2
  1059 ;;      Params:         0       0       0       0       0
  1060 ;;      Locals:         0       0       7       0       0
  1061 ;;      Temps:          0       0       3       0       0
  1062 ;;      Totals:         0       0      10       0       0
  1063 ;;Total ram usage:       10 bytes
  1064 ;; Hardware stack levels required when called: 10
  1065 ;; This function calls:
  1066 ;;		_ADC_Init
  1067 ;;		_LCD_Init
  1068 ;;		_LCD_Write
  1069 ;;		_changeScreen
  1070 ;;		_show
  1071 ;; This function is called by:
  1072 ;;		Startup code after reset
  1073 ;; This function uses a non-reentrant model
  1074 ;;
  1075                           
  1076     0468                     _main:	
  1077                           ;psect for function _main
  1078                           
  1079     0468                     l2718:	
  1080                           ;incstack = 0
  1081 ;; hardware stack exceeded
  1082                           ; Regs used in _main: [wreg-fsr0h+status,2+status,0+pclath+btemp1+cstack]
  1083                           
  1084                           
  1085                           ;main.c: 188:     char ultimo_op = 0;
  1086     0468  1683               	bsf	3,5	;RP0=1, select bank1
  1087     0469  1303               	bcf	3,6	;RP1=0, select bank1
  1088     046A  01C6               	clrf	main@ultimo_op^(0+128)
  1089                           
  1090                           ;main.c: 189:     char ultima_screen = 0;
  1091     046B  01C7               	clrf	main@ultima_screen^(0+128)
  1092     046C                     l2720:
  1093                           
  1094                           ;main.c: 191:     ADC_Init();
  1095     046C  120A  158A  2501  120A  118A  	fcall	_ADC_Init
  1096     0471                     l2722:
  1097                           
  1098                           ;main.c: 192:     ADCON0 = 0x81;
  1099     0471  3081               	movlw	129
  1100     0472  1283               	bcf	3,5	;RP0=0, select bank0
  1101     0473  1303               	bcf	3,6	;RP1=0, select bank0
  1102     0474  009F               	movwf	31	;volatile
  1103     0475                     l2724:
  1104                           
  1105                           ;main.c: 195:     TRISB = 0xFF;
  1106     0475  30FF               	movlw	255
  1107     0476  1683               	bsf	3,5	;RP0=1, select bank1
  1108     0477  1303               	bcf	3,6	;RP1=0, select bank1
  1109     0478  0086               	movwf	6	;volatile
  1110     0479                     l2726:
  1111                           
  1112                           ;main.c: 196:     TRISC = 0x00;
  1113     0479  0187               	clrf	7	;volatile
  1114     047A                     l2728:
  1115                           
  1116                           ;main.c: 198:     OPTION_REG = OPTION_REG & 0b01111111;
  1117     047A  0801               	movf	1,w	;volatile
  1118     047B  397F               	andlw	127
  1119     047C  0081               	movwf	1	;volatile
  1120     047D                     l2730:
  1121                           
  1122                           ;main.c: 200:     GIE = 1;
  1123     047D  178B               	bsf	11,7	;volatile
  1124     047E                     l2732:
  1125                           
  1126                           ;main.c: 201:     INTF = 0;
  1127     047E  108B               	bcf	11,1	;volatile
  1128     047F                     l2734:
  1129                           
  1130                           ;main.c: 202:     INTE = 1;
  1131     047F  160B               	bsf	11,4	;volatile
  1132     0480                     l2736:
  1133                           
  1134                           ;main.c: 203:     INTEDG = 0;
  1135     0480  1301               	bcf	1,6	;volatile
  1136     0481                     l2738:
  1137                           
  1138                           ;main.c: 206:     LCD screen = {&PORTC,2,3,4,5,6,7};
  1139     0481  30C1               	movlw	main@screen& (0+255)
  1140     0482  0084               	movwf	4
  1141     0483  0869               	movf	main@F1790^(0+128),w
  1142     0484  1383               	bcf	3,7	;select IRP bank1
  1143     0485  0080               	movwf	0
  1144     0486  0A84               	incf	4,f
  1145     0487  086A               	movf	(main@F1790^(0+128)+1),w
  1146     0488  0080               	movwf	0
  1147     0489  0A84               	incf	4,f
  1148     048A  086B               	movf	(main@F1790^(0+128)+2),w
  1149     048B  0080               	movwf	0
  1150     048C  0A84               	incf	4,f
  1151     048D  086C               	movf	(main@F1790^(0+128)+3),w
  1152     048E  0080               	movwf	0
  1153     048F  0A84               	incf	4,f
  1154     0490  086D               	movf	(main@F1790^(0+128)+4),w
  1155     0491  0080               	movwf	0
  1156     0492                     l2740:
  1157                           
  1158                           ;main.c: 207:     LCD_Init(screen);
  1159     0492  3026               	movlw	LCD_Init@display& (0+255)
  1160     0493  0084               	movwf	4
  1161     0494  0841               	movf	main@screen^(0+128),w
  1162     0495  0080               	movwf	0
  1163     0496  0A84               	incf	4,f
  1164     0497  0842               	movf	(main@screen^(0+128)+1),w
  1165     0498  0080               	movwf	0
  1166     0499  0A84               	incf	4,f
  1167     049A  0843               	movf	(main@screen^(0+128)+2),w
  1168     049B  0080               	movwf	0
  1169     049C  0A84               	incf	4,f
  1170     049D  0844               	movf	(main@screen^(0+128)+3),w
  1171     049E  0080               	movwf	0
  1172     049F  0A84               	incf	4,f
  1173     04A0  0845               	movf	(main@screen^(0+128)+4),w
  1174     04A1  0080               	movwf	0
  1175     04A2  120A  118A  23B5  120A  118A  	fcall	_LCD_Init
  1176     04A7                     l2742:
  1177                           
  1178                           ;main.c: 210:         if(PORTBbits.RB1 == 0){
  1179     04A7  1283               	bcf	3,5	;RP0=0, select bank0
  1180     04A8  1303               	bcf	3,6	;RP1=0, select bank0
  1181     04A9  1886               	btfsc	6,1	;volatile
  1182     04AA  2CAC               	goto	u3151
  1183     04AB  2CAD               	goto	u3150
  1184     04AC                     u3151:
  1185     04AC  2CCD               	goto	l2750
  1186     04AD                     u3150:
  1187     04AD                     l2744:
  1188                           
  1189                           ;main.c: 211:             _delay((unsigned long)((20)*(8000000/4000.0)));
  1190     04AD  3034               	movlw	52
  1191     04AE  1683               	bsf	3,5	;RP0=1, select bank1
  1192     04AF  1303               	bcf	3,6	;RP1=0, select bank1
  1193     04B0  00BF               	movwf	(??_main^(0+128)+1)
  1194     04B1  30F1               	movlw	241
  1195     04B2  00BE               	movwf	??_main^(0+128)
  1196     04B3                     u3207:
  1197     04B3  0BBE               	decfsz	??_main^(0+128),f
  1198     04B4  2CB3               	goto	u3207
  1199     04B5  0BBF               	decfsz	(??_main^(0+128)+1),f
  1200     04B6  2CB3               	goto	u3207
  1201     04B7                     l2746:
  1202                           
  1203                           ;main.c: 212:             if(PORTBbits.RB1 == 0){
  1204     04B7  1283               	bcf	3,5	;RP0=0, select bank0
  1205     04B8  1303               	bcf	3,6	;RP1=0, select bank0
  1206     04B9  1886               	btfsc	6,1	;volatile
  1207     04BA  2CBC               	goto	u3161
  1208     04BB  2CBD               	goto	u3160
  1209     04BC                     u3161:
  1210     04BC  2CCD               	goto	l2750
  1211     04BD                     u3160:
  1212     04BD                     l2748:
  1213                           
  1214                           ;main.c: 213:                 pantalla = changeScreen(pantalla);
  1215     04BD  1683               	bsf	3,5	;RP0=1, select bank1
  1216     04BE  1303               	bcf	3,6	;RP1=0, select bank1
  1217     04BF  0848               	movf	_pantalla^(0+128),w	;volatile
  1218     04C0  120A  158A  24F5  120A  118A  	fcall	_changeScreen
  1219     04C5  1683               	bsf	3,5	;RP0=1, select bank1
  1220     04C6  1303               	bcf	3,6	;RP1=0, select bank1
  1221     04C7  00C8               	movwf	_pantalla^(0+128)	;volatile
  1222     04C8                     l281:	
  1223                           ;main.c: 214:                 while(PORTBbits.RB1 == 0);
  1224                           
  1225     04C8  1283               	bcf	3,5	;RP0=0, select bank0
  1226     04C9  1C86               	btfss	6,1	;volatile
  1227     04CA  2CCC               	goto	u3171
  1228     04CB  2CCD               	goto	u3170
  1229     04CC                     u3171:
  1230     04CC  2CC8               	goto	l281
  1231     04CD                     u3170:
  1232     04CD                     l2750:
  1233                           
  1234                           ;main.c: 218:         if(op != ultimo_op || pantalla != ultima_screen){
  1235     04CD  1683               	bsf	3,5	;RP0=1, select bank1
  1236     04CE  1303               	bcf	3,6	;RP1=0, select bank1
  1237     04CF  086E               	movf	_op^(0+128),w	;volatile
  1238     04D0  0646               	xorwf	main@ultimo_op^(0+128),w
  1239     04D1  1D03               	skipz
  1240     04D2  2CD4               	goto	u3181
  1241     04D3  2CD5               	goto	u3180
  1242     04D4                     u3181:
  1243     04D4  2CDB               	goto	l2754
  1244     04D5                     u3180:
  1245     04D5                     l2752:
  1246     04D5  0848               	movf	_pantalla^(0+128),w	;volatile
  1247     04D6  0647               	xorwf	main@ultima_screen^(0+128),w
  1248     04D7  1903               	skipnz
  1249     04D8  2CDA               	goto	u3191
  1250     04D9  2CDB               	goto	u3190
  1251     04DA                     u3191:
  1252     04DA  2CEF               	goto	l2762
  1253     04DB                     u3190:
  1254     04DB                     l2754:
  1255     04DB  3000               	movlw	0
  1256     04DC  120A  158A  2752  120A  118A  	fcall	_LCD_Write
  1257     04E1  3001               	movlw	1
  1258     04E2  120A  158A  2752  120A  118A  	fcall	_LCD_Write
  1259     04E7                     l2756:
  1260                           
  1261                           ;main.c: 220:             ultimo_op = op;
  1262     04E7  1683               	bsf	3,5	;RP0=1, select bank1
  1263     04E8  1303               	bcf	3,6	;RP1=0, select bank1
  1264     04E9  086E               	movf	_op^(0+128),w	;volatile
  1265     04EA  00C6               	movwf	main@ultimo_op^(0+128)
  1266     04EB                     l2758:
  1267                           
  1268                           ;main.c: 221:             ultima_screen = pantalla;
  1269     04EB  0848               	movf	_pantalla^(0+128),w	;volatile
  1270     04EC  00C7               	movwf	main@ultima_screen^(0+128)
  1271     04ED                     l2760:
  1272                           
  1273                           ;main.c: 222:             flag_actualizar_lcd=1;
  1274     04ED  3001               	movlw	1
  1275     04EE  00EF               	movwf	_flag_actualizar_lcd^(0+128)	;volatile
  1276     04EF                     l2762:
  1277                           
  1278                           ;main.c: 225:         show(pantalla, op);
  1279     04EF  086E               	movf	_op^(0+128),w	;volatile
  1280     04F0  1283               	bcf	3,5	;RP0=0, select bank0
  1281     04F1  1303               	bcf	3,6	;RP1=0, select bank0
  1282     04F2  00EA               	movwf	show@op
  1283     04F3  1683               	bsf	3,5	;RP0=1, select bank1
  1284     04F4  1303               	bcf	3,6	;RP1=0, select bank1
  1285     04F5  0848               	movf	_pantalla^(0+128),w	;volatile
  1286     04F6  120A  118A  2033  120A  118A  	fcall	_show
  1287     04FB                     l2764:
  1288                           
  1289                           ;main.c: 227:         flag_actualizar_lcd = 0;
  1290     04FB  1683               	bsf	3,5	;RP0=1, select bank1
  1291     04FC  1303               	bcf	3,6	;RP1=0, select bank1
  1292     04FD  01EF               	clrf	_flag_actualizar_lcd^(0+128)	;volatile
  1293     04FE                     l2766:
  1294                           
  1295                           ;main.c: 228:         _delay((unsigned long)((150)*(8000000/4000.0)));
  1296     04FE  3002               	movlw	2
  1297     04FF  1683               	bsf	3,5	;RP0=1, select bank1
  1298     0500  1303               	bcf	3,6	;RP1=0, select bank1
  1299     0501  00C0               	movwf	(??_main^(0+128)+2)
  1300     0502  3086               	movlw	134
  1301     0503  00BF               	movwf	(??_main^(0+128)+1)
  1302     0504  3098               	movlw	152
  1303     0505  00BE               	movwf	??_main^(0+128)
  1304     0506                     u3217:
  1305     0506  0BBE               	decfsz	??_main^(0+128),f
  1306     0507  2D06               	goto	u3217
  1307     0508  0BBF               	decfsz	(??_main^(0+128)+1),f
  1308     0509  2D06               	goto	u3217
  1309     050A  0BC0               	decfsz	(??_main^(0+128)+2),f
  1310     050B  2D06               	goto	u3217
  1311     050C  0000               	nop
  1312     050D  2CA7               	goto	l2742
  1313     050E  120A  118A  280C   	ljmp	start
  1314     0511                     __end_of_main:
  1315                           
  1316                           	psect	text1
  1317     0033                     __ptext1:	
  1318 ;; *************** function _show *****************
  1319 ;; Defined at:
  1320 ;;		line 144 in file "main.c"
  1321 ;; Parameters:    Size  Location     Type
  1322 ;;  channel         1    wreg     unsigned char 
  1323 ;;  op              1   74[BANK0 ] unsigned char 
  1324 ;; Auto vars:     Size  Location     Type
  1325 ;;  channel         1   29[BANK1 ] unsigned char 
  1326 ;;  adc_result      2   25[BANK1 ] unsigned int 
  1327 ;;  percent         2   23[BANK1 ] unsigned int 
  1328 ;;  adc_result      2   21[BANK1 ] unsigned int 
  1329 ;;  volt            2   27[BANK1 ] unsigned int 
  1330 ;;  part_dec        2   19[BANK1 ] unsigned int 
  1331 ;;  part_ent        2   17[BANK1 ] unsigned int 
  1332 ;;  adc_result      2   15[BANK1 ] unsigned int 
  1333 ;;  buffer         15    0[BANK1 ] unsigned char [15]
  1334 ;; Return value:  Size  Location     Type
  1335 ;;                  1    wreg      void 
  1336 ;; Registers used:
  1337 ;;		wreg, fsr0l, fsr0h, status,2, status,0, pclath, btemp1, cstack
  1338 ;; Tracked objects:
  1339 ;;		On entry : 0/0
  1340 ;;		On exit  : 0/0
  1341 ;;		Unchanged: 0/0
  1342 ;; Data sizes:     COMMON   BANK0   BANK1   BANK3   BANK2
  1343 ;;      Params:         0       1       0       0       0
  1344 ;;      Locals:         0       0      30       0       0
  1345 ;;      Temps:          0       0       0       0       0
  1346 ;;      Totals:         0       1      30       0       0
  1347 ;;Total ram usage:       31 bytes
  1348 ;; Hardware stack levels used: 1
  1349 ;; Hardware stack levels required when called: 9
  1350 ;; This function calls:
  1351 ;;		_ADC_Read
  1352 ;;		_LCD_Write
  1353 ;;		_LCD_putrs
  1354 ;;		___aldiv
  1355 ;;		___lmul
  1356 ;;		___lwdiv
  1357 ;;		___lwmod
  1358 ;;		___wmul
  1359 ;;		_sprintf
  1360 ;; This function is called by:
  1361 ;;		_main
  1362 ;; This function uses a non-reentrant model
  1363 ;;
  1364                           
  1365     0033                     _show:	
  1366                           ;psect for function _show
  1367                           
  1368                           
  1369                           ;incstack = 0
  1370 ;; hardware stack exceeded
  1371                           ; Regs used in _show: [wreg-fsr0h+status,2+status,0+pclath+btemp1+cstack]
  1372                           ;show@channel stored from wreg
  1373     0033  1683               	bsf	3,5	;RP0=1, select bank1
  1374     0034  1303               	bcf	3,6	;RP1=0, select bank1
  1375     0035  00BD               	movwf	show@channel^(0+128)
  1376     0036                     l146:	
  1377                           ;main.c: 145:     char buffer[15];;main.c: 148:     do { if ( 0 == 0 ) { do { LCD_Write(
      +                           (0x80 + 10 & 0xF0) >> 4 ); LCD_Write( 0x80 + 10 & 0x0F); } while ( 0 ); } else if ( 0 =
      +                          = 1 ) { do { LCD_Write( (0xC0 + 10 & 0xF0) >> 4 ); LCD_Write( 0xC0 + 10 & 0x0F); } while
      +                           ( 0 ); } else if ( 0 == 2 ) { do { LCD_Write( (0x94 + 10 & 0xF0) >> 4 ); LCD_Write( 0x9
      +                          4 + 10 & 0x0F); } while ( 0 ); } else if ( 0 == 3 ) { do { LCD_Write( (0xD4 + 10 & 0xF0)
      +                           >> 4 ); LCD_Write( 0xD4 + 10 & 0x0F); } while ( 0 ); } } while ( 0 );
  1378                           
  1379     0036                     l2580:
  1380     0036  3008               	movlw	8
  1381     0037  120A  158A  2752  120A  118A  	fcall	_LCD_Write
  1382     003C  300A               	movlw	10
  1383     003D  120A  158A  2752  120A  118A  	fcall	_LCD_Write
  1384     0042                     l2588:
  1385                           
  1386                           ;main.c: 149:     if(channel == 0) LCD_putrs(" (IN1)");
  1387     0042  1683               	bsf	3,5	;RP0=1, select bank1
  1388     0043  1303               	bcf	3,6	;RP1=0, select bank1
  1389     0044  083D               	movf	show@channel^(0+128),w
  1390     0045  1D03               	btfss	3,2
  1391     0046  2848               	goto	u3001
  1392     0047  2849               	goto	u3000
  1393     0048                     u3001:
  1394     0048  2855               	goto	l2592
  1395     0049                     u3000:
  1396     0049                     l2590:
  1397     0049  304E               	movlw	(low ((STR_1-__stringbase)| (0+32768)))& (0+255)
  1398     004A  1283               	bcf	3,5	;RP0=0, select bank0
  1399     004B  1303               	bcf	3,6	;RP1=0, select bank0
  1400     004C  00A6               	movwf	LCD_putrs@a
  1401     004D  3080               	movlw	128
  1402     004E  00A7               	movwf	LCD_putrs@a+1
  1403     004F  120A  158A  2671  120A  118A  	fcall	_LCD_putrs
  1404     0054  2860               	goto	l2594
  1405     0055                     l2592:
  1406     0055  3055               	movlw	(low ((STR_2-__stringbase)| (0+32768)))& (0+255)
  1407     0056  1283               	bcf	3,5	;RP0=0, select bank0
  1408     0057  1303               	bcf	3,6	;RP1=0, select bank0
  1409     0058  00A6               	movwf	LCD_putrs@a
  1410     0059  3080               	movlw	128
  1411     005A  00A7               	movwf	LCD_putrs@a+1
  1412     005B  120A  158A  2671  120A  118A  	fcall	_LCD_putrs
  1413     0060                     l2594:
  1414                           
  1415                           ;main.c: 152:     if(op == 'v'){
  1416     0060  3076               	movlw	118
  1417     0061  1283               	bcf	3,5	;RP0=0, select bank0
  1418     0062  1303               	bcf	3,6	;RP1=0, select bank0
  1419     0063  066A               	xorwf	show@op,w
  1420     0064  1D03               	btfss	3,2
  1421     0065  2867               	goto	u3011
  1422     0066  2868               	goto	u3010
  1423     0067                     u3011:
  1424     0067  2954               	goto	l2626
  1425     0068                     u3010:
  1426     0068                     l2596:
  1427     0068  3008               	movlw	8
  1428     0069  120A  158A  2752  120A  118A  	fcall	_LCD_Write
  1429     006E  3000               	movlw	0
  1430     006F  120A  158A  2752  120A  118A  	fcall	_LCD_Write
  1431     0074                     l2604:
  1432                           
  1433                           ;main.c: 154:         LCD_putrs("Voltaje: ");
  1434     0074  3044               	movlw	(low ((STR_3-__stringbase)| (0+32768)))& (0+255)
  1435     0075  1283               	bcf	3,5	;RP0=0, select bank0
  1436     0076  1303               	bcf	3,6	;RP1=0, select bank0
  1437     0077  00A6               	movwf	LCD_putrs@a
  1438     0078  3080               	movlw	128
  1439     0079  00A7               	movwf	LCD_putrs@a+1
  1440     007A  120A  158A  2671  120A  118A  	fcall	_LCD_putrs
  1441     007F                     l2608:
  1442     007F  300C               	movlw	12
  1443     0080  120A  158A  2752  120A  118A  	fcall	_LCD_Write
  1444     0085  3000               	movlw	0
  1445     0086  120A  158A  2752  120A  118A  	fcall	_LCD_Write
  1446     008B                     l2614:
  1447                           
  1448                           ;main.c: 157:         unsigned int adc_result = ADC_Read(channel);
  1449     008B  1683               	bsf	3,5	;RP0=1, select bank1
  1450     008C  1303               	bcf	3,6	;RP1=0, select bank1
  1451     008D  083D               	movf	show@channel^(0+128),w
  1452     008E  120A  118A  27CB  120A  118A  	fcall	_ADC_Read
  1453     0093  1283               	bcf	3,5	;RP0=0, select bank0
  1454     0094  1303               	bcf	3,6	;RP1=0, select bank0
  1455     0095  0821               	movf	?_ADC_Read+1,w
  1456     0096  1683               	bsf	3,5	;RP0=1, select bank1
  1457     0097  1303               	bcf	3,6	;RP1=0, select bank1
  1458     0098  00B0               	movwf	(show@adc_result+1)^(0+128)
  1459     0099  1283               	bcf	3,5	;RP0=0, select bank0
  1460     009A  1303               	bcf	3,6	;RP1=0, select bank0
  1461     009B  0820               	movf	?_ADC_Read,w
  1462     009C  1683               	bsf	3,5	;RP0=1, select bank1
  1463     009D  1303               	bcf	3,6	;RP1=0, select bank1
  1464     009E  00AF               	movwf	show@adc_result^(0+128)
  1465     009F                     l2616:
  1466                           
  1467                           ;main.c: 158:         unsigned int volt = (adc_result*50000)/ 1023;
  1468     009F  3000               	movlw	0
  1469     00A0  1283               	bcf	3,5	;RP0=0, select bank0
  1470     00A1  1303               	bcf	3,6	;RP1=0, select bank0
  1471     00A2  00B0               	movwf	___aldiv@divisor+3
  1472     00A3  3000               	movlw	0
  1473     00A4  00AF               	movwf	___aldiv@divisor+2
  1474     00A5  3003               	movlw	3
  1475     00A6  00AE               	movwf	___aldiv@divisor+1
  1476     00A7  30FF               	movlw	255
  1477     00A8  00AD               	movwf	___aldiv@divisor
  1478     00A9  1683               	bsf	3,5	;RP0=1, select bank1
  1479     00AA  1303               	bcf	3,6	;RP1=0, select bank1
  1480     00AB  082F               	movf	show@adc_result^(0+128),w
  1481     00AC  1283               	bcf	3,5	;RP0=0, select bank0
  1482     00AD  1303               	bcf	3,6	;RP1=0, select bank0
  1483     00AE  00A0               	movwf	___lmul@multiplier
  1484     00AF  1683               	bsf	3,5	;RP0=1, select bank1
  1485     00B0  1303               	bcf	3,6	;RP1=0, select bank1
  1486     00B1  0830               	movf	(show@adc_result+1)^(0+128),w
  1487     00B2  1283               	bcf	3,5	;RP0=0, select bank0
  1488     00B3  1303               	bcf	3,6	;RP1=0, select bank0
  1489     00B4  00A1               	movwf	___lmul@multiplier+1
  1490     00B5  01A2               	clrf	___lmul@multiplier+2
  1491     00B6  01A3               	clrf	___lmul@multiplier+3
  1492     00B7  3000               	movlw	0
  1493     00B8  00A7               	movwf	___lmul@multiplicand+3
  1494     00B9  3000               	movlw	0
  1495     00BA  00A6               	movwf	___lmul@multiplicand+2
  1496     00BB  30C3               	movlw	195
  1497     00BC  00A5               	movwf	___lmul@multiplicand+1
  1498     00BD  3050               	movlw	80
  1499     00BE  00A4               	movwf	___lmul@multiplicand
  1500     00BF  120A  158A  26B7  120A  118A  	fcall	___lmul
  1501     00C4  1283               	bcf	3,5	;RP0=0, select bank0
  1502     00C5  1303               	bcf	3,6	;RP1=0, select bank0
  1503     00C6  0823               	movf	?___lmul+3,w
  1504     00C7  00B4               	movwf	___aldiv@dividend+3
  1505     00C8  0822               	movf	?___lmul+2,w
  1506     00C9  00B3               	movwf	___aldiv@dividend+2
  1507     00CA  0821               	movf	?___lmul+1,w
  1508     00CB  00B2               	movwf	___aldiv@dividend+1
  1509     00CC  0820               	movf	?___lmul,w
  1510     00CD  00B1               	movwf	___aldiv@dividend
  1511     00CE  120A  118A  25B1  120A  118A  	fcall	___aldiv
  1512     00D3  1283               	bcf	3,5	;RP0=0, select bank0
  1513     00D4  1303               	bcf	3,6	;RP1=0, select bank0
  1514     00D5  082E               	movf	?___aldiv+1,w
  1515     00D6  1683               	bsf	3,5	;RP0=1, select bank1
  1516     00D7  1303               	bcf	3,6	;RP1=0, select bank1
  1517     00D8  00BC               	movwf	(show@volt+1)^(0+128)
  1518     00D9  1283               	bcf	3,5	;RP0=0, select bank0
  1519     00DA  1303               	bcf	3,6	;RP1=0, select bank0
  1520     00DB  082D               	movf	?___aldiv,w
  1521     00DC  1683               	bsf	3,5	;RP0=1, select bank1
  1522     00DD  1303               	bcf	3,6	;RP1=0, select bank1
  1523     00DE  00BB               	movwf	show@volt^(0+128)
  1524     00DF                     l2618:
  1525                           
  1526                           ;main.c: 159:         unsigned int part_ent = volt/10000;
  1527     00DF  3010               	movlw	16
  1528     00E0  1283               	bcf	3,5	;RP0=0, select bank0
  1529     00E1  1303               	bcf	3,6	;RP1=0, select bank0
  1530     00E2  00A6               	movwf	___lwdiv@divisor
  1531     00E3  3027               	movlw	39
  1532     00E4  00A7               	movwf	___lwdiv@divisor+1
  1533     00E5  1683               	bsf	3,5	;RP0=1, select bank1
  1534     00E6  1303               	bcf	3,6	;RP1=0, select bank1
  1535     00E7  083C               	movf	(show@volt+1)^(0+128),w
  1536     00E8  1283               	bcf	3,5	;RP0=0, select bank0
  1537     00E9  1303               	bcf	3,6	;RP1=0, select bank0
  1538     00EA  00A9               	movwf	___lwdiv@dividend+1
  1539     00EB  1683               	bsf	3,5	;RP0=1, select bank1
  1540     00EC  1303               	bcf	3,6	;RP1=0, select bank1
  1541     00ED  083B               	movf	show@volt^(0+128),w
  1542     00EE  1283               	bcf	3,5	;RP0=0, select bank0
  1543     00EF  1303               	bcf	3,6	;RP1=0, select bank0
  1544     00F0  00A8               	movwf	___lwdiv@dividend
  1545     00F1  120A  158A  262D  120A  118A  	fcall	___lwdiv
  1546     00F6  1283               	bcf	3,5	;RP0=0, select bank0
  1547     00F7  1303               	bcf	3,6	;RP1=0, select bank0
  1548     00F8  0827               	movf	?___lwdiv+1,w
  1549     00F9  1683               	bsf	3,5	;RP0=1, select bank1
  1550     00FA  1303               	bcf	3,6	;RP1=0, select bank1
  1551     00FB  00B2               	movwf	(show@part_ent+1)^(0+128)
  1552     00FC  1283               	bcf	3,5	;RP0=0, select bank0
  1553     00FD  1303               	bcf	3,6	;RP1=0, select bank0
  1554     00FE  0826               	movf	?___lwdiv,w
  1555     00FF  1683               	bsf	3,5	;RP0=1, select bank1
  1556     0100  1303               	bcf	3,6	;RP1=0, select bank1
  1557     0101  00B1               	movwf	show@part_ent^(0+128)
  1558     0102                     l2620:
  1559                           
  1560                           ;main.c: 160:         unsigned int part_dec = volt%10000;
  1561     0102  3010               	movlw	16
  1562     0103  1283               	bcf	3,5	;RP0=0, select bank0
  1563     0104  1303               	bcf	3,6	;RP1=0, select bank0
  1564     0105  00A0               	movwf	___lwmod@divisor
  1565     0106  3027               	movlw	39
  1566     0107  00A1               	movwf	___lwmod@divisor+1
  1567     0108  1683               	bsf	3,5	;RP0=1, select bank1
  1568     0109  1303               	bcf	3,6	;RP1=0, select bank1
  1569     010A  083C               	movf	(show@volt+1)^(0+128),w
  1570     010B  1283               	bcf	3,5	;RP0=0, select bank0
  1571     010C  1303               	bcf	3,6	;RP1=0, select bank0
  1572     010D  00A3               	movwf	___lwmod@dividend+1
  1573     010E  1683               	bsf	3,5	;RP0=1, select bank1
  1574     010F  1303               	bcf	3,6	;RP1=0, select bank1
  1575     0110  083B               	movf	show@volt^(0+128),w
  1576     0111  1283               	bcf	3,5	;RP0=0, select bank0
  1577     0112  1303               	bcf	3,6	;RP1=0, select bank0
  1578     0113  00A2               	movwf	___lwmod@dividend
  1579     0114  120A  158A  25F3  120A  118A  	fcall	___lwmod
  1580     0119  1283               	bcf	3,5	;RP0=0, select bank0
  1581     011A  1303               	bcf	3,6	;RP1=0, select bank0
  1582     011B  0821               	movf	?___lwmod+1,w
  1583     011C  1683               	bsf	3,5	;RP0=1, select bank1
  1584     011D  1303               	bcf	3,6	;RP1=0, select bank1
  1585     011E  00B4               	movwf	(show@part_dec+1)^(0+128)
  1586     011F  1283               	bcf	3,5	;RP0=0, select bank0
  1587     0120  1303               	bcf	3,6	;RP1=0, select bank0
  1588     0121  0820               	movf	?___lwmod,w
  1589     0122  1683               	bsf	3,5	;RP0=1, select bank1
  1590     0123  1303               	bcf	3,6	;RP1=0, select bank1
  1591     0124  00B3               	movwf	show@part_dec^(0+128)
  1592     0125                     l2622:
  1593                           
  1594                           ;main.c: 162:         sprintf(buffer, "%u.%04u V     ", part_ent, part_dec);
  1595     0125  30A0               	movlw	(low (show@buffer| 0))& (0+255)
  1596     0126  1283               	bcf	3,5	;RP0=0, select bank0
  1597     0127  1303               	bcf	3,6	;RP1=0, select bank0
  1598     0128  00D7               	movwf	sprintf@s
  1599     0129  3001               	movlw	(low ((STR_4-__stringbase)| (0+32768)))& (0+255)
  1600     012A  00D8               	movwf	sprintf@fmt
  1601     012B  1683               	bsf	3,5	;RP0=1, select bank1
  1602     012C  1303               	bcf	3,6	;RP1=0, select bank1
  1603     012D  0832               	movf	(show@part_ent+1)^(0+128),w
  1604     012E  1283               	bcf	3,5	;RP0=0, select bank0
  1605     012F  1303               	bcf	3,6	;RP1=0, select bank0
  1606     0130  00DA               	movwf	?_sprintf+3
  1607     0131  1683               	bsf	3,5	;RP0=1, select bank1
  1608     0132  1303               	bcf	3,6	;RP1=0, select bank1
  1609     0133  0831               	movf	show@part_ent^(0+128),w
  1610     0134  1283               	bcf	3,5	;RP0=0, select bank0
  1611     0135  1303               	bcf	3,6	;RP1=0, select bank0
  1612     0136  00D9               	movwf	?_sprintf+2
  1613     0137  1683               	bsf	3,5	;RP0=1, select bank1
  1614     0138  1303               	bcf	3,6	;RP1=0, select bank1
  1615     0139  0834               	movf	(show@part_dec+1)^(0+128),w
  1616     013A  1283               	bcf	3,5	;RP0=0, select bank0
  1617     013B  1303               	bcf	3,6	;RP1=0, select bank0
  1618     013C  00DC               	movwf	?_sprintf+5
  1619     013D  1683               	bsf	3,5	;RP0=1, select bank1
  1620     013E  1303               	bcf	3,6	;RP1=0, select bank1
  1621     013F  0833               	movf	show@part_dec^(0+128),w
  1622     0140  1283               	bcf	3,5	;RP0=0, select bank0
  1623     0141  1303               	bcf	3,6	;RP1=0, select bank0
  1624     0142  00DB               	movwf	?_sprintf+4
  1625     0143  120A  158A  2558  120A  118A  	fcall	_sprintf
  1626     0148                     l2624:
  1627                           
  1628                           ;main.c: 163:         LCD_putrs(buffer);
  1629     0148  30A0               	movlw	(low (show@buffer| 0))& (0+255)
  1630     0149  1283               	bcf	3,5	;RP0=0, select bank0
  1631     014A  1303               	bcf	3,6	;RP1=0, select bank0
  1632     014B  00A6               	movwf	LCD_putrs@a
  1633     014C  3000               	movlw	0
  1634     014D  00A7               	movwf	LCD_putrs@a+1
  1635     014E  120A  158A  2671  120A  118A  	fcall	_LCD_putrs
  1636                           
  1637                           ;main.c: 165:     }else if(op == 'p'){
  1638     0153  2A2A               	goto	l271
  1639     0154                     l2626:
  1640     0154  3070               	movlw	112
  1641     0155  066A               	xorwf	show@op,w
  1642     0156  1D03               	btfss	3,2
  1643     0157  2959               	goto	u3021
  1644     0158  295A               	goto	u3020
  1645     0159                     u3021:
  1646     0159  29DB               	goto	l2654
  1647     015A                     u3020:
  1648     015A                     l2628:
  1649     015A  3008               	movlw	8
  1650     015B  120A  158A  2752  120A  118A  	fcall	_LCD_Write
  1651     0160  3000               	movlw	0
  1652     0161  120A  158A  2752  120A  118A  	fcall	_LCD_Write
  1653     0166                     l2636:
  1654                           
  1655                           ;main.c: 167:         LCD_putrs("Porcentaje: ");
  1656     0166  302B               	movlw	(low ((STR_5-__stringbase)| (0+32768)))& (0+255)
  1657     0167  1283               	bcf	3,5	;RP0=0, select bank0
  1658     0168  1303               	bcf	3,6	;RP1=0, select bank0
  1659     0169  00A6               	movwf	LCD_putrs@a
  1660     016A  3080               	movlw	128
  1661     016B  00A7               	movwf	LCD_putrs@a+1
  1662     016C  120A  158A  2671  120A  118A  	fcall	_LCD_putrs
  1663     0171                     l2640:
  1664     0171  300C               	movlw	12
  1665     0172  120A  158A  2752  120A  118A  	fcall	_LCD_Write
  1666     0177  3000               	movlw	0
  1667     0178  120A  158A  2752  120A  118A  	fcall	_LCD_Write
  1668     017D                     l2646:
  1669                           
  1670                           ;main.c: 170:         unsigned int adc_result = ADC_Read(channel);
  1671     017D  1683               	bsf	3,5	;RP0=1, select bank1
  1672     017E  1303               	bcf	3,6	;RP1=0, select bank1
  1673     017F  083D               	movf	show@channel^(0+128),w
  1674     0180  120A  118A  27CB  120A  118A  	fcall	_ADC_Read
  1675     0185  1283               	bcf	3,5	;RP0=0, select bank0
  1676     0186  1303               	bcf	3,6	;RP1=0, select bank0
  1677     0187  0821               	movf	?_ADC_Read+1,w
  1678     0188  1683               	bsf	3,5	;RP0=1, select bank1
  1679     0189  1303               	bcf	3,6	;RP1=0, select bank1
  1680     018A  00B6               	movwf	(show@adc_result_159+1)^(0+128)
  1681     018B  1283               	bcf	3,5	;RP0=0, select bank0
  1682     018C  1303               	bcf	3,6	;RP1=0, select bank0
  1683     018D  0820               	movf	?_ADC_Read,w
  1684     018E  1683               	bsf	3,5	;RP0=1, select bank1
  1685     018F  1303               	bcf	3,6	;RP1=0, select bank1
  1686     0190  00B5               	movwf	show@adc_result_159^(0+128)
  1687     0191                     l2648:
  1688                           
  1689                           ;main.c: 171:         unsigned int percent = adc_result*100/1023;
  1690     0191  30FF               	movlw	255
  1691     0192  1283               	bcf	3,5	;RP0=0, select bank0
  1692     0193  1303               	bcf	3,6	;RP1=0, select bank0
  1693     0194  00A6               	movwf	___lwdiv@divisor
  1694     0195  3003               	movlw	3
  1695     0196  00A7               	movwf	___lwdiv@divisor+1
  1696     0197  1683               	bsf	3,5	;RP0=1, select bank1
  1697     0198  1303               	bcf	3,6	;RP1=0, select bank1
  1698     0199  0836               	movf	(show@adc_result_159+1)^(0+128),w
  1699     019A  1283               	bcf	3,5	;RP0=0, select bank0
  1700     019B  1303               	bcf	3,6	;RP1=0, select bank0
  1701     019C  00A1               	movwf	___wmul@multiplier+1
  1702     019D  1683               	bsf	3,5	;RP0=1, select bank1
  1703     019E  1303               	bcf	3,6	;RP1=0, select bank1
  1704     019F  0835               	movf	show@adc_result_159^(0+128),w
  1705     01A0  1283               	bcf	3,5	;RP0=0, select bank0
  1706     01A1  1303               	bcf	3,6	;RP1=0, select bank0
  1707     01A2  00A0               	movwf	___wmul@multiplier
  1708     01A3  3064               	movlw	100
  1709     01A4  00A2               	movwf	___wmul@multiplicand
  1710     01A5  3000               	movlw	0
  1711     01A6  00A3               	movwf	___wmul@multiplicand+1
  1712     01A7  120A  158A  25A1  120A  118A  	fcall	___wmul
  1713     01AC  1283               	bcf	3,5	;RP0=0, select bank0
  1714     01AD  1303               	bcf	3,6	;RP1=0, select bank0
  1715     01AE  0821               	movf	?___wmul+1,w
  1716     01AF  00A9               	movwf	___lwdiv@dividend+1
  1717     01B0  0820               	movf	?___wmul,w
  1718     01B1  00A8               	movwf	___lwdiv@dividend
  1719     01B2  120A  158A  262D  120A  118A  	fcall	___lwdiv
  1720     01B7  1283               	bcf	3,5	;RP0=0, select bank0
  1721     01B8  1303               	bcf	3,6	;RP1=0, select bank0
  1722     01B9  0827               	movf	?___lwdiv+1,w
  1723     01BA  1683               	bsf	3,5	;RP0=1, select bank1
  1724     01BB  1303               	bcf	3,6	;RP1=0, select bank1
  1725     01BC  00B8               	movwf	(show@percent+1)^(0+128)
  1726     01BD  1283               	bcf	3,5	;RP0=0, select bank0
  1727     01BE  1303               	bcf	3,6	;RP1=0, select bank0
  1728     01BF  0826               	movf	?___lwdiv,w
  1729     01C0  1683               	bsf	3,5	;RP0=1, select bank1
  1730     01C1  1303               	bcf	3,6	;RP1=0, select bank1
  1731     01C2  00B7               	movwf	show@percent^(0+128)
  1732     01C3                     l2650:
  1733                           
  1734                           ;main.c: 173:         sprintf(buffer, "%u %%        ", percent);
  1735     01C3  30A0               	movlw	(low (show@buffer| 0))& (0+255)
  1736     01C4  1283               	bcf	3,5	;RP0=0, select bank0
  1737     01C5  1303               	bcf	3,6	;RP1=0, select bank0
  1738     01C6  00D7               	movwf	sprintf@s
  1739     01C7  3010               	movlw	(low ((STR_6-__stringbase)| (0+32768)))& (0+255)
  1740     01C8  00D8               	movwf	sprintf@fmt
  1741     01C9  1683               	bsf	3,5	;RP0=1, select bank1
  1742     01CA  1303               	bcf	3,6	;RP1=0, select bank1
  1743     01CB  0838               	movf	(show@percent+1)^(0+128),w
  1744     01CC  1283               	bcf	3,5	;RP0=0, select bank0
  1745     01CD  1303               	bcf	3,6	;RP1=0, select bank0
  1746     01CE  00DA               	movwf	?_sprintf+3
  1747     01CF  1683               	bsf	3,5	;RP0=1, select bank1
  1748     01D0  1303               	bcf	3,6	;RP1=0, select bank1
  1749     01D1  0837               	movf	show@percent^(0+128),w
  1750     01D2  1283               	bcf	3,5	;RP0=0, select bank0
  1751     01D3  1303               	bcf	3,6	;RP1=0, select bank0
  1752     01D4  00D9               	movwf	?_sprintf+2
  1753     01D5  120A  158A  2558  120A  118A  	fcall	_sprintf
  1754     01DA  2948               	goto	l2624
  1755     01DB                     l2654:
  1756     01DB  3008               	movlw	8
  1757     01DC  120A  158A  2752  120A  118A  	fcall	_LCD_Write
  1758     01E1  3000               	movlw	0
  1759     01E2  120A  158A  2752  120A  118A  	fcall	_LCD_Write
  1760     01E7                     l2662:
  1761                           
  1762                           ;main.c: 178:         LCD_putrs("ADC:       ");
  1763     01E7  3038               	movlw	(low ((STR_7-__stringbase)| (0+32768)))& (0+255)
  1764     01E8  1283               	bcf	3,5	;RP0=0, select bank0
  1765     01E9  1303               	bcf	3,6	;RP1=0, select bank0
  1766     01EA  00A6               	movwf	LCD_putrs@a
  1767     01EB  3080               	movlw	128
  1768     01EC  00A7               	movwf	LCD_putrs@a+1
  1769     01ED  120A  158A  2671  120A  118A  	fcall	_LCD_putrs
  1770     01F2                     l2666:
  1771     01F2  300C               	movlw	12
  1772     01F3  120A  158A  2752  120A  118A  	fcall	_LCD_Write
  1773     01F8  3000               	movlw	0
  1774     01F9  120A  158A  2752  120A  118A  	fcall	_LCD_Write
  1775     01FE                     l2672:
  1776                           
  1777                           ;main.c: 181:         unsigned int adc_result = ADC_Read(channel);
  1778     01FE  1683               	bsf	3,5	;RP0=1, select bank1
  1779     01FF  1303               	bcf	3,6	;RP1=0, select bank1
  1780     0200  083D               	movf	show@channel^(0+128),w
  1781     0201  120A  118A  27CB  120A  118A  	fcall	_ADC_Read
  1782     0206  1283               	bcf	3,5	;RP0=0, select bank0
  1783     0207  1303               	bcf	3,6	;RP1=0, select bank0
  1784     0208  0821               	movf	?_ADC_Read+1,w
  1785     0209  1683               	bsf	3,5	;RP0=1, select bank1
  1786     020A  1303               	bcf	3,6	;RP1=0, select bank1
  1787     020B  00BA               	movwf	(show@adc_result_163+1)^(0+128)
  1788     020C  1283               	bcf	3,5	;RP0=0, select bank0
  1789     020D  1303               	bcf	3,6	;RP1=0, select bank0
  1790     020E  0820               	movf	?_ADC_Read,w
  1791     020F  1683               	bsf	3,5	;RP0=1, select bank1
  1792     0210  1303               	bcf	3,6	;RP1=0, select bank1
  1793     0211  00B9               	movwf	show@adc_result_163^(0+128)
  1794     0212                     l2674:
  1795                           
  1796                           ;main.c: 182:         sprintf(buffer, "%u          ", adc_result);
  1797     0212  30A0               	movlw	(low (show@buffer| 0))& (0+255)
  1798     0213  1283               	bcf	3,5	;RP0=0, select bank0
  1799     0214  1303               	bcf	3,6	;RP1=0, select bank0
  1800     0215  00D7               	movwf	sprintf@s
  1801     0216  301E               	movlw	(low ((STR_8-__stringbase)| (0+32768)))& (0+255)
  1802     0217  00D8               	movwf	sprintf@fmt
  1803     0218  1683               	bsf	3,5	;RP0=1, select bank1
  1804     0219  1303               	bcf	3,6	;RP1=0, select bank1
  1805     021A  083A               	movf	(show@adc_result_163+1)^(0+128),w
  1806     021B  1283               	bcf	3,5	;RP0=0, select bank0
  1807     021C  1303               	bcf	3,6	;RP1=0, select bank0
  1808     021D  00DA               	movwf	?_sprintf+3
  1809     021E  1683               	bsf	3,5	;RP0=1, select bank1
  1810     021F  1303               	bcf	3,6	;RP1=0, select bank1
  1811     0220  0839               	movf	show@adc_result_163^(0+128),w
  1812     0221  1283               	bcf	3,5	;RP0=0, select bank0
  1813     0222  1303               	bcf	3,6	;RP1=0, select bank0
  1814     0223  00D9               	movwf	?_sprintf+2
  1815     0224  120A  158A  2558  120A  118A  	fcall	_sprintf
  1816     0229  2948               	goto	l2624
  1817     022A                     l271:
  1818     022A  0008               	return
  1819     022B                     __end_of_show:
  1820                           
  1821                           	psect	text2
  1822     0D58                     __ptext2:	
  1823 ;; *************** function _sprintf *****************
  1824 ;; Defined at:
  1825 ;;		line 9 in file "C:\Program Files\Microchip\xc8\v3.10\pic\sources\c99\common\nf_sprintf.c"
  1826 ;; Parameters:    Size  Location     Type
  1827 ;;  s               1   55[BANK0 ] PTR unsigned char 
  1828 ;;		 -> show@buffer(15), 
  1829 ;;  fmt             1   56[BANK0 ] PTR const unsigned char 
  1830 ;;		 -> STR_8(13), STR_6(14), STR_4(15), 
  1831 ;; Auto vars:     Size  Location     Type
  1832 ;;  f              11   63[BANK0 ] struct _IO_FILE
  1833 ;;  ret             2    0        int 
  1834 ;;  ap              1   62[BANK0 ] PTR void [1]
  1835 ;;		 -> ?_sprintf(2), 
  1836 ;; Return value:  Size  Location     Type
  1837 ;;                  2   55[BANK0 ] int 
  1838 ;; Registers used:
  1839 ;;		wreg, fsr0l, fsr0h, status,2, status,0, pclath, btemp1, cstack
  1840 ;; Tracked objects:
  1841 ;;		On entry : 0/0
  1842 ;;		On exit  : 0/0
  1843 ;;		Unchanged: 0/0
  1844 ;; Data sizes:     COMMON   BANK0   BANK1   BANK3   BANK2
  1845 ;;      Params:         0       6       0       0       0
  1846 ;;      Locals:         0      12       0       0       0
  1847 ;;      Temps:          0       1       0       0       0
  1848 ;;      Totals:         0      19       0       0       0
  1849 ;;Total ram usage:       19 bytes
  1850 ;; Hardware stack levels used: 1
  1851 ;; Hardware stack levels required when called: 8
  1852 ;; This function calls:
  1853 ;;		_vfprintf
  1854 ;; This function is called by:
  1855 ;;		_show
  1856 ;; This function uses a non-reentrant model
  1857 ;;
  1858                           
  1859     0D58                     _sprintf:	
  1860                           ;psect for function _sprintf
  1861                           
  1862     0D58                     l2456:	
  1863                           ;incstack = 0
  1864 ;; hardware stack exceeded
  1865                           ; Regs used in _sprintf: [wreg-fsr0h+status,2+status,0+pclath+btemp1+cstack]
  1866                           
  1867     0D58  3059               	movlw	(low ((?_sprintf| 0+2)))& (0+255)
  1868     0D59  1283               	bcf	3,5	;RP0=0, select bank0
  1869     0D5A  1303               	bcf	3,6	;RP1=0, select bank0
  1870     0D5B  00DE               	movwf	sprintf@ap
  1871     0D5C                     l2458:
  1872     0D5C  0857               	movf	sprintf@s,w
  1873     0D5D  00DF               	movwf	sprintf@f
  1874     0D5E  3000               	movlw	0
  1875     0D5F  00E0               	movwf	sprintf@f+1
  1876     0D60                     l2460:
  1877     0D60  01E1               	clrf	sprintf@f+2
  1878     0D61  01E2               	clrf	sprintf@f+3
  1879     0D62                     l2462:
  1880     0D62  01E8               	clrf	sprintf@f+9
  1881     0D63  01E9               	clrf	sprintf@f+10
  1882     0D64                     l2464:
  1883     0D64  305F               	movlw	low sprintf@f
  1884     0D65  00D2               	movwf	vfprintf@fp
  1885     0D66  3000               	movlw	high sprintf@f
  1886     0D67  00D3               	movwf	vfprintf@fp+1
  1887     0D68  0858               	movf	sprintf@fmt,w
  1888     0D69  00D4               	movwf	vfprintf@fmt
  1889     0D6A  305E               	movlw	(low (sprintf@ap| 0))& (0+255)
  1890     0D6B  00D5               	movwf	vfprintf@ap
  1891     0D6C  120A  158A  2535  120A  158A  	fcall	_vfprintf
  1892     0D71                     l2466:
  1893     0D71  1283               	bcf	3,5	;RP0=0, select bank0
  1894     0D72  1303               	bcf	3,6	;RP1=0, select bank0
  1895     0D73  0861               	movf	sprintf@f+2,w
  1896     0D74  0757               	addwf	sprintf@s,w
  1897     0D75  00DD               	movwf	??_sprintf
  1898     0D76  085D               	movf	??_sprintf,w
  1899     0D77  0084               	movwf	4
  1900     0D78  1383               	bcf	3,7	;select IRP bank0
  1901     0D79  0180               	clrf	0
  1902     0D7A                     l847:
  1903     0D7A  0008               	return
  1904     0D7B                     __end_of_sprintf:
  1905                           
  1906                           	psect	text3
  1907     0D35                     __ptext3:	
  1908 ;; *************** function _vfprintf *****************
  1909 ;; Defined at:
  1910 ;;		line 1817 in file "C:\Program Files\Microchip\xc8\v3.10\pic\sources\c99\common\doprnt.c"
  1911 ;; Parameters:    Size  Location     Type
  1912 ;;  fp              2   50[BANK0 ] PTR struct _IO_FILE
  1913 ;;		 -> sprintf@f(11), 
  1914 ;;  fmt             1   52[BANK0 ] PTR const unsigned char 
  1915 ;;		 -> STR_8(13), STR_6(14), STR_4(15), 
  1916 ;;  ap              1   53[BANK0 ] PTR PTR void 
  1917 ;;		 -> sprintf@ap(1), 
  1918 ;; Auto vars:     Size  Location     Type
  1919 ;;  cfmt            1   54[BANK0 ] PTR unsigned char 
  1920 ;;		 -> STR_8(13), STR_6(14), STR_4(15), 
  1921 ;; Return value:  Size  Location     Type
  1922 ;;                  2   50[BANK0 ] int 
  1923 ;; Registers used:
  1924 ;;		wreg, fsr0l, fsr0h, status,2, status,0, pclath, btemp1, cstack
  1925 ;; Tracked objects:
  1926 ;;		On entry : 0/0
  1927 ;;		On exit  : 0/0
  1928 ;;		Unchanged: 0/0
  1929 ;; Data sizes:     COMMON   BANK0   BANK1   BANK3   BANK2
  1930 ;;      Params:         0       4       0       0       0
  1931 ;;      Locals:         0       1       0       0       0
  1932 ;;      Temps:          0       0       0       0       0
  1933 ;;      Totals:         0       5       0       0       0
  1934 ;;Total ram usage:        5 bytes
  1935 ;; Hardware stack levels used: 1
  1936 ;; Hardware stack levels required when called: 7
  1937 ;; This function calls:
  1938 ;;		_vfpfcnvrt
  1939 ;; This function is called by:
  1940 ;;		_sprintf
  1941 ;; This function uses a non-reentrant model
  1942 ;;
  1943                           
  1944     0D35                     _vfprintf:	
  1945                           ;psect for function _vfprintf
  1946                           
  1947     0D35                     l2416:	
  1948                           ;incstack = 0
  1949 ;; hardware stack exceeded
  1950                           ; Regs used in _vfprintf: [wreg-fsr0h+status,2+status,0+pclath+btemp1+cstack]
  1951                           
  1952                           
  1953                           ;C:\Program Files\Microchip\xc8\v3.10\pic\sources\c99\common\doprnt.c: 1817: int vfprint
      +                          f(FILE *fp, const char *fmt, va_list ap);C:\Program Files\Microchip\xc8\v3.10\pic\source
      +                          s\c99\common\doprnt.c: 1818: {;C:\Program Files\Microchip\xc8\v3.10\pic\sources\c99\comm
      +                          on\doprnt.c: 1820:     char *cfmt;;C:\Program Files\Microchip\xc8\v3.10\pic\sources\c99\
      +                          common\doprnt.c: 1822:     cfmt = (char *)fmt;
  1954     0D35  1283               	bcf	3,5	;RP0=0, select bank0
  1955     0D36  1303               	bcf	3,6	;RP1=0, select bank0
  1956     0D37  0854               	movf	vfprintf@fmt,w
  1957     0D38  00D6               	movwf	vfprintf@cfmt
  1958                           
  1959                           ;C:\Program Files\Microchip\xc8\v3.10\pic\sources\c99\common\doprnt.c: 1826:     while (
      +                          *cfmt) {
  1960     0D39  2D47               	goto	l2420
  1961     0D3A                     l2418:
  1962                           
  1963                           ;C:\Program Files\Microchip\xc8\v3.10\pic\sources\c99\common\doprnt.c: 1830:    vfpfcnvr
      +                          t(fp, &cfmt, ap);
  1964     0D3A  0852               	movf	vfprintf@fp,w
  1965     0D3B  00C6               	movwf	vfpfcnvrt@fp
  1966     0D3C  0853               	movf	vfprintf@fp+1,w
  1967     0D3D  00C7               	movwf	vfpfcnvrt@fp+1
  1968     0D3E  3056               	movlw	(low (vfprintf@cfmt| 0))& (0+255)
  1969     0D3F  00C8               	movwf	vfpfcnvrt@fmt
  1970     0D40  0855               	movf	vfprintf@ap,w
  1971     0D41  00C9               	movwf	vfpfcnvrt@ap
  1972     0D42  120A  118A  222B  120A  158A  	fcall	_vfpfcnvrt
  1973     0D47                     l2420:
  1974                           
  1975                           ;C:\Program Files\Microchip\xc8\v3.10\pic\sources\c99\common\doprnt.c: 1826:     while (
      +                          *cfmt) {
  1976     0D47  1283               	bcf	3,5	;RP0=0, select bank0
  1977     0D48  1303               	bcf	3,6	;RP1=0, select bank0
  1978     0D49  0856               	movf	vfprintf@cfmt,w
  1979     0D4A  0084               	movwf	4
  1980     0D4B  120A  118A  276A  120A  158A  	fcall	stringdir
  1981     0D50  3A00               	xorlw	0
  1982     0D51  1D03               	skipz
  1983     0D52  2D54               	goto	u2711
  1984     0D53  2D55               	goto	u2710
  1985     0D54                     u2711:
  1986     0D54  2D3A               	goto	l2418
  1987     0D55                     u2710:
  1988     0D55                     l2422:
  1989                           
  1990                           ;C:\Program Files\Microchip\xc8\v3.10\pic\sources\c99\common\doprnt.c: 1835:  return 0;
  1991     0D55  01D2               	clrf	?_vfprintf
  1992     0D56  01D3               	clrf	?_vfprintf+1
  1993     0D57                     l913:
  1994     0D57  0008               	return
  1995     0D58                     __end_of_vfprintf:
  1996                           
  1997                           	psect	text4
  1998     022B                     __ptext4:	
  1999 ;; *************** function _vfpfcnvrt *****************
  2000 ;; Defined at:
  2001 ;;		line 1177 in file "C:\Program Files\Microchip\xc8\v3.10\pic\sources\c99\common\doprnt.c"
  2002 ;; Parameters:    Size  Location     Type
  2003 ;;  fp              2   38[BANK0 ] PTR struct _IO_FILE
  2004 ;;		 -> sprintf@f(11), 
  2005 ;;  fmt             1   40[BANK0 ] PTR PTR unsigned char 
  2006 ;;		 -> vfprintf@cfmt(1), 
  2007 ;;  ap              1   41[BANK0 ] PTR PTR void 
  2008 ;;		 -> sprintf@ap(1), 
  2009 ;; Auto vars:     Size  Location     Type
  2010 ;;  convarg         4   44[BANK0 ] struct .
  2011 ;;  cp              1   49[BANK0 ] PTR unsigned char 
  2012 ;;		 -> STR_8(13), STR_6(14), STR_4(15), 
  2013 ;;  done            1   48[BANK0 ] _Bool 
  2014 ;;  c               1    0        unsigned char 
  2015 ;; Return value:  Size  Location     Type
  2016 ;;                  1    wreg      void 
  2017 ;; Registers used:
  2018 ;;		wreg, fsr0l, fsr0h, status,2, status,0, pclath, btemp1, cstack
  2019 ;; Tracked objects:
  2020 ;;		On entry : 0/0
  2021 ;;		On exit  : 0/0
  2022 ;;		Unchanged: 0/0
  2023 ;; Data sizes:     COMMON   BANK0   BANK1   BANK3   BANK2
  2024 ;;      Params:         0       4       0       0       0
  2025 ;;      Locals:         0       6       0       0       0
  2026 ;;      Temps:          0       2       0       0       0
  2027 ;;      Totals:         0      12       0       0       0
  2028 ;;Total ram usage:       12 bytes
  2029 ;; Hardware stack levels used: 1
  2030 ;; Hardware stack levels required when called: 6
  2031 ;; This function calls:
  2032 ;;		_fputc
  2033 ;;		_read_prec_or_width
  2034 ;;		_utoa
  2035 ;; This function is called by:
  2036 ;;		_vfprintf
  2037 ;; This function uses a non-reentrant model
  2038 ;;
  2039                           
  2040     022B                     _vfpfcnvrt:	
  2041                           ;psect for function _vfpfcnvrt
  2042                           
  2043     022B                     l2342:	
  2044                           ;incstack = 0
  2045 ;; hardware stack exceeded
  2046                           ; Regs used in _vfpfcnvrt: [wreg-fsr0h+status,2+status,0+pclath+btemp1+cstack]
  2047                           
  2048                           
  2049                           ;C:\Program Files\Microchip\xc8\v3.10\pic\sources\c99\common\doprnt.c: 1177: vfpfcnvrt(F
      +                          ILE *fp, char *fmt[], va_list ap);C:\Program Files\Microchip\xc8\v3.10\pic\sources\c99\c
      +                          ommon\doprnt.c: 1178: {;C:\Program Files\Microchip\xc8\v3.10\pic\sources\c99\common\dopr
      +                          nt.c: 1179:     char c, *cp;;C:\Program Files\Microchip\xc8\v3.10\pic\sources\c99\common
      +                          \doprnt.c: 1180:     _Bool done;;C:\Program Files\Microchip\xc8\v3.10\pic\sources\c99\co
      +                          mmon\doprnt.c: 1188:  } convarg;;C:\Program Files\Microchip\xc8\v3.10\pic\sources\c99\co
      +                          mmon\doprnt.c: 1201:     if ((*fmt)[0] == '%') {
  2050     022B  1283               	bcf	3,5	;RP0=0, select bank0
  2051     022C  1303               	bcf	3,6	;RP1=0, select bank0
  2052     022D  0848               	movf	vfpfcnvrt@fmt,w
  2053     022E  0084               	movwf	4
  2054     022F  1383               	bcf	3,7	;select IRP bank0
  2055     0230  0800               	movf	0,w
  2056     0231  0084               	movwf	4
  2057     0232  120A  118A  276A  120A  118A  	fcall	stringdir
  2058     0237  3A25               	xorlw	37
  2059     0238  1D03               	skipz
  2060     0239  2A3B               	goto	u2601
  2061     023A  2A3C               	goto	u2600
  2062     023B                     u2601:
  2063     023B  2AE3               	goto	l2394
  2064     023C                     u2600:
  2065     023C                     l2344:
  2066                           
  2067                           ;C:\Program Files\Microchip\xc8\v3.10\pic\sources\c99\common\doprnt.c: 1202:         ++*
      +                          fmt;
  2068     023C  0848               	movf	vfpfcnvrt@fmt,w
  2069     023D  0084               	movwf	4
  2070     023E  3001               	movlw	1
  2071     023F  0780               	addwf	0,f
  2072     0240                     l2346:
  2073                           
  2074                           ;C:\Program Files\Microchip\xc8\v3.10\pic\sources\c99\common\doprnt.c: 1204:         fla
      +                          gs = width = 0;
  2075     0240  01EB               	clrf	_width
  2076     0241  01EC               	clrf	_width+1
  2077     0242  3000               	movlw	0
  2078     0243  00EF               	movwf	_flags
  2079     0244                     l2348:
  2080                           
  2081                           ;C:\Program Files\Microchip\xc8\v3.10\pic\sources\c99\common\doprnt.c: 1205:         pre
      +                          c = -1;
  2082     0244  30FF               	movlw	255
  2083     0245  00ED               	movwf	_prec
  2084     0246  30FF               	movlw	255
  2085     0247  00EE               	movwf	_prec+1
  2086     0248                     l2350:
  2087                           
  2088                           ;C:\Program Files\Microchip\xc8\v3.10\pic\sources\c99\common\doprnt.c: 1209:         don
      +                          e = 0;
  2089     0248  01D0               	clrf	vfpfcnvrt@done
  2090                           
  2091                           ;C:\Program Files\Microchip\xc8\v3.10\pic\sources\c99\common\doprnt.c: 1210:         whi
      +                          le (!done) {
  2092     0249  2A60               	goto	l2358
  2093     024A                     l895:	
  2094                           ;C:\Program Files\Microchip\xc8\v3.10\pic\sources\c99\common\doprnt.c: 1219:            
      +                               case '0' :
  2095                           
  2096                           
  2097                           ;C:\Program Files\Microchip\xc8\v3.10\pic\sources\c99\common\doprnt.c: 1220:            
      +                                   flags |= (1 << 1);
  2098     024A  14EF               	bsf	_flags,1
  2099     024B                     l2352:
  2100                           
  2101                           ;C:\Program Files\Microchip\xc8\v3.10\pic\sources\c99\common\doprnt.c: 1221:            
      +                                   ++*fmt;
  2102     024B  0848               	movf	vfpfcnvrt@fmt,w
  2103     024C  0084               	movwf	4
  2104     024D  3001               	movlw	1
  2105     024E  0780               	addwf	0,f
  2106                           
  2107                           ;C:\Program Files\Microchip\xc8\v3.10\pic\sources\c99\common\doprnt.c: 1222:            
      +                                   break;
  2108     024F  2A60               	goto	l2358
  2109     0250                     l897:	
  2110                           ;C:\Program Files\Microchip\xc8\v3.10\pic\sources\c99\common\doprnt.c: 1242:            
      +                               default:
  2111                           
  2112                           
  2113                           ;C:\Program Files\Microchip\xc8\v3.10\pic\sources\c99\common\doprnt.c: 1243:            
      +                                   done = 1;
  2114     0250  3001               	movlw	1
  2115     0251  00D0               	movwf	vfpfcnvrt@done
  2116                           
  2117                           ;C:\Program Files\Microchip\xc8\v3.10\pic\sources\c99\common\doprnt.c: 1244:            
      +                                   break;
  2118     0252  2A60               	goto	l2358
  2119     0253                     l2356:
  2120     0253  0848               	movf	vfpfcnvrt@fmt,w
  2121     0254  0084               	movwf	4
  2122     0255  0800               	movf	0,w
  2123     0256  0084               	movwf	4
  2124     0257  120A  118A  276A  120A  118A  	fcall	stringdir
  2125                           
  2126                           ; Switch size 1, requested type "simple"
  2127                           ; Number of cases is 1, Range of values is 48 to 48
  2128                           ; switch strategies available:
  2129                           ; Name         Instructions Cycles
  2130                           ; simple_byte            4     3 (average)
  2131                           ; direct_byte           14    11 (fixed)
  2132                           ; jumptable            263     9 (fixed)
  2133                           ;	Chosen strategy is simple_byte
  2134     025C  3A30               	xorlw	48	; case 48
  2135     025D  1903               	skipnz
  2136     025E  2A4A               	goto	l895
  2137     025F  2A50               	goto	l897
  2138     0260                     l2358:
  2139                           
  2140                           ;C:\Program Files\Microchip\xc8\v3.10\pic\sources\c99\common\doprnt.c: 1210:         whi
      +                          le (!done) {
  2141     0260  0850               	movf	vfpfcnvrt@done,w
  2142     0261  1903               	btfsc	3,2
  2143     0262  2A64               	goto	u2611
  2144     0263  2A65               	goto	u2610
  2145     0264                     u2611:
  2146     0264  2A53               	goto	l2356
  2147     0265                     u2610:
  2148     0265                     l2360:
  2149                           
  2150                           ;C:\Program Files\Microchip\xc8\v3.10\pic\sources\c99\common\doprnt.c: 1256:   width = r
      +                          ead_prec_or_width(fmt, ap);
  2151     0265  0848               	movf	vfpfcnvrt@fmt,w
  2152     0266  00A6               	movwf	read_prec_or_width@fmt
  2153     0267  0849               	movf	vfpfcnvrt@ap,w
  2154     0268  00A7               	movwf	read_prec_or_width@ap
  2155     0269  120A  158A  27A9  120A  118A  	fcall	_read_prec_or_width
  2156     026E  1283               	bcf	3,5	;RP0=0, select bank0
  2157     026F  1303               	bcf	3,6	;RP1=0, select bank0
  2158     0270  0827               	movf	?_read_prec_or_width+1,w
  2159     0271  00EC               	movwf	_width+1
  2160     0272  0826               	movf	?_read_prec_or_width,w
  2161     0273  00EB               	movwf	_width
  2162     0274                     l2362:
  2163                           
  2164                           ;C:\Program Files\Microchip\xc8\v3.10\pic\sources\c99\common\doprnt.c: 1257:   if (width
      +                           < 0) {
  2165     0274  1FEC               	btfss	_width+1,7
  2166     0275  2A77               	goto	u2621
  2167     0276  2A78               	goto	u2620
  2168     0277                     u2621:
  2169     0277  2A7E               	goto	l2368
  2170     0278                     u2620:
  2171     0278                     l2364:
  2172                           
  2173                           ;C:\Program Files\Microchip\xc8\v3.10\pic\sources\c99\common\doprnt.c: 1258:    flags |=
      +                           (1 << 0);
  2174     0278  146F               	bsf	_flags,0
  2175     0279                     l2366:
  2176                           
  2177                           ;C:\Program Files\Microchip\xc8\v3.10\pic\sources\c99\common\doprnt.c: 1259:    width = 
      +                          -width;
  2178     0279  09EB               	comf	_width,f
  2179     027A  09EC               	comf	_width+1,f
  2180     027B  0AEB               	incf	_width,f
  2181     027C  1903               	skipnz
  2182     027D  0AEC               	incf	_width+1,f
  2183     027E                     l2368:
  2184                           
  2185                           ;C:\Program Files\Microchip\xc8\v3.10\pic\sources\c99\common\doprnt.c: 1439:   if (0
  2186     027E  0848               	movf	vfpfcnvrt@fmt,w
  2187     027F  0084               	movwf	4
  2188     0280  1383               	bcf	3,7	;select IRP bank0
  2189     0281  0800               	movf	0,w
  2190     0282  00D1               	movwf	vfpfcnvrt@cp
  2191     0283                     l2370:
  2192     0283  0851               	movf	vfpfcnvrt@cp,w
  2193     0284  0084               	movwf	4
  2194     0285  120A  118A  276A  120A  118A  	fcall	stringdir
  2195     028A  3A75               	xorlw	117
  2196     028B  1D03               	skipz
  2197     028C  2A8E               	goto	u2631
  2198     028D  2A8F               	goto	u2630
  2199     028E                     u2631:
  2200     028E  2ABB               	goto	l2382
  2201     028F                     u2630:
  2202     028F                     l2372:
  2203                           
  2204                           ;C:\Program Files\Microchip\xc8\v3.10\pic\sources\c99\common\doprnt.c: 1452:     ) {;C:\
      +                          Program Files\Microchip\xc8\v3.10\pic\sources\c99\common\doprnt.c: 1495:    convarg.uint
      +                           = (vfpf_uint_t)(unsigned int)(*(unsigned int *)__va_arg(*(unsigned int **)ap, (unsigned
      +                           int)0));
  2205     028F  0849               	movf	vfpfcnvrt@ap,w
  2206     0290  0084               	movwf	4
  2207     0291  0800               	movf	0,w
  2208     0292  00CA               	movwf	??_vfpfcnvrt
  2209     0293  3002               	movlw	2
  2210     0294  0780               	addwf	0,f
  2211     0295  084A               	movf	??_vfpfcnvrt,w
  2212     0296  0084               	movwf	4
  2213     0297  0800               	movf	0,w
  2214     0298  00CC               	movwf	vfpfcnvrt@convarg
  2215     0299  0A84               	incf	4,f
  2216     029A  0800               	movf	0,w
  2217     029B  00CD               	movwf	vfpfcnvrt@convarg+1
  2218                           
  2219                           ;C:\Program Files\Microchip\xc8\v3.10\pic\sources\c99\common\doprnt.c: 1497:    *fmt = c
      +                          p+1;
  2220     029C  0848               	movf	vfpfcnvrt@fmt,w
  2221     029D  0084               	movwf	4
  2222     029E  0851               	movf	vfpfcnvrt@cp,w
  2223     029F  3E01               	addlw	1
  2224     02A0  0080               	movwf	0
  2225                           
  2226                           ;C:\Program Files\Microchip\xc8\v3.10\pic\sources\c99\common\doprnt.c: 1498:    switch (
      +                          *cp) {
  2227     02A1  2AB0               	goto	l2380
  2228     02A2                     l2374:
  2229                           
  2230                           ;C:\Program Files\Microchip\xc8\v3.10\pic\sources\c99\common\doprnt.c: 1542:      return
      +                           (void) utoa(fp, convarg.uint);;	Return value of _vfpfcnvrt is never used
  2231     02A2  0846               	movf	vfpfcnvrt@fp,w
  2232     02A3  00BD               	movwf	utoa@fp
  2233     02A4  0847               	movf	vfpfcnvrt@fp+1,w
  2234     02A5  00BE               	movwf	utoa@fp+1
  2235     02A6  084D               	movf	vfpfcnvrt@convarg+1,w
  2236     02A7  00C0               	movwf	utoa@d+1
  2237     02A8  084C               	movf	vfpfcnvrt@convarg,w
  2238     02A9  00BF               	movwf	utoa@d
  2239     02AA  120A  118A  26E2  120A  118A  	fcall	_utoa
  2240     02AF  2AFC               	goto	l905
  2241     02B0                     l2380:
  2242     02B0  0851               	movf	vfpfcnvrt@cp,w
  2243     02B1  0084               	movwf	4
  2244     02B2  120A  118A  276A  120A  118A  	fcall	stringdir
  2245                           
  2246                           ; Switch size 1, requested type "simple"
  2247                           ; Number of cases is 1, Range of values is 117 to 117
  2248                           ; switch strategies available:
  2249                           ; Name         Instructions Cycles
  2250                           ; simple_byte            4     3 (average)
  2251                           ; direct_byte           14    11 (fixed)
  2252                           ; jumptable            263     9 (fixed)
  2253                           ;	Chosen strategy is simple_byte
  2254     02B7  3A75               	xorlw	117	; case 117
  2255     02B8  1903               	skipnz
  2256     02B9  2AA2               	goto	l2374
  2257     02BA  2ABB               	goto	l2382
  2258     02BB                     l2382:
  2259                           
  2260                           ;C:\Program Files\Microchip\xc8\v3.10\pic\sources\c99\common\doprnt.c: 1798:         if 
      +                          ((*fmt)[0] == '%') {
  2261     02BB  0848               	movf	vfpfcnvrt@fmt,w
  2262     02BC  0084               	movwf	4
  2263     02BD  0800               	movf	0,w
  2264     02BE  0084               	movwf	4
  2265     02BF  120A  118A  276A  120A  118A  	fcall	stringdir
  2266     02C4  3A25               	xorlw	37
  2267     02C5  1D03               	skipz
  2268     02C6  2AC8               	goto	u2641
  2269     02C7  2AC9               	goto	u2640
  2270     02C8                     u2641:
  2271     02C8  2ADB               	goto	l2390
  2272     02C9                     u2640:
  2273     02C9                     l2384:
  2274                           
  2275                           ;C:\Program Files\Microchip\xc8\v3.10\pic\sources\c99\common\doprnt.c: 1799:            
      +                           ++*fmt;
  2276     02C9  0848               	movf	vfpfcnvrt@fmt,w
  2277     02CA  0084               	movwf	4
  2278     02CB  3001               	movlw	1
  2279     02CC  0780               	addwf	0,f
  2280     02CD                     l2386:
  2281                           
  2282                           ;C:\Program Files\Microchip\xc8\v3.10\pic\sources\c99\common\doprnt.c: 1800:            
      +                           fputc((int)'%', fp);
  2283     02CD  3025               	movlw	37
  2284     02CE  00A0               	movwf	fputc@c
  2285     02CF  3000               	movlw	0
  2286     02D0  00A1               	movwf	fputc@c+1
  2287     02D1  0846               	movf	vfpfcnvrt@fp,w
  2288     02D2  00A2               	movwf	fputc@fp
  2289     02D3  0847               	movf	vfpfcnvrt@fp+1,w
  2290     02D4  00A3               	movwf	fputc@fp+1
  2291     02D5  120A  118A  2511  120A  118A  	fcall	_fputc
  2292     02DA  2AFC               	goto	l905
  2293     02DB                     l2390:
  2294                           
  2295                           ;C:\Program Files\Microchip\xc8\v3.10\pic\sources\c99\common\doprnt.c: 1806:         ++*
      +                          fmt;
  2296     02DB  1283               	bcf	3,5	;RP0=0, select bank0
  2297     02DC  1303               	bcf	3,6	;RP1=0, select bank0
  2298     02DD  0848               	movf	vfpfcnvrt@fmt,w
  2299     02DE  0084               	movwf	4
  2300     02DF  3001               	movlw	1
  2301     02E0  1383               	bcf	3,7	;select IRP bank0
  2302     02E1  0780               	addwf	0,f
  2303     02E2  2AFC               	goto	l905
  2304     02E3                     l2394:
  2305                           
  2306                           ;C:\Program Files\Microchip\xc8\v3.10\pic\sources\c99\common\doprnt.c: 1811:     fputc((
      +                          int)(*fmt)[0], fp);
  2307     02E3  0848               	movf	vfpfcnvrt@fmt,w
  2308     02E4  0084               	movwf	4
  2309     02E5  0800               	movf	0,w
  2310     02E6  0084               	movwf	4
  2311     02E7  120A  118A  276A  120A  118A  	fcall	stringdir
  2312     02EC  00CA               	movwf	??_vfpfcnvrt
  2313     02ED  01CB               	clrf	??_vfpfcnvrt+1
  2314     02EE  084A               	movf	??_vfpfcnvrt,w
  2315     02EF  00A0               	movwf	fputc@c
  2316     02F0  084B               	movf	??_vfpfcnvrt+1,w
  2317     02F1  00A1               	movwf	fputc@c+1
  2318     02F2  0846               	movf	vfpfcnvrt@fp,w
  2319     02F3  00A2               	movwf	fputc@fp
  2320     02F4  0847               	movf	vfpfcnvrt@fp+1,w
  2321     02F5  00A3               	movwf	fputc@fp+1
  2322     02F6  120A  118A  2511  120A  118A  	fcall	_fputc
  2323     02FB  2ADB               	goto	l2390
  2324     02FC                     l905:
  2325     02FC  0008               	return
  2326     02FD                     __end_of_vfpfcnvrt:
  2327                           
  2328                           	psect	text5
  2329     06E2                     __ptext5:	
  2330 ;; *************** function _utoa *****************
  2331 ;; Defined at:
  2332 ;;		line 1001 in file "C:\Program Files\Microchip\xc8\v3.10\pic\sources\c99\common\doprnt.c"
  2333 ;; Parameters:    Size  Location     Type
  2334 ;;  fp              2   29[BANK0 ] PTR struct _IO_FILE
  2335 ;;		 -> sprintf@f(11), 
  2336 ;;  d               2   31[BANK0 ] unsigned int 
  2337 ;; Auto vars:     Size  Location     Type
  2338 ;;  i               2   36[BANK0 ] int 
  2339 ;;  w               2   34[BANK0 ] int 
  2340 ;;  p               1   33[BANK0 ] _Bool 
  2341 ;; Return value:  Size  Location     Type
  2342 ;;                  1    wreg      void 
  2343 ;; Registers used:
  2344 ;;		wreg, fsr0l, fsr0h, status,2, status,0, pclath, btemp1, cstack
  2345 ;; Tracked objects:
  2346 ;;		On entry : 0/0
  2347 ;;		On exit  : 0/0
  2348 ;;		Unchanged: 0/0
  2349 ;; Data sizes:     COMMON   BANK0   BANK1   BANK3   BANK2
  2350 ;;      Params:         0       4       0       0       0
  2351 ;;      Locals:         0       5       0       0       0
  2352 ;;      Temps:          0       0       0       0       0
  2353 ;;      Totals:         0       9       0       0       0
  2354 ;;Total ram usage:        9 bytes
  2355 ;; Hardware stack levels used: 1
  2356 ;; Hardware stack levels required when called: 5
  2357 ;; This function calls:
  2358 ;;		___lwdiv
  2359 ;;		___lwmod
  2360 ;;		_pad
  2361 ;; This function is called by:
  2362 ;;		_vfpfcnvrt
  2363 ;; This function uses a non-reentrant model
  2364 ;;
  2365                           
  2366     06E2                     _utoa:	
  2367                           ;psect for function _utoa
  2368                           
  2369     06E2                     l2272:	
  2370                           ;incstack = 0
  2371 ;; hardware stack exceeded
  2372                           ; Regs used in _utoa: [wreg-fsr0h+status,2+status,0+pclath+btemp1+cstack]
  2373                           
  2374                           
  2375                           ;C:\Program Files\Microchip\xc8\v3.10\pic\sources\c99\common\doprnt.c: 1001: static void
      +                           utoa(FILE *fp, vfpf_uint_t d);C:\Program Files\Microchip\xc8\v3.10\pic\sources\c99\comm
      +                          on\doprnt.c: 1002: {;C:\Program Files\Microchip\xc8\v3.10\pic\sources\c99\common\doprnt.
      +                          c: 1003:     int i, w;;C:\Program Files\Microchip\xc8\v3.10\pic\sources\c99\common\doprn
      +                          t.c: 1007:  _Bool p = 1;
  2376     06E2  3001               	movlw	1
  2377     06E3  1283               	bcf	3,5	;RP0=0, select bank0
  2378     06E4  1303               	bcf	3,6	;RP1=0, select bank0
  2379     06E5  00C1               	movwf	utoa@p
  2380     06E6                     l2274:
  2381                           
  2382                           ;C:\Program Files\Microchip\xc8\v3.10\pic\sources\c99\common\doprnt.c: 1019:     w = wid
      +                          th;
  2383     06E6  086C               	movf	_width+1,w
  2384     06E7  00C3               	movwf	utoa@w+1
  2385     06E8  086B               	movf	_width,w
  2386     06E9  00C2               	movwf	utoa@w
  2387                           
  2388                           ;C:\Program Files\Microchip\xc8\v3.10\pic\sources\c99\common\doprnt.c: 1022:     i = siz
      +                          eof(dbuf) - 1;
  2389     06EA  301F               	movlw	31
  2390     06EB  00C4               	movwf	utoa@i
  2391     06EC  3000               	movlw	0
  2392     06ED  00C5               	movwf	utoa@i+1
  2393     06EE                     l2276:
  2394                           
  2395                           ;C:\Program Files\Microchip\xc8\v3.10\pic\sources\c99\common\doprnt.c: 1023:     dbuf[i]
      +                           = '\0';
  2396     06EE  1683               	bsf	3,5	;RP0=1, select bank1
  2397     06EF  1303               	bcf	3,6	;RP1=0, select bank1
  2398     06F0  01E8               	clrf	(_dbuf^(0+128)+31)
  2399                           
  2400                           ;C:\Program Files\Microchip\xc8\v3.10\pic\sources\c99\common\doprnt.c: 1024:     while (
      +                          i && (d != 0
  2401     06F1  2F28               	goto	l2288
  2402     06F2                     l2278:
  2403                           
  2404                           ;C:\Program Files\Microchip\xc8\v3.10\pic\sources\c99\common\doprnt.c: 1033:     )) {;C:
      +                          \Program Files\Microchip\xc8\v3.10\pic\sources\c99\common\doprnt.c: 1034:         --i;
  2405     06F2  30FF               	movlw	255
  2406     06F3  07C4               	addwf	utoa@i,f
  2407     06F4  1803               	skipnc
  2408     06F5  0AC5               	incf	utoa@i+1,f
  2409     06F6  30FF               	movlw	255
  2410     06F7  07C5               	addwf	utoa@i+1,f
  2411     06F8                     l2280:
  2412                           
  2413                           ;C:\Program Files\Microchip\xc8\v3.10\pic\sources\c99\common\doprnt.c: 1035:         dbu
      +                          f[i] = '0' + (d % 10);
  2414     06F8  0844               	movf	utoa@i,w
  2415     06F9  3EC9               	addlw	(low (_dbuf| 0))& (0+255)
  2416     06FA  0084               	movwf	4
  2417     06FB  300A               	movlw	10
  2418     06FC  00A0               	movwf	___lwmod@divisor
  2419     06FD  3000               	movlw	0
  2420     06FE  00A1               	movwf	___lwmod@divisor+1
  2421     06FF  0840               	movf	utoa@d+1,w
  2422     0700  00A3               	movwf	___lwmod@dividend+1
  2423     0701  083F               	movf	utoa@d,w
  2424     0702  00A2               	movwf	___lwmod@dividend
  2425     0703  120A  158A  25F3  120A  118A  	fcall	___lwmod
  2426     0708  1283               	bcf	3,5	;RP0=0, select bank0
  2427     0709  1303               	bcf	3,6	;RP1=0, select bank0
  2428     070A  0820               	movf	?___lwmod,w
  2429     070B  3E30               	addlw	48
  2430     070C  1383               	bcf	3,7	;select IRP bank1
  2431     070D  0080               	movwf	0
  2432     070E                     l2282:
  2433                           
  2434                           ;C:\Program Files\Microchip\xc8\v3.10\pic\sources\c99\common\doprnt.c: 1039:   p = 0;
  2435     070E  01C1               	clrf	utoa@p
  2436     070F                     l2284:
  2437                           
  2438                           ;C:\Program Files\Microchip\xc8\v3.10\pic\sources\c99\common\doprnt.c: 1041:         --w
      +                          ;
  2439     070F  30FF               	movlw	255
  2440     0710  07C2               	addwf	utoa@w,f
  2441     0711  1803               	skipnc
  2442     0712  0AC3               	incf	utoa@w+1,f
  2443     0713  30FF               	movlw	255
  2444     0714  07C3               	addwf	utoa@w+1,f
  2445     0715                     l2286:
  2446                           
  2447                           ;C:\Program Files\Microchip\xc8\v3.10\pic\sources\c99\common\doprnt.c: 1042:         d =
      +                           d / 10;
  2448     0715  300A               	movlw	10
  2449     0716  00A6               	movwf	___lwdiv@divisor
  2450     0717  3000               	movlw	0
  2451     0718  00A7               	movwf	___lwdiv@divisor+1
  2452     0719  0840               	movf	utoa@d+1,w
  2453     071A  00A9               	movwf	___lwdiv@dividend+1
  2454     071B  083F               	movf	utoa@d,w
  2455     071C  00A8               	movwf	___lwdiv@dividend
  2456     071D  120A  158A  262D  120A  118A  	fcall	___lwdiv
  2457     0722  1283               	bcf	3,5	;RP0=0, select bank0
  2458     0723  1303               	bcf	3,6	;RP1=0, select bank0
  2459     0724  0827               	movf	?___lwdiv+1,w
  2460     0725  00C0               	movwf	utoa@d+1
  2461     0726  0826               	movf	?___lwdiv,w
  2462     0727  00BF               	movwf	utoa@d
  2463     0728                     l2288:
  2464                           
  2465                           ;C:\Program Files\Microchip\xc8\v3.10\pic\sources\c99\common\doprnt.c: 1024:     while (
      +                          i && (d != 0
  2466     0728  1283               	bcf	3,5	;RP0=0, select bank0
  2467     0729  0844               	movf	utoa@i,w
  2468     072A  0445               	iorwf	utoa@i+1,w
  2469     072B  1903               	btfsc	3,2
  2470     072C  2F2E               	goto	u2411
  2471     072D  2F2F               	goto	u2410
  2472     072E                     u2411:
  2473     072E  2F4D               	goto	l2298
  2474     072F                     u2410:
  2475     072F                     l2290:
  2476     072F  083F               	movf	utoa@d,w
  2477     0730  0440               	iorwf	utoa@d+1,w
  2478     0731  1D03               	btfss	3,2
  2479     0732  2F34               	goto	u2421
  2480     0733  2F35               	goto	u2420
  2481     0734                     u2421:
  2482     0734  2EF2               	goto	l2278
  2483     0735                     u2420:
  2484     0735                     l2292:
  2485     0735  0841               	movf	utoa@p,w
  2486     0736  1D03               	btfss	3,2
  2487     0737  2F39               	goto	u2431
  2488     0738  2F3A               	goto	u2430
  2489     0739                     u2431:
  2490     0739  2EF2               	goto	l2278
  2491     073A                     u2430:
  2492     073A                     l2294:
  2493     073A  0843               	movf	utoa@w+1,w
  2494     073B  3A80               	xorlw	128
  2495     073C  00FF               	movwf	btemp1
  2496     073D  3080               	movlw	128
  2497     073E  027F               	subwf	btemp1,w
  2498     073F  1D03               	skipz
  2499     0740  2F43               	goto	u2445
  2500     0741  3001               	movlw	1
  2501     0742  0242               	subwf	utoa@w,w
  2502     0743                     u2445:
  2503     0743  1C03               	skipc
  2504     0744  2F46               	goto	u2441
  2505     0745  2F47               	goto	u2440
  2506     0746                     u2441:
  2507     0746  2F4D               	goto	l2298
  2508     0747                     u2440:
  2509     0747                     l2296:
  2510     0747  1283               	bcf	3,5	;RP0=0, select bank0
  2511     0748  1303               	bcf	3,6	;RP1=0, select bank0
  2512     0749  18EF               	btfsc	_flags,1
  2513     074A  2F4C               	goto	u2451
  2514     074B  2F4D               	goto	u2450
  2515     074C                     u2451:
  2516     074C  2EF2               	goto	l2278
  2517     074D                     u2450:
  2518     074D                     l2298:
  2519                           
  2520                           ;C:\Program Files\Microchip\xc8\v3.10\pic\sources\c99\common\doprnt.c: 1046:     return 
      +                          (void) pad(fp, &dbuf[i], w);
  2521     074D  1283               	bcf	3,5	;RP0=0, select bank0
  2522     074E  1303               	bcf	3,6	;RP1=0, select bank0
  2523     074F  083D               	movf	utoa@fp,w
  2524     0750  00B5               	movwf	pad@fp
  2525     0751  083E               	movf	utoa@fp+1,w
  2526     0752  00B6               	movwf	pad@fp+1
  2527     0753  0844               	movf	utoa@i,w
  2528     0754  3EC9               	addlw	(low (_dbuf| 0))& (0+255)
  2529     0755  00B7               	movwf	pad@buf
  2530     0756  0843               	movf	utoa@w+1,w
  2531     0757  00B9               	movwf	pad@p+1
  2532     0758  0842               	movf	utoa@w,w
  2533     0759  00B8               	movwf	pad@p
  2534     075A  120A  158A  26FF  120A  118A  	fcall	_pad
  2535     075F                     l880:
  2536     075F  0008               	return
  2537     0760                     __end_of_utoa:
  2538                           
  2539                           	psect	text6
  2540     0EFF                     __ptext6:	
  2541 ;; *************** function _pad *****************
  2542 ;; Defined at:
  2543 ;;		line 193 in file "C:\Program Files\Microchip\xc8\v3.10\pic\sources\c99\common\doprnt.c"
  2544 ;; Parameters:    Size  Location     Type
  2545 ;;  fp              2   21[BANK0 ] PTR struct _IO_FILE
  2546 ;;		 -> sprintf@f(11), 
  2547 ;;  buf             1   23[BANK0 ] PTR unsigned char 
  2548 ;;		 -> dbuf(32), 
  2549 ;;  p               2   24[BANK0 ] int 
  2550 ;; Auto vars:     Size  Location     Type
  2551 ;;  i               2   27[BANK0 ] int 
  2552 ;; Return value:  Size  Location     Type
  2553 ;;                  1    wreg      void 
  2554 ;; Registers used:
  2555 ;;		wreg, fsr0l, fsr0h, status,2, status,0, pclath, cstack
  2556 ;; Tracked objects:
  2557 ;;		On entry : 0/0
  2558 ;;		On exit  : 0/0
  2559 ;;		Unchanged: 0/0
  2560 ;; Data sizes:     COMMON   BANK0   BANK1   BANK3   BANK2
  2561 ;;      Params:         0       5       0       0       0
  2562 ;;      Locals:         0       2       0       0       0
  2563 ;;      Temps:          0       1       0       0       0
  2564 ;;      Totals:         0       8       0       0       0
  2565 ;;Total ram usage:        8 bytes
  2566 ;; Hardware stack levels used: 1
  2567 ;; Hardware stack levels required when called: 4
  2568 ;; This function calls:
  2569 ;;		_fputc
  2570 ;;		_fputs
  2571 ;; This function is called by:
  2572 ;;		_utoa
  2573 ;; This function uses a non-reentrant model
  2574 ;;
  2575                           
  2576     0EFF                     _pad:	
  2577                           ;psect for function _pad
  2578                           
  2579     0EFF                     l2256:	
  2580                           ;incstack = 0
  2581 ;; hardware stack exceeded
  2582                           ; Regs used in _pad: [wreg-fsr0h+status,2+status,0+pclath+cstack]
  2583                           
  2584                           
  2585                           ;C:\Program Files\Microchip\xc8\v3.10\pic\sources\c99\common\doprnt.c: 193: static void 
      +                          pad(FILE *fp, char *buf, int p);C:\Program Files\Microchip\xc8\v3.10\pic\sources\c99\com
      +                          mon\doprnt.c: 194: {;C:\Program Files\Microchip\xc8\v3.10\pic\sources\c99\common\doprnt.
      +                          c: 195:     int i;;C:\Program Files\Microchip\xc8\v3.10\pic\sources\c99\common\doprnt.c:
      +                           199:     if (flags & (1 << 0)) {
  2586     0EFF  1283               	bcf	3,5	;RP0=0, select bank0
  2587     0F00  1303               	bcf	3,6	;RP1=0, select bank0
  2588     0F01  1C6F               	btfss	_flags,0
  2589     0F02  2F04               	goto	u2371
  2590     0F03  2F05               	goto	u2370
  2591     0F04                     u2371:
  2592     0F04  2F10               	goto	l2260
  2593     0F05                     u2370:
  2594     0F05                     l2258:
  2595                           
  2596                           ;C:\Program Files\Microchip\xc8\v3.10\pic\sources\c99\common\doprnt.c: 200:         fput
      +                          s((const char *)buf, fp);
  2597     0F05  0837               	movf	pad@buf,w
  2598     0F06  00AD               	movwf	fputs@s
  2599     0F07  0835               	movf	pad@fp,w
  2600     0F08  00AE               	movwf	fputs@fp
  2601     0F09  0836               	movf	pad@fp+1,w
  2602     0F0A  00AF               	movwf	fputs@fp+1
  2603     0F0B  120A  158A  25C8  120A  158A  	fcall	_fputs
  2604     0F10                     l2260:
  2605                           
  2606                           ;C:\Program Files\Microchip\xc8\v3.10\pic\sources\c99\common\doprnt.c: 205:  if (p < 0) 
      +                          {
  2607     0F10  1283               	bcf	3,5	;RP0=0, select bank0
  2608     0F11  1303               	bcf	3,6	;RP1=0, select bank0
  2609     0F12  1FB9               	btfss	pad@p+1,7
  2610     0F13  2F15               	goto	u2381
  2611     0F14  2F16               	goto	u2380
  2612     0F15                     u2381:
  2613     0F15  2F18               	goto	l865
  2614     0F16                     u2380:
  2615     0F16                     l2262:
  2616                           
  2617                           ;C:\Program Files\Microchip\xc8\v3.10\pic\sources\c99\common\doprnt.c: 206:   p = 0;
  2618     0F16  01B8               	clrf	pad@p
  2619     0F17  01B9               	clrf	pad@p+1
  2620     0F18                     l865:	
  2621                           ;C:\Program Files\Microchip\xc8\v3.10\pic\sources\c99\common\doprnt.c: 207:  }
  2622                           
  2623                           
  2624                           ;C:\Program Files\Microchip\xc8\v3.10\pic\sources\c99\common\doprnt.c: 208:     i = 0;
  2625     0F18  01BB               	clrf	pad@i
  2626     0F19  01BC               	clrf	pad@i+1
  2627                           
  2628                           ;C:\Program Files\Microchip\xc8\v3.10\pic\sources\c99\common\doprnt.c: 209:     while (i
      +                           < p) {
  2629     0F1A  2F32               	goto	l2268
  2630     0F1B                     l2264:
  2631                           
  2632                           ;C:\Program Files\Microchip\xc8\v3.10\pic\sources\c99\common\doprnt.c: 210:         fput
      +                          c(' ', fp);
  2633     0F1B  3020               	movlw	32
  2634     0F1C  1283               	bcf	3,5	;RP0=0, select bank0
  2635     0F1D  1303               	bcf	3,6	;RP1=0, select bank0
  2636     0F1E  00A0               	movwf	fputc@c
  2637     0F1F  3000               	movlw	0
  2638     0F20  00A1               	movwf	fputc@c+1
  2639     0F21  0835               	movf	pad@fp,w
  2640     0F22  00A2               	movwf	fputc@fp
  2641     0F23  0836               	movf	pad@fp+1,w
  2642     0F24  00A3               	movwf	fputc@fp+1
  2643     0F25  120A  118A  2511  120A  158A  	fcall	_fputc
  2644     0F2A                     l2266:
  2645                           
  2646                           ;C:\Program Files\Microchip\xc8\v3.10\pic\sources\c99\common\doprnt.c: 211:         ++i;
  2647     0F2A  3001               	movlw	1
  2648     0F2B  1283               	bcf	3,5	;RP0=0, select bank0
  2649     0F2C  1303               	bcf	3,6	;RP1=0, select bank0
  2650     0F2D  07BB               	addwf	pad@i,f
  2651     0F2E  1803               	skipnc
  2652     0F2F  0ABC               	incf	pad@i+1,f
  2653     0F30  3000               	movlw	0
  2654     0F31  07BC               	addwf	pad@i+1,f
  2655     0F32                     l2268:
  2656                           
  2657                           ;C:\Program Files\Microchip\xc8\v3.10\pic\sources\c99\common\doprnt.c: 209:     while (i
      +                           < p) {
  2658     0F32  083C               	movf	pad@i+1,w
  2659     0F33  3A80               	xorlw	128
  2660     0F34  00BA               	movwf	??_pad
  2661     0F35  0839               	movf	pad@p+1,w
  2662     0F36  3A80               	xorlw	128
  2663     0F37  023A               	subwf	??_pad,w
  2664     0F38  1D03               	skipz
  2665     0F39  2F3C               	goto	u2395
  2666     0F3A  0838               	movf	pad@p,w
  2667     0F3B  023B               	subwf	pad@i,w
  2668     0F3C                     u2395:
  2669     0F3C  1C03               	skipc
  2670     0F3D  2F3F               	goto	u2391
  2671     0F3E  2F40               	goto	u2390
  2672     0F3F                     u2391:
  2673     0F3F  2F1B               	goto	l2264
  2674     0F40                     u2390:
  2675     0F40                     l868:
  2676                           
  2677                           ;C:\Program Files\Microchip\xc8\v3.10\pic\sources\c99\common\doprnt.c: 216:     if (!(fl
      +                          ags & (1 << 0))) {
  2678     0F40  1283               	bcf	3,5	;RP0=0, select bank0
  2679     0F41  1303               	bcf	3,6	;RP1=0, select bank0
  2680     0F42  186F               	btfsc	_flags,0
  2681     0F43  2F45               	goto	u2401
  2682     0F44  2F46               	goto	u2400
  2683     0F45                     u2401:
  2684     0F45  2F51               	goto	l870
  2685     0F46                     u2400:
  2686     0F46                     l2270:
  2687                           
  2688                           ;C:\Program Files\Microchip\xc8\v3.10\pic\sources\c99\common\doprnt.c: 218:         fput
      +                          s((const char *)buf, fp);
  2689     0F46  0837               	movf	pad@buf,w
  2690     0F47  00AD               	movwf	fputs@s
  2691     0F48  0835               	movf	pad@fp,w
  2692     0F49  00AE               	movwf	fputs@fp
  2693     0F4A  0836               	movf	pad@fp+1,w
  2694     0F4B  00AF               	movwf	fputs@fp+1
  2695     0F4C  120A  158A  25C8  120A  158A  	fcall	_fputs
  2696     0F51                     l870:
  2697     0F51  0008               	return
  2698     0F52                     __end_of_pad:
  2699                           
  2700                           	psect	text7
  2701     0DC8                     __ptext7:	
  2702 ;; *************** function _fputs *****************
  2703 ;; Defined at:
  2704 ;;		line 8 in file "C:\Program Files\Microchip\xc8\v3.10\pic\sources\c99\common\nf_fputs.c"
  2705 ;; Parameters:    Size  Location     Type
  2706 ;;  s               1   13[BANK0 ] PTR const unsigned char 
  2707 ;;		 -> dbuf(32), 
  2708 ;;  fp              2   14[BANK0 ] PTR struct _IO_FILE
  2709 ;;		 -> sprintf@f(11), 
  2710 ;; Auto vars:     Size  Location     Type
  2711 ;;  i               2   19[BANK0 ] int 
  2712 ;;  c               1   18[BANK0 ] unsigned char 
  2713 ;; Return value:  Size  Location     Type
  2714 ;;                  2   13[BANK0 ] int 
  2715 ;; Registers used:
  2716 ;;		wreg, fsr0l, fsr0h, status,2, status,0, pclath, cstack
  2717 ;; Tracked objects:
  2718 ;;		On entry : 0/0
  2719 ;;		On exit  : 0/0
  2720 ;;		Unchanged: 0/0
  2721 ;; Data sizes:     COMMON   BANK0   BANK1   BANK3   BANK2
  2722 ;;      Params:         0       3       0       0       0
  2723 ;;      Locals:         0       3       0       0       0
  2724 ;;      Temps:          0       2       0       0       0
  2725 ;;      Totals:         0       8       0       0       0
  2726 ;;Total ram usage:        8 bytes
  2727 ;; Hardware stack levels used: 1
  2728 ;; Hardware stack levels required when called: 3
  2729 ;; This function calls:
  2730 ;;		_fputc
  2731 ;; This function is called by:
  2732 ;;		_pad
  2733 ;; This function uses a non-reentrant model
  2734 ;;
  2735                           
  2736     0DC8                     _fputs:	
  2737                           ;psect for function _fputs
  2738                           
  2739     0DC8                     l2212:	
  2740                           ;incstack = 0
  2741 ;; hardware stack exceeded
  2742                           ; Regs used in _fputs: [wreg-fsr0h+status,2+status,0+pclath+cstack]
  2743                           
  2744     0DC8  1283               	bcf	3,5	;RP0=0, select bank0
  2745     0DC9  1303               	bcf	3,6	;RP1=0, select bank0
  2746     0DCA  01B3               	clrf	fputs@i
  2747     0DCB  01B4               	clrf	fputs@i+1
  2748     0DCC  2DE5               	goto	l2218
  2749     0DCD                     l2214:
  2750     0DCD  0832               	movf	fputs@c,w
  2751     0DCE  00B0               	movwf	??_fputs
  2752     0DCF  01B1               	clrf	??_fputs+1
  2753     0DD0  0830               	movf	??_fputs,w
  2754     0DD1  00A0               	movwf	fputc@c
  2755     0DD2  0831               	movf	??_fputs+1,w
  2756     0DD3  00A1               	movwf	fputc@c+1
  2757     0DD4  082E               	movf	fputs@fp,w
  2758     0DD5  00A2               	movwf	fputc@fp
  2759     0DD6  082F               	movf	fputs@fp+1,w
  2760     0DD7  00A3               	movwf	fputc@fp+1
  2761     0DD8  120A  118A  2511  120A  158A  	fcall	_fputc
  2762     0DDD                     l2216:
  2763     0DDD  3001               	movlw	1
  2764     0DDE  1283               	bcf	3,5	;RP0=0, select bank0
  2765     0DDF  1303               	bcf	3,6	;RP1=0, select bank0
  2766     0DE0  07B3               	addwf	fputs@i,f
  2767     0DE1  1803               	skipnc
  2768     0DE2  0AB4               	incf	fputs@i+1,f
  2769     0DE3  3000               	movlw	0
  2770     0DE4  07B4               	addwf	fputs@i+1,f
  2771     0DE5                     l2218:
  2772     0DE5  0833               	movf	fputs@i,w
  2773     0DE6  072D               	addwf	fputs@s,w
  2774     0DE7  00B0               	movwf	??_fputs
  2775     0DE8  0830               	movf	??_fputs,w
  2776     0DE9  0084               	movwf	4
  2777     0DEA  1383               	bcf	3,7	;select IRP bank0
  2778     0DEB  0800               	movf	0,w
  2779     0DEC  00B2               	movwf	fputs@c
  2780     0DED  0832               	movf	fputs@c,w
  2781     0DEE  1D03               	btfss	3,2
  2782     0DEF  2DF1               	goto	u2261
  2783     0DF0  2DF2               	goto	u2260
  2784     0DF1                     u2261:
  2785     0DF1  2DCD               	goto	l2214
  2786     0DF2                     u2260:
  2787     0DF2                     l933:
  2788     0DF2  0008               	return
  2789     0DF3                     __end_of_fputs:
  2790                           
  2791                           	psect	text8
  2792     0511                     __ptext8:	
  2793 ;; *************** function _fputc *****************
  2794 ;; Defined at:
  2795 ;;		line 8 in file "C:\Program Files\Microchip\xc8\v3.10\pic\sources\c99\common\nf_fputc.c"
  2796 ;; Parameters:    Size  Location     Type
  2797 ;;  c               2    0[BANK0 ] int 
  2798 ;;  fp              2    2[BANK0 ] PTR struct _IO_FILE
  2799 ;;		 -> sprintf@f(11), 
  2800 ;; Auto vars:     Size  Location     Type
  2801 ;;		None
  2802 ;; Return value:  Size  Location     Type
  2803 ;;                  2    0[BANK0 ] int 
  2804 ;; Registers used:
  2805 ;;		wreg, fsr0l, fsr0h, status,2, status,0, pclath, cstack
  2806 ;; Tracked objects:
  2807 ;;		On entry : 0/0
  2808 ;;		On exit  : 0/0
  2809 ;;		Unchanged: 0/0
  2810 ;; Data sizes:     COMMON   BANK0   BANK1   BANK3   BANK2
  2811 ;;      Params:         0       4       0       0       0
  2812 ;;      Locals:         0       0       0       0       0
  2813 ;;      Temps:          0       9       0       0       0
  2814 ;;      Totals:         0      13       0       0       0
  2815 ;;Total ram usage:       13 bytes
  2816 ;; Hardware stack levels used: 1
  2817 ;; Hardware stack levels required when called: 2
  2818 ;; This function calls:
  2819 ;;		_putch
  2820 ;; This function is called by:
  2821 ;;		_pad
  2822 ;;		_vfpfcnvrt
  2823 ;;		_fputs
  2824 ;; This function uses a non-reentrant model
  2825 ;;
  2826                           
  2827     0511                     _fputc:	
  2828                           ;psect for function _fputc
  2829                           
  2830     0511                     l2198:	
  2831                           ;incstack = 0
  2832 ;; hardware stack exceeded
  2833                           ; Regs used in _fputc: [wreg-fsr0h+status,2+status,0+pclath+cstack]
  2834                           
  2835     0511  1283               	bcf	3,5	;RP0=0, select bank0
  2836     0512  1303               	bcf	3,6	;RP1=0, select bank0
  2837     0513  0822               	movf	fputc@fp,w
  2838     0514  0423               	iorwf	fputc@fp+1,w
  2839     0515  1903               	btfsc	3,2
  2840     0516  2D18               	goto	u2211
  2841     0517  2D19               	goto	u2210
  2842     0518                     u2211:
  2843     0518  2D1F               	goto	l2202
  2844     0519                     u2210:
  2845     0519                     l2200:
  2846     0519  0822               	movf	fputc@fp,w
  2847     051A  0423               	iorwf	fputc@fp+1,w
  2848     051B  1D03               	btfss	3,2
  2849     051C  2D1E               	goto	u2221
  2850     051D  2D1F               	goto	u2220
  2851     051E                     u2221:
  2852     051E  2D26               	goto	l2204
  2853     051F                     u2220:
  2854     051F                     l2202:
  2855     051F  0820               	movf	fputc@c,w
  2856     0520  120A  118A  27FF  120A  118A  	fcall	_putch
  2857     0525  2DB0               	goto	l925
  2858     0526                     l2204:
  2859     0526  0822               	movf	fputc@fp,w
  2860     0527  3E09               	addlw	9
  2861     0528  00A4               	movwf	??_fputc
  2862     0529  0823               	movf	fputc@fp+1,w
  2863     052A  1803               	skipnc
  2864     052B  3E01               	addlw	1
  2865     052C  3E00               	addlw	0
  2866     052D  00A5               	movwf	??_fputc+1
  2867     052E  0824               	movf	??_fputc,w
  2868     052F  0084               	movwf	4
  2869     0530  1783               	bsf	3,7
  2870     0531  1C25               	btfss	??_fputc+1,0
  2871     0532  1383               	bcf	3,7
  2872     0533  0800               	movf	0,w
  2873     0534  00A6               	movwf	??_fputc+2
  2874     0535  0A84               	incf	4,f
  2875     0536  0800               	movf	0,w
  2876     0537  00A7               	movwf	??_fputc+3
  2877     0538  0826               	movf	??_fputc+2,w
  2878     0539  0427               	iorwf	??_fputc+3,w
  2879     053A  1903               	btfsc	3,2
  2880     053B  2D3D               	goto	u2231
  2881     053C  2D3E               	goto	u2230
  2882     053D                     u2231:
  2883     053D  2D70               	goto	l2208
  2884     053E                     u2230:
  2885     053E                     l2206:
  2886     053E  0822               	movf	fputc@fp,w
  2887     053F  3E09               	addlw	9
  2888     0540  00A4               	movwf	??_fputc
  2889     0541  0823               	movf	fputc@fp+1,w
  2890     0542  1803               	skipnc
  2891     0543  3E01               	addlw	1
  2892     0544  3E00               	addlw	0
  2893     0545  00A5               	movwf	??_fputc+1
  2894     0546  0824               	movf	??_fputc,w
  2895     0547  0084               	movwf	4
  2896     0548  1783               	bsf	3,7
  2897     0549  1C25               	btfss	??_fputc+1,0
  2898     054A  1383               	bcf	3,7
  2899     054B  0800               	movf	0,w
  2900     054C  00A6               	movwf	??_fputc+2
  2901     054D  0A84               	incf	4,f
  2902     054E  0800               	movf	0,w
  2903     054F  00A7               	movwf	??_fputc+3
  2904     0550  0822               	movf	fputc@fp,w
  2905     0551  3E02               	addlw	2
  2906     0552  00A8               	movwf	??_fputc+4
  2907     0553  0823               	movf	fputc@fp+1,w
  2908     0554  1803               	skipnc
  2909     0555  3E01               	addlw	1
  2910     0556  3E00               	addlw	0
  2911     0557  00A9               	movwf	??_fputc+5
  2912     0558  0828               	movf	??_fputc+4,w
  2913     0559  0084               	movwf	4
  2914     055A  1783               	bsf	3,7
  2915     055B  1C29               	btfss	??_fputc+5,0
  2916     055C  1383               	bcf	3,7
  2917     055D  0800               	movf	0,w
  2918     055E  00AA               	movwf	??_fputc+6
  2919     055F  0A84               	incf	4,f
  2920     0560  0800               	movf	0,w
  2921     0561  00AB               	movwf	??_fputc+7
  2922     0562  082B               	movf	??_fputc+7,w
  2923     0563  3A80               	xorlw	128
  2924     0564  00AC               	movwf	??_fputc+8
  2925     0565  0827               	movf	??_fputc+3,w
  2926     0566  3A80               	xorlw	128
  2927     0567  022C               	subwf	??_fputc+8,w
  2928     0568  1D03               	skipz
  2929     0569  2D6C               	goto	u2245
  2930     056A  0826               	movf	??_fputc+2,w
  2931     056B  022A               	subwf	??_fputc+6,w
  2932     056C                     u2245:
  2933     056C  1803               	skipnc
  2934     056D  2D6F               	goto	u2241
  2935     056E  2D70               	goto	u2240
  2936     056F                     u2241:
  2937     056F  2DB0               	goto	l925
  2938     0570                     u2240:
  2939     0570                     l2208:
  2940     0570  1283               	bcf	3,5	;RP0=0, select bank0
  2941     0571  1303               	bcf	3,6	;RP1=0, select bank0
  2942     0572  0822               	movf	fputc@fp,w
  2943     0573  0084               	movwf	4
  2944     0574  1783               	bsf	3,7
  2945     0575  1C23               	btfss	fputc@fp+1,0
  2946     0576  1383               	bcf	3,7
  2947     0577  0800               	movf	0,w
  2948     0578  00A4               	movwf	??_fputc
  2949     0579  0A84               	incf	4,f
  2950     057A  0800               	movf	0,w
  2951     057B  00A5               	movwf	??_fputc+1
  2952     057C  0822               	movf	fputc@fp,w
  2953     057D  3E02               	addlw	2
  2954     057E  00A6               	movwf	??_fputc+2
  2955     057F  0823               	movf	fputc@fp+1,w
  2956     0580  1803               	skipnc
  2957     0581  3E01               	addlw	1
  2958     0582  3E00               	addlw	0
  2959     0583  00A7               	movwf	??_fputc+3
  2960     0584  0826               	movf	??_fputc+2,w
  2961     0585  0084               	movwf	4
  2962     0586  1783               	bsf	3,7
  2963     0587  1C27               	btfss	??_fputc+3,0
  2964     0588  1383               	bcf	3,7
  2965     0589  0800               	movf	0,w
  2966     058A  0724               	addwf	??_fputc,w
  2967     058B  00A9               	movwf	??_fputc+5
  2968     058C  0825               	movf	??_fputc+1,w
  2969     058D  00A8               	movwf	??_fputc+4
  2970     058E  1803               	skipnc
  2971     058F  0AA8               	incf	??_fputc+4,f
  2972     0590  1F80               	btfss	0,7
  2973     0591  2D93               	goto	u2250
  2974     0592  03A8               	decf	??_fputc+4,f
  2975     0593                     u2250:
  2976     0593  1283               	bcf	3,5	;RP0=0, select bank0
  2977     0594  1303               	bcf	3,6	;RP1=0, select bank0
  2978     0595  0828               	movf	??_fputc+4,w
  2979     0596  00AA               	movwf	??_fputc+6
  2980     0597  0829               	movf	??_fputc+5,w
  2981     0598  0084               	movwf	4
  2982     0599  1783               	bsf	3,7
  2983     059A  1C2A               	btfss	??_fputc+6,0
  2984     059B  1383               	bcf	3,7
  2985     059C  0820               	movf	fputc@c,w
  2986     059D  0080               	movwf	0
  2987     059E  0822               	movf	fputc@fp,w
  2988     059F  3E02               	addlw	2
  2989     05A0  00A4               	movwf	??_fputc
  2990     05A1  0823               	movf	fputc@fp+1,w
  2991     05A2  1803               	skipnc
  2992     05A3  3E01               	addlw	1
  2993     05A4  3E00               	addlw	0
  2994     05A5  00A5               	movwf	??_fputc+1
  2995     05A6  0824               	movf	??_fputc,w
  2996     05A7  0084               	movwf	4
  2997     05A8  1783               	bsf	3,7
  2998     05A9  1C25               	btfss	??_fputc+1,0
  2999     05AA  1383               	bcf	3,7
  3000     05AB  3001               	movlw	1
  3001     05AC  0780               	addwf	0,f
  3002     05AD  0A84               	incf	4,f
  3003     05AE  1803               	skipnc
  3004     05AF  0A80               	incf	0,f
  3005     05B0                     l925:
  3006     05B0  0008               	return
  3007     05B1                     __end_of_fputc:
  3008                           
  3009                           	psect	text9
  3010     07FF                     __ptext9:	
  3011 ;; *************** function _putch *****************
  3012 ;; Defined at:
  3013 ;;		line 7 in file "C:\Program Files\Microchip\xc8\v3.10\pic\sources\c99\common\putch.c"
  3014 ;; Parameters:    Size  Location     Type
  3015 ;;  c               1    wreg     unsigned char 
  3016 ;; Auto vars:     Size  Location     Type
  3017 ;;  c               1    0[COMMON] unsigned char 
  3018 ;; Return value:  Size  Location     Type
  3019 ;;                  1    wreg      void 
  3020 ;; Registers used:
  3021 ;;		wreg
  3022 ;; Tracked objects:
  3023 ;;		On entry : 0/0
  3024 ;;		On exit  : 0/0
  3025 ;;		Unchanged: 0/0
  3026 ;; Data sizes:     COMMON   BANK0   BANK1   BANK3   BANK2
  3027 ;;      Params:         0       0       0       0       0
  3028 ;;      Locals:         0       0       0       0       0
  3029 ;;      Temps:          0       0       0       0       0
  3030 ;;      Totals:         0       0       0       0       0
  3031 ;;Total ram usage:        0 bytes
  3032 ;; Hardware stack levels used: 1
  3033 ;; Hardware stack levels required when called: 2
  3034 ;; This function calls:
  3035 ;;		Nothing
  3036 ;; This function is called by:
  3037 ;;		_fputc
  3038 ;; This function uses a non-reentrant model
  3039 ;;
  3040                           
  3041     07FF                     _putch:	
  3042                           ;psect for function _putch
  3043                           
  3044     07FF                     l936:	
  3045                           ;incstack = 0
  3046 ;; hardware stack exceeded
  3047                           ; Regs used in _putch: [wreg]
  3048                           
  3049     07FF  0008               	return
  3050     0800                     __end_of_putch:
  3051                           
  3052                           	psect	text10
  3053     0DF3                     __ptext10:	
  3054 ;; *************** function ___lwmod *****************
  3055 ;; Defined at:
  3056 ;;		line 5 in file "C:\Program Files\Microchip\xc8\v3.10\pic\sources\c99\common\lwmod.c"
  3057 ;; Parameters:    Size  Location     Type
  3058 ;;  divisor         2    0[BANK0 ] unsigned int 
  3059 ;;  dividend        2    2[BANK0 ] unsigned int 
  3060 ;; Auto vars:     Size  Location     Type
  3061 ;;  counter         1    4[BANK0 ] unsigned char 
  3062 ;; Return value:  Size  Location     Type
  3063 ;;                  2    0[BANK0 ] unsigned int 
  3064 ;; Registers used:
  3065 ;;		wreg, status,2, status,0
  3066 ;; Tracked objects:
  3067 ;;		On entry : 0/0
  3068 ;;		On exit  : 0/0
  3069 ;;		Unchanged: 0/0
  3070 ;; Data sizes:     COMMON   BANK0   BANK1   BANK3   BANK2
  3071 ;;      Params:         0       4       0       0       0
  3072 ;;      Locals:         0       1       0       0       0
  3073 ;;      Temps:          0       0       0       0       0
  3074 ;;      Totals:         0       5       0       0       0
  3075 ;;Total ram usage:        5 bytes
  3076 ;; Hardware stack levels used: 1
  3077 ;; Hardware stack levels required when called: 2
  3078 ;; This function calls:
  3079 ;;		Nothing
  3080 ;; This function is called by:
  3081 ;;		_show
  3082 ;;		_utoa
  3083 ;; This function uses a non-reentrant model
  3084 ;;
  3085                           
  3086     0DF3                     ___lwmod:	
  3087                           ;psect for function ___lwmod
  3088                           
  3089     0DF3                     l2234:	
  3090                           ;incstack = 0
  3091                           ; Regs used in ___lwmod: [wreg+status,2+status,0]
  3092                           
  3093     0DF3  1283               	bcf	3,5	;RP0=0, select bank0
  3094     0DF4  1303               	bcf	3,6	;RP1=0, select bank0
  3095     0DF5  0820               	movf	___lwmod@divisor,w
  3096     0DF6  0421               	iorwf	___lwmod@divisor+1,w
  3097     0DF7  1903               	btfsc	3,2
  3098     0DF8  2DFA               	goto	u2311
  3099     0DF9  2DFB               	goto	u2310
  3100     0DFA                     u2311:
  3101     0DFA  2E28               	goto	l2252
  3102     0DFB                     u2310:
  3103     0DFB                     l2236:
  3104     0DFB  3001               	movlw	1
  3105     0DFC  00A4               	movwf	___lwmod@counter
  3106     0DFD  2E07               	goto	l2242
  3107     0DFE                     l2238:
  3108     0DFE  3001               	movlw	1
  3109     0DFF                     u2325:
  3110     0DFF  1003               	clrc
  3111     0E00  0DA0               	rlf	___lwmod@divisor,f
  3112     0E01  0DA1               	rlf	___lwmod@divisor+1,f
  3113     0E02  3EFF               	addlw	-1
  3114     0E03  1D03               	skipz
  3115     0E04  2DFF               	goto	u2325
  3116     0E05                     l2240:
  3117     0E05  3001               	movlw	1
  3118     0E06  07A4               	addwf	___lwmod@counter,f
  3119     0E07                     l2242:
  3120     0E07  1FA1               	btfss	___lwmod@divisor+1,7
  3121     0E08  2E0A               	goto	u2331
  3122     0E09  2E0B               	goto	u2330
  3123     0E0A                     u2331:
  3124     0E0A  2DFE               	goto	l2238
  3125     0E0B                     u2330:
  3126     0E0B                     l2244:
  3127     0E0B  0821               	movf	___lwmod@divisor+1,w
  3128     0E0C  0223               	subwf	___lwmod@dividend+1,w
  3129     0E0D  1D03               	skipz
  3130     0E0E  2E11               	goto	u2345
  3131     0E0F  0820               	movf	___lwmod@divisor,w
  3132     0E10  0222               	subwf	___lwmod@dividend,w
  3133     0E11                     u2345:
  3134     0E11  1C03               	skipc
  3135     0E12  2E14               	goto	u2341
  3136     0E13  2E15               	goto	u2340
  3137     0E14                     u2341:
  3138     0E14  2E1B               	goto	l2248
  3139     0E15                     u2340:
  3140     0E15                     l2246:
  3141     0E15  0820               	movf	___lwmod@divisor,w
  3142     0E16  02A2               	subwf	___lwmod@dividend,f
  3143     0E17  0821               	movf	___lwmod@divisor+1,w
  3144     0E18  1C03               	skipc
  3145     0E19  03A3               	decf	___lwmod@dividend+1,f
  3146     0E1A  02A3               	subwf	___lwmod@dividend+1,f
  3147     0E1B                     l2248:
  3148     0E1B  3001               	movlw	1
  3149     0E1C                     u2355:
  3150     0E1C  1003               	clrc
  3151     0E1D  0CA1               	rrf	___lwmod@divisor+1,f
  3152     0E1E  0CA0               	rrf	___lwmod@divisor,f
  3153     0E1F  3EFF               	addlw	-1
  3154     0E20  1D03               	skipz
  3155     0E21  2E1C               	goto	u2355
  3156     0E22                     l2250:
  3157     0E22  3001               	movlw	1
  3158     0E23  02A4               	subwf	___lwmod@counter,f
  3159     0E24  1D03               	btfss	3,2
  3160     0E25  2E27               	goto	u2361
  3161     0E26  2E28               	goto	u2360
  3162     0E27                     u2361:
  3163     0E27  2E0B               	goto	l2244
  3164     0E28                     u2360:
  3165     0E28                     l2252:
  3166     0E28  0823               	movf	___lwmod@dividend+1,w
  3167     0E29  00A1               	movwf	?___lwmod+1
  3168     0E2A  0822               	movf	___lwmod@dividend,w
  3169     0E2B  00A0               	movwf	?___lwmod
  3170     0E2C                     l674:
  3171     0E2C  0008               	return
  3172     0E2D                     __end_of___lwmod:
  3173                           
  3174                           	psect	text11
  3175     0E2D                     __ptext11:	
  3176 ;; *************** function ___lwdiv *****************
  3177 ;; Defined at:
  3178 ;;		line 5 in file "C:\Program Files\Microchip\xc8\v3.10\pic\sources\c99\common\lwdiv.c"
  3179 ;; Parameters:    Size  Location     Type
  3180 ;;  divisor         2    6[BANK0 ] unsigned int 
  3181 ;;  dividend        2    8[BANK0 ] unsigned int 
  3182 ;; Auto vars:     Size  Location     Type
  3183 ;;  quotient        2   10[BANK0 ] unsigned int 
  3184 ;;  counter         1   12[BANK0 ] unsigned char 
  3185 ;; Return value:  Size  Location     Type
  3186 ;;                  2    6[BANK0 ] unsigned int 
  3187 ;; Registers used:
  3188 ;;		wreg, status,2, status,0
  3189 ;; Tracked objects:
  3190 ;;		On entry : 0/0
  3191 ;;		On exit  : 0/0
  3192 ;;		Unchanged: 0/0
  3193 ;; Data sizes:     COMMON   BANK0   BANK1   BANK3   BANK2
  3194 ;;      Params:         0       4       0       0       0
  3195 ;;      Locals:         0       3       0       0       0
  3196 ;;      Temps:          0       0       0       0       0
  3197 ;;      Totals:         0       7       0       0       0
  3198 ;;Total ram usage:        7 bytes
  3199 ;; Hardware stack levels used: 1
  3200 ;; Hardware stack levels required when called: 2
  3201 ;; This function calls:
  3202 ;;		Nothing
  3203 ;; This function is called by:
  3204 ;;		_show
  3205 ;;		_utoa
  3206 ;; This function uses a non-reentrant model
  3207 ;;
  3208                           
  3209     0E2D                     ___lwdiv:	
  3210                           ;psect for function ___lwdiv
  3211                           
  3212     0E2D                     l1604:	
  3213                           ;incstack = 0
  3214                           ; Regs used in ___lwdiv: [wreg+status,2+status,0]
  3215                           
  3216     0E2D  1283               	bcf	3,5	;RP0=0, select bank0
  3217     0E2E  1303               	bcf	3,6	;RP1=0, select bank0
  3218     0E2F  01AA               	clrf	___lwdiv@quotient
  3219     0E30  01AB               	clrf	___lwdiv@quotient+1
  3220     0E31                     l1606:
  3221     0E31  0826               	movf	___lwdiv@divisor,w
  3222     0E32  0427               	iorwf	___lwdiv@divisor+1,w
  3223     0E33  1903               	btfsc	3,2
  3224     0E34  2E36               	goto	u1211
  3225     0E35  2E37               	goto	u1210
  3226     0E36                     u1211:
  3227     0E36  2E6C               	goto	l1626
  3228     0E37                     u1210:
  3229     0E37                     l1608:
  3230     0E37  3001               	movlw	1
  3231     0E38  00AC               	movwf	___lwdiv@counter
  3232     0E39  2E43               	goto	l1614
  3233     0E3A                     l1610:
  3234     0E3A  3001               	movlw	1
  3235     0E3B                     u1225:
  3236     0E3B  1003               	clrc
  3237     0E3C  0DA6               	rlf	___lwdiv@divisor,f
  3238     0E3D  0DA7               	rlf	___lwdiv@divisor+1,f
  3239     0E3E  3EFF               	addlw	-1
  3240     0E3F  1D03               	skipz
  3241     0E40  2E3B               	goto	u1225
  3242     0E41                     l1612:
  3243     0E41  3001               	movlw	1
  3244     0E42  07AC               	addwf	___lwdiv@counter,f
  3245     0E43                     l1614:
  3246     0E43  1FA7               	btfss	___lwdiv@divisor+1,7
  3247     0E44  2E46               	goto	u1231
  3248     0E45  2E47               	goto	u1230
  3249     0E46                     u1231:
  3250     0E46  2E3A               	goto	l1610
  3251     0E47                     u1230:
  3252     0E47                     l1616:
  3253     0E47  3001               	movlw	1
  3254     0E48                     u1245:
  3255     0E48  1003               	clrc
  3256     0E49  0DAA               	rlf	___lwdiv@quotient,f
  3257     0E4A  0DAB               	rlf	___lwdiv@quotient+1,f
  3258     0E4B  3EFF               	addlw	-1
  3259     0E4C  1D03               	skipz
  3260     0E4D  2E48               	goto	u1245
  3261     0E4E  0827               	movf	___lwdiv@divisor+1,w
  3262     0E4F  0229               	subwf	___lwdiv@dividend+1,w
  3263     0E50  1D03               	skipz
  3264     0E51  2E54               	goto	u1255
  3265     0E52  0826               	movf	___lwdiv@divisor,w
  3266     0E53  0228               	subwf	___lwdiv@dividend,w
  3267     0E54                     u1255:
  3268     0E54  1C03               	skipc
  3269     0E55  2E57               	goto	u1251
  3270     0E56  2E58               	goto	u1250
  3271     0E57                     u1251:
  3272     0E57  2E5F               	goto	l1622
  3273     0E58                     u1250:
  3274     0E58                     l1618:
  3275     0E58  0826               	movf	___lwdiv@divisor,w
  3276     0E59  02A8               	subwf	___lwdiv@dividend,f
  3277     0E5A  0827               	movf	___lwdiv@divisor+1,w
  3278     0E5B  1C03               	skipc
  3279     0E5C  03A9               	decf	___lwdiv@dividend+1,f
  3280     0E5D  02A9               	subwf	___lwdiv@dividend+1,f
  3281     0E5E                     l1620:
  3282     0E5E  142A               	bsf	___lwdiv@quotient,0
  3283     0E5F                     l1622:
  3284     0E5F  3001               	movlw	1
  3285     0E60                     u1265:
  3286     0E60  1003               	clrc
  3287     0E61  0CA7               	rrf	___lwdiv@divisor+1,f
  3288     0E62  0CA6               	rrf	___lwdiv@divisor,f
  3289     0E63  3EFF               	addlw	-1
  3290     0E64  1D03               	skipz
  3291     0E65  2E60               	goto	u1265
  3292     0E66                     l1624:
  3293     0E66  3001               	movlw	1
  3294     0E67  02AC               	subwf	___lwdiv@counter,f
  3295     0E68  1D03               	btfss	3,2
  3296     0E69  2E6B               	goto	u1271
  3297     0E6A  2E6C               	goto	u1270
  3298     0E6B                     u1271:
  3299     0E6B  2E47               	goto	l1616
  3300     0E6C                     u1270:
  3301     0E6C                     l1626:
  3302     0E6C  082B               	movf	___lwdiv@quotient+1,w
  3303     0E6D  00A7               	movwf	?___lwdiv+1
  3304     0E6E  082A               	movf	___lwdiv@quotient,w
  3305     0E6F  00A6               	movwf	?___lwdiv
  3306     0E70                     l664:
  3307     0E70  0008               	return
  3308     0E71                     __end_of___lwdiv:
  3309                           
  3310                           	psect	text12
  3311     0FA9                     __ptext12:	
  3312 ;; *************** function _read_prec_or_width *****************
  3313 ;; Defined at:
  3314 ;;		line 1158 in file "C:\Program Files\Microchip\xc8\v3.10\pic\sources\c99\common\doprnt.c"
  3315 ;; Parameters:    Size  Location     Type
  3316 ;;  fmt             1    6[BANK0 ] PTR PTR const unsigned c
  3317 ;;		 -> vfprintf@cfmt(1), 
  3318 ;;  ap              1    7[BANK0 ] PTR PTR void [1]
  3319 ;;		 -> sprintf@ap(1), 
  3320 ;; Auto vars:     Size  Location     Type
  3321 ;;  c               1    9[BANK0 ] unsigned char 
  3322 ;;  n               2   10[BANK0 ] int 
  3323 ;; Return value:  Size  Location     Type
  3324 ;;                  2    6[BANK0 ] int 
  3325 ;; Registers used:
  3326 ;;		wreg, fsr0l, fsr0h, status,2, status,0, pclath, cstack
  3327 ;; Tracked objects:
  3328 ;;		On entry : 0/0
  3329 ;;		On exit  : 0/0
  3330 ;;		Unchanged: 0/0
  3331 ;; Data sizes:     COMMON   BANK0   BANK1   BANK3   BANK2
  3332 ;;      Params:         0       2       0       0       0
  3333 ;;      Locals:         0       3       0       0       0
  3334 ;;      Temps:          0       1       0       0       0
  3335 ;;      Totals:         0       6       0       0       0
  3336 ;;Total ram usage:        6 bytes
  3337 ;; Hardware stack levels used: 1
  3338 ;; Hardware stack levels required when called: 3
  3339 ;; This function calls:
  3340 ;;		___wmul
  3341 ;; This function is called by:
  3342 ;;		_vfpfcnvrt
  3343 ;; This function uses a non-reentrant model
  3344 ;;
  3345                           
  3346     0FA9                     _read_prec_or_width:	
  3347                           ;psect for function _read_prec_or_width
  3348                           
  3349     0FA9                     l2302:	
  3350                           ;incstack = 0
  3351 ;; using string table level
  3352                           ; Regs used in _read_prec_or_width: [wreg-fsr0h+status,2+status,0+pclath+cstack]
  3353                           
  3354                           
  3355                           ;C:\Program Files\Microchip\xc8\v3.10\pic\sources\c99\common\doprnt.c: 1159:     int n =
      +                           0;
  3356     0FA9  1283               	bcf	3,5	;RP0=0, select bank0
  3357     0FAA  1303               	bcf	3,6	;RP1=0, select bank0
  3358     0FAB  01AA               	clrf	read_prec_or_width@n
  3359     0FAC  01AB               	clrf	read_prec_or_width@n+1
  3360     0FAD                     l2304:
  3361                           
  3362                           ;C:\Program Files\Microchip\xc8\v3.10\pic\sources\c99\common\doprnt.c: 1160:     if ((*f
      +                          mt)[0] == '*') {
  3363     0FAD  0826               	movf	read_prec_or_width@fmt,w
  3364     0FAE  0084               	movwf	4
  3365     0FAF  1383               	bcf	3,7	;select IRP bank0
  3366     0FB0  0800               	movf	0,w
  3367     0FB1  0084               	movwf	4
  3368     0FB2  120A  118A  276A  120A  158A  	fcall	stringdir
  3369     0FB7  3A2A               	xorlw	42
  3370     0FB8  1D03               	skipz
  3371     0FB9  2FBB               	goto	u2461
  3372     0FBA  2FBC               	goto	u2460
  3373     0FBB                     u2461:
  3374     0FBB  2FEA               	goto	l2312
  3375     0FBC                     u2460:
  3376     0FBC                     l2306:
  3377                           
  3378                           ;C:\Program Files\Microchip\xc8\v3.10\pic\sources\c99\common\doprnt.c: 1161:         ++*
      +                          fmt;
  3379     0FBC  0826               	movf	read_prec_or_width@fmt,w
  3380     0FBD  0084               	movwf	4
  3381     0FBE  3001               	movlw	1
  3382     0FBF  0780               	addwf	0,f
  3383                           
  3384                           ;C:\Program Files\Microchip\xc8\v3.10\pic\sources\c99\common\doprnt.c: 1162:         n =
      +                           (*(int *)__va_arg(*(int **)*ap, (int)0));
  3385     0FC0  0827               	movf	read_prec_or_width@ap,w
  3386     0FC1  0084               	movwf	4
  3387     0FC2  0800               	movf	0,w
  3388     0FC3  00A8               	movwf	??_read_prec_or_width
  3389     0FC4  3002               	movlw	2
  3390     0FC5  0780               	addwf	0,f
  3391     0FC6  0828               	movf	??_read_prec_or_width,w
  3392     0FC7  0084               	movwf	4
  3393     0FC8  0800               	movf	0,w
  3394     0FC9  00AA               	movwf	read_prec_or_width@n
  3395     0FCA  0A84               	incf	4,f
  3396     0FCB  0800               	movf	0,w
  3397     0FCC  00AB               	movwf	read_prec_or_width@n+1
  3398                           
  3399                           ;C:\Program Files\Microchip\xc8\v3.10\pic\sources\c99\common\doprnt.c: 1163:     } else 
      +                          {
  3400     0FCD  2FFB               	goto	l2314
  3401     0FCE                     l2308:
  3402                           
  3403                           ;C:\Program Files\Microchip\xc8\v3.10\pic\sources\c99\common\doprnt.c: 1166:            
      +                           n = n * 10 + c;
  3404     0FCE  082B               	movf	read_prec_or_width@n+1,w
  3405     0FCF  00A1               	movwf	___wmul@multiplier+1
  3406     0FD0  082A               	movf	read_prec_or_width@n,w
  3407     0FD1  00A0               	movwf	___wmul@multiplier
  3408     0FD2  300A               	movlw	10
  3409     0FD3  00A2               	movwf	___wmul@multiplicand
  3410     0FD4  3000               	movlw	0
  3411     0FD5  00A3               	movwf	___wmul@multiplicand+1
  3412     0FD6  120A  158A  25A1  120A  158A  	fcall	___wmul
  3413     0FDB  1283               	bcf	3,5	;RP0=0, select bank0
  3414     0FDC  1303               	bcf	3,6	;RP1=0, select bank0
  3415     0FDD  0829               	movf	read_prec_or_width@c,w
  3416     0FDE  0720               	addwf	?___wmul,w
  3417     0FDF  00AA               	movwf	read_prec_or_width@n
  3418     0FE0  3000               	movlw	0
  3419     0FE1  1803               	skipnc
  3420     0FE2  3001               	movlw	1
  3421     0FE3  0721               	addwf	?___wmul+1,w
  3422     0FE4  00AB               	movwf	read_prec_or_width@n+1
  3423     0FE5                     l2310:
  3424                           
  3425                           ;C:\Program Files\Microchip\xc8\v3.10\pic\sources\c99\common\doprnt.c: 1167:            
      +                           ++*fmt;
  3426     0FE5  0826               	movf	read_prec_or_width@fmt,w
  3427     0FE6  0084               	movwf	4
  3428     0FE7  3001               	movlw	1
  3429     0FE8  1383               	bcf	3,7	;select IRP bank0
  3430     0FE9  0780               	addwf	0,f
  3431     0FEA                     l2312:
  3432                           
  3433                           ;C:\Program Files\Microchip\xc8\v3.10\pic\sources\c99\common\doprnt.c: 1165:         whi
      +                          le ((c = ((unsigned)(*fmt)[0]) - '0') < 10) {
  3434     0FEA  0826               	movf	read_prec_or_width@fmt,w
  3435     0FEB  0084               	movwf	4
  3436     0FEC  0800               	movf	0,w
  3437     0FED  0084               	movwf	4
  3438     0FEE  120A  118A  276A  120A  158A  	fcall	stringdir
  3439     0FF3  3ED0               	addlw	208
  3440     0FF4  00A9               	movwf	read_prec_or_width@c
  3441     0FF5  300A               	movlw	10
  3442     0FF6  0229               	subwf	read_prec_or_width@c,w
  3443     0FF7  1C03               	skipc
  3444     0FF8  2FFA               	goto	u2471
  3445     0FF9  2FFB               	goto	u2470
  3446     0FFA                     u2471:
  3447     0FFA  2FCE               	goto	l2308
  3448     0FFB                     u2470:
  3449     0FFB                     l2314:
  3450                           
  3451                           ;C:\Program Files\Microchip\xc8\v3.10\pic\sources\c99\common\doprnt.c: 1170:     return 
      +                          n;
  3452     0FFB  082B               	movf	read_prec_or_width@n+1,w
  3453     0FFC  00A7               	movwf	?_read_prec_or_width+1
  3454     0FFD  082A               	movf	read_prec_or_width@n,w
  3455     0FFE  00A6               	movwf	?_read_prec_or_width
  3456     0FFF                     l888:
  3457     0FFF  0008               	return
  3458     1000                     __end_of_read_prec_or_width:
  3459                           
  3460                           	psect	text13
  3461     0DA1                     __ptext13:	
  3462 ;; *************** function ___wmul *****************
  3463 ;; Defined at:
  3464 ;;		line 15 in file "C:\Program Files\Microchip\xc8\v3.10\pic\sources\c99\common\Umul16.c"
  3465 ;; Parameters:    Size  Location     Type
  3466 ;;  multiplier      2    0[BANK0 ] unsigned int 
  3467 ;;  multiplicand    2    2[BANK0 ] unsigned int 
  3468 ;; Auto vars:     Size  Location     Type
  3469 ;;  product         2    4[BANK0 ] unsigned int 
  3470 ;; Return value:  Size  Location     Type
  3471 ;;                  2    0[BANK0 ] unsigned int 
  3472 ;; Registers used:
  3473 ;;		wreg, status,2, status,0
  3474 ;; Tracked objects:
  3475 ;;		On entry : 0/0
  3476 ;;		On exit  : 0/0
  3477 ;;		Unchanged: 0/0
  3478 ;; Data sizes:     COMMON   BANK0   BANK1   BANK3   BANK2
  3479 ;;      Params:         0       4       0       0       0
  3480 ;;      Locals:         0       2       0       0       0
  3481 ;;      Temps:          0       0       0       0       0
  3482 ;;      Totals:         0       6       0       0       0
  3483 ;;Total ram usage:        6 bytes
  3484 ;; Hardware stack levels used: 1
  3485 ;; Hardware stack levels required when called: 2
  3486 ;; This function calls:
  3487 ;;		Nothing
  3488 ;; This function is called by:
  3489 ;;		_show
  3490 ;;		_read_prec_or_width
  3491 ;; This function uses a non-reentrant model
  3492 ;;
  3493                           
  3494     0DA1                     ___wmul:	
  3495                           ;psect for function ___wmul
  3496                           
  3497     0DA1                     l2220:	
  3498                           ;incstack = 0
  3499                           ; Regs used in ___wmul: [wreg+status,2+status,0]
  3500                           
  3501     0DA1  1283               	bcf	3,5	;RP0=0, select bank0
  3502     0DA2  1303               	bcf	3,6	;RP1=0, select bank0
  3503     0DA3  01A4               	clrf	___wmul@product
  3504     0DA4  01A5               	clrf	___wmul@product+1
  3505     0DA5                     l2222:
  3506     0DA5  1C20               	btfss	___wmul@multiplier,0
  3507     0DA6  2DA8               	goto	u2271
  3508     0DA7  2DA9               	goto	u2270
  3509     0DA8                     u2271:
  3510     0DA8  2DAF               	goto	l384
  3511     0DA9                     u2270:
  3512     0DA9                     l2224:
  3513     0DA9  0822               	movf	___wmul@multiplicand,w
  3514     0DAA  07A4               	addwf	___wmul@product,f
  3515     0DAB  1803               	skipnc
  3516     0DAC  0AA5               	incf	___wmul@product+1,f
  3517     0DAD  0823               	movf	___wmul@multiplicand+1,w
  3518     0DAE  07A5               	addwf	___wmul@product+1,f
  3519     0DAF                     l384:
  3520     0DAF  3001               	movlw	1
  3521     0DB0                     u2285:
  3522     0DB0  1003               	clrc
  3523     0DB1  0DA2               	rlf	___wmul@multiplicand,f
  3524     0DB2  0DA3               	rlf	___wmul@multiplicand+1,f
  3525     0DB3  3EFF               	addlw	-1
  3526     0DB4  1D03               	skipz
  3527     0DB5  2DB0               	goto	u2285
  3528     0DB6                     l2226:
  3529     0DB6  3001               	movlw	1
  3530     0DB7                     u2295:
  3531     0DB7  1003               	clrc
  3532     0DB8  0CA1               	rrf	___wmul@multiplier+1,f
  3533     0DB9  0CA0               	rrf	___wmul@multiplier,f
  3534     0DBA  3EFF               	addlw	-1
  3535     0DBB  1D03               	skipz
  3536     0DBC  2DB7               	goto	u2295
  3537     0DBD                     l2228:
  3538     0DBD  0820               	movf	___wmul@multiplier,w
  3539     0DBE  0421               	iorwf	___wmul@multiplier+1,w
  3540     0DBF  1D03               	btfss	3,2
  3541     0DC0  2DC2               	goto	u2301
  3542     0DC1  2DC3               	goto	u2300
  3543     0DC2                     u2301:
  3544     0DC2  2DA5               	goto	l2222
  3545     0DC3                     u2300:
  3546     0DC3                     l2230:
  3547     0DC3  0825               	movf	___wmul@product+1,w
  3548     0DC4  00A1               	movwf	?___wmul+1
  3549     0DC5  0824               	movf	___wmul@product,w
  3550     0DC6  00A0               	movwf	?___wmul
  3551     0DC7                     l386:
  3552     0DC7  0008               	return
  3553     0DC8                     __end_of___wmul:
  3554                           
  3555                           	psect	text14
  3556     0EB7                     __ptext14:	
  3557 ;; *************** function ___lmul *****************
  3558 ;; Defined at:
  3559 ;;		line 15 in file "C:\Program Files\Microchip\xc8\v3.10\pic\sources\c99\common\Umul32.c"
  3560 ;; Parameters:    Size  Location     Type
  3561 ;;  multiplier      4    0[BANK0 ] unsigned long 
  3562 ;;  multiplicand    4    4[BANK0 ] unsigned long 
  3563 ;; Auto vars:     Size  Location     Type
  3564 ;;  product         4    9[BANK0 ] unsigned long 
  3565 ;; Return value:  Size  Location     Type
  3566 ;;                  4    0[BANK0 ] unsigned long 
  3567 ;; Registers used:
  3568 ;;		wreg, status,2, status,0
  3569 ;; Tracked objects:
  3570 ;;		On entry : 0/0
  3571 ;;		On exit  : 0/0
  3572 ;;		Unchanged: 0/0
  3573 ;; Data sizes:     COMMON   BANK0   BANK1   BANK3   BANK2
  3574 ;;      Params:         0       8       0       0       0
  3575 ;;      Locals:         0       4       0       0       0
  3576 ;;      Temps:          0       1       0       0       0
  3577 ;;      Totals:         0      13       0       0       0
  3578 ;;Total ram usage:       13 bytes
  3579 ;; Hardware stack levels used: 1
  3580 ;; Hardware stack levels required when called: 2
  3581 ;; This function calls:
  3582 ;;		Nothing
  3583 ;; This function is called by:
  3584 ;;		_show
  3585 ;; This function uses a non-reentrant model
  3586 ;;
  3587                           
  3588     0EB7                     ___lmul:	
  3589                           ;psect for function ___lmul
  3590                           
  3591     0EB7                     l2470:	
  3592                           ;incstack = 0
  3593                           ; Regs used in ___lmul: [wreg+status,2+status,0]
  3594                           
  3595     0EB7  3000               	movlw	0
  3596     0EB8  1283               	bcf	3,5	;RP0=0, select bank0
  3597     0EB9  1303               	bcf	3,6	;RP1=0, select bank0
  3598     0EBA  00AC               	movwf	___lmul@product+3
  3599     0EBB  3000               	movlw	0
  3600     0EBC  00AB               	movwf	___lmul@product+2
  3601     0EBD  3000               	movlw	0
  3602     0EBE  00AA               	movwf	___lmul@product+1
  3603     0EBF  3000               	movlw	0
  3604     0EC0  00A9               	movwf	___lmul@product
  3605     0EC1                     l2472:
  3606     0EC1  1C20               	btfss	___lmul@multiplier,0
  3607     0EC2  2EC4               	goto	u2801
  3608     0EC3  2EC5               	goto	u2800
  3609     0EC4                     u2801:
  3610     0EC4  2EDC               	goto	l2476
  3611     0EC5                     u2800:
  3612     0EC5                     l2474:
  3613     0EC5  0824               	movf	___lmul@multiplicand,w
  3614     0EC6  07A9               	addwf	___lmul@product,f
  3615     0EC7  0825               	movf	___lmul@multiplicand+1,w
  3616     0EC8  1103               	clrz
  3617     0EC9  1803               	skipnc
  3618     0ECA  3E01               	addlw	1
  3619     0ECB  1903               	skipnz
  3620     0ECC  2ECE               	goto	u2811
  3621     0ECD  07AA               	addwf	___lmul@product+1,f
  3622     0ECE                     u2811:
  3623     0ECE  0826               	movf	___lmul@multiplicand+2,w
  3624     0ECF  1103               	clrz
  3625     0ED0  1803               	skipnc
  3626     0ED1  3E01               	addlw	1
  3627     0ED2  1903               	skipnz
  3628     0ED3  2ED5               	goto	u2812
  3629     0ED4  07AB               	addwf	___lmul@product+2,f
  3630     0ED5                     u2812:
  3631     0ED5  0827               	movf	___lmul@multiplicand+3,w
  3632     0ED6  1103               	clrz
  3633     0ED7  1803               	skipnc
  3634     0ED8  3E01               	addlw	1
  3635     0ED9  1903               	skipnz
  3636     0EDA  2EDC               	goto	u2813
  3637     0EDB  07AC               	addwf	___lmul@product+3,f
  3638     0EDC                     u2813:
  3639     0EDC                     l2476:
  3640     0EDC  3001               	movlw	1
  3641     0EDD  00A8               	movwf	??___lmul
  3642     0EDE                     u2825:
  3643     0EDE  1003               	clrc
  3644     0EDF  0DA4               	rlf	___lmul@multiplicand,f
  3645     0EE0  0DA5               	rlf	___lmul@multiplicand+1,f
  3646     0EE1  0DA6               	rlf	___lmul@multiplicand+2,f
  3647     0EE2  0DA7               	rlf	___lmul@multiplicand+3,f
  3648     0EE3  0BA8               	decfsz	??___lmul,f
  3649     0EE4  2EDE               	goto	u2825
  3650     0EE5                     l2478:
  3651     0EE5  3001               	movlw	1
  3652     0EE6                     u2835:
  3653     0EE6  1003               	clrc
  3654     0EE7  0CA3               	rrf	___lmul@multiplier+3,f
  3655     0EE8  0CA2               	rrf	___lmul@multiplier+2,f
  3656     0EE9  0CA1               	rrf	___lmul@multiplier+1,f
  3657     0EEA  0CA0               	rrf	___lmul@multiplier,f
  3658     0EEB  3EFF               	addlw	-1
  3659     0EEC  1D03               	skipz
  3660     0EED  2EE6               	goto	u2835
  3661     0EEE  0823               	movf	___lmul@multiplier+3,w
  3662     0EEF  0422               	iorwf	___lmul@multiplier+2,w
  3663     0EF0  0421               	iorwf	___lmul@multiplier+1,w
  3664     0EF1  0420               	iorwf	___lmul@multiplier,w
  3665     0EF2  1D03               	skipz
  3666     0EF3  2EF5               	goto	u2841
  3667     0EF4  2EF6               	goto	u2840
  3668     0EF5                     u2841:
  3669     0EF5  2EC1               	goto	l2472
  3670     0EF6                     u2840:
  3671     0EF6                     l2480:
  3672     0EF6  082C               	movf	___lmul@product+3,w
  3673     0EF7  00A3               	movwf	?___lmul+3
  3674     0EF8  082B               	movf	___lmul@product+2,w
  3675     0EF9  00A2               	movwf	?___lmul+2
  3676     0EFA  082A               	movf	___lmul@product+1,w
  3677     0EFB  00A1               	movwf	?___lmul+1
  3678     0EFC  0829               	movf	___lmul@product,w
  3679     0EFD  00A0               	movwf	?___lmul
  3680     0EFE                     l398:
  3681     0EFE  0008               	return
  3682     0EFF                     __end_of___lmul:
  3683                           
  3684                           	psect	text15
  3685     05B1                     __ptext15:	
  3686 ;; *************** function ___aldiv *****************
  3687 ;; Defined at:
  3688 ;;		line 5 in file "C:\Program Files\Microchip\xc8\v3.10\pic\sources\c99\common\aldiv.c"
  3689 ;; Parameters:    Size  Location     Type
  3690 ;;  divisor         4   13[BANK0 ] long 
  3691 ;;  dividend        4   17[BANK0 ] long 
  3692 ;; Auto vars:     Size  Location     Type
  3693 ;;  quotient        4   24[BANK0 ] long 
  3694 ;;  sign            1   23[BANK0 ] unsigned char 
  3695 ;;  counter         1   22[BANK0 ] unsigned char 
  3696 ;; Return value:  Size  Location     Type
  3697 ;;                  4   13[BANK0 ] long 
  3698 ;; Registers used:
  3699 ;;		wreg, status,2, status,0
  3700 ;; Tracked objects:
  3701 ;;		On entry : 0/0
  3702 ;;		On exit  : 0/0
  3703 ;;		Unchanged: 0/0
  3704 ;; Data sizes:     COMMON   BANK0   BANK1   BANK3   BANK2
  3705 ;;      Params:         0       8       0       0       0
  3706 ;;      Locals:         0       6       0       0       0
  3707 ;;      Temps:          0       1       0       0       0
  3708 ;;      Totals:         0      15       0       0       0
  3709 ;;Total ram usage:       15 bytes
  3710 ;; Hardware stack levels used: 1
  3711 ;; Hardware stack levels required when called: 2
  3712 ;; This function calls:
  3713 ;;		Nothing
  3714 ;; This function is called by:
  3715 ;;		_show
  3716 ;; This function uses a non-reentrant model
  3717 ;;
  3718                           
  3719     05B1                     ___aldiv:	
  3720                           ;psect for function ___aldiv
  3721                           
  3722     05B1                     l2484:	
  3723                           ;incstack = 0
  3724                           ; Regs used in ___aldiv: [wreg+status,2+status,0]
  3725                           
  3726     05B1  1283               	bcf	3,5	;RP0=0, select bank0
  3727     05B2  1303               	bcf	3,6	;RP1=0, select bank0
  3728     05B3  01B7               	clrf	___aldiv@sign
  3729     05B4                     l2486:
  3730     05B4  1FB0               	btfss	___aldiv@divisor+3,7
  3731     05B5  2DB7               	goto	u2851
  3732     05B6  2DB8               	goto	u2850
  3733     05B7                     u2851:
  3734     05B7  2DC5               	goto	l449
  3735     05B8                     u2850:
  3736     05B8                     l2488:
  3737     05B8  09AD               	comf	___aldiv@divisor,f
  3738     05B9  09AE               	comf	___aldiv@divisor+1,f
  3739     05BA  09AF               	comf	___aldiv@divisor+2,f
  3740     05BB  09B0               	comf	___aldiv@divisor+3,f
  3741     05BC  0AAD               	incf	___aldiv@divisor,f
  3742     05BD  1903               	skipnz
  3743     05BE  0AAE               	incf	___aldiv@divisor+1,f
  3744     05BF  1903               	skipnz
  3745     05C0  0AAF               	incf	___aldiv@divisor+2,f
  3746     05C1  1903               	skipnz
  3747     05C2  0AB0               	incf	___aldiv@divisor+3,f
  3748     05C3  3001               	movlw	1
  3749     05C4  00B7               	movwf	___aldiv@sign
  3750     05C5                     l449:
  3751     05C5  1FB4               	btfss	___aldiv@dividend+3,7
  3752     05C6  2DC8               	goto	u2861
  3753     05C7  2DC9               	goto	u2860
  3754     05C8                     u2861:
  3755     05C8  2DD6               	goto	l2494
  3756     05C9                     u2860:
  3757     05C9                     l2490:
  3758     05C9  09B1               	comf	___aldiv@dividend,f
  3759     05CA  09B2               	comf	___aldiv@dividend+1,f
  3760     05CB  09B3               	comf	___aldiv@dividend+2,f
  3761     05CC  09B4               	comf	___aldiv@dividend+3,f
  3762     05CD  0AB1               	incf	___aldiv@dividend,f
  3763     05CE  1903               	skipnz
  3764     05CF  0AB2               	incf	___aldiv@dividend+1,f
  3765     05D0  1903               	skipnz
  3766     05D1  0AB3               	incf	___aldiv@dividend+2,f
  3767     05D2  1903               	skipnz
  3768     05D3  0AB4               	incf	___aldiv@dividend+3,f
  3769     05D4                     l2492:
  3770     05D4  3001               	movlw	1
  3771     05D5  06B7               	xorwf	___aldiv@sign,f
  3772     05D6                     l2494:
  3773     05D6  3000               	movlw	0
  3774     05D7  00BB               	movwf	___aldiv@quotient+3
  3775     05D8  3000               	movlw	0
  3776     05D9  00BA               	movwf	___aldiv@quotient+2
  3777     05DA  3000               	movlw	0
  3778     05DB  00B9               	movwf	___aldiv@quotient+1
  3779     05DC  3000               	movlw	0
  3780     05DD  00B8               	movwf	___aldiv@quotient
  3781     05DE                     l2496:
  3782     05DE  0830               	movf	___aldiv@divisor+3,w
  3783     05DF  042F               	iorwf	___aldiv@divisor+2,w
  3784     05E0  042E               	iorwf	___aldiv@divisor+1,w
  3785     05E1  042D               	iorwf	___aldiv@divisor,w
  3786     05E2  1903               	skipnz
  3787     05E3  2DE5               	goto	u2871
  3788     05E4  2DE6               	goto	u2870
  3789     05E5                     u2871:
  3790     05E5  2E31               	goto	l2516
  3791     05E6                     u2870:
  3792     05E6                     l2498:
  3793     05E6  3001               	movlw	1
  3794     05E7  00B6               	movwf	___aldiv@counter
  3795     05E8  2DF4               	goto	l2502
  3796     05E9                     l2500:
  3797     05E9  3001               	movlw	1
  3798     05EA  00B5               	movwf	??___aldiv
  3799     05EB                     u2885:
  3800     05EB  1003               	clrc
  3801     05EC  0DAD               	rlf	___aldiv@divisor,f
  3802     05ED  0DAE               	rlf	___aldiv@divisor+1,f
  3803     05EE  0DAF               	rlf	___aldiv@divisor+2,f
  3804     05EF  0DB0               	rlf	___aldiv@divisor+3,f
  3805     05F0  0BB5               	decfsz	??___aldiv,f
  3806     05F1  2DEB               	goto	u2885
  3807     05F2  3001               	movlw	1
  3808     05F3  07B6               	addwf	___aldiv@counter,f
  3809     05F4                     l2502:
  3810     05F4  1FB0               	btfss	___aldiv@divisor+3,7
  3811     05F5  2DF7               	goto	u2891
  3812     05F6  2DF8               	goto	u2890
  3813     05F7                     u2891:
  3814     05F7  2DE9               	goto	l2500
  3815     05F8                     u2890:
  3816     05F8                     l2504:
  3817     05F8  3001               	movlw	1
  3818     05F9  00B5               	movwf	??___aldiv
  3819     05FA                     u2905:
  3820     05FA  1003               	clrc
  3821     05FB  0DB8               	rlf	___aldiv@quotient,f
  3822     05FC  0DB9               	rlf	___aldiv@quotient+1,f
  3823     05FD  0DBA               	rlf	___aldiv@quotient+2,f
  3824     05FE  0DBB               	rlf	___aldiv@quotient+3,f
  3825     05FF  0BB5               	decfsz	??___aldiv,f
  3826     0600  2DFA               	goto	u2905
  3827     0601                     l2506:
  3828     0601  0830               	movf	___aldiv@divisor+3,w
  3829     0602  0234               	subwf	___aldiv@dividend+3,w
  3830     0603  1D03               	skipz
  3831     0604  2E0F               	goto	u2915
  3832     0605  082F               	movf	___aldiv@divisor+2,w
  3833     0606  0233               	subwf	___aldiv@dividend+2,w
  3834     0607  1D03               	skipz
  3835     0608  2E0F               	goto	u2915
  3836     0609  082E               	movf	___aldiv@divisor+1,w
  3837     060A  0232               	subwf	___aldiv@dividend+1,w
  3838     060B  1D03               	skipz
  3839     060C  2E0F               	goto	u2915
  3840     060D  082D               	movf	___aldiv@divisor,w
  3841     060E  0231               	subwf	___aldiv@dividend,w
  3842     060F                     u2915:
  3843     060F  1C03               	skipc
  3844     0610  2E12               	goto	u2911
  3845     0611  2E13               	goto	u2910
  3846     0612                     u2911:
  3847     0612  2E22               	goto	l2512
  3848     0613                     u2910:
  3849     0613                     l2508:
  3850     0613  082D               	movf	___aldiv@divisor,w
  3851     0614  02B1               	subwf	___aldiv@dividend,f
  3852     0615  082E               	movf	___aldiv@divisor+1,w
  3853     0616  1C03               	skipc
  3854     0617  0F2E               	incfsz	___aldiv@divisor+1,w
  3855     0618  02B2               	subwf	___aldiv@dividend+1,f
  3856     0619  082F               	movf	___aldiv@divisor+2,w
  3857     061A  1C03               	skipc
  3858     061B  0F2F               	incfsz	___aldiv@divisor+2,w
  3859     061C  02B3               	subwf	___aldiv@dividend+2,f
  3860     061D  0830               	movf	___aldiv@divisor+3,w
  3861     061E  1C03               	skipc
  3862     061F  0F30               	incfsz	___aldiv@divisor+3,w
  3863     0620  02B4               	subwf	___aldiv@dividend+3,f
  3864     0621                     l2510:
  3865     0621  1438               	bsf	___aldiv@quotient,0
  3866     0622                     l2512:
  3867     0622  3001               	movlw	1
  3868     0623                     u2925:
  3869     0623  1003               	clrc
  3870     0624  0CB0               	rrf	___aldiv@divisor+3,f
  3871     0625  0CAF               	rrf	___aldiv@divisor+2,f
  3872     0626  0CAE               	rrf	___aldiv@divisor+1,f
  3873     0627  0CAD               	rrf	___aldiv@divisor,f
  3874     0628  3EFF               	addlw	-1
  3875     0629  1D03               	skipz
  3876     062A  2E23               	goto	u2925
  3877     062B                     l2514:
  3878     062B  3001               	movlw	1
  3879     062C  02B6               	subwf	___aldiv@counter,f
  3880     062D  1D03               	btfss	3,2
  3881     062E  2E30               	goto	u2931
  3882     062F  2E31               	goto	u2930
  3883     0630                     u2931:
  3884     0630  2DF8               	goto	l2504
  3885     0631                     u2930:
  3886     0631                     l2516:
  3887     0631  0837               	movf	___aldiv@sign,w
  3888     0632  1903               	btfsc	3,2
  3889     0633  2E35               	goto	u2941
  3890     0634  2E36               	goto	u2940
  3891     0635                     u2941:
  3892     0635  2E41               	goto	l2520
  3893     0636                     u2940:
  3894     0636                     l2518:
  3895     0636  09B8               	comf	___aldiv@quotient,f
  3896     0637  09B9               	comf	___aldiv@quotient+1,f
  3897     0638  09BA               	comf	___aldiv@quotient+2,f
  3898     0639  09BB               	comf	___aldiv@quotient+3,f
  3899     063A  0AB8               	incf	___aldiv@quotient,f
  3900     063B  1903               	skipnz
  3901     063C  0AB9               	incf	___aldiv@quotient+1,f
  3902     063D  1903               	skipnz
  3903     063E  0ABA               	incf	___aldiv@quotient+2,f
  3904     063F  1903               	skipnz
  3905     0640  0ABB               	incf	___aldiv@quotient+3,f
  3906     0641                     l2520:
  3907     0641  083B               	movf	___aldiv@quotient+3,w
  3908     0642  00B0               	movwf	?___aldiv+3
  3909     0643  083A               	movf	___aldiv@quotient+2,w
  3910     0644  00AF               	movwf	?___aldiv+2
  3911     0645  0839               	movf	___aldiv@quotient+1,w
  3912     0646  00AE               	movwf	?___aldiv+1
  3913     0647  0838               	movf	___aldiv@quotient,w
  3914     0648  00AD               	movwf	?___aldiv
  3915     0649                     l459:
  3916     0649  0008               	return
  3917     064A                     __end_of___aldiv:
  3918                           
  3919                           	psect	text16
  3920     0E71                     __ptext16:	
  3921 ;; *************** function _LCD_putrs *****************
  3922 ;; Defined at:
  3923 ;;		line 142 in file "lcd.c"
  3924 ;; Parameters:    Size  Location     Type
  3925 ;;  a               2    6[BANK0 ] PTR const unsigned char 
  3926 ;;		 -> STR_7(12), STR_5(13), show@buffer(15), STR_3(10), 
  3927 ;;		 -> STR_2(7), STR_1(7), 
  3928 ;; Auto vars:     Size  Location     Type
  3929 ;;  i               2   11[BANK0 ] int 
  3930 ;; Return value:  Size  Location     Type
  3931 ;;                  1    wreg      void 
  3932 ;; Registers used:
  3933 ;;		wreg, fsr0l, fsr0h, status,2, status,0, pclath, btemp1, cstack
  3934 ;; Tracked objects:
  3935 ;;		On entry : 0/0
  3936 ;;		On exit  : 0/0
  3937 ;;		Unchanged: 0/0
  3938 ;; Data sizes:     COMMON   BANK0   BANK1   BANK3   BANK2
  3939 ;;      Params:         0       2       0       0       0
  3940 ;;      Locals:         0       2       0       0       0
  3941 ;;      Temps:          0       3       0       0       0
  3942 ;;      Totals:         0       7       0       0       0
  3943 ;;Total ram usage:        7 bytes
  3944 ;; Hardware stack levels used: 1
  3945 ;; Hardware stack levels required when called: 4
  3946 ;; This function calls:
  3947 ;;		_LCD_putc
  3948 ;; This function is called by:
  3949 ;;		_show
  3950 ;; This function uses a non-reentrant model
  3951 ;;
  3952                           
  3953     0E71                     _LCD_putrs:	
  3954                           ;psect for function _LCD_putrs
  3955                           
  3956     0E71                     l2436:	
  3957                           ;incstack = 0
  3958                           ; Regs used in _LCD_putrs: [wreg-fsr0h+status,2+status,0+pclath+btemp1+cstack]
  3959                           
  3960                           
  3961                           ;lcd.c: 144:     for ( int i = 0; a[i] != '\0'; ++i ) {
  3962     0E71  1283               	bcf	3,5	;RP0=0, select bank0
  3963     0E72  1303               	bcf	3,6	;RP1=0, select bank0
  3964     0E73  01AB               	clrf	LCD_putrs@i
  3965     0E74  01AC               	clrf	LCD_putrs@i+1
  3966     0E75  2E9A               	goto	l2442
  3967     0E76                     l2438:
  3968                           
  3969                           ;lcd.c: 145:         LCD_putc(a[i]);
  3970     0E76  082B               	movf	LCD_putrs@i,w
  3971     0E77  0726               	addwf	LCD_putrs@a,w
  3972     0E78  00A9               	movwf	??_LCD_putrs+1
  3973     0E79  0827               	movf	LCD_putrs@a+1,w
  3974     0E7A  00A8               	movwf	??_LCD_putrs
  3975     0E7B  1803               	skipnc
  3976     0E7C  0AA8               	incf	??_LCD_putrs,f
  3977     0E7D  1FAB               	btfss	LCD_putrs@i,7
  3978     0E7E  2E80               	goto	u2750
  3979     0E7F  03A8               	decf	??_LCD_putrs,f
  3980     0E80                     u2750:
  3981     0E80  1283               	bcf	3,5	;RP0=0, select bank0
  3982     0E81  1303               	bcf	3,6	;RP1=0, select bank0
  3983     0E82  0828               	movf	??_LCD_putrs,w
  3984     0E83  00AA               	movwf	??_LCD_putrs+2
  3985     0E84  082A               	movf	??_LCD_putrs+2,w
  3986     0E85  00FF               	movwf	btemp1
  3987     0E86  0829               	movf	??_LCD_putrs+1,w
  3988     0E87  0084               	movwf	4
  3989     0E88  120A  118A  2760  120A  158A  	fcall	stringtab
  3990     0E8D  120A  118A  264A  120A  158A  	fcall	_LCD_putc
  3991     0E92                     l2440:
  3992                           
  3993                           ;lcd.c: 146:     }
  3994     0E92  3001               	movlw	1
  3995     0E93  1283               	bcf	3,5	;RP0=0, select bank0
  3996     0E94  1303               	bcf	3,6	;RP1=0, select bank0
  3997     0E95  07AB               	addwf	LCD_putrs@i,f
  3998     0E96  1803               	skipnc
  3999     0E97  0AAC               	incf	LCD_putrs@i+1,f
  4000     0E98  3000               	movlw	0
  4001     0E99  07AC               	addwf	LCD_putrs@i+1,f
  4002     0E9A                     l2442:
  4003     0E9A  082B               	movf	LCD_putrs@i,w
  4004     0E9B  0726               	addwf	LCD_putrs@a,w
  4005     0E9C  00A9               	movwf	??_LCD_putrs+1
  4006     0E9D  0827               	movf	LCD_putrs@a+1,w
  4007     0E9E  00A8               	movwf	??_LCD_putrs
  4008     0E9F  1803               	skipnc
  4009     0EA0  0AA8               	incf	??_LCD_putrs,f
  4010     0EA1  1FAB               	btfss	LCD_putrs@i,7
  4011     0EA2  2EA4               	goto	u2760
  4012     0EA3  03A8               	decf	??_LCD_putrs,f
  4013     0EA4                     u2760:
  4014     0EA4  1283               	bcf	3,5	;RP0=0, select bank0
  4015     0EA5  1303               	bcf	3,6	;RP1=0, select bank0
  4016     0EA6  0828               	movf	??_LCD_putrs,w
  4017     0EA7  00AA               	movwf	??_LCD_putrs+2
  4018     0EA8  082A               	movf	??_LCD_putrs+2,w
  4019     0EA9  00FF               	movwf	btemp1
  4020     0EAA  0829               	movf	??_LCD_putrs+1,w
  4021     0EAB  0084               	movwf	4
  4022     0EAC  120A  118A  2760  120A  158A  	fcall	stringtab
  4023     0EB1  3A00               	xorlw	0
  4024     0EB2  1D03               	skipz
  4025     0EB3  2EB5               	goto	u2771
  4026     0EB4  2EB6               	goto	u2770
  4027     0EB5                     u2771:
  4028     0EB5  2E76               	goto	l2438
  4029     0EB6                     u2770:
  4030     0EB6                     l67:
  4031     0EB6  0008               	return
  4032     0EB7                     __end_of_LCD_putrs:
  4033                           
  4034                           	psect	text17
  4035     064A                     __ptext17:	
  4036 ;; *************** function _LCD_putc *****************
  4037 ;; Defined at:
  4038 ;;		line 117 in file "lcd.c"
  4039 ;; Parameters:    Size  Location     Type
  4040 ;;  c               1    wreg     unsigned char 
  4041 ;; Auto vars:     Size  Location     Type
  4042 ;;  c               1    5[BANK0 ] unsigned char 
  4043 ;; Return value:  Size  Location     Type
  4044 ;;                  1    wreg      void 
  4045 ;; Registers used:
  4046 ;;		wreg, fsr0l, fsr0h, status,2, status,0, pclath, cstack
  4047 ;; Tracked objects:
  4048 ;;		On entry : 0/0
  4049 ;;		On exit  : 0/0
  4050 ;;		Unchanged: 0/0
  4051 ;; Data sizes:     COMMON   BANK0   BANK1   BANK3   BANK2
  4052 ;;      Params:         0       0       0       0       0
  4053 ;;      Locals:         0       1       0       0       0
  4054 ;;      Temps:          0       2       0       0       0
  4055 ;;      Totals:         0       3       0       0       0
  4056 ;;Total ram usage:        3 bytes
  4057 ;; Hardware stack levels used: 1
  4058 ;; Hardware stack levels required when called: 3
  4059 ;; This function calls:
  4060 ;;		_LCD_Out
  4061 ;; This function is called by:
  4062 ;;		_LCD_putrs
  4063 ;;		_LCD_puts
  4064 ;; This function uses a non-reentrant model
  4065 ;;
  4066                           
  4067     064A                     _LCD_putc:	
  4068                           ;psect for function _LCD_putc
  4069                           
  4070                           
  4071                           ;incstack = 0
  4072                           ; Regs used in _LCD_putc: [wreg-fsr0h+status,2+status,0+pclath+cstack]
  4073                           ;LCD_putc@c stored from wreg
  4074     064A  1283               	bcf	3,5	;RP0=0, select bank0
  4075     064B  1303               	bcf	3,6	;RP1=0, select bank0
  4076     064C  00A5               	movwf	LCD_putc@c
  4077     064D                     l2400:
  4078                           
  4079                           ;lcd.c: 119:    *(lcd.PORT) |= 1 << lcd.RS;
  4080     064D  0870               	movf	_lcd,w
  4081     064E  0084               	movwf	4
  4082     064F  1783               	bsf	3,7
  4083     0650  1C71               	btfss	_lcd+1,0
  4084     0651  1383               	bcf	3,7
  4085     0652  3001               	movlw	1
  4086     0653  00A3               	movwf	??_LCD_putc
  4087     0654  0872               	movf	_lcd+2,w
  4088     0655  3907               	andlw	7
  4089     0656  3E01               	addlw	1
  4090     0657  2E5A               	goto	u2654
  4091     0658                     u2655:
  4092     0658  1003               	clrc
  4093     0659  0DA3               	rlf	??_LCD_putc,f
  4094     065A                     u2654:
  4095     065A  3EFF               	addlw	-1
  4096     065B  1D03               	skipz
  4097     065C  2E58               	goto	u2655
  4098     065D  0823               	movf	??_LCD_putc,w
  4099     065E  0480               	iorwf	0,f
  4100     065F                     l2402:
  4101                           
  4102                           ;lcd.c: 120:     LCD_Out((c & 0xF0) >> 4);
  4103     065F  0825               	movf	LCD_putc@c,w
  4104     0660  00A3               	movwf	??_LCD_putc
  4105     0661  3004               	movlw	4
  4106     0662                     u2665:
  4107     0662  1003               	clrc
  4108     0663  0CA3               	rrf	??_LCD_putc,f
  4109     0664  3EFF               	addlw	-1
  4110     0665  1D03               	skipz
  4111     0666  2E62               	goto	u2665
  4112     0667  0823               	movf	??_LCD_putc,w
  4113     0668  390F               	andlw	15
  4114     0669  120A  118A  22FD  120A  118A  	fcall	_LCD_Out
  4115     066E                     l2404:
  4116                           
  4117                           ;lcd.c: 122:     *(lcd.PORT) |= 1 << lcd.EN;
  4118     066E  0870               	movf	_lcd,w
  4119     066F  0084               	movwf	4
  4120     0670  1783               	bsf	3,7
  4121     0671  1C71               	btfss	_lcd+1,0
  4122     0672  1383               	bcf	3,7
  4123     0673  3001               	movlw	1
  4124     0674  1283               	bcf	3,5	;RP0=0, select bank0
  4125     0675  1303               	bcf	3,6	;RP1=0, select bank0
  4126     0676  00A3               	movwf	??_LCD_putc
  4127     0677  0C72               	rrf	_lcd+2,w
  4128     0678  00A4               	movwf	??_LCD_putc+1
  4129     0679  0CA4               	rrf	??_LCD_putc+1,f
  4130     067A  0C24               	rrf	??_LCD_putc+1,w
  4131     067B  3907               	andlw	7
  4132     067C  3E01               	addlw	1
  4133     067D  2E80               	goto	u2674
  4134     067E                     u2675:
  4135     067E  1003               	clrc
  4136     067F  0DA3               	rlf	??_LCD_putc,f
  4137     0680                     u2674:
  4138     0680  3EFF               	addlw	-1
  4139     0681  1D03               	skipz
  4140     0682  2E7E               	goto	u2675
  4141     0683  0823               	movf	??_LCD_putc,w
  4142     0684  0480               	iorwf	0,f
  4143     0685                     l2406:
  4144                           
  4145                           ;lcd.c: 123:     _delay((unsigned long)((40)*(8000000/4000000.0)));
  4146     0685  3019               	movlw	25
  4147     0686  1283               	bcf	3,5	;RP0=0, select bank0
  4148     0687  1303               	bcf	3,6	;RP1=0, select bank0
  4149     0688  00A3               	movwf	??_LCD_putc
  4150     0689                     u3227:
  4151     0689  0BA3               	decfsz	??_LCD_putc,f
  4152     068A  2E89               	goto	u3227
  4153     068B  2E8C               	nop2
  4154     068C                     l2408:
  4155                           
  4156                           ;lcd.c: 124:     *(lcd.PORT) &= ~(1 << lcd.EN);
  4157     068C  0870               	movf	_lcd,w
  4158     068D  0084               	movwf	4
  4159     068E  1783               	bsf	3,7
  4160     068F  1C71               	btfss	_lcd+1,0
  4161     0690  1383               	bcf	3,7
  4162     0691  3001               	movlw	1
  4163     0692  1283               	bcf	3,5	;RP0=0, select bank0
  4164     0693  1303               	bcf	3,6	;RP1=0, select bank0
  4165     0694  00A3               	movwf	??_LCD_putc
  4166     0695  0C72               	rrf	_lcd+2,w
  4167     0696  00A4               	movwf	??_LCD_putc+1
  4168     0697  0CA4               	rrf	??_LCD_putc+1,f
  4169     0698  0C24               	rrf	??_LCD_putc+1,w
  4170     0699  3907               	andlw	7
  4171     069A  3E01               	addlw	1
  4172     069B  2E9E               	goto	u2684
  4173     069C                     u2685:
  4174     069C  1003               	clrc
  4175     069D  0DA3               	rlf	??_LCD_putc,f
  4176     069E                     u2684:
  4177     069E  3EFF               	addlw	-1
  4178     069F  1D03               	skipz
  4179     06A0  2E9C               	goto	u2685
  4180     06A1  0823               	movf	??_LCD_putc,w
  4181     06A2  3AFF               	xorlw	255
  4182     06A3  0580               	andwf	0,f
  4183     06A4                     l2410:
  4184                           
  4185                           ;lcd.c: 126:     LCD_Out(c & 0x0F);
  4186     06A4  0825               	movf	LCD_putc@c,w
  4187     06A5  390F               	andlw	15
  4188     06A6  120A  118A  22FD  120A  118A  	fcall	_LCD_Out
  4189     06AB                     l2412:
  4190                           
  4191                           ;lcd.c: 128:     *(lcd.PORT) |= 1 << lcd.EN;
  4192     06AB  0870               	movf	_lcd,w
  4193     06AC  0084               	movwf	4
  4194     06AD  1783               	bsf	3,7
  4195     06AE  1C71               	btfss	_lcd+1,0
  4196     06AF  1383               	bcf	3,7
  4197     06B0  3001               	movlw	1
  4198     06B1  1283               	bcf	3,5	;RP0=0, select bank0
  4199     06B2  1303               	bcf	3,6	;RP1=0, select bank0
  4200     06B3  00A3               	movwf	??_LCD_putc
  4201     06B4  0C72               	rrf	_lcd+2,w
  4202     06B5  00A4               	movwf	??_LCD_putc+1
  4203     06B6  0CA4               	rrf	??_LCD_putc+1,f
  4204     06B7  0C24               	rrf	??_LCD_putc+1,w
  4205     06B8  3907               	andlw	7
  4206     06B9  3E01               	addlw	1
  4207     06BA  2EBD               	goto	u2694
  4208     06BB                     u2695:
  4209     06BB  1003               	clrc
  4210     06BC  0DA3               	rlf	??_LCD_putc,f
  4211     06BD                     u2694:
  4212     06BD  3EFF               	addlw	-1
  4213     06BE  1D03               	skipz
  4214     06BF  2EBB               	goto	u2695
  4215     06C0  0823               	movf	??_LCD_putc,w
  4216     06C1  0480               	iorwf	0,f
  4217                           
  4218                           ;lcd.c: 129:     _delay((unsigned long)((40)*(8000000/4000000.0)));
  4219     06C2  3019               	movlw	25
  4220     06C3  1283               	bcf	3,5	;RP0=0, select bank0
  4221     06C4  1303               	bcf	3,6	;RP1=0, select bank0
  4222     06C5  00A3               	movwf	??_LCD_putc
  4223     06C6                     u3237:
  4224     06C6  0BA3               	decfsz	??_LCD_putc,f
  4225     06C7  2EC6               	goto	u3237
  4226     06C8  2EC9               	nop2
  4227     06C9                     l2414:
  4228                           
  4229                           ;lcd.c: 130:     *(lcd.PORT) &= ~(1 << lcd.EN);
  4230     06C9  0870               	movf	_lcd,w
  4231     06CA  0084               	movwf	4
  4232     06CB  1783               	bsf	3,7
  4233     06CC  1C71               	btfss	_lcd+1,0
  4234     06CD  1383               	bcf	3,7
  4235     06CE  3001               	movlw	1
  4236     06CF  1283               	bcf	3,5	;RP0=0, select bank0
  4237     06D0  1303               	bcf	3,6	;RP1=0, select bank0
  4238     06D1  00A3               	movwf	??_LCD_putc
  4239     06D2  0C72               	rrf	_lcd+2,w
  4240     06D3  00A4               	movwf	??_LCD_putc+1
  4241     06D4  0CA4               	rrf	??_LCD_putc+1,f
  4242     06D5  0C24               	rrf	??_LCD_putc+1,w
  4243     06D6  3907               	andlw	7
  4244     06D7  3E01               	addlw	1
  4245     06D8  2EDB               	goto	u2704
  4246     06D9                     u2705:
  4247     06D9  1003               	clrc
  4248     06DA  0DA3               	rlf	??_LCD_putc,f
  4249     06DB                     u2704:
  4250     06DB  3EFF               	addlw	-1
  4251     06DC  1D03               	skipz
  4252     06DD  2ED9               	goto	u2705
  4253     06DE  0823               	movf	??_LCD_putc,w
  4254     06DF  3AFF               	xorlw	255
  4255     06E0  0580               	andwf	0,f
  4256     06E1                     l55:
  4257     06E1  0008               	return
  4258     06E2                     __end_of_LCD_putc:
  4259                           
  4260                           	psect	text18
  4261     07CB                     __ptext18:	
  4262 ;; *************** function _ADC_Read *****************
  4263 ;; Defined at:
  4264 ;;		line 45 in file "main.c"
  4265 ;; Parameters:    Size  Location     Type
  4266 ;;  channel         1    wreg     unsigned char 
  4267 ;; Auto vars:     Size  Location     Type
  4268 ;;  channel         1    4[BANK0 ] unsigned char 
  4269 ;; Return value:  Size  Location     Type
  4270 ;;                  2    0[BANK0 ] unsigned int 
  4271 ;; Registers used:
  4272 ;;		wreg, status,2, status,0
  4273 ;; Tracked objects:
  4274 ;;		On entry : 0/0
  4275 ;;		On exit  : 0/0
  4276 ;;		Unchanged: 0/0
  4277 ;; Data sizes:     COMMON   BANK0   BANK1   BANK3   BANK2
  4278 ;;      Params:         0       2       0       0       0
  4279 ;;      Locals:         0       1       0       0       0
  4280 ;;      Temps:          0       2       0       0       0
  4281 ;;      Totals:         0       5       0       0       0
  4282 ;;Total ram usage:        5 bytes
  4283 ;; Hardware stack levels used: 1
  4284 ;; Hardware stack levels required when called: 2
  4285 ;; This function calls:
  4286 ;;		Nothing
  4287 ;; This function is called by:
  4288 ;;		_show
  4289 ;; This function uses a non-reentrant model
  4290 ;;
  4291                           
  4292     07CB                     _ADC_Read:	
  4293                           ;psect for function _ADC_Read
  4294                           
  4295                           
  4296                           ;incstack = 0
  4297                           ; Regs used in _ADC_Read: [wreg+status,2+status,0]
  4298                           ;ADC_Read@channel stored from wreg
  4299     07CB  1283               	bcf	3,5	;RP0=0, select bank0
  4300     07CC  1303               	bcf	3,6	;RP1=0, select bank0
  4301     07CD  00A4               	movwf	ADC_Read@channel
  4302     07CE                     l2444:
  4303     07CE  3002               	movlw	2
  4304     07CF  1283               	bcf	3,5	;RP0=0, select bank0
  4305     07D0  1303               	bcf	3,6	;RP1=0, select bank0
  4306     07D1  00A2               	movwf	??_ADC_Read
  4307     07D2                     u3247:
  4308     07D2  0BA2               	decfsz	??_ADC_Read,f
  4309     07D3  2FD2               	goto	u3247
  4310     07D4  0000               	nop
  4311     07D5                     l2446:
  4312     07D5  30C3               	movlw	195
  4313     07D6  1283               	bcf	3,5	;RP0=0, select bank0
  4314     07D7  1303               	bcf	3,6	;RP1=0, select bank0
  4315     07D8  059F               	andwf	31,f	;volatile
  4316     07D9                     l2448:
  4317     07D9  0824               	movf	ADC_Read@channel,w	;volatile
  4318     07DA  00A2               	movwf	??_ADC_Read
  4319     07DB  3001               	movlw	1
  4320     07DC                     u2785:
  4321     07DC  1003               	clrc
  4322     07DD  0DA2               	rlf	??_ADC_Read,f
  4323     07DE  3EFF               	addlw	-1
  4324     07DF  1D03               	skipz
  4325     07E0  2FDC               	goto	u2785
  4326     07E1  1003               	clrc
  4327     07E2  0D22               	rlf	??_ADC_Read,w
  4328     07E3  049F               	iorwf	31,f	;volatile
  4329     07E4  3006               	movlw	6
  4330     07E5  1283               	bcf	3,5	;RP0=0, select bank0
  4331     07E6  1303               	bcf	3,6	;RP1=0, select bank0
  4332     07E7  00A3               	movwf	??_ADC_Read+1
  4333     07E8  302F               	movlw	47
  4334     07E9  00A2               	movwf	??_ADC_Read
  4335     07EA                     u3257:
  4336     07EA  0BA2               	decfsz	??_ADC_Read,f
  4337     07EB  2FEA               	goto	u3257
  4338     07EC  0BA3               	decfsz	??_ADC_Read+1,f
  4339     07ED  2FEA               	goto	u3257
  4340     07EE  2FEF               	nop2
  4341     07EF                     l2450:
  4342     07EF  1283               	bcf	3,5	;RP0=0, select bank0
  4343     07F0  1303               	bcf	3,6	;RP1=0, select bank0
  4344     07F1  149F               	bsf	31,1	;volatile
  4345     07F2                     l125:
  4346     07F2  189F               	btfsc	31,1	;volatile
  4347     07F3  2FF5               	goto	u2791
  4348     07F4  2FF6               	goto	u2790
  4349     07F5                     u2791:
  4350     07F5  2FF2               	goto	l125
  4351     07F6                     u2790:
  4352     07F6                     l2452:
  4353     07F6  081E               	movf	30,w	;volatile
  4354     07F7  00A1               	movwf	?_ADC_Read+1
  4355     07F8  1683               	bsf	3,5	;RP0=1, select bank1
  4356     07F9  1303               	bcf	3,6	;RP1=0, select bank1
  4357     07FA  081E               	movf	30,w	;volatile
  4358     07FB  1283               	bcf	3,5	;RP0=0, select bank0
  4359     07FC  1303               	bcf	3,6	;RP1=0, select bank0
  4360     07FD  00A0               	movwf	?_ADC_Read
  4361     07FE                     l128:
  4362     07FE  0008               	return
  4363     07FF                     __end_of_ADC_Read:
  4364                           
  4365                           	psect	text19
  4366     0CF5                     __ptext19:	
  4367 ;; *************** function _changeScreen *****************
  4368 ;; Defined at:
  4369 ;;		line 139 in file "main.c"
  4370 ;; Parameters:    Size  Location     Type
  4371 ;;  pantalla        1    wreg     unsigned char 
  4372 ;; Auto vars:     Size  Location     Type
  4373 ;;  pantalla        1    0[BANK0 ] unsigned char 
  4374 ;; Return value:  Size  Location     Type
  4375 ;;                  1    wreg      unsigned char 
  4376 ;; Registers used:
  4377 ;;		wreg, status,2, status,0
  4378 ;; Tracked objects:
  4379 ;;		On entry : 0/0
  4380 ;;		On exit  : 0/0
  4381 ;;		Unchanged: 0/0
  4382 ;; Data sizes:     COMMON   BANK0   BANK1   BANK3   BANK2
  4383 ;;      Params:         0       0       0       0       0
  4384 ;;      Locals:         0       1       0       0       0
  4385 ;;      Temps:          0       0       0       0       0
  4386 ;;      Totals:         0       1       0       0       0
  4387 ;;Total ram usage:        1 bytes
  4388 ;; Hardware stack levels used: 1
  4389 ;; Hardware stack levels required when called: 2
  4390 ;; This function calls:
  4391 ;;		Nothing
  4392 ;; This function is called by:
  4393 ;;		_main
  4394 ;; This function uses a non-reentrant model
  4395 ;;
  4396                           
  4397     0CF5                     _changeScreen:	
  4398                           ;psect for function _changeScreen
  4399                           
  4400                           
  4401                           ;incstack = 0
  4402                           ; Regs used in _changeScreen: [wreg+status,2+status,0]
  4403                           ;changeScreen@pantalla stored from wreg
  4404     0CF5  1283               	bcf	3,5	;RP0=0, select bank0
  4405     0CF6  1303               	bcf	3,6	;RP1=0, select bank0
  4406     0CF7  00A0               	movwf	changeScreen@pantalla
  4407     0CF8                     l2570:
  4408                           
  4409                           ;main.c: 140:     if(pantalla == 0) return 1;
  4410     0CF8  0820               	movf	changeScreen@pantalla,w
  4411     0CF9  1D03               	btfss	3,2
  4412     0CFA  2CFC               	goto	u2991
  4413     0CFB  2CFD               	goto	u2990
  4414     0CFC                     u2991:
  4415     0CFC  2CFF               	goto	l2576
  4416     0CFD                     u2990:
  4417     0CFD                     l2572:
  4418     0CFD  3001               	movlw	1
  4419     0CFE  2D00               	goto	l143
  4420     0CFF                     l2576:
  4421                           
  4422                           ;main.c: 141:     return 0;
  4423     0CFF  3000               	movlw	0
  4424     0D00                     l143:
  4425     0D00  0008               	return
  4426     0D01                     __end_of_changeScreen:
  4427                           
  4428                           	psect	text20
  4429     03B5                     __ptext20:	
  4430 ;; *************** function _LCD_Init *****************
  4431 ;; Defined at:
  4432 ;;		line 59 in file "lcd.c"
  4433 ;; Parameters:    Size  Location     Type
  4434 ;;  display         5    6[BANK0 ] struct .
  4435 ;; Auto vars:     Size  Location     Type
  4436 ;;  cmd             1   13[BANK0 ] unsigned char 
  4437 ;; Return value:  Size  Location     Type
  4438 ;;                  1    wreg      _Bool 
  4439 ;; Registers used:
  4440 ;;		wreg, fsr0l, fsr0h, status,2, status,0, pclath, cstack
  4441 ;; Tracked objects:
  4442 ;;		On entry : 0/0
  4443 ;;		On exit  : 0/0
  4444 ;;		Unchanged: 0/0
  4445 ;; Data sizes:     COMMON   BANK0   BANK1   BANK3   BANK2
  4446 ;;      Params:         0       5       0       0       0
  4447 ;;      Locals:         0       1       0       0       0
  4448 ;;      Temps:          0       2       0       0       0
  4449 ;;      Totals:         0       8       0       0       0
  4450 ;;Total ram usage:        8 bytes
  4451 ;; Hardware stack levels used: 1
  4452 ;; Hardware stack levels required when called: 4
  4453 ;; This function calls:
  4454 ;;		_LCD_Write
  4455 ;; This function is called by:
  4456 ;;		_main
  4457 ;; This function uses a non-reentrant model
  4458 ;;
  4459                           
  4460     03B5                     _LCD_Init:	
  4461                           ;psect for function _LCD_Init
  4462                           
  4463     03B5                     l2524:	
  4464                           ;incstack = 0
  4465                           ; Regs used in _LCD_Init: [wreg-fsr0h+status,2+status,0+pclath+cstack]
  4466                           
  4467                           
  4468                           ;lcd.c: 61:     lcd = display;
  4469     03B5  3070               	movlw	_lcd& (0+255)
  4470     03B6  0084               	movwf	4
  4471     03B7  1283               	bcf	3,5	;RP0=0, select bank0
  4472     03B8  1303               	bcf	3,6	;RP1=0, select bank0
  4473     03B9  0826               	movf	LCD_Init@display,w
  4474     03BA  0080               	movwf	0
  4475     03BB  0A84               	incf	4,f
  4476     03BC  0827               	movf	LCD_Init@display+1,w
  4477     03BD  0080               	movwf	0
  4478     03BE  0A84               	incf	4,f
  4479     03BF  0828               	movf	LCD_Init@display+2,w
  4480     03C0  0080               	movwf	0
  4481     03C1  0A84               	incf	4,f
  4482     03C2  0829               	movf	LCD_Init@display+3,w
  4483     03C3  0080               	movwf	0
  4484     03C4  0A84               	incf	4,f
  4485     03C5  082A               	movf	LCD_Init@display+4,w
  4486     03C6  0080               	movwf	0
  4487     03C7                     l2526:
  4488                           
  4489                           ;lcd.c: 70:     if ( lcd.PORT == &PORTA ) {
  4490     03C7  3000               	movlw	0
  4491     03C8  0671               	xorwf	_lcd+1,w
  4492     03C9  1D03               	skipz
  4493     03CA  2BCD               	goto	u2955
  4494     03CB  3005               	movlw	5
  4495     03CC  0670               	xorwf	_lcd,w
  4496     03CD                     u2955:
  4497     03CD  1D03               	skipz
  4498     03CE  2BD0               	goto	u2951
  4499     03CF  2BD1               	goto	u2950
  4500     03D0                     u2951:
  4501     03D0  2BD5               	goto	l2530
  4502     03D1                     u2950:
  4503     03D1                     l2528:
  4504                           
  4505                           ;lcd.c: 71:         TRISA = 0x00;
  4506     03D1  1683               	bsf	3,5	;RP0=1, select bank1
  4507     03D2  1303               	bcf	3,6	;RP1=0, select bank1
  4508     03D3  0185               	clrf	5	;volatile
  4509                           
  4510                           ;lcd.c: 72:     }
  4511     03D4  2BF0               	goto	l2538
  4512     03D5                     l2530:
  4513     03D5  3000               	movlw	0
  4514     03D6  0671               	xorwf	_lcd+1,w
  4515     03D7  1D03               	skipz
  4516     03D8  2BDB               	goto	u2965
  4517     03D9  3006               	movlw	6
  4518     03DA  0670               	xorwf	_lcd,w
  4519     03DB                     u2965:
  4520     03DB  1D03               	skipz
  4521     03DC  2BDE               	goto	u2961
  4522     03DD  2BDF               	goto	u2960
  4523     03DE                     u2961:
  4524     03DE  2BE3               	goto	l2534
  4525     03DF                     u2960:
  4526     03DF                     l2532:
  4527                           
  4528                           ;lcd.c: 74:         TRISB = 0x00;
  4529     03DF  1683               	bsf	3,5	;RP0=1, select bank1
  4530     03E0  1303               	bcf	3,6	;RP1=0, select bank1
  4531     03E1  0186               	clrf	6	;volatile
  4532                           
  4533                           ;lcd.c: 75:     }
  4534     03E2  2BF0               	goto	l2538
  4535     03E3                     l2534:
  4536     03E3  3000               	movlw	0
  4537     03E4  0671               	xorwf	_lcd+1,w
  4538     03E5  1D03               	skipz
  4539     03E6  2BE9               	goto	u2975
  4540     03E7  3007               	movlw	7
  4541     03E8  0670               	xorwf	_lcd,w
  4542     03E9                     u2975:
  4543     03E9  1D03               	skipz
  4544     03EA  2BEC               	goto	u2971
  4545     03EB  2BED               	goto	u2970
  4546     03EC                     u2971:
  4547     03EC  2C67               	goto	l39
  4548     03ED                     u2970:
  4549     03ED                     l2536:
  4550                           
  4551                           ;lcd.c: 77:         TRISC = 0x00;
  4552     03ED  1683               	bsf	3,5	;RP0=1, select bank1
  4553     03EE  1303               	bcf	3,6	;RP1=0, select bank1
  4554     03EF  0187               	clrf	7	;volatile
  4555     03F0                     l2538:	
  4556                           ;lcd.c: 78:     }
  4557                           
  4558                           
  4559                           ;lcd.c: 92:     _delay((unsigned long)((20)*(8000000/4000.0)));
  4560     03F0  3034               	movlw	52
  4561     03F1  1283               	bcf	3,5	;RP0=0, select bank0
  4562     03F2  1303               	bcf	3,6	;RP1=0, select bank0
  4563     03F3  00AC               	movwf	??_LCD_Init+1
  4564     03F4  30F1               	movlw	241
  4565     03F5  00AB               	movwf	??_LCD_Init
  4566     03F6                     u3267:
  4567     03F6  0BAB               	decfsz	??_LCD_Init,f
  4568     03F7  2BF6               	goto	u3267
  4569     03F8  0BAC               	decfsz	??_LCD_Init+1,f
  4570     03F9  2BF6               	goto	u3267
  4571     03FA                     l2540:
  4572                           
  4573                           ;lcd.c: 95:     LCD_Write(0x03);
  4574     03FA  3003               	movlw	3
  4575     03FB  120A  158A  2752  120A  118A  	fcall	_LCD_Write
  4576     0400                     l2542:
  4577                           
  4578                           ;lcd.c: 96:     _delay((unsigned long)((5)*(8000000/4000.0)));
  4579     0400  300D               	movlw	13
  4580     0401  1283               	bcf	3,5	;RP0=0, select bank0
  4581     0402  1303               	bcf	3,6	;RP1=0, select bank0
  4582     0403  00AC               	movwf	??_LCD_Init+1
  4583     0404  30FB               	movlw	251
  4584     0405  00AB               	movwf	??_LCD_Init
  4585     0406                     u3277:
  4586     0406  0BAB               	decfsz	??_LCD_Init,f
  4587     0407  2C06               	goto	u3277
  4588     0408  0BAC               	decfsz	??_LCD_Init+1,f
  4589     0409  2C06               	goto	u3277
  4590                           
  4591                           ;lcd.c: 97:     LCD_Write(0x03);
  4592     040A  3003               	movlw	3
  4593     040B  120A  158A  2752  120A  118A  	fcall	_LCD_Write
  4594     0410                     l2544:
  4595                           
  4596                           ;lcd.c: 98:     _delay((unsigned long)((16)*(8000000/4000.0)));
  4597     0410  302A               	movlw	42
  4598     0411  1283               	bcf	3,5	;RP0=0, select bank0
  4599     0412  1303               	bcf	3,6	;RP1=0, select bank0
  4600     0413  00AC               	movwf	??_LCD_Init+1
  4601     0414  308D               	movlw	141
  4602     0415  00AB               	movwf	??_LCD_Init
  4603     0416                     u3287:
  4604     0416  0BAB               	decfsz	??_LCD_Init,f
  4605     0417  2C16               	goto	u3287
  4606     0418  0BAC               	decfsz	??_LCD_Init+1,f
  4607     0419  2C16               	goto	u3287
  4608     041A                     l2546:
  4609                           
  4610                           ;lcd.c: 99:     LCD_Write(0x03);
  4611     041A  3003               	movlw	3
  4612     041B  120A  158A  2752  120A  118A  	fcall	_LCD_Write
  4613     0420                     l2548:
  4614                           
  4615                           ;lcd.c: 102:     LCD_Write(0x02);
  4616     0420  3002               	movlw	2
  4617     0421  120A  158A  2752  120A  118A  	fcall	_LCD_Write
  4618     0426                     l2550:
  4619     0426  3002               	movlw	2
  4620     0427  120A  158A  2752  120A  118A  	fcall	_LCD_Write
  4621     042C                     l2552:
  4622     042C  3008               	movlw	8
  4623     042D  120A  158A  2752  120A  118A  	fcall	_LCD_Write
  4624     0432                     l2554:
  4625     0432  3000               	movlw	0
  4626     0433  120A  158A  2752  120A  118A  	fcall	_LCD_Write
  4627     0438                     l2556:
  4628     0438  3006               	movlw	6
  4629     0439  120A  158A  2752  120A  118A  	fcall	_LCD_Write
  4630     043E                     l2558:
  4631     043E  3008               	movlw	8
  4632     043F  1283               	bcf	3,5	;RP0=0, select bank0
  4633     0440  1303               	bcf	3,6	;RP1=0, select bank0
  4634     0441  00AD               	movwf	LCD_Init@cmd
  4635     0442                     l2560:
  4636     0442  152D               	bsf	LCD_Init@cmd,2
  4637     0443                     l2566:
  4638     0443  082D               	movf	LCD_Init@cmd,w
  4639     0444  00AB               	movwf	??_LCD_Init
  4640     0445  3004               	movlw	4
  4641     0446                     u2985:
  4642     0446  1003               	clrc
  4643     0447  0CAB               	rrf	??_LCD_Init,f
  4644     0448  3EFF               	addlw	-1
  4645     0449  1D03               	skipz
  4646     044A  2C46               	goto	u2985
  4647     044B  082B               	movf	??_LCD_Init,w
  4648     044C  390F               	andlw	15
  4649     044D  120A  158A  2752  120A  118A  	fcall	_LCD_Write
  4650     0452  1283               	bcf	3,5	;RP0=0, select bank0
  4651     0453  1303               	bcf	3,6	;RP1=0, select bank0
  4652     0454  082D               	movf	LCD_Init@cmd,w
  4653     0455  390F               	andlw	15
  4654     0456  120A  158A  2752  120A  118A  	fcall	_LCD_Write
  4655     045B                     l51:	
  4656                           ;lcd.c: 112:     do { LCD_Write( (0x01 & 0xF0) >> 4 ); LCD_Write( 0x01 & 0x0F); } while 
      +                          ( 0 );
  4657                           
  4658     045B  3000               	movlw	0
  4659     045C  120A  158A  2752  120A  118A  	fcall	_LCD_Write
  4660     0461  3001               	movlw	1
  4661     0462  120A  158A  2752  120A  118A  	fcall	_LCD_Write
  4662     0467                     l39:
  4663     0467  0008               	return
  4664     0468                     __end_of_LCD_Init:
  4665                           
  4666                           	psect	text21
  4667     0F52                     __ptext21:	
  4668 ;; *************** function _LCD_Write *****************
  4669 ;; Defined at:
  4670 ;;		line 48 in file "lcd.c"
  4671 ;; Parameters:    Size  Location     Type
  4672 ;;  c               1    wreg     unsigned char 
  4673 ;; Auto vars:     Size  Location     Type
  4674 ;;  c               1    5[BANK0 ] unsigned char 
  4675 ;; Return value:  Size  Location     Type
  4676 ;;                  1    wreg      void 
  4677 ;; Registers used:
  4678 ;;		wreg, fsr0l, fsr0h, status,2, status,0, pclath, cstack
  4679 ;; Tracked objects:
  4680 ;;		On entry : 0/0
  4681 ;;		On exit  : 0/0
  4682 ;;		Unchanged: 0/0
  4683 ;; Data sizes:     COMMON   BANK0   BANK1   BANK3   BANK2
  4684 ;;      Params:         0       0       0       0       0
  4685 ;;      Locals:         0       1       0       0       0
  4686 ;;      Temps:          0       2       0       0       0
  4687 ;;      Totals:         0       3       0       0       0
  4688 ;;Total ram usage:        3 bytes
  4689 ;; Hardware stack levels used: 1
  4690 ;; Hardware stack levels required when called: 2
  4691 ;; This function calls:
  4692 ;;		_LCD_Out
  4693 ;; This function is called by:
  4694 ;;		_LCD_Init
  4695 ;;		_show
  4696 ;;		_main
  4697 ;;		_LCD_Custom_Char
  4698 ;; This function uses a non-reentrant model
  4699 ;;
  4700                           
  4701     0F52                     _LCD_Write:	
  4702                           ;psect for function _LCD_Write
  4703                           
  4704                           
  4705                           ;incstack = 0
  4706                           ; Regs used in _LCD_Write: [wreg-fsr0h+status,2+status,0+pclath+cstack]
  4707                           ;LCD_Write@c stored from wreg
  4708     0F52  1283               	bcf	3,5	;RP0=0, select bank0
  4709     0F53  1303               	bcf	3,6	;RP1=0, select bank0
  4710     0F54  00A5               	movwf	LCD_Write@c
  4711     0F55                     l2426:
  4712                           
  4713                           ;lcd.c: 50:     *(lcd.PORT) &= ~(1 << lcd.RS);
  4714     0F55  0870               	movf	_lcd,w
  4715     0F56  0084               	movwf	4
  4716     0F57  1783               	bsf	3,7
  4717     0F58  1C71               	btfss	_lcd+1,0
  4718     0F59  1383               	bcf	3,7
  4719     0F5A  3001               	movlw	1
  4720     0F5B  00A3               	movwf	??_LCD_Write
  4721     0F5C  0872               	movf	_lcd+2,w
  4722     0F5D  3907               	andlw	7
  4723     0F5E  3E01               	addlw	1
  4724     0F5F  2F62               	goto	u2724
  4725     0F60                     u2725:
  4726     0F60  1003               	clrc
  4727     0F61  0DA3               	rlf	??_LCD_Write,f
  4728     0F62                     u2724:
  4729     0F62  3EFF               	addlw	-1
  4730     0F63  1D03               	skipz
  4731     0F64  2F60               	goto	u2725
  4732     0F65  0823               	movf	??_LCD_Write,w
  4733     0F66  3AFF               	xorlw	255
  4734     0F67  0580               	andwf	0,f
  4735     0F68                     l2428:
  4736                           
  4737                           ;lcd.c: 51:     LCD_Out(c);
  4738     0F68  0825               	movf	LCD_Write@c,w
  4739     0F69  120A  118A  22FD  120A  158A  	fcall	_LCD_Out
  4740     0F6E                     l2430:
  4741                           
  4742                           ;lcd.c: 53:     *(lcd.PORT) |= 1 << lcd.EN;
  4743     0F6E  0870               	movf	_lcd,w
  4744     0F6F  0084               	movwf	4
  4745     0F70  1783               	bsf	3,7
  4746     0F71  1C71               	btfss	_lcd+1,0
  4747     0F72  1383               	bcf	3,7
  4748     0F73  3001               	movlw	1
  4749     0F74  1283               	bcf	3,5	;RP0=0, select bank0
  4750     0F75  1303               	bcf	3,6	;RP1=0, select bank0
  4751     0F76  00A3               	movwf	??_LCD_Write
  4752     0F77  0C72               	rrf	_lcd+2,w
  4753     0F78  00A4               	movwf	??_LCD_Write+1
  4754     0F79  0CA4               	rrf	??_LCD_Write+1,f
  4755     0F7A  0C24               	rrf	??_LCD_Write+1,w
  4756     0F7B  3907               	andlw	7
  4757     0F7C  3E01               	addlw	1
  4758     0F7D  2F80               	goto	u2734
  4759     0F7E                     u2735:
  4760     0F7E  1003               	clrc
  4761     0F7F  0DA3               	rlf	??_LCD_Write,f
  4762     0F80                     u2734:
  4763     0F80  3EFF               	addlw	-1
  4764     0F81  1D03               	skipz
  4765     0F82  2F7E               	goto	u2735
  4766     0F83  0823               	movf	??_LCD_Write,w
  4767     0F84  0480               	iorwf	0,f
  4768     0F85                     l2432:
  4769                           
  4770                           ;lcd.c: 54:     _delay((unsigned long)((4)*(8000000/4000.0)));
  4771     0F85  300B               	movlw	11
  4772     0F86  1283               	bcf	3,5	;RP0=0, select bank0
  4773     0F87  1303               	bcf	3,6	;RP1=0, select bank0
  4774     0F88  00A4               	movwf	??_LCD_Write+1
  4775     0F89  3061               	movlw	97
  4776     0F8A  00A3               	movwf	??_LCD_Write
  4777     0F8B                     u3297:
  4778     0F8B  0BA3               	decfsz	??_LCD_Write,f
  4779     0F8C  2F8B               	goto	u3297
  4780     0F8D  0BA4               	decfsz	??_LCD_Write+1,f
  4781     0F8E  2F8B               	goto	u3297
  4782     0F8F  2F90               	nop2
  4783     0F90                     l2434:
  4784                           
  4785                           ;lcd.c: 55:     *(lcd.PORT) &= ~(1 << lcd.EN);
  4786     0F90  0870               	movf	_lcd,w
  4787     0F91  0084               	movwf	4
  4788     0F92  1783               	bsf	3,7
  4789     0F93  1C71               	btfss	_lcd+1,0
  4790     0F94  1383               	bcf	3,7
  4791     0F95  3001               	movlw	1
  4792     0F96  1283               	bcf	3,5	;RP0=0, select bank0
  4793     0F97  1303               	bcf	3,6	;RP1=0, select bank0
  4794     0F98  00A3               	movwf	??_LCD_Write
  4795     0F99  0C72               	rrf	_lcd+2,w
  4796     0F9A  00A4               	movwf	??_LCD_Write+1
  4797     0F9B  0CA4               	rrf	??_LCD_Write+1,f
  4798     0F9C  0C24               	rrf	??_LCD_Write+1,w
  4799     0F9D  3907               	andlw	7
  4800     0F9E  3E01               	addlw	1
  4801     0F9F  2FA2               	goto	u2744
  4802     0FA0                     u2745:
  4803     0FA0  1003               	clrc
  4804     0FA1  0DA3               	rlf	??_LCD_Write,f
  4805     0FA2                     u2744:
  4806     0FA2  3EFF               	addlw	-1
  4807     0FA3  1D03               	skipz
  4808     0FA4  2FA0               	goto	u2745
  4809     0FA5  0823               	movf	??_LCD_Write,w
  4810     0FA6  3AFF               	xorlw	255
  4811     0FA7  0580               	andwf	0,f
  4812     0FA8                     l30:
  4813     0FA8  0008               	return
  4814     0FA9                     __end_of_LCD_Write:
  4815                           
  4816                           	psect	text22
  4817     02FD                     __ptext22:	
  4818 ;; *************** function _LCD_Out *****************
  4819 ;; Defined at:
  4820 ;;		line 16 in file "lcd.c"
  4821 ;; Parameters:    Size  Location     Type
  4822 ;;  c               1    wreg     unsigned char 
  4823 ;; Auto vars:     Size  Location     Type
  4824 ;;  c               1    2[BANK0 ] unsigned char 
  4825 ;; Return value:  Size  Location     Type
  4826 ;;                  1    wreg      void 
  4827 ;; Registers used:
  4828 ;;		wreg, fsr0l, fsr0h, status,2, status,0
  4829 ;; Tracked objects:
  4830 ;;		On entry : 0/0
  4831 ;;		On exit  : 0/0
  4832 ;;		Unchanged: 0/0
  4833 ;; Data sizes:     COMMON   BANK0   BANK1   BANK3   BANK2
  4834 ;;      Params:         0       0       0       0       0
  4835 ;;      Locals:         0       1       0       0       0
  4836 ;;      Temps:          0       2       0       0       0
  4837 ;;      Totals:         0       3       0       0       0
  4838 ;;Total ram usage:        3 bytes
  4839 ;; Hardware stack levels used: 1
  4840 ;; Hardware stack levels required when called: 2
  4841 ;; This function calls:
  4842 ;;		Nothing
  4843 ;; This function is called by:
  4844 ;;		_LCD_Write
  4845 ;;		_LCD_putc
  4846 ;;		_LCD_Custom_Char
  4847 ;; This function uses a non-reentrant model
  4848 ;;
  4849                           
  4850     02FD                     _LCD_Out:	
  4851                           ;psect for function _LCD_Out
  4852                           
  4853                           
  4854                           ;incstack = 0
  4855                           ; Regs used in _LCD_Out: [wreg-fsr0h+status,2+status,0]
  4856                           ;LCD_Out@c stored from wreg
  4857     02FD  1283               	bcf	3,5	;RP0=0, select bank0
  4858     02FE  1303               	bcf	3,6	;RP1=0, select bank0
  4859     02FF  00A2               	movwf	LCD_Out@c
  4860     0300                     l2318:
  4861                           
  4862                           ;lcd.c: 18:     if ( c & 1 ){
  4863     0300  1C22               	btfss	LCD_Out@c,0
  4864     0301  2B03               	goto	u2481
  4865     0302  2B04               	goto	u2480
  4866     0303                     u2481:
  4867     0303  2B17               	goto	l2322
  4868     0304                     u2480:
  4869     0304                     l2320:
  4870                           
  4871                           ;lcd.c: 19:         *(lcd.PORT) |= 1 << lcd.D4;
  4872     0304  0870               	movf	_lcd,w
  4873     0305  0084               	movwf	4
  4874     0306  1783               	bsf	3,7
  4875     0307  1C71               	btfss	_lcd+1,0
  4876     0308  1383               	bcf	3,7
  4877     0309  3001               	movlw	1
  4878     030A  00A0               	movwf	??_LCD_Out
  4879     030B  0873               	movf	_lcd+3,w
  4880     030C  3907               	andlw	7
  4881     030D  3E01               	addlw	1
  4882     030E  2B11               	goto	u2494
  4883     030F                     u2495:
  4884     030F  1003               	clrc
  4885     0310  0DA0               	rlf	??_LCD_Out,f
  4886     0311                     u2494:
  4887     0311  3EFF               	addlw	-1
  4888     0312  1D03               	skipz
  4889     0313  2B0F               	goto	u2495
  4890     0314  0820               	movf	??_LCD_Out,w
  4891     0315  0480               	iorwf	0,f
  4892                           
  4893                           ;lcd.c: 20:     }
  4894     0316  2B2A               	goto	l2324
  4895     0317                     l2322:
  4896                           
  4897                           ;lcd.c: 22:          *(lcd.PORT) &= ~(1 << lcd.D4);
  4898     0317  0870               	movf	_lcd,w
  4899     0318  0084               	movwf	4
  4900     0319  1783               	bsf	3,7
  4901     031A  1C71               	btfss	_lcd+1,0
  4902     031B  1383               	bcf	3,7
  4903     031C  3001               	movlw	1
  4904     031D  00A0               	movwf	??_LCD_Out
  4905     031E  0873               	movf	_lcd+3,w
  4906     031F  3907               	andlw	7
  4907     0320  3E01               	addlw	1
  4908     0321  2B24               	goto	u2504
  4909     0322                     u2505:
  4910     0322  1003               	clrc
  4911     0323  0DA0               	rlf	??_LCD_Out,f
  4912     0324                     u2504:
  4913     0324  3EFF               	addlw	-1
  4914     0325  1D03               	skipz
  4915     0326  2B22               	goto	u2505
  4916     0327  0820               	movf	??_LCD_Out,w
  4917     0328  3AFF               	xorlw	255
  4918     0329  0580               	andwf	0,f
  4919     032A                     l2324:
  4920                           
  4921                           ;lcd.c: 25:     if ( c & 2 ) {
  4922     032A  1CA2               	btfss	LCD_Out@c,1
  4923     032B  2B2D               	goto	u2511
  4924     032C  2B2E               	goto	u2510
  4925     032D                     u2511:
  4926     032D  2B44               	goto	l2328
  4927     032E                     u2510:
  4928     032E                     l2326:
  4929                           
  4930                           ;lcd.c: 26:         *(lcd.PORT) |= 1 << lcd.D5;
  4931     032E  0870               	movf	_lcd,w
  4932     032F  0084               	movwf	4
  4933     0330  1783               	bsf	3,7
  4934     0331  1C71               	btfss	_lcd+1,0
  4935     0332  1383               	bcf	3,7
  4936     0333  3001               	movlw	1
  4937     0334  00A0               	movwf	??_LCD_Out
  4938     0335  0C73               	rrf	_lcd+3,w
  4939     0336  00A1               	movwf	??_LCD_Out+1
  4940     0337  0CA1               	rrf	??_LCD_Out+1,f
  4941     0338  0C21               	rrf	??_LCD_Out+1,w
  4942     0339  3907               	andlw	7
  4943     033A  3E01               	addlw	1
  4944     033B  2B3E               	goto	u2524
  4945     033C                     u2525:
  4946     033C  1003               	clrc
  4947     033D  0DA0               	rlf	??_LCD_Out,f
  4948     033E                     u2524:
  4949     033E  3EFF               	addlw	-1
  4950     033F  1D03               	skipz
  4951     0340  2B3C               	goto	u2525
  4952     0341  0820               	movf	??_LCD_Out,w
  4953     0342  0480               	iorwf	0,f
  4954                           
  4955                           ;lcd.c: 27:     }
  4956     0343  2B5A               	goto	l2330
  4957     0344                     l2328:
  4958                           
  4959                           ;lcd.c: 29:         *(lcd.PORT) &= ~(1 << lcd.D5);
  4960     0344  0870               	movf	_lcd,w
  4961     0345  0084               	movwf	4
  4962     0346  1783               	bsf	3,7
  4963     0347  1C71               	btfss	_lcd+1,0
  4964     0348  1383               	bcf	3,7
  4965     0349  3001               	movlw	1
  4966     034A  00A0               	movwf	??_LCD_Out
  4967     034B  0C73               	rrf	_lcd+3,w
  4968     034C  00A1               	movwf	??_LCD_Out+1
  4969     034D  0CA1               	rrf	??_LCD_Out+1,f
  4970     034E  0C21               	rrf	??_LCD_Out+1,w
  4971     034F  3907               	andlw	7
  4972     0350  3E01               	addlw	1
  4973     0351  2B54               	goto	u2534
  4974     0352                     u2535:
  4975     0352  1003               	clrc
  4976     0353  0DA0               	rlf	??_LCD_Out,f
  4977     0354                     u2534:
  4978     0354  3EFF               	addlw	-1
  4979     0355  1D03               	skipz
  4980     0356  2B52               	goto	u2535
  4981     0357  0820               	movf	??_LCD_Out,w
  4982     0358  3AFF               	xorlw	255
  4983     0359  0580               	andwf	0,f
  4984     035A                     l2330:
  4985                           
  4986                           ;lcd.c: 32:     if ( c & 4 ) {
  4987     035A  1D22               	btfss	LCD_Out@c,2
  4988     035B  2B5D               	goto	u2541
  4989     035C  2B5E               	goto	u2540
  4990     035D                     u2541:
  4991     035D  2B71               	goto	l2334
  4992     035E                     u2540:
  4993     035E                     l2332:
  4994                           
  4995                           ;lcd.c: 33:         *(lcd.PORT) |= 1 << lcd.D6;
  4996     035E  0870               	movf	_lcd,w
  4997     035F  0084               	movwf	4
  4998     0360  1783               	bsf	3,7
  4999     0361  1C71               	btfss	_lcd+1,0
  5000     0362  1383               	bcf	3,7
  5001     0363  3001               	movlw	1
  5002     0364  00A0               	movwf	??_LCD_Out
  5003     0365  0874               	movf	_lcd+4,w
  5004     0366  3907               	andlw	7
  5005     0367  3E01               	addlw	1
  5006     0368  2B6B               	goto	u2554
  5007     0369                     u2555:
  5008     0369  1003               	clrc
  5009     036A  0DA0               	rlf	??_LCD_Out,f
  5010     036B                     u2554:
  5011     036B  3EFF               	addlw	-1
  5012     036C  1D03               	skipz
  5013     036D  2B69               	goto	u2555
  5014     036E  0820               	movf	??_LCD_Out,w
  5015     036F  0480               	iorwf	0,f
  5016                           
  5017                           ;lcd.c: 34:     }
  5018     0370  2B84               	goto	l2336
  5019     0371                     l2334:
  5020                           
  5021                           ;lcd.c: 36:         *(lcd.PORT) &= ~(1 << lcd.D6);
  5022     0371  0870               	movf	_lcd,w
  5023     0372  0084               	movwf	4
  5024     0373  1783               	bsf	3,7
  5025     0374  1C71               	btfss	_lcd+1,0
  5026     0375  1383               	bcf	3,7
  5027     0376  3001               	movlw	1
  5028     0377  00A0               	movwf	??_LCD_Out
  5029     0378  0874               	movf	_lcd+4,w
  5030     0379  3907               	andlw	7
  5031     037A  3E01               	addlw	1
  5032     037B  2B7E               	goto	u2564
  5033     037C                     u2565:
  5034     037C  1003               	clrc
  5035     037D  0DA0               	rlf	??_LCD_Out,f
  5036     037E                     u2564:
  5037     037E  3EFF               	addlw	-1
  5038     037F  1D03               	skipz
  5039     0380  2B7C               	goto	u2565
  5040     0381  0820               	movf	??_LCD_Out,w
  5041     0382  3AFF               	xorlw	255
  5042     0383  0580               	andwf	0,f
  5043     0384                     l2336:
  5044                           
  5045                           ;lcd.c: 39:     if ( c & 8 ) {
  5046     0384  1DA2               	btfss	LCD_Out@c,3
  5047     0385  2B87               	goto	u2571
  5048     0386  2B88               	goto	u2570
  5049     0387                     u2571:
  5050     0387  2B9E               	goto	l2340
  5051     0388                     u2570:
  5052     0388                     l2338:
  5053                           
  5054                           ;lcd.c: 40:          *(lcd.PORT) |= 1 << lcd.D7;
  5055     0388  0870               	movf	_lcd,w
  5056     0389  0084               	movwf	4
  5057     038A  1783               	bsf	3,7
  5058     038B  1C71               	btfss	_lcd+1,0
  5059     038C  1383               	bcf	3,7
  5060     038D  3001               	movlw	1
  5061     038E  00A0               	movwf	??_LCD_Out
  5062     038F  0C74               	rrf	_lcd+4,w
  5063     0390  00A1               	movwf	??_LCD_Out+1
  5064     0391  0CA1               	rrf	??_LCD_Out+1,f
  5065     0392  0C21               	rrf	??_LCD_Out+1,w
  5066     0393  3907               	andlw	7
  5067     0394  3E01               	addlw	1
  5068     0395  2B98               	goto	u2584
  5069     0396                     u2585:
  5070     0396  1003               	clrc
  5071     0397  0DA0               	rlf	??_LCD_Out,f
  5072     0398                     u2584:
  5073     0398  3EFF               	addlw	-1
  5074     0399  1D03               	skipz
  5075     039A  2B96               	goto	u2585
  5076     039B  0820               	movf	??_LCD_Out,w
  5077     039C  0480               	iorwf	0,f
  5078                           
  5079                           ;lcd.c: 41:     }
  5080     039D  2BB4               	goto	l27
  5081     039E                     l2340:
  5082                           
  5083                           ;lcd.c: 43:          *(lcd.PORT) &= ~(1 << lcd.D7);
  5084     039E  0870               	movf	_lcd,w
  5085     039F  0084               	movwf	4
  5086     03A0  1783               	bsf	3,7
  5087     03A1  1C71               	btfss	_lcd+1,0
  5088     03A2  1383               	bcf	3,7
  5089     03A3  3001               	movlw	1
  5090     03A4  00A0               	movwf	??_LCD_Out
  5091     03A5  0C74               	rrf	_lcd+4,w
  5092     03A6  00A1               	movwf	??_LCD_Out+1
  5093     03A7  0CA1               	rrf	??_LCD_Out+1,f
  5094     03A8  0C21               	rrf	??_LCD_Out+1,w
  5095     03A9  3907               	andlw	7
  5096     03AA  3E01               	addlw	1
  5097     03AB  2BAE               	goto	u2594
  5098     03AC                     u2595:
  5099     03AC  1003               	clrc
  5100     03AD  0DA0               	rlf	??_LCD_Out,f
  5101     03AE                     u2594:
  5102     03AE  3EFF               	addlw	-1
  5103     03AF  1D03               	skipz
  5104     03B0  2BAC               	goto	u2595
  5105     03B1  0820               	movf	??_LCD_Out,w
  5106     03B2  3AFF               	xorlw	255
  5107     03B3  0580               	andwf	0,f
  5108     03B4                     l27:
  5109     03B4  0008               	return
  5110     03B5                     __end_of_LCD_Out:
  5111                           
  5112                           	psect	text23
  5113     0D01                     __ptext23:	
  5114 ;; *************** function _ADC_Init *****************
  5115 ;; Defined at:
  5116 ;;		line 31 in file "main.c"
  5117 ;; Parameters:    Size  Location     Type
  5118 ;;		None
  5119 ;; Auto vars:     Size  Location     Type
  5120 ;;		None
  5121 ;; Return value:  Size  Location     Type
  5122 ;;                  1    wreg      void 
  5123 ;; Registers used:
  5124 ;;		status,2
  5125 ;; Tracked objects:
  5126 ;;		On entry : 0/0
  5127 ;;		On exit  : 0/0
  5128 ;;		Unchanged: 0/0
  5129 ;; Data sizes:     COMMON   BANK0   BANK1   BANK3   BANK2
  5130 ;;      Params:         0       0       0       0       0
  5131 ;;      Locals:         0       0       0       0       0
  5132 ;;      Temps:          0       0       0       0       0
  5133 ;;      Totals:         0       0       0       0       0
  5134 ;;Total ram usage:        0 bytes
  5135 ;; Hardware stack levels used: 1
  5136 ;; Hardware stack levels required when called: 2
  5137 ;; This function calls:
  5138 ;;		Nothing
  5139 ;; This function is called by:
  5140 ;;		_main
  5141 ;; This function uses a non-reentrant model
  5142 ;;
  5143                           
  5144     0D01                     _ADC_Init:	
  5145                           ;psect for function _ADC_Init
  5146                           
  5147     0D01                     l1966:	
  5148                           ;incstack = 0
  5149                           ; Regs used in _ADC_Init: [status,2]
  5150                           
  5151                           
  5152                           ;main.c: 33:     return ((ADRESH<<8) + ADRESL);
  5153     0D01  3003               	movlw	3
  5154     0D02  1683               	bsf	3,5	;RP0=1, select bank3
  5155     0D03  1703               	bsf	3,6	;RP1=1, select bank3
  5156     0D04  0088               	movwf	8	;volatile
  5157     0D05                     l1968:
  5158     0D05  0189               	clrf	9	;volatile
  5159     0D06                     l1970:
  5160     0D06  3080               	movlw	128
  5161     0D07  1683               	bsf	3,5	;RP0=1, select bank1
  5162     0D08  1303               	bcf	3,6	;RP1=0, select bank1
  5163     0D09  009F               	movwf	31	;volatile
  5164     0D0A                     l1972:
  5165     0D0A  3001               	movlw	1
  5166     0D0B  1283               	bcf	3,5	;RP0=0, select bank0
  5167     0D0C  1303               	bcf	3,6	;RP1=0, select bank0
  5168     0D0D  009F               	movwf	31	;volatile
  5169     0D0E                     l122:
  5170     0D0E  0008               	return
  5171     0D0F                     __end_of_ADC_Init:
  5172                           
  5173                           	psect	text24
  5174     0D7B                     __ptext24:	
  5175 ;; *************** function _ISR *****************
  5176 ;; Defined at:
  5177 ;;		line 233 in file "main.c"
  5178 ;; Parameters:    Size  Location     Type
  5179 ;;		None
  5180 ;; Auto vars:     Size  Location     Type
  5181 ;;		None
  5182 ;; Return value:  Size  Location     Type
  5183 ;;                  1    wreg      void 
  5184 ;; Registers used:
  5185 ;;		wreg, status,2, status,0, pclath, cstack
  5186 ;; Tracked objects:
  5187 ;;		On entry : 0/0
  5188 ;;		On exit  : 0/0
  5189 ;;		Unchanged: 0/0
  5190 ;; Data sizes:     COMMON   BANK0   BANK1   BANK3   BANK2
  5191 ;;      Params:         0       0       0       0       0
  5192 ;;      Locals:         0       0       0       0       0
  5193 ;;      Temps:          4       0       0       0       0
  5194 ;;      Totals:         4       0       0       0       0
  5195 ;;Total ram usage:        4 bytes
  5196 ;; Hardware stack levels used: 1
  5197 ;; Hardware stack levels required when called: 1
  5198 ;; This function calls:
  5199 ;;		_changeOP
  5200 ;; This function is called by:
  5201 ;;		Interrupt level 1
  5202 ;; This function uses a non-reentrant model
  5203 ;;
  5204                           
  5205     0D7B                     _ISR:	
  5206                           ;psect for function _ISR
  5207                           
  5208     0D7B                     i1l2188:
  5209                           
  5210                           ;main.c: 234:     if(INTF){
  5211     0D7B  1C8B               	btfss	11,1	;volatile
  5212     0D7C  2D7E               	goto	u219_21
  5213     0D7D  2D7F               	goto	u219_20
  5214     0D7E                     u219_21:
  5215     0D7E  2D9A               	goto	i1l298
  5216     0D7F                     u219_20:
  5217     0D7F                     i1l2190:
  5218                           
  5219                           ;main.c: 235:         _delay((unsigned long)((20)*(8000000/4000.0)));
  5220     0D7F  3034               	movlw	52
  5221     0D80  00F7               	movwf	??_ISR+1
  5222     0D81  30F1               	movlw	241
  5223     0D82  00F6               	movwf	??_ISR
  5224     0D83                     u330_27:
  5225     0D83  0BF6               	decfsz	??_ISR,f
  5226     0D84  2D83               	goto	u330_27
  5227     0D85  0BF7               	decfsz	??_ISR+1,f
  5228     0D86  2D83               	goto	u330_27
  5229     0D87  2D88               	nop2
  5230     0D88                     i1l2192:
  5231                           
  5232                           ;main.c: 237:         if(PORTBbits.RB0 == 0){
  5233     0D88  1283               	bcf	3,5	;RP0=0, select bank0
  5234     0D89  1303               	bcf	3,6	;RP1=0, select bank0
  5235     0D8A  1806               	btfsc	6,0	;volatile
  5236     0D8B  2D8D               	goto	u220_21
  5237     0D8C  2D8E               	goto	u220_20
  5238     0D8D                     u220_21:
  5239     0D8D  2D99               	goto	i1l2196
  5240     0D8E                     u220_20:
  5241     0D8E                     i1l2194:
  5242                           
  5243                           ;main.c: 239:             op = changeOP(op);
  5244     0D8E  1683               	bsf	3,5	;RP0=1, select bank1
  5245     0D8F  1303               	bcf	3,6	;RP1=0, select bank1
  5246     0D90  086E               	movf	_op^(0+128),w	;volatile
  5247     0D91  120A  158A  250F  120A  158A  	fcall	_changeOP
  5248     0D96  1683               	bsf	3,5	;RP0=1, select bank1
  5249     0D97  1303               	bcf	3,6	;RP1=0, select bank1
  5250     0D98  00EE               	movwf	_op^(0+128)	;volatile
  5251     0D99                     i1l2196:
  5252                           
  5253                           ;main.c: 241:         INTF = 0;
  5254     0D99  108B               	bcf	11,1	;volatile
  5255     0D9A                     i1l298:
  5256     0D9A  0879               	movf	??_ISR+3,w
  5257     0D9B  008A               	movwf	10
  5258     0D9C  0E78               	swapf	??_ISR+2,w
  5259     0D9D  0083               	movwf	3
  5260     0D9E  0EFE               	swapf	btemp,f
  5261     0D9F  0E7E               	swapf	btemp,w
  5262     0DA0  0009               	retfie
  5263     0DA1                     __end_of_ISR:
  5264                           
  5265                           	psect	intentry
  5266     0004                     __pintentry:	
  5267                           ;incstack = 0
  5268 ;; hardware stack exceeded
  5269                           ; Regs used in _ISR: [wreg+status,2+status,0+pclath+cstack]
  5270                           
  5271     0004                     interrupt_function:
  5272     007E                     saved_w         set	btemp
  5273     0004  00FE               	movwf	btemp
  5274     0005  0E03               	swapf	3,w
  5275     0006  00F8               	movwf	??_ISR+2
  5276     0007  080A               	movf	10,w
  5277     0008  00F9               	movwf	??_ISR+3
  5278     0009  120A  158A  2D7B   	ljmp	_ISR
  5279                           
  5280                           	psect	text25
  5281     0D0F                     __ptext25:	
  5282 ;; *************** function _changeOP *****************
  5283 ;; Defined at:
  5284 ;;		line 132 in file "main.c"
  5285 ;; Parameters:    Size  Location     Type
  5286 ;;  op              1    wreg     unsigned char 
  5287 ;; Auto vars:     Size  Location     Type
  5288 ;;  op              1    0[COMMON] unsigned char 
  5289 ;; Return value:  Size  Location     Type
  5290 ;;                  1    wreg      unsigned char 
  5291 ;; Registers used:
  5292 ;;		wreg, status,2, status,0
  5293 ;; Tracked objects:
  5294 ;;		On entry : 0/0
  5295 ;;		On exit  : 0/0
  5296 ;;		Unchanged: 0/0
  5297 ;; Data sizes:     COMMON   BANK0   BANK1   BANK3   BANK2
  5298 ;;      Params:         0       0       0       0       0
  5299 ;;      Locals:         1       0       0       0       0
  5300 ;;      Temps:          0       0       0       0       0
  5301 ;;      Totals:         1       0       0       0       0
  5302 ;;Total ram usage:        1 bytes
  5303 ;; Hardware stack levels used: 1
  5304 ;; This function calls:
  5305 ;;		Nothing
  5306 ;; This function is called by:
  5307 ;;		_ISR
  5308 ;; This function uses a non-reentrant model
  5309 ;;
  5310                           
  5311     0D0F                     _changeOP:	
  5312                           ;psect for function _changeOP
  5313                           
  5314                           
  5315                           ;incstack = 0
  5316 ;; hardware stack exceeded
  5317                           ; Regs used in _changeOP: [wreg+status,2+status,0]
  5318                           ;changeOP@op stored from wreg
  5319     0D0F  00F5               	movwf	changeOP@op
  5320     0D10                     i1l1974:
  5321                           
  5322                           ;main.c: 133:     if(op == 'v') return 'p';
  5323     0D10  3076               	movlw	118
  5324     0D11  0675               	xorwf	changeOP@op,w
  5325     0D12  1D03               	btfss	3,2
  5326     0D13  2D15               	goto	u196_21
  5327     0D14  2D16               	goto	u196_20
  5328     0D15                     u196_21:
  5329     0D15  2D18               	goto	i1l1980
  5330     0D16                     u196_20:
  5331     0D16                     i1l1976:
  5332     0D16  3070               	movlw	112
  5333     0D17  2D21               	goto	i1l138
  5334     0D18                     i1l1980:
  5335                           
  5336                           ;main.c: 134:     if(op == 'p') return 'a';
  5337     0D18  3070               	movlw	112
  5338     0D19  0675               	xorwf	changeOP@op,w
  5339     0D1A  1D03               	btfss	3,2
  5340     0D1B  2D1D               	goto	u197_21
  5341     0D1C  2D1E               	goto	u197_20
  5342     0D1D                     u197_21:
  5343     0D1D  2D20               	goto	i1l1986
  5344     0D1E                     u197_20:
  5345     0D1E                     i1l1982:
  5346     0D1E  3061               	movlw	97
  5347     0D1F  2D21               	goto	i1l138
  5348     0D20                     i1l1986:
  5349                           
  5350                           ;main.c: 135:     return 'v';
  5351     0D20  3076               	movlw	118
  5352     0D21                     i1l138:
  5353     0D21  0008               	return
  5354     0D22                     __end_of_changeOP:
  5355     0002                     ___latbits      equ	2
  5356     007E                     btemp           set	126	;btemp
  5357     007E                     btemp0          set	126
  5358     007F                     btemp1          set	127
  5359     007E                     wtemp0          set	126
  5360     007F                     wtemp0a         set	127
  5361     007F                     ttemp0a         set	127
  5362     0080                     ltemp0a         set	128
  5363                           
  5364                           	psect	config
  5365                           
  5366                           ;Config register CONFIG1 @ 0x2007
  5367                           ;	Oscillator Selection bits
  5368                           ;	FOSC = HS, HS oscillator: High-speed crystal/resonator on RA6/OSC2/CLKOUT and RA7/OSC1
      +                          /CLKIN
  5369                           ;	Watchdog Timer Enable bit
  5370                           ;	WDTE = OFF, WDT disabled and can be enabled by SWDTEN bit of the WDTCON register
  5371                           ;	Power-up Timer Enable bit
  5372                           ;	PWRTE = OFF, PWRT disabled
  5373                           ;	RE3/MCLR pin function select bit
  5374                           ;	MCLRE = 0x1, unprogrammed default
  5375                           ;	Code Protection bit
  5376                           ;	CP = OFF, Program memory code protection is disabled
  5377                           ;	Data Code Protection bit
  5378                           ;	CPD = OFF, Data memory code protection is disabled
  5379                           ;	Brown Out Reset Selection bits
  5380                           ;	BOREN = ON, BOR enabled
  5381                           ;	Internal External Switchover bit
  5382                           ;	IESO = 0x1, unprogrammed default
  5383                           ;	Fail-Safe Clock Monitor Enabled bit
  5384                           ;	FCMEN = 0x1, unprogrammed default
  5385                           ;	Low Voltage Programming Enable bit
  5386                           ;	LVP = OFF, RB3 pin has digital I/O, HV on MCLR must be used for programming
  5387                           ;	In-Circuit Debugger Mode bit
  5388                           ;	DEBUG = 0x1, unprogrammed default
  5389     2007                     	org	8199
  5390     2007  2FF2               	dw	12274
  5391                           
  5392                           ;Config register CONFIG2 @ 0x2008
  5393                           ;	Brown-out Reset Selection bit
  5394                           ;	BOR4V = 0x1, unprogrammed default
  5395                           ;	Flash Program Memory Self Write Enable bits
  5396                           ;	WRT = OFF, Write protection off
  5397     2008                     	org	8200
  5398     2008  3FFF               	dw	16383

Data Sizes:
    Strings     91
    Constant    0
    Data        7
    BSS         43
    Persistent  0
    Stack       0

Auto Spaces:
    Space          Size  Autos    Used
    COMMON           14      5      10
    BANK0            80     75      80
    BANK1            80     40      80
    BANK3            96      0       0
    BANK2            96      0       0

Pointer List with Targets:

    display$PORT	PTR volatile unsigned char  size(2) Largest target is 1
		 -> PORTC(SFR0[1]), 

    f$.$buffer	PTR unsigned char  size(2) Largest target is 15
		 -> show@buffer(BANK1[15]), 

    f$.$source	PTR const unsigned char  size(1) Largest target is 0

    F1790$PORT	PTR volatile unsigned char  size(2) Largest target is 1
		 -> PORTC(SFR0[1]), 

    fputc@fp	PTR struct _IO_FILE size(2) Largest target is 11
		 -> sprintf@f(BANK0[11]), 

    fputc@fp$.$buffer	PTR unsigned char  size(2) Largest target is 15
		 -> show@buffer(BANK1[15]), 

    fputc@fp$.$source	PTR const unsigned char  size(1) Largest target is 0

    fputs@fp	PTR struct _IO_FILE size(2) Largest target is 11
		 -> sprintf@f(BANK0[11]), 

    fputs@s	PTR const unsigned char  size(1) Largest target is 32
		 -> dbuf(BANK1[32]), 

    lcd$PORT	PTR volatile unsigned char  size(2) Largest target is 1
		 -> PORTC(SFR0[1]), 

    LCD_putrs@a	PTR const unsigned char  size(2) Largest target is 15
		 -> show@buffer(BANK1[15]), STR_1(CODE[7]), STR_2(CODE[7]), STR_3(CODE[10]), 
		 -> STR_5(CODE[13]), STR_7(CODE[12]), 

    pad@buf	PTR unsigned char  size(1) Largest target is 32
		 -> dbuf(BANK1[32]), 

    pad@fp	PTR struct _IO_FILE size(2) Largest target is 11
		 -> sprintf@f(BANK0[11]), 

    read_prec_or_width@ap	PTR PTR void [1] size(1) Largest target is 1
		 -> sprintf@ap(BANK0[1]), 

    read_prec_or_width@fmt	PTR PTR const unsigned char  size(1) Largest target is 1
		 -> vfprintf@cfmt(BANK0[1]), 

    S22$PORT	PTR volatile unsigned char  size(2) Largest target is 1
		 -> PORTC(SFR0[1]), 

    S647$buffer	PTR unsigned char  size(2) Largest target is 15
		 -> show@buffer(BANK1[15]), 

    S647$source	PTR const unsigned char  size(1) Largest target is 0

    screen$PORT	PTR volatile unsigned char  size(2) Largest target is 1
		 -> PORTC(SFR0[1]), 

    sprintf@ap	PTR void [1] size(1) Largest target is 2
		 -> ?_sprintf(BANK0[2]), 

    sprintf@fmt	PTR const unsigned char  size(1) Largest target is 15
		 -> STR_4(CODE[15]), STR_6(CODE[14]), STR_8(CODE[13]), 

    sprintf@s	PTR unsigned char  size(1) Largest target is 15
		 -> show@buffer(BANK1[15]), 

    utoa@fp	PTR struct _IO_FILE size(2) Largest target is 11
		 -> sprintf@f(BANK0[11]), 

    vfpfcnvrt@ap	PTR PTR void  size(1) Largest target is 1
		 -> sprintf@ap(BANK0[1]), 

    vfpfcnvrt@cp	PTR unsigned char  size(1) Largest target is 15
		 -> STR_4(CODE[15]), STR_6(CODE[14]), STR_8(CODE[13]), 

    vfpfcnvrt@fmt	PTR PTR unsigned char  size(1) Largest target is 1
		 -> vfprintf@cfmt(BANK0[1]), 

    vfpfcnvrt@fp	PTR struct _IO_FILE size(2) Largest target is 11
		 -> sprintf@f(BANK0[11]), 

    vfprintf@ap	PTR PTR void  size(1) Largest target is 1
		 -> sprintf@ap(BANK0[1]), 

    vfprintf@cfmt	PTR unsigned char  size(1) Largest target is 15
		 -> STR_4(CODE[15]), STR_6(CODE[14]), STR_8(CODE[13]), 

    vfprintf@fmt	PTR const unsigned char  size(1) Largest target is 15
		 -> STR_4(CODE[15]), STR_6(CODE[14]), STR_8(CODE[13]), 

    vfprintf@fp	PTR struct _IO_FILE size(2) Largest target is 11
		 -> sprintf@f(BANK0[11]), 


Critical Paths under _main in COMMON

    None.

Critical Paths under _ISR in COMMON

    _ISR->_changeOP

Critical Paths under _main in BANK0

    _main->_show
    _show->_sprintf
    _sprintf->_vfprintf
    _vfprintf->_vfpfcnvrt
    _vfpfcnvrt->_utoa
    _utoa->_pad
    _pad->_fputs
    _fputs->_fputc
    ___lwdiv->___wmul
    _read_prec_or_width->___wmul
    ___aldiv->___lmul
    _LCD_putrs->_LCD_putc
    _LCD_putc->_LCD_Out
    _LCD_Init->_LCD_Write
    _LCD_Write->_LCD_Out

Critical Paths under _ISR in BANK0

    None.

Critical Paths under _main in BANK1

    _main->_show

Critical Paths under _ISR in BANK1

    None.

Critical Paths under _main in BANK3

    None.

Critical Paths under _ISR in BANK3

    None.

Critical Paths under _main in BANK2

    None.

Critical Paths under _ISR in BANK2

    None.

Call Graph Tables:

 ---------------------------------------------------------------------------------
 (Depth) Function   	        Calls       Base Space   Used Autos Params    Refs
 ---------------------------------------------------------------------------------
 (0) _main                                                10    10      0    7234
                                             30 BANK1     10    10      0
                           _ADC_Init
                           _LCD_Init
                          _LCD_Write
                       _changeScreen
                               _show
 ---------------------------------------------------------------------------------
 (1) _show                                                31    30      1    6501
                                             74 BANK0      1     0      1
                                              0 BANK1     30    30      0
                           _ADC_Read
                          _LCD_Write
                          _LCD_putrs
                            ___aldiv
                             ___lmul
                            ___lwdiv
                            ___lwmod
                             ___wmul
                            _sprintf
 ---------------------------------------------------------------------------------
 (2) _sprintf                                             21    15      6    3904
                                             55 BANK0     19    13      6
                           _vfprintf
 ---------------------------------------------------------------------------------
 (3) _vfprintf                                             5     1      4    3574
                                             50 BANK0      5     1      4
                          _vfpfcnvrt
 ---------------------------------------------------------------------------------
 (4) _vfpfcnvrt                                           13     9      4    3338
                                             38 BANK0     12     8      4
                              _fputc
                 _read_prec_or_width
                               _utoa
 ---------------------------------------------------------------------------------
 (5) _utoa                                                 9     5      4    1880
                                             29 BANK0      9     5      4
                            ___lwdiv
                            ___lwmod
                                _pad
 ---------------------------------------------------------------------------------
 (6) _pad                                                  8     3      5    1100
                                             21 BANK0      8     3      5
                              _fputc
                              _fputs
 ---------------------------------------------------------------------------------
 (7) _fputs                                                8     5      3     493
                                             13 BANK0      8     5      3
                              _fputc
 ---------------------------------------------------------------------------------
 (8) _fputc                                               13     9      4     341
                                              0 BANK0     13     9      4
                              _putch
 ---------------------------------------------------------------------------------
 (9) _putch                                                1     1      0       0
 ---------------------------------------------------------------------------------
 (6) ___lwmod                                              5     1      4     244
                                              0 BANK0      5     1      4
 ---------------------------------------------------------------------------------
 (6) ___lwdiv                                              7     3      4     168
                                              6 BANK0      7     3      4
                             ___wmul (ARG)
 ---------------------------------------------------------------------------------
 (5) _read_prec_or_width                                   6     4      2     414
                                              6 BANK0      6     4      2
                             ___wmul
 ---------------------------------------------------------------------------------
 (6) ___wmul                                               6     2      4     148
                                              0 BANK0      6     2      4
 ---------------------------------------------------------------------------------
 (2) ___lmul                                              13     5      8     142
                                              0 BANK0     13     5      8
 ---------------------------------------------------------------------------------
 (2) ___aldiv                                             15     7      8     451
                                             13 BANK0     15     7      8
                             ___lmul (ARG)
 ---------------------------------------------------------------------------------
 (2) _LCD_putrs                                            7     5      2     436
                                              6 BANK0      7     5      2
                           _LCD_putc
 ---------------------------------------------------------------------------------
 (3) _LCD_putc                                             3     3      0     282
                                              3 BANK0      3     3      0
                            _LCD_Out
 ---------------------------------------------------------------------------------
 (2) _ADC_Read                                             5     3      2      47
                                              0 BANK0      5     3      2
 ---------------------------------------------------------------------------------
 (1) _changeScreen                                         1     1      0      47
                                              0 BANK0      1     1      0
 ---------------------------------------------------------------------------------
 (1) _LCD_Init                                             8     3      5     343
                                              6 BANK0      8     3      5
                          _LCD_Write
 ---------------------------------------------------------------------------------
 (2) _LCD_Write                                            3     3      0     235
                                              3 BANK0      3     3      0
                            _LCD_Out
 ---------------------------------------------------------------------------------
 (4) _LCD_Out                                              3     3      0     188
                                              0 BANK0      3     3      0
 ---------------------------------------------------------------------------------
 (1) _ADC_Init                                             0     0      0       0
 ---------------------------------------------------------------------------------
 Estimated maximum stack depth 9
 ---------------------------------------------------------------------------------
 (Depth) Function   	        Calls       Base Space   Used Autos Params    Refs
 ---------------------------------------------------------------------------------
 (10) _ISR                                                 4     4      0      58
                                              1 COMMON     4     4      0
                           _changeOP
 ---------------------------------------------------------------------------------
 (11) _changeOP                                            1     1      0      58
                                              0 COMMON     1     1      0
 ---------------------------------------------------------------------------------
 Estimated maximum stack depth 11
 ---------------------------------------------------------------------------------

 Call Graph Graphs:

 _main (ROOT)
   _ADC_Init
   _LCD_Init
     _LCD_Write
       _LCD_Out
   _LCD_Write
   _changeScreen
   _show
     _ADC_Read
     _LCD_Write
     _LCD_putrs
       _LCD_putc
         _LCD_Out
     ___aldiv
       ___lmul (ARG)
     ___lmul
     ___lwdiv
       ___wmul (ARG)
     ___lwmod
     ___wmul
     _sprintf
       _vfprintf
         _vfpfcnvrt
           _fputc
             _putch
           _read_prec_or_width
             ___wmul
           _utoa
             ___lwdiv
             ___lwmod
             _pad
               _fputc
               _fputs
                 _fputc

 _ISR (ROOT)
   _changeOP

Address spaces:
Name               Size   Autos  Total    Usage
BANK3               96      0       0      0.0%
BITBANK3            96      0       0      0.0%
BANK2               96      0       0      0.0%
BITBANK2            96      0       0      0.0%
BANK1               80     40      80    100.0%
BITBANK1            80      0       0      0.0%
BANK0               80     75      80    100.0%
BITBANK0            80      0       0      0.0%
COMMON              14      5      10     71.4%
BITCOMMON           14      0       0      0.0%
DATA                 0      0     170      0.0%
STACK                0      0       0      0.0%


Microchip Technology PIC Macro Assembler V3.10 build 20250813170317 
Symbol Table                                                                                   Fri Jun 12 15:57:23 2026

                         pc 0002                          l30 0FA8                          l27 03B4  
                        l51 045B                          l39 0467                          l55 06E1  
                        l67 0EB6                          _op 00EE                          fsr 0004  
       ___wmul@multiplicand 0022        __end_of_changeScreen 0D01                         l122 0D0E  
                       l125 07F2                         l143 0D00                         l128 07FE  
                       l146 0036                         l271 022A                         l281 04C8  
                       l384 0DAF                         l449 05C5                         l386 0DC7  
                       l459 0649                         l398 0EFE                         l664 0E70  
                       l905 02FC                         l913 0D57                         l674 0E2C  
                       l925 05B0                         l933 0DF2                         l870 0F51  
                       l847 0D7A                         l936 07FF                         l880 075F  
                       l865 0F18                         l868 0F40                         l895 024A  
                       l888 0FFF                         l897 0250                         _GIE 005F  
                       _ISR 0D7B             LCD_Init@display 0026                         _lcd 0070  
                       _pad 0EFF                         fsr0 0004                         indf 0000  
                      ?_ISR 0075             __end_of_LCD_Out 03B5                        l2200 0519  
                      l2202 051F                        l2220 0DA1                        l2204 0526  
                      l2212 0DC8                        l2230 0DC3                        l2222 0DA5  
                      l2310 0FE5                        l2302 0FA9                        l2206 053E  
                      l2214 0DCD                        l2320 0304                        l2400 064D  
                      l2224 0DA9                        l2312 0FEA                        l2304 0FAD  
                      l2240 0E05                        l2208 0570                        l2216 0DDD  
                      l2330 035A                        l2322 0317                        l2410 06A4  
                      l2402 065F                        l2226 0DB6                        l2314 0FFB  
                      l2306 0FBC                        l1610 0E3A                        l2250 0E22  
                      l2242 0E07                        l2234 0DF3                        l2218 0DE5  
                      l2340 039E                        l2332 035E                        l2324 032A  
                      l2412 06AB                        l2404 066E                        l2500 05E9  
                      l2228 0DBD                        l2308 0FCE                        l1620 0E5E  
                      l1612 0E41                        l1604 0E2D                        l2244 0E0B  
                      l2236 0DFB                        l2252 0E28                        l2260 0F10  
                      l2420 0D47                        l2334 0371                        l2326 032E  
                      l2318 0300                        l2430 0F6E                        l2414 06C9  
                      l2406 0685                        l2510 0621                        l2502 05F4  
                      l1622 0E5F                        l1614 0E43                        l1606 0E31  
                      l2246 0E15                        l2238 0DFE                        l2270 0F46  
                      l2262 0F16                        l2350 0248                        l2342 022B  
                      l2422 0D55                        l2336 0384                        l2328 0344  
                      l2432 0F85                        l2408 068C                        l2440 0E92  
                      l2520 0641                        l2512 0622                        l2504 05F8  
                      l1624 0E66                        l1616 0E47                        l1608 0E37  
                      l2248 0E1B                        l2264 0F1B                        l2256 0EFF  
                      l2280 06F8                        l2272 06E2                        l2360 0265  
                      l2352 024B                        l2344 023C                        l2416 0D35  
                      l2338 0388                        l2434 0F90                        l2426 0F55  
                      l2530 03D5                        l2450 07EF                        l2442 0E9A  
                      l2514 062B                        l2506 0601                        l1618 0E58  
                      l1626 0E6C                        l2266 0F2A                        l2258 0F05  
                      l2290 072F                        l2282 070E                        l2274 06E6  
                      l2370 0283                        l2362 0274                        l2346 0240  
                      l2418 0D3A                        l2428 0F68                        l2540 03FA  
                      l2532 03DF                        l2524 03B5                        l2452 07F6  
                      l2444 07CE                        l2436 0E71                        l2508 0613  
                      l2516 0631                        l2268 0F32                        l2292 0735  
                      l2284 070F                        l2276 06EE                        l2380 02B0  
                      l2372 028F                        l2364 0278                        l2356 0253  
                      l2348 0244                        l2460 0D60                        l2620 0102  
                      l2604 0074                        l2550 0426                        l2542 0400  
                      l2534 03E3                        l2526 03C7                        l2446 07D5  
                      l2438 0E76                        l2518 0636                        l2470 0EB7  
                      l2198 0511                        l2294 073A                        l2286 0715  
                      l2278 06F2                        l2390 02DB                        l2374 02A2  
                      l2382 02BB                        l2366 0279                        l2358 0260  
                      l2462 0D62                        l2622 0125                        l2614 008B  
                      l2560 0442                        l2552 042C                        l2544 0410  
                      l2536 03ED                        l2528 03D1                        l2448 07D9  
                      l2480 0EF6                        l2472 0EC1                        l2296 0747  
                      l2288 0728                        l2384 02C9                        l2368 027E  
                      l2464 0D64                        l2456 0D58                        l2640 0171  
                      l2624 0148                        l2616 009F                        l2608 007F  
                      l2720 046C                        l2554 0432                        l2546 041A  
                      l2538 03F0                        l2570 0CF8                        l2490 05C9  
                      l2474 0EC5                        l2298 074D                        l2386 02CD  
                      l2394 02E3                        l2466 0D71                        l2458 0D5C  
                      l2650 01C3                        l2618 00DF                        l2626 0154  
                      l2730 047D                        l2722 0471                        l2556 0438  
                      l2548 0420                        l2572 0CFD                        l2492 05D4  
                      l2484 05B1                        l2476 0EDC                        l2636 0166  
                      l2628 015A                        l2580 0036                        l2740 0492  
                      l2732 047E                        l2724 0475                        l2566 0443  
                      l2558 043E                        l2494 05D6                        l2486 05B4  
                      l2478 0EE5                        l2662 01E7                        l2646 017D  
                      l2654 01DB                        l2590 0049                        l2750 04CD  
                      l2742 04A7                        l2734 047F                        l2726 0479  
                      l2718 0468                        l2576 0CFF                        l2496 05DE  
                      l2488 05B8                        l2672 01FE                        l2648 0191  
                      l2592 0055                        l2760 04ED                        l2752 04D5  
                      l2744 04AD                        l2736 0480                        l2728 047A  
                      l1970 0D06                        l2498 05E6                        l2674 0212  
                      l2666 01F2                        l2594 0060                        l2762 04EF  
                      l2754 04DB                        l2746 04B7                        l2738 0481  
                      l1972 0D0A                        l2596 0068                        l2588 0042  
                      l2764 04FB                        l2756 04E7                        l2748 04BD  
                      l1966 0D01                        l2766 04FE                        l2758 04EB  
                      ?_pad 0035                        l1968 0D05                        STR_1 07BD  
                      STR_2 07C4                        STR_3 07B3                        STR_4 0770  
                      STR_5 079A                        STR_6 077F                        STR_7 07A7  
                      STR_8 078D                        u1210 0E37                        u1211 0E36  
                      u1230 0E47                        u1231 0E46                        u3000 0049  
                      u1225 0E3B                        u3001 0048                        u1250 0E58  
                      u2210 0519                        u3010 0068                        u1251 0E57  
                      u2211 0518                        u3011 0067                        u2300 0DC3  
                      u2220 051F                        u3020 015A                        u2301 0DC2  
                      u1245 0E48                        u2221 051E                        u3021 0159  
                      u1270 0E6C                        u2310 0DFB                        u2230 053E  
                      u1271 0E6B                        u1255 0E54                        u2311 0DFA  
                      u2231 053D                        u2240 0570                        u2400 0F46  
                      u1265 0E60                        u2241 056F                        u2401 0F45  
                      u2330 0E0B                        u2250 0593                        u2410 072F  
                      u2331 0E0A                        u2411 072E                        u2340 0E15  
                      u2260 0DF2                        u2420 0735                        u2341 0E14  
                      u2325 0DFF                        u2245 056C                        u2261 0DF1  
                      u2421 0734                        u2510 032E                        u2270 0DA9  
                      u2430 073A                        u3150 04AD                        u2511 032D  
                      u2271 0DA8                        u2431 0739                        u3207 04B3  
                      u3151 04AC                        u2504 0324                        u2360 0E28  
                      u2440 0747                        u2600 023C                        u3160 04BD  
                      u2505 0322                        u2361 0E27                        u2345 0E11  
                      u2441 0746                        u2601 023B                        u3217 0506  
                      u3161 04BC                        u2370 0F05                        u2450 074D  
                      u2610 0265                        u3170 04CD                        u3227 0689  
                      u2355 0E1C                        u2371 0F04                        u2451 074C  
                      u2611 0264                        u3171 04CC                        u2540 035E  
                      u2524 033E                        u2460 0FBC                        u2380 0F16  
                      u2620 0278                        u3180 04D5                        u2541 035D  
                      u2525 033C                        u3237 06C6                        u2285 0DB0  
                      u2461 0FBB                        u2381 0F15                        u2445 0743  
                      u2621 0277                        u3181 04D4                        u2534 0354  
                      u2470 0FFB                        u2390 0F40                        u2630 028F  
                      u2710 0D55                        u3190 04DB                        u2535 0352  
                      u3247 07D2                        u2295 0DB7                        u2471 0FFA  
                      u2391 0F3F                        u2631 028E                        u2711 0D54  
                      u3191 04DA                        u2480 0304                        u2704 06DB  
                      u2800 0EC5                        u2640 02C9                        u2481 0303  
                      u3257 07EA                        u2705 06D9                        u2801 0EC4  
                      u2641 02C8                        u2570 0388                        u2554 036B  
                      u2571 0387                        u2555 0369                        u3267 03F6  
                      u2811 0ECE                        u2395 0F3C                        u2564 037E  
                      u2724 0F62                        u2812 0ED5                        u2565 037C  
                      u2725 0F60                        u3277 0406                        u2813 0EDC  
                      u2494 0311                        u2734 0F80                        u2654 065A  
                      u2750 0E80                        u2910 0613                        u2495 030F  
                      u2735 0F7E                        u3287 0416                        u2655 0658  
                      u2911 0612                        u2584 0398                        u2744 0FA2  
                      u2760 0EA4                        u2840 0EF6                        u2585 0396  
                      u2745 0FA0                        u3297 0F8B                        u2665 0662  
                      u2905 05FA                        u2841 0EF5                        u2825 0EDE  
                      u2594 03AE                        u2674 0680                        u2770 0EB6  
                      u2930 0631                        u2850 05B8                        u2595 03AC  
                      u2675 067E                        u2771 0EB5                        u2931 0630  
                      u2915 060F                        u2851 05B7                        u2835 0EE6  
                      u2684 069E                        u2940 0636                        u2860 05C9  
                      u2685 069C                        u2941 0635                        u2925 0623  
                      u2861 05C8                        _INTE 005C                        u2950 03D1  
                      u2790 07F6                        u2694 06BD                        u2870 05E6  
                      _INTF 0059                        u2951 03D0                        u2791 07F5  
                      u2695 06BB                        u2871 05E5                        u2960 03DF  
                      u2961 03DE                        u2785 07DC                        u2970 03ED  
                      u2890 05F8                        u2971 03EC                        u2955 03CD  
                      u2891 05F7                        u2965 03DB                        u2885 05EB  
                      u2990 0CFD                        u2975 03E9                        u2991 0CFC  
                      u2985 0446                        _dbuf 00C9                        _main 0468  
                      _prec 006D                        _show 0033                        pad@i 003B  
                      pad@p 0038                        btemp 007E                        _utoa 06E2  
          __end_of_ADC_Init 0D0F            __end_of_ADC_Read 07FF                        start 000C  
               LCD_Init@cmd 002D                       ??_ISR 0076                       ??_pad 003A  
          __end_of_LCD_Init 0468            __end_of_LCD_putc 06E2             __end_of___aldiv 064A  
                     ?_main 0075                       ?_show 006A                       _ANSEL 0188  
                     ?_utoa 003D             __end_of___lwdiv 0E71                       i1l138 0D21  
           __end_of___lwmod 0E2D                       i1l298 0D9A                vfpfcnvrt@fmt 0048  
                     _PORTA 0005                       _PORTB 0006                       _PORTC 0007  
                     _TRISA 0085                       _TRISB 0086                       _TRISC 0087  
       ___lmul@multiplicand 0024                       _flags 006F         read_prec_or_width@c 0029  
       read_prec_or_width@n 002A                       _fputc 0511                       _fputs 0DC8  
                     btemp0 007E                       pad@fp 0035                       btemp1 007F  
                     _width 006B                       _putch 07FF                       pclath 000A  
                     utoa@d 003F                       utoa@i 0044                       utoa@p 0041  
                     utoa@w 0042                       status 0003                       wtemp0 007E  
           __end_of_sprintf 0D7B             __initialization 000F                __end_of_main 0511  
              __end_of_show 022B                __end_of_utoa 0760                      ??_main 00BE  
                    ??_show 006B                      ??_utoa 0041                   ??_LCD_Out 0020  
         __end_of_LCD_Write 0FA9  __end_of_read_prec_or_width 1000           __end_of_LCD_putrs 0EB7  
                    _ADCON0 001F                      _ADCON1 009F                      ?_fputc 0020  
                    ?_fputs 002D                      _ADRESH 001E                      _ADRESL 009E  
                    ?_putch 0075                      _ANSELH 0189                      i1l2190 0D7F  
                    i1l2192 0D88                      i1l2194 0D8E                      i1l2196 0D99  
                    i1l2188 0D7B                      i1l1980 0D18                      i1l1982 0D1E  
                    i1l1974 0D10                      i1l1976 0D16                      u220_20 0D8E  
                    u220_21 0D8D                      i1l1986 0D20                      _INTEDG 040E  
                    u330_27 0D83                      u219_20 0D7F                      u219_21 0D7E  
                    u196_20 0D16                      u196_21 0D15                      u197_20 0D1E  
                    u197_21 0D1D               vfpfcnvrt@done 0050            __end_of_changeOP 0D22  
              vfprintf@cfmt 0056                      ___lmul 0EB7                   ??___aldiv 0035  
                    ___wmul 0DA1                   ??___lwdiv 002A                   ??___lwmod 0024  
           ADC_Read@channel 0024        read_prec_or_width@ap 0027                      pad@buf 0037  
                    fputc@c 0020                      fputs@c 0032                      fputs@i 0033  
                    fputs@s 002D                      ltemp0a 0080                   ?_ADC_Init 0075  
                 ?_ADC_Read 0020                      saved_w 007E                      show@op 006A  
                    putch@c 0075                      ttemp0a 007F            __end_of_vfprintf 0D58  
                    utoa@fp 003D                   ??_sprintf 005D                      wtemp0a 007F  
             main@ultimo_op 00C6     __end_of__initialization 002F                   ?_LCD_Init 0026  
              _changeScreen 0CF5                   ?_LCD_putc 0075              __pcstackCOMMON 0075  
              __pidataBANK1 0CE6               __end_of_fputc 05B1               __end_of_fputs 0DF3  
             __end_of_putch 0800                   LCD_putc@c 0025                  ??_ADC_Init 0020  
                ??_ADC_Read 0022                     ??_fputc 0024                     ??_fputs 0030  
                   ??_putch 0020                  __pbssBANK0 006B                  __pbssBANK1 00C8  
                ??_LCD_Init 002B                  ??_LCD_putc 0023                  __pmaintext 0468  
                   ?___lmul 0020                     ?___wmul 0020                  __pintentry 0004  
            ___lmul@product 0029                     _LCD_Out 02FD                   ?_changeOP 0075  
                __stringtab 0760                  changeOP@op 0075                     ___aldiv 05B1  
                   ___lwdiv 0E2D                     ___lwmod 0DF3                   ?_vfprintf 0052  
                   __ptext1 0033                     __ptext2 0D58                     __ptext3 0D35  
                   __ptext4 022B                     __ptext5 06E2                     __ptext6 0EFF  
                   __ptext7 0DC8                     __ptext8 0511                     __ptext9 07FF  
     read_prec_or_width@fmt 0026                  ??_changeOP 0075            ___aldiv@dividend 0031  
                   _sprintf 0D58                     clrloop0 0CEE                   _LCD_Write 0F52  
      end_of_initialization 002F                 show@channel 00BD                   _LCD_putrs 0E71  
                   fputc@fp 0022                     fputs@fp 002E          _read_prec_or_width 0FA9  
               show@percent 00B7           __end_of_vfpfcnvrt 02FD          show@adc_result_163 00B9  
        show@adc_result_159 00B5            ___aldiv@quotient 0038         _flag_actualizar_lcd 00EF  
       ?_read_prec_or_width 0026            vfpfcnvrt@convarg 004C                  ??_vfprintf 0056  
                 _PORTBbits 0006        ??_read_prec_or_width 0028                  ?_LCD_Write 0075  
                ?_LCD_putrs 0026                  main@screen 00C1              show@adc_result 00AF  
            __end_of___lmul 0EFF                 vfpfcnvrt@ap 0049                 vfpfcnvrt@cp 0051  
               vfpfcnvrt@fp 0046              __end_of___wmul 0DC8                  LCD_Write@c 0025  
       start_initialization 000F                 __end_of_ISR 0DA1                 __end_of_pad 0F52  
                LCD_putrs@a 0026                  LCD_putrs@i 002B                 vfprintf@fmt 0054  
                  ??___lmul 0028                    ??___wmul 0024                  init_fetch0 0D22  
               __pdataBANK1 00E9                    ?_LCD_Out 0075                 __pbssCOMMON 0070  
                 ___latbits 0002               __pcstackBANK0 0020               __pcstackBANK1 00A0  
                  LCD_Out@c 0022                 ??_LCD_Write 0023                 ??_LCD_putrs 0028  
          ___lwdiv@dividend 0028                    ?___aldiv 002D                    ?___lwdiv 0026  
                  ?___lwmod 0020                   __pstrings 0760                    _ADC_Init 0D01  
                  _ADC_Read 07CB            ___lwdiv@quotient 002A                    ?_sprintf 0057  
           ___aldiv@divisor 002D           interrupt_function 0004             ___aldiv@counter 0036  
                  _LCD_Init 03B5              ___wmul@product 0024                   clear_ram0 0CED  
                  _LCD_putc 064A                  show@buffer 00A0                    _GO_nDONE 00F9  
                 main@F1790 00E9                   _vfpfcnvrt 022B                 __stringbase 076F  
         ___wmul@multiplier 0020           ___lmul@multiplier 0020        changeScreen@pantalla 0020  
             ?_changeScreen 0075                  vfprintf@ap 0055                  vfprintf@fp 0052  
                ?_vfpfcnvrt 0046          __end_of__stringtab 0770                  sprintf@fmt 0058  
                  _changeOP 0D0F             ___lwdiv@divisor 0026             ___lwdiv@counter 002C  
                  __ptext10 0DF3                    __ptext11 0E2D                    __ptext20 03B5  
                  __ptext12 0FA9                    __ptext21 0F52                    __ptext13 0DA1  
                  __ptext22 02FD                    __ptext14 0EB7                    __ptext23 0D01  
                  __ptext15 05B1                    __ptext24 0D7B                    __ptext16 0E71  
                  __ptext25 0D0F                    __ptext17 064A                    __ptext18 07CB  
                  __ptext19 0CF5              ??_changeScreen 0020                    _pantalla 00C8  
                  _vfprintf 0D35                    init_ram0 0D26           main@ultima_screen 00C7  
                  intlevel1 0000                   sprintf@ap 005E            ___lwmod@dividend 0022  
              show@part_dec 00B3                show@part_ent 00B1                   stringcode 076A  
                  show@volt 00BB                 ??_vfpfcnvrt 004A                  _OPTION_REG 0081  
                  sprintf@f 005F                    sprintf@s 0057             ___lwmod@divisor 0020  
           ___lwmod@counter 0024                    stringdir 076A                    stringtab 0760  
              ___aldiv@sign 0037  
