

Microchip MPLAB XC8 Assembler V3.10 build 20250813170317 
                                                                                               Tue Jun 23 17:19:42 2026

Microchip MPLAB XC8 C Compiler v3.10 (Free license) build 20250813170317 Og1 
     1                           	processor	16F887
     2                           	pagewidth 120
     3                           	opt	flic
     4                           	psect	cinit,global,class=CODE,space=0,merge=1,delta=2
     5                           	psect	bssBANK0,global,class=BANK0,space=1,delta=1,noexec
     6                           	psect	cstackCOMMON,global,class=COMMON,space=1,delta=1,noexec
     7                           	psect	cstackBANK0,global,class=BANK0,space=1,delta=1,noexec
     8                           	psect	maintext,global,class=CODE,space=0,split=1,delta=2
     9                           	psect	text1,local,class=CODE,space=0,merge=1,delta=2,group=1
    10                           	psect	text2,local,class=CODE,space=0,merge=1,delta=2,group=1
    11                           	psect	text3,local,class=CODE,space=0,merge=1,delta=2
    12                           	psect	text4,local,class=CODE,space=0,merge=1,delta=2
    13                           	psect	text5,local,class=CODE,space=0,merge=1,delta=2
    14                           	psect	text6,local,class=CODE,space=0,merge=1,delta=2
    15                           	psect	text7,local,class=CODE,space=0,merge=1,delta=2
    16                           	psect	text8,local,class=CODE,space=0,merge=1,delta=2
    17                           	psect	text9,local,class=CODE,space=0,merge=1,delta=2
    18                           	psect	text10,local,class=CODE,space=0,merge=1,delta=2
    19                           	psect	text11,local,class=CODE,space=0,merge=1,delta=2
    20                           	psect	intentry,global,class=CODE,space=0,delta=2
    21                           	psect	config,global,abs,ovrld,class=CONFIG,space=4,delta=2,noexec
    22                           	dabs	1,0x7E,2
    23     0000                     
    24                           ; Generated 22/04/2026 GMT
    25                           ; 
    26                           ; Copyright (c) 2026 Microchip Technology Inc. and its subsidiaries.
    27                           ; 
    28                           ; Licensed under the Apache License, Version 2.0 (the "License");
    29                           ; you may not use this file except in compliance with the License.
    30                           ; You may obtain a copy of the License at
    31                           ; 
    32                           ;   http://www.apache.org/licenses/LICENSE-2.0
    33                           ; 
    34                           ; Unless required by applicable law or agreed to in writing, software
    35                           ; distributed under the License is distributed on an "AS IS" BASIS,
    36                           ; WITHOUT WARRANTIES OR CONDITIONS OF ANY KIND, either express or implied.
    37                           ; See the License for the specific language governing permissions and
    38                           ; limitations under the License.
    39                           ; 
    40                           ; 
    41                           ; Code-generator required, PIC16F887 Definitions
    42                           ; 
    43                           ; SFR Addresses
    44     0004                     fsr             equ	4
    45     0004                     fsr0            equ	4
    46     0000                     indf            equ	0
    47     0000                     indf0           equ	0
    48     0002                     pc              equ	2
    49     0002                     pcl             equ	2
    50     000A                     pclath          equ	10
    51     0003                     status          equ	3
    52     0000                     INDF            equ	0	;# 
    53     0001                     TMR0            equ	1	;# 
    54     0002                     PCL             equ	2	;# 
    55     0003                     STATUS          equ	3	;# 
    56     0004                     FSR             equ	4	;# 
    57     0005                     PORTA           equ	5	;# 
    58     0006                     PORTB           equ	6	;# 
    59     0007                     PORTC           equ	7	;# 
    60     0008                     PORTD           equ	8	;# 
    61     0009                     PORTE           equ	9	;# 
    62     000A                     PCLATH          equ	10	;# 
    63     000B                     INTCON          equ	11	;# 
    64     000C                     PIR1            equ	12	;# 
    65     000D                     PIR2            equ	13	;# 
    66     000E                     TMR1            equ	14	;# 
    67     000E                     TMR1L           equ	14	;# 
    68     000F                     TMR1H           equ	15	;# 
    69     0010                     T1CON           equ	16	;# 
    70     0011                     TMR2            equ	17	;# 
    71     0012                     T2CON           equ	18	;# 
    72     0013                     SSPBUF          equ	19	;# 
    73     0014                     SSPCON          equ	20	;# 
    74     0015                     CCPR1           equ	21	;# 
    75     0015                     CCPR1L          equ	21	;# 
    76     0016                     CCPR1H          equ	22	;# 
    77     0017                     CCP1CON         equ	23	;# 
    78     0018                     RCSTA           equ	24	;# 
    79     0019                     TXREG           equ	25	;# 
    80     001A                     RCREG           equ	26	;# 
    81     001B                     CCPR2           equ	27	;# 
    82     001B                     CCPR2L          equ	27	;# 
    83     001C                     CCPR2H          equ	28	;# 
    84     001D                     CCP2CON         equ	29	;# 
    85     001E                     ADRESH          equ	30	;# 
    86     001F                     ADCON0          equ	31	;# 
    87     0081                     OPTION_REG      equ	129	;# 
    88     0085                     TRISA           equ	133	;# 
    89     0086                     TRISB           equ	134	;# 
    90     0087                     TRISC           equ	135	;# 
    91     0088                     TRISD           equ	136	;# 
    92     0089                     TRISE           equ	137	;# 
    93     008C                     PIE1            equ	140	;# 
    94     008D                     PIE2            equ	141	;# 
    95     008E                     PCON            equ	142	;# 
    96     008F                     OSCCON          equ	143	;# 
    97     0090                     OSCTUNE         equ	144	;# 
    98     0091                     SSPCON2         equ	145	;# 
    99     0092                     PR2             equ	146	;# 
   100     0093                     SSPADD          equ	147	;# 
   101     0093                     SSPMSK          equ	147	;# 
   102     0093                     MSK             equ	147	;# 
   103     0094                     SSPSTAT         equ	148	;# 
   104     0095                     WPUB            equ	149	;# 
   105     0096                     IOCB            equ	150	;# 
   106     0097                     VRCON           equ	151	;# 
   107     0098                     TXSTA           equ	152	;# 
   108     0099                     SPBRG           equ	153	;# 
   109     009A                     SPBRGH          equ	154	;# 
   110     009B                     PWM1CON         equ	155	;# 
   111     009C                     ECCPAS          equ	156	;# 
   112     009D                     PSTRCON         equ	157	;# 
   113     009E                     ADRESL          equ	158	;# 
   114     009F                     ADCON1          equ	159	;# 
   115     0105                     WDTCON          equ	261	;# 
   116     0107                     CM1CON0         equ	263	;# 
   117     0108                     CM2CON0         equ	264	;# 
   118     0109                     CM2CON1         equ	265	;# 
   119     010C                     EEDATA          equ	268	;# 
   120     010C                     EEDAT           equ	268	;# 
   121     010D                     EEADR           equ	269	;# 
   122     010E                     EEDATH          equ	270	;# 
   123     010F                     EEADRH          equ	271	;# 
   124     0185                     SRCON           equ	389	;# 
   125     0187                     BAUDCTL         equ	391	;# 
   126     0188                     ANSEL           equ	392	;# 
   127     0189                     ANSELH          equ	393	;# 
   128     018C                     EECON1          equ	396	;# 
   129     018D                     EECON2          equ	397	;# 
   130     0000                     INDF            equ	0	;# 
   131     0001                     TMR0            equ	1	;# 
   132     0002                     PCL             equ	2	;# 
   133     0003                     STATUS          equ	3	;# 
   134     0004                     FSR             equ	4	;# 
   135     0005                     PORTA           equ	5	;# 
   136     0006                     PORTB           equ	6	;# 
   137     0007                     PORTC           equ	7	;# 
   138     0008                     PORTD           equ	8	;# 
   139     0009                     PORTE           equ	9	;# 
   140     000A                     PCLATH          equ	10	;# 
   141     000B                     INTCON          equ	11	;# 
   142     000C                     PIR1            equ	12	;# 
   143     000D                     PIR2            equ	13	;# 
   144     000E                     TMR1            equ	14	;# 
   145     000E                     TMR1L           equ	14	;# 
   146     000F                     TMR1H           equ	15	;# 
   147     0010                     T1CON           equ	16	;# 
   148     0011                     TMR2            equ	17	;# 
   149     0012                     T2CON           equ	18	;# 
   150     0013                     SSPBUF          equ	19	;# 
   151     0014                     SSPCON          equ	20	;# 
   152     0015                     CCPR1           equ	21	;# 
   153     0015                     CCPR1L          equ	21	;# 
   154     0016                     CCPR1H          equ	22	;# 
   155     0017                     CCP1CON         equ	23	;# 
   156     0018                     RCSTA           equ	24	;# 
   157     0019                     TXREG           equ	25	;# 
   158     001A                     RCREG           equ	26	;# 
   159     001B                     CCPR2           equ	27	;# 
   160     001B                     CCPR2L          equ	27	;# 
   161     001C                     CCPR2H          equ	28	;# 
   162     001D                     CCP2CON         equ	29	;# 
   163     001E                     ADRESH          equ	30	;# 
   164     001F                     ADCON0          equ	31	;# 
   165     0081                     OPTION_REG      equ	129	;# 
   166     0085                     TRISA           equ	133	;# 
   167     0086                     TRISB           equ	134	;# 
   168     0087                     TRISC           equ	135	;# 
   169     0088                     TRISD           equ	136	;# 
   170     0089                     TRISE           equ	137	;# 
   171     008C                     PIE1            equ	140	;# 
   172     008D                     PIE2            equ	141	;# 
   173     008E                     PCON            equ	142	;# 
   174     008F                     OSCCON          equ	143	;# 
   175     0090                     OSCTUNE         equ	144	;# 
   176     0091                     SSPCON2         equ	145	;# 
   177     0092                     PR2             equ	146	;# 
   178     0093                     SSPADD          equ	147	;# 
   179     0093                     SSPMSK          equ	147	;# 
   180     0093                     MSK             equ	147	;# 
   181     0094                     SSPSTAT         equ	148	;# 
   182     0095                     WPUB            equ	149	;# 
   183     0096                     IOCB            equ	150	;# 
   184     0097                     VRCON           equ	151	;# 
   185     0098                     TXSTA           equ	152	;# 
   186     0099                     SPBRG           equ	153	;# 
   187     009A                     SPBRGH          equ	154	;# 
   188     009B                     PWM1CON         equ	155	;# 
   189     009C                     ECCPAS          equ	156	;# 
   190     009D                     PSTRCON         equ	157	;# 
   191     009E                     ADRESL          equ	158	;# 
   192     009F                     ADCON1          equ	159	;# 
   193     0105                     WDTCON          equ	261	;# 
   194     0107                     CM1CON0         equ	263	;# 
   195     0108                     CM2CON0         equ	264	;# 
   196     0109                     CM2CON1         equ	265	;# 
   197     010C                     EEDATA          equ	268	;# 
   198     010C                     EEDAT           equ	268	;# 
   199     010D                     EEADR           equ	269	;# 
   200     010E                     EEDATH          equ	270	;# 
   201     010F                     EEADRH          equ	271	;# 
   202     0185                     SRCON           equ	389	;# 
   203     0187                     BAUDCTL         equ	391	;# 
   204     0188                     ANSEL           equ	392	;# 
   205     0189                     ANSELH          equ	393	;# 
   206     018C                     EECON1          equ	396	;# 
   207     018D                     EECON2          equ	397	;# 
   208     0006                     _PORTBbits      set	6
   209     0009                     _PORTE          set	9
   210     0008                     _PORTD          set	8
   211     0007                     _PORTC          set	7
   212     0006                     _PORTB          set	6
   213     0005                     _PORTA          set	5
   214     0008                     _PORTDbits      set	8
   215     000C                     _PIR1bits       set	12
   216     0012                     _T2CON          set	18
   217     0017                     _CCP1CON        set	23
   218     0015                     _CCPR1L         set	21
   219     001E                     _ADRESH         set	30
   220     001F                     _ADCON0         set	31
   221     000B                     _INTCONbits     set	11
   222     0088                     _TRISDbits      set	136
   223     0095                     _WPUB           set	149
   224     0081                     _OPTION_REGbits set	129
   225     0086                     _TRISBbits      set	134
   226     0092                     _PR2            set	146
   227     0087                     _TRISCbits      set	135
   228     009E                     _ADRESL         set	158
   229     009F                     _ADCON1         set	159
   230     0085                     _TRISAbits      set	133
   231     0108                     _CM2CON0        set	264
   232     0107                     _CM1CON0        set	263
   233     0189                     _ANSELH         set	393
   234     0188                     _ANSEL          set	392
   235                           
   236                           	psect	cinit
   237     000F                     start_initialization:	
   238                           ; #config settings
   239                           
   240     000F                     __initialization:
   241                           
   242                           ; Clear objects allocated to BANK0
   243     000F  1283               	bcf	3,5	;RP0=0, select bank0
   244     0010  1303               	bcf	3,6	;RP1=0, select bank0
   245     0011  01B7               	clrf	__pbssBANK0& (0+127)
   246     0012  01B8               	clrf	(__pbssBANK0+1)& (0+127)
   247     0013                     end_of_initialization:	
   248                           ;End of C runtime variable initialization code
   249                           
   250     0013                     __end_of__initialization:
   251     0013  0183               	clrf	3
   252     0014  120A  118A  2817   	ljmp	_main	;jump to C main() function
   253                           
   254                           	psect	bssBANK0
   255     0037                     __pbssBANK0:
   256     0037                     _motor_direction:
   257     0037                     	ds	1
   258     0038                     _direction_event:
   259     0038                     	ds	1
   260                           
   261                           	psect	cstackCOMMON
   262     0070                     __pcstackCOMMON:
   263     0070                     ?_ISR:
   264     0070                     ?_ADC_Init:	
   265                           ; 1 bytes @ 0x0
   266                           
   267     0070                     ?_PWM1_Init:	
   268                           ; 1 bytes @ 0x0
   269                           
   270     0070                     ?_Motor_Stop:	
   271                           ; 1 bytes @ 0x0
   272                           
   273     0070                     ?_Motor_SetDirection:	
   274                           ; 1 bytes @ 0x0
   275                           
   276     0070                     ?_External_INT_Init:	
   277                           ; 1 bytes @ 0x0
   278                           
   279     0070                     ?_System_Init:	
   280                           ; 1 bytes @ 0x0
   281                           
   282     0070                     ?_main:	
   283                           ; 1 bytes @ 0x0
   284                           
   285     0070                     ??_ISR:	
   286                           ; 1 bytes @ 0x0
   287                           
   288                           
   289                           ; 1 bytes @ 0x0
   290     0070                     	ds	2
   291     0072                     ?_PWM1_SetDuty:
   292     0072                     ?_ADC_Read:	
   293                           ; 1 bytes @ 0x2
   294                           
   295     0072                     ?___lmul:	
   296                           ; 2 bytes @ 0x2
   297                           
   298     0072                     PWM1_SetDuty@duty:	
   299                           ; 4 bytes @ 0x2
   300                           
   301     0072                     ___lmul@multiplier:	
   302                           ; 2 bytes @ 0x2
   303                           
   304     0072                     ??_ADC_Init:	
   305                           ; 4 bytes @ 0x2
   306                           
   307     0072                     ??_PWM1_Init:	
   308                           ; 1 bytes @ 0x2
   309                           
   310     0072                     ??_Motor_Stop:	
   311                           ; 1 bytes @ 0x2
   312                           
   313     0072                     ??_Motor_SetDirection:	
   314                           ; 1 bytes @ 0x2
   315                           
   316     0072                     ??_External_INT_Init:	
   317                           ; 1 bytes @ 0x2
   318                           
   319                           
   320                           ; 1 bytes @ 0x2
   321     0072                     	ds	2
   322     0074                     ??_ADC_Read:
   323     0074                     ??_PWM1_SetDuty:	
   324                           ; 1 bytes @ 0x4
   325                           
   326                           
   327                           ; 1 bytes @ 0x4
   328     0074                     	ds	1
   329     0075                     ADC_Read@channel:
   330     0075                     Motor_SetDirection@direction:	
   331                           ; 1 bytes @ 0x5
   332                           
   333                           
   334                           ; 1 bytes @ 0x5
   335     0075                     	ds	1
   336     0076                     ___lmul@multiplicand:
   337     0076                     ??_System_Init:	
   338                           ; 4 bytes @ 0x6
   339                           
   340                           
   341                           ; 1 bytes @ 0x6
   342     0076                     	ds	4
   343     007A                     ??___lmul:
   344                           
   345                           ; 1 bytes @ 0xA
   346     007A                     	ds	1
   347     007B                     ??___lldiv:
   348                           
   349                           ; 1 bytes @ 0xB
   350     007B                     	ds	1
   351                           
   352                           	psect	cstackBANK0
   353     0020                     __pcstackBANK0:
   354     0020                     ___lmul@product:
   355                           
   356                           ; 4 bytes @ 0x0
   357     0020                     	ds	4
   358     0024                     ?___lldiv:
   359     0024                     ___lldiv@divisor:	
   360                           ; 4 bytes @ 0x4
   361                           
   362                           
   363                           ; 4 bytes @ 0x4
   364     0024                     	ds	4
   365     0028                     ___lldiv@dividend:
   366                           
   367                           ; 4 bytes @ 0x8
   368     0028                     	ds	4
   369     002C                     ___lldiv@quotient:
   370                           
   371                           ; 4 bytes @ 0xC
   372     002C                     	ds	4
   373     0030                     ___lldiv@counter:
   374                           
   375                           ; 1 bytes @ 0x10
   376     0030                     	ds	1
   377     0031                     ??_main:
   378                           
   379                           ; 1 bytes @ 0x11
   380     0031                     	ds	2
   381     0033                     main@adc_value:
   382                           
   383                           ; 2 bytes @ 0x13
   384     0033                     	ds	2
   385     0035                     main@duty:
   386                           
   387                           ; 2 bytes @ 0x15
   388     0035                     	ds	2
   389                           
   390                           	psect	maintext
   391     0017                     __pmaintext:	
   392 ;;
   393 ;;Main: autosize = 0, tempsize = 2, incstack = 0, save=0
   394 ;;
   395 ;; *************** function _main *****************
   396 ;; Defined at:
   397 ;;		line 378 in file "main.c"
   398 ;; Parameters:    Size  Location     Type
   399 ;;		None
   400 ;; Auto vars:     Size  Location     Type
   401 ;;  duty            2   21[BANK0 ] unsigned int 
   402 ;;  adc_value       2   19[BANK0 ] unsigned int 
   403 ;; Return value:  Size  Location     Type
   404 ;;                  1    wreg      void 
   405 ;; Registers used:
   406 ;;		wreg, status,2, status,0, pclath, cstack
   407 ;; Tracked objects:
   408 ;;		On entry : B00/0
   409 ;;		On exit  : 0/0
   410 ;;		Unchanged: 0/0
   411 ;; Data sizes:     COMMON   BANK0   BANK1   BANK3   BANK2
   412 ;;      Params:         0       0       0       0       0
   413 ;;      Locals:         0       4       0       0       0
   414 ;;      Temps:          0       2       0       0       0
   415 ;;      Totals:         0       6       0       0       0
   416 ;;Total ram usage:        6 bytes
   417 ;; Hardware stack levels required when called: 3
   418 ;; This function calls:
   419 ;;		_ADC_Read
   420 ;;		_Motor_SetDirection
   421 ;;		_PWM1_SetDuty
   422 ;;		_System_Init
   423 ;;		___lldiv
   424 ;;		___lmul
   425 ;; This function is called by:
   426 ;;		Startup code after reset
   427 ;; This function uses a non-reentrant model
   428 ;;
   429                           
   430     0017                     _main:	
   431                           ;psect for function _main
   432                           
   433     0017                     l913:	
   434                           ;incstack = 0
   435                           ; Regs used in _main: [wreg+status,2+status,0+pclath+cstack]
   436                           
   437                           
   438                           ;main.c: 381:     unsigned int duty = 0;
   439     0017  1283               	bcf	3,5	;RP0=0, select bank0
   440     0018  1303               	bcf	3,6	;RP1=0, select bank0
   441     0019  01B5               	clrf	main@duty
   442     001A  01B6               	clrf	main@duty+1
   443     001B                     l915:
   444                           
   445                           ;main.c: 383:     System_Init();
   446     001B  120A  118A  21A5  120A  118A  	fcall	_System_Init
   447     0020                     l917:
   448                           
   449                           ;main.c: 386:     {;main.c: 388:         if (direction_event)
   450     0020  1283               	bcf	3,5	;RP0=0, select bank0
   451     0021  1303               	bcf	3,6	;RP1=0, select bank0
   452     0022  0838               	movf	_direction_event,w	;volatile
   453     0023  1903               	btfsc	3,2
   454     0024  2826               	goto	u461
   455     0025  2827               	goto	u460
   456     0026                     u461:
   457     0026  285C               	goto	l935
   458     0027                     u460:
   459     0027                     l919:
   460                           
   461                           ;main.c: 389:         {;main.c: 390:             _delay((unsigned long)((40)*(8000000UL/
      +                          4000.0)));
   462     0027  3068               	movlw	104
   463     0028  1283               	bcf	3,5	;RP0=0, select bank0
   464     0029  1303               	bcf	3,6	;RP1=0, select bank0
   465     002A  00B2               	movwf	??_main+1
   466     002B  30E3               	movlw	227
   467     002C  00B1               	movwf	??_main
   468     002D                     u537:
   469     002D  0BB1               	decfsz	??_main,f
   470     002E  282D               	goto	u537
   471     002F  0BB2               	decfsz	??_main+1,f
   472     0030  282D               	goto	u537
   473     0031  2832               	nop2
   474     0032                     l921:
   475                           
   476                           ;main.c: 392:             if (PORTBbits.RB0 == 0)
   477     0032  1283               	bcf	3,5	;RP0=0, select bank0
   478     0033  1303               	bcf	3,6	;RP1=0, select bank0
   479     0034  1806               	btfsc	6,0	;volatile
   480     0035  2837               	goto	u471
   481     0036  2838               	goto	u470
   482     0037                     u471:
   483     0037  2857               	goto	l929
   484     0038                     u470:
   485     0038                     l923:
   486                           
   487                           ;main.c: 393:             {;main.c: 394:                 motor_direction = !motor_direct
      +                          ion;
   488     0038  0837               	movf	_motor_direction,w	;volatile
   489     0039  1903               	btfsc	3,2
   490     003A  283C               	goto	u481
   491     003B  283E               	goto	u480
   492     003C                     u481:
   493     003C  3001               	movlw	1
   494     003D  283F               	goto	u490
   495     003E                     u480:
   496     003E  3000               	movlw	0
   497     003F                     u490:
   498     003F  00B7               	movwf	_motor_direction	;volatile
   499     0040                     l925:
   500                           
   501                           ;main.c: 395:                 Motor_SetDirection(motor_direction);
   502     0040  0837               	movf	_motor_direction,w	;volatile
   503     0041  120A  118A  21F0  120A  118A  	fcall	_Motor_SetDirection
   504     0046                     l107:	
   505                           ;main.c: 398:                 while (PORTBbits.RB0 == 0);
   506                           
   507     0046  1283               	bcf	3,5	;RP0=0, select bank0
   508     0047  1303               	bcf	3,6	;RP1=0, select bank0
   509     0048  1C06               	btfss	6,0	;volatile
   510     0049  284B               	goto	u501
   511     004A  284C               	goto	u500
   512     004B                     u501:
   513     004B  2846               	goto	l107
   514     004C                     u500:
   515     004C                     l927:
   516                           
   517                           ;main.c: 399:                 _delay((unsigned long)((40)*(8000000UL/4000.0)));
   518     004C  3068               	movlw	104
   519     004D  1283               	bcf	3,5	;RP0=0, select bank0
   520     004E  1303               	bcf	3,6	;RP1=0, select bank0
   521     004F  00B2               	movwf	??_main+1
   522     0050  30E3               	movlw	227
   523     0051  00B1               	movwf	??_main
   524     0052                     u547:
   525     0052  0BB1               	decfsz	??_main,f
   526     0053  2852               	goto	u547
   527     0054  0BB2               	decfsz	??_main+1,f
   528     0055  2852               	goto	u547
   529     0056  2857               	nop2
   530     0057                     l929:
   531                           
   532                           ;main.c: 402:             direction_event = 0;
   533     0057  1283               	bcf	3,5	;RP0=0, select bank0
   534     0058  1303               	bcf	3,6	;RP1=0, select bank0
   535     0059  01B8               	clrf	_direction_event	;volatile
   536     005A                     l931:
   537                           
   538                           ;main.c: 403:             INTCONbits.INTF = 0;
   539     005A  108B               	bcf	11,1	;volatile
   540     005B                     l933:
   541                           
   542                           ;main.c: 404:             INTCONbits.INTE = 1;
   543     005B  160B               	bsf	11,4	;volatile
   544     005C                     l935:
   545                           
   546                           ;main.c: 408:         adc_value = ADC_Read(0);
   547     005C  3000               	movlw	0
   548     005D  120A  118A  21CC  120A  118A  	fcall	_ADC_Read
   549     0062  0873               	movf	?_ADC_Read+1,w
   550     0063  1283               	bcf	3,5	;RP0=0, select bank0
   551     0064  1303               	bcf	3,6	;RP1=0, select bank0
   552     0065  00B4               	movwf	main@adc_value+1
   553     0066  0872               	movf	?_ADC_Read,w
   554     0067  00B3               	movwf	main@adc_value
   555     0068                     l937:
   556                           
   557                           ;main.c: 411:         duty = (unsigned int)(((unsigned long)adc_value * 1000u) / 1023UL)
      +                          ;
   558     0068  3000               	movlw	0
   559     0069  00A7               	movwf	___lldiv@divisor+3
   560     006A  3000               	movlw	0
   561     006B  00A6               	movwf	___lldiv@divisor+2
   562     006C  3003               	movlw	3
   563     006D  00A5               	movwf	___lldiv@divisor+1
   564     006E  30FF               	movlw	255
   565     006F  00A4               	movwf	___lldiv@divisor
   566     0070  0833               	movf	main@adc_value,w
   567     0071  00F2               	movwf	___lmul@multiplier
   568     0072  0834               	movf	main@adc_value+1,w
   569     0073  00F3               	movwf	___lmul@multiplier+1
   570     0074  01F4               	clrf	___lmul@multiplier+2
   571     0075  01F5               	clrf	___lmul@multiplier+3
   572     0076  3000               	movlw	0
   573     0077  00F9               	movwf	___lmul@multiplicand+3
   574     0078  3000               	movlw	0
   575     0079  00F8               	movwf	___lmul@multiplicand+2
   576     007A  3003               	movlw	3
   577     007B  00F7               	movwf	___lmul@multiplicand+1
   578     007C  30E8               	movlw	232
   579     007D  00F6               	movwf	___lmul@multiplicand
   580     007E  120A  118A  212F  120A  118A  	fcall	___lmul
   581     0083  0875               	movf	?___lmul+3,w
   582     0084  1283               	bcf	3,5	;RP0=0, select bank0
   583     0085  1303               	bcf	3,6	;RP1=0, select bank0
   584     0086  00AB               	movwf	___lldiv@dividend+3
   585     0087  0874               	movf	?___lmul+2,w
   586     0088  00AA               	movwf	___lldiv@dividend+2
   587     0089  0873               	movf	?___lmul+1,w
   588     008A  00A9               	movwf	___lldiv@dividend+1
   589     008B  0872               	movf	?___lmul,w
   590     008C  00A8               	movwf	___lldiv@dividend
   591     008D  120A  118A  20C9  120A  118A  	fcall	___lldiv
   592     0092  1283               	bcf	3,5	;RP0=0, select bank0
   593     0093  1303               	bcf	3,6	;RP1=0, select bank0
   594     0094  0825               	movf	?___lldiv+1,w
   595     0095  00B6               	movwf	main@duty+1
   596     0096  0824               	movf	?___lldiv,w
   597     0097  00B5               	movwf	main@duty
   598     0098                     l939:
   599                           
   600                           ;main.c: 414:         if (adc_value < 20u)
   601     0098  3000               	movlw	0
   602     0099  0234               	subwf	main@adc_value+1,w
   603     009A  3014               	movlw	20
   604     009B  1903               	skipnz
   605     009C  0233               	subwf	main@adc_value,w
   606     009D  1803               	skipnc
   607     009E  28A0               	goto	u511
   608     009F  28A1               	goto	u510
   609     00A0                     u511:
   610     00A0  28A4               	goto	l943
   611     00A1                     u510:
   612     00A1                     l941:
   613                           
   614                           ;main.c: 415:         {;main.c: 416:             duty = 0;
   615     00A1  01B5               	clrf	main@duty
   616     00A2  01B6               	clrf	main@duty+1
   617                           
   618                           ;main.c: 417:         }
   619     00A3  28B1               	goto	l947
   620     00A4                     l943:
   621     00A4  3000               	movlw	0
   622     00A5  0236               	subwf	main@duty+1,w
   623     00A6  30FA               	movlw	250
   624     00A7  1903               	skipnz
   625     00A8  0235               	subwf	main@duty,w
   626     00A9  1803               	skipnc
   627     00AA  28AC               	goto	u521
   628     00AB  28AD               	goto	u520
   629     00AC                     u521:
   630     00AC  28B1               	goto	l947
   631     00AD                     u520:
   632     00AD                     l945:
   633                           
   634                           ;main.c: 419:         {;main.c: 420:             duty = 250u;
   635     00AD  30FA               	movlw	250
   636     00AE  00B5               	movwf	main@duty
   637     00AF  3000               	movlw	0
   638     00B0  00B6               	movwf	main@duty+1
   639     00B1                     l947:
   640                           
   641                           ;main.c: 423:         PWM1_SetDuty(duty);
   642     00B1  0836               	movf	main@duty+1,w
   643     00B2  00F3               	movwf	PWM1_SetDuty@duty+1
   644     00B3  0835               	movf	main@duty,w
   645     00B4  00F2               	movwf	PWM1_SetDuty@duty
   646     00B5  120A  118A  217B  120A  118A  	fcall	_PWM1_SetDuty
   647     00BA                     l949:
   648                           
   649                           ;main.c: 425:         _delay((unsigned long)((10)*(8000000UL/4000.0)));
   650     00BA  301A               	movlw	26
   651     00BB  1283               	bcf	3,5	;RP0=0, select bank0
   652     00BC  1303               	bcf	3,6	;RP1=0, select bank0
   653     00BD  00B2               	movwf	??_main+1
   654     00BE  30F7               	movlw	247
   655     00BF  00B1               	movwf	??_main
   656     00C0                     u557:
   657     00C0  0BB1               	decfsz	??_main,f
   658     00C1  28C0               	goto	u557
   659     00C2  0BB2               	decfsz	??_main+1,f
   660     00C3  28C0               	goto	u557
   661     00C4  28C5               	nop2
   662     00C5  2820               	goto	l917
   663     00C6  120A  118A  280C   	ljmp	start
   664     00C9                     __end_of_main:
   665                           
   666                           	psect	text1
   667     012F                     __ptext1:	
   668 ;; *************** function ___lmul *****************
   669 ;; Defined at:
   670 ;;		line 15 in file "C:\Program Files\Microchip\xc8\v3.10\pic\sources\c99\common\Umul32.c"
   671 ;; Parameters:    Size  Location     Type
   672 ;;  multiplier      4    2[COMMON] unsigned long 
   673 ;;  multiplicand    4    6[COMMON] unsigned long 
   674 ;; Auto vars:     Size  Location     Type
   675 ;;  product         4    0[BANK0 ] unsigned long 
   676 ;; Return value:  Size  Location     Type
   677 ;;                  4    2[COMMON] unsigned long 
   678 ;; Registers used:
   679 ;;		wreg, status,2, status,0
   680 ;; Tracked objects:
   681 ;;		On entry : 0/0
   682 ;;		On exit  : 0/0
   683 ;;		Unchanged: 0/0
   684 ;; Data sizes:     COMMON   BANK0   BANK1   BANK3   BANK2
   685 ;;      Params:         8       0       0       0       0
   686 ;;      Locals:         0       4       0       0       0
   687 ;;      Temps:          1       0       0       0       0
   688 ;;      Totals:         9       4       0       0       0
   689 ;;Total ram usage:       13 bytes
   690 ;; Hardware stack levels used: 1
   691 ;; Hardware stack levels required when called: 1
   692 ;; This function calls:
   693 ;;		Nothing
   694 ;; This function is called by:
   695 ;;		_main
   696 ;; This function uses a non-reentrant model
   697 ;;
   698                           
   699     012F                     ___lmul:	
   700                           ;psect for function ___lmul
   701                           
   702     012F                     l871:	
   703                           ;incstack = 0
   704                           ; Regs used in ___lmul: [wreg+status,2+status,0]
   705                           
   706     012F  3000               	movlw	0
   707     0130  1283               	bcf	3,5	;RP0=0, select bank0
   708     0131  1303               	bcf	3,6	;RP1=0, select bank0
   709     0132  00A3               	movwf	___lmul@product+3
   710     0133  3000               	movlw	0
   711     0134  00A2               	movwf	___lmul@product+2
   712     0135  3000               	movlw	0
   713     0136  00A1               	movwf	___lmul@product+1
   714     0137  3000               	movlw	0
   715     0138  00A0               	movwf	___lmul@product
   716     0139                     l873:
   717     0139  1C72               	btfss	___lmul@multiplier,0
   718     013A  293C               	goto	u331
   719     013B  293D               	goto	u330
   720     013C                     u331:
   721     013C  2956               	goto	l877
   722     013D                     u330:
   723     013D                     l875:
   724     013D  0876               	movf	___lmul@multiplicand,w
   725     013E  1283               	bcf	3,5	;RP0=0, select bank0
   726     013F  1303               	bcf	3,6	;RP1=0, select bank0
   727     0140  07A0               	addwf	___lmul@product,f
   728     0141  0877               	movf	___lmul@multiplicand+1,w
   729     0142  1103               	clrz
   730     0143  1803               	skipnc
   731     0144  3E01               	addlw	1
   732     0145  1903               	skipnz
   733     0146  2948               	goto	u341
   734     0147  07A1               	addwf	___lmul@product+1,f
   735     0148                     u341:
   736     0148  0878               	movf	___lmul@multiplicand+2,w
   737     0149  1103               	clrz
   738     014A  1803               	skipnc
   739     014B  3E01               	addlw	1
   740     014C  1903               	skipnz
   741     014D  294F               	goto	u342
   742     014E  07A2               	addwf	___lmul@product+2,f
   743     014F                     u342:
   744     014F  0879               	movf	___lmul@multiplicand+3,w
   745     0150  1103               	clrz
   746     0151  1803               	skipnc
   747     0152  3E01               	addlw	1
   748     0153  1903               	skipnz
   749     0154  2956               	goto	u343
   750     0155  07A3               	addwf	___lmul@product+3,f
   751     0156                     u343:
   752     0156                     l877:
   753     0156  3001               	movlw	1
   754     0157  00FA               	movwf	??___lmul
   755     0158                     u355:
   756     0158  1003               	clrc
   757     0159  0DF6               	rlf	___lmul@multiplicand,f
   758     015A  0DF7               	rlf	___lmul@multiplicand+1,f
   759     015B  0DF8               	rlf	___lmul@multiplicand+2,f
   760     015C  0DF9               	rlf	___lmul@multiplicand+3,f
   761     015D  0BFA               	decfsz	??___lmul,f
   762     015E  2958               	goto	u355
   763     015F                     l879:
   764     015F  3001               	movlw	1
   765     0160                     u365:
   766     0160  1003               	clrc
   767     0161  0CF5               	rrf	___lmul@multiplier+3,f
   768     0162  0CF4               	rrf	___lmul@multiplier+2,f
   769     0163  0CF3               	rrf	___lmul@multiplier+1,f
   770     0164  0CF2               	rrf	___lmul@multiplier,f
   771     0165  3EFF               	addlw	-1
   772     0166  1D03               	skipz
   773     0167  2960               	goto	u365
   774     0168  0875               	movf	___lmul@multiplier+3,w
   775     0169  0474               	iorwf	___lmul@multiplier+2,w
   776     016A  0473               	iorwf	___lmul@multiplier+1,w
   777     016B  0472               	iorwf	___lmul@multiplier,w
   778     016C  1D03               	skipz
   779     016D  296F               	goto	u371
   780     016E  2970               	goto	u370
   781     016F                     u371:
   782     016F  2939               	goto	l873
   783     0170                     u370:
   784     0170                     l881:
   785     0170  1283               	bcf	3,5	;RP0=0, select bank0
   786     0171  1303               	bcf	3,6	;RP1=0, select bank0
   787     0172  0823               	movf	___lmul@product+3,w
   788     0173  00F5               	movwf	?___lmul+3
   789     0174  0822               	movf	___lmul@product+2,w
   790     0175  00F4               	movwf	?___lmul+2
   791     0176  0821               	movf	___lmul@product+1,w
   792     0177  00F3               	movwf	?___lmul+1
   793     0178  0820               	movf	___lmul@product,w
   794     0179  00F2               	movwf	?___lmul
   795     017A                     l215:
   796     017A  0008               	return
   797     017B                     __end_of___lmul:
   798                           
   799                           	psect	text2
   800     00C9                     __ptext2:	
   801 ;; *************** function ___lldiv *****************
   802 ;; Defined at:
   803 ;;		line 5 in file "C:\Program Files\Microchip\xc8\v3.10\pic\sources\c99\common\__lldiv.c"
   804 ;; Parameters:    Size  Location     Type
   805 ;;  divisor         4    4[BANK0 ] unsigned long 
   806 ;;  dividend        4    8[BANK0 ] unsigned long 
   807 ;; Auto vars:     Size  Location     Type
   808 ;;  quotient        4   12[BANK0 ] unsigned long 
   809 ;;  counter         1   16[BANK0 ] unsigned char 
   810 ;; Return value:  Size  Location     Type
   811 ;;                  4    4[BANK0 ] unsigned long 
   812 ;; Registers used:
   813 ;;		wreg, status,2, status,0
   814 ;; Tracked objects:
   815 ;;		On entry : 0/0
   816 ;;		On exit  : 0/0
   817 ;;		Unchanged: 0/0
   818 ;; Data sizes:     COMMON   BANK0   BANK1   BANK3   BANK2
   819 ;;      Params:         0       8       0       0       0
   820 ;;      Locals:         0       5       0       0       0
   821 ;;      Temps:          1       0       0       0       0
   822 ;;      Totals:         1      13       0       0       0
   823 ;;Total ram usage:       14 bytes
   824 ;; Hardware stack levels used: 1
   825 ;; Hardware stack levels required when called: 1
   826 ;; This function calls:
   827 ;;		Nothing
   828 ;; This function is called by:
   829 ;;		_main
   830 ;; This function uses a non-reentrant model
   831 ;;
   832                           
   833     00C9                     ___lldiv:	
   834                           ;psect for function ___lldiv
   835                           
   836     00C9                     l885:	
   837                           ;incstack = 0
   838                           ; Regs used in ___lldiv: [wreg+status,2+status,0]
   839                           
   840     00C9  3000               	movlw	0
   841     00CA  1283               	bcf	3,5	;RP0=0, select bank0
   842     00CB  1303               	bcf	3,6	;RP1=0, select bank0
   843     00CC  00AF               	movwf	___lldiv@quotient+3
   844     00CD  3000               	movlw	0
   845     00CE  00AE               	movwf	___lldiv@quotient+2
   846     00CF  3000               	movlw	0
   847     00D0  00AD               	movwf	___lldiv@quotient+1
   848     00D1  3000               	movlw	0
   849     00D2  00AC               	movwf	___lldiv@quotient
   850     00D3  0827               	movf	___lldiv@divisor+3,w
   851     00D4  0426               	iorwf	___lldiv@divisor+2,w
   852     00D5  0425               	iorwf	___lldiv@divisor+1,w
   853     00D6  0424               	iorwf	___lldiv@divisor,w
   854     00D7  1903               	skipnz
   855     00D8  28DA               	goto	u381
   856     00D9  28DB               	goto	u380
   857     00DA                     u381:
   858     00DA  2926               	goto	l905
   859     00DB                     u380:
   860     00DB                     l887:
   861     00DB  3001               	movlw	1
   862     00DC  00B0               	movwf	___lldiv@counter
   863     00DD  28E9               	goto	l891
   864     00DE                     l889:
   865     00DE  3001               	movlw	1
   866     00DF  00FB               	movwf	??___lldiv
   867     00E0                     u395:
   868     00E0  1003               	clrc
   869     00E1  0DA4               	rlf	___lldiv@divisor,f
   870     00E2  0DA5               	rlf	___lldiv@divisor+1,f
   871     00E3  0DA6               	rlf	___lldiv@divisor+2,f
   872     00E4  0DA7               	rlf	___lldiv@divisor+3,f
   873     00E5  0BFB               	decfsz	??___lldiv,f
   874     00E6  28E0               	goto	u395
   875     00E7  3001               	movlw	1
   876     00E8  07B0               	addwf	___lldiv@counter,f
   877     00E9                     l891:
   878     00E9  1FA7               	btfss	___lldiv@divisor+3,7
   879     00EA  28EC               	goto	u401
   880     00EB  28ED               	goto	u400
   881     00EC                     u401:
   882     00EC  28DE               	goto	l889
   883     00ED                     u400:
   884     00ED                     l893:
   885     00ED  3001               	movlw	1
   886     00EE  00FB               	movwf	??___lldiv
   887     00EF                     u415:
   888     00EF  1003               	clrc
   889     00F0  0DAC               	rlf	___lldiv@quotient,f
   890     00F1  0DAD               	rlf	___lldiv@quotient+1,f
   891     00F2  0DAE               	rlf	___lldiv@quotient+2,f
   892     00F3  0DAF               	rlf	___lldiv@quotient+3,f
   893     00F4  0BFB               	decfsz	??___lldiv,f
   894     00F5  28EF               	goto	u415
   895     00F6                     l895:
   896     00F6  0827               	movf	___lldiv@divisor+3,w
   897     00F7  022B               	subwf	___lldiv@dividend+3,w
   898     00F8  1D03               	skipz
   899     00F9  2904               	goto	u425
   900     00FA  0826               	movf	___lldiv@divisor+2,w
   901     00FB  022A               	subwf	___lldiv@dividend+2,w
   902     00FC  1D03               	skipz
   903     00FD  2904               	goto	u425
   904     00FE  0825               	movf	___lldiv@divisor+1,w
   905     00FF  0229               	subwf	___lldiv@dividend+1,w
   906     0100  1D03               	skipz
   907     0101  2904               	goto	u425
   908     0102  0824               	movf	___lldiv@divisor,w
   909     0103  0228               	subwf	___lldiv@dividend,w
   910     0104                     u425:
   911     0104  1C03               	skipc
   912     0105  2907               	goto	u421
   913     0106  2908               	goto	u420
   914     0107                     u421:
   915     0107  2917               	goto	l901
   916     0108                     u420:
   917     0108                     l897:
   918     0108  0824               	movf	___lldiv@divisor,w
   919     0109  02A8               	subwf	___lldiv@dividend,f
   920     010A  0825               	movf	___lldiv@divisor+1,w
   921     010B  1C03               	skipc
   922     010C  0F25               	incfsz	___lldiv@divisor+1,w
   923     010D  02A9               	subwf	___lldiv@dividend+1,f
   924     010E  0826               	movf	___lldiv@divisor+2,w
   925     010F  1C03               	skipc
   926     0110  0F26               	incfsz	___lldiv@divisor+2,w
   927     0111  02AA               	subwf	___lldiv@dividend+2,f
   928     0112  0827               	movf	___lldiv@divisor+3,w
   929     0113  1C03               	skipc
   930     0114  0F27               	incfsz	___lldiv@divisor+3,w
   931     0115  02AB               	subwf	___lldiv@dividend+3,f
   932     0116                     l899:
   933     0116  142C               	bsf	___lldiv@quotient,0
   934     0117                     l901:
   935     0117  3001               	movlw	1
   936     0118                     u435:
   937     0118  1003               	clrc
   938     0119  0CA7               	rrf	___lldiv@divisor+3,f
   939     011A  0CA6               	rrf	___lldiv@divisor+2,f
   940     011B  0CA5               	rrf	___lldiv@divisor+1,f
   941     011C  0CA4               	rrf	___lldiv@divisor,f
   942     011D  3EFF               	addlw	-1
   943     011E  1D03               	skipz
   944     011F  2918               	goto	u435
   945     0120                     l903:
   946     0120  3001               	movlw	1
   947     0121  02B0               	subwf	___lldiv@counter,f
   948     0122  1D03               	btfss	3,2
   949     0123  2925               	goto	u441
   950     0124  2926               	goto	u440
   951     0125                     u441:
   952     0125  28ED               	goto	l893
   953     0126                     u440:
   954     0126                     l905:
   955     0126  082F               	movf	___lldiv@quotient+3,w
   956     0127  00A7               	movwf	?___lldiv+3
   957     0128  082E               	movf	___lldiv@quotient+2,w
   958     0129  00A6               	movwf	?___lldiv+2
   959     012A  082D               	movf	___lldiv@quotient+1,w
   960     012B  00A5               	movwf	?___lldiv+1
   961     012C  082C               	movf	___lldiv@quotient,w
   962     012D  00A4               	movwf	?___lldiv
   963     012E                     l237:
   964     012E  0008               	return
   965     012F                     __end_of___lldiv:
   966                           
   967                           	psect	text3
   968     01A5                     __ptext3:	
   969 ;; *************** function _System_Init *****************
   970 ;; Defined at:
   971 ;;		line 349 in file "main.c"
   972 ;; Parameters:    Size  Location     Type
   973 ;;		None
   974 ;; Auto vars:     Size  Location     Type
   975 ;;		None
   976 ;; Return value:  Size  Location     Type
   977 ;;                  1    wreg      void 
   978 ;; Registers used:
   979 ;;		wreg, status,2, status,0, pclath, cstack
   980 ;; Tracked objects:
   981 ;;		On entry : 0/0
   982 ;;		On exit  : 0/0
   983 ;;		Unchanged: 0/0
   984 ;; Data sizes:     COMMON   BANK0   BANK1   BANK3   BANK2
   985 ;;      Params:         0       0       0       0       0
   986 ;;      Locals:         0       0       0       0       0
   987 ;;      Temps:          0       0       0       0       0
   988 ;;      Totals:         0       0       0       0       0
   989 ;;Total ram usage:        0 bytes
   990 ;; Hardware stack levels used: 1
   991 ;; Hardware stack levels required when called: 2
   992 ;; This function calls:
   993 ;;		_ADC_Init
   994 ;;		_External_INT_Init
   995 ;;		_Motor_SetDirection
   996 ;;		_PWM1_Init
   997 ;; This function is called by:
   998 ;;		_main
   999 ;; This function uses a non-reentrant model
  1000 ;;
  1001                           
  1002     01A5                     _System_Init:	
  1003                           ;psect for function _System_Init
  1004                           
  1005     01A5                     l857:	
  1006                           ;incstack = 0
  1007                           ; Regs used in _System_Init: [wreg+status,2+status,0+pclath+cstack]
  1008                           
  1009                           
  1010                           ;main.c: 352:     PORTA = 0x00;
  1011     01A5  1283               	bcf	3,5	;RP0=0, select bank0
  1012     01A6  1303               	bcf	3,6	;RP1=0, select bank0
  1013     01A7  0185               	clrf	5	;volatile
  1014                           
  1015                           ;main.c: 353:     PORTB = 0x00;
  1016     01A8  0186               	clrf	6	;volatile
  1017                           
  1018                           ;main.c: 354:     PORTC = 0x00;
  1019     01A9  0187               	clrf	7	;volatile
  1020                           
  1021                           ;main.c: 355:     PORTD = 0x00;
  1022     01AA  0188               	clrf	8	;volatile
  1023                           
  1024                           ;main.c: 356:     PORTE = 0x00;
  1025     01AB  0189               	clrf	9	;volatile
  1026                           
  1027                           ;main.c: 359:     CM1CON0 = 0x00;
  1028     01AC  1283               	bcf	3,5	;RP0=0, select bank2
  1029     01AD  1703               	bsf	3,6	;RP1=1, select bank2
  1030     01AE  0187               	clrf	7	;volatile
  1031                           
  1032                           ;main.c: 360:     CM2CON0 = 0x00;
  1033     01AF  0188               	clrf	8	;volatile
  1034     01B0                     l859:
  1035                           
  1036                           ;main.c: 363:     TRISDbits.TRISD0 = 0;
  1037     01B0  1683               	bsf	3,5	;RP0=1, select bank1
  1038     01B1  1303               	bcf	3,6	;RP1=0, select bank1
  1039     01B2  1008               	bcf	8,0	;volatile
  1040     01B3                     l861:
  1041                           
  1042                           ;main.c: 364:     TRISDbits.TRISD1 = 0;
  1043     01B3  1088               	bcf	8,1	;volatile
  1044     01B4                     l863:
  1045                           
  1046                           ;main.c: 366:     ADC_Init();
  1047     01B4  120A  118A  2212  120A  118A  	fcall	_ADC_Init
  1048     01B9                     l865:
  1049                           
  1050                           ;main.c: 367:     PWM1_Init();
  1051     01B9  120A  118A  222C  120A  118A  	fcall	_PWM1_Init
  1052     01BE                     l867:
  1053                           
  1054                           ;main.c: 369:     Motor_SetDirection(motor_direction);
  1055     01BE  1283               	bcf	3,5	;RP0=0, select bank0
  1056     01BF  1303               	bcf	3,6	;RP1=0, select bank0
  1057     01C0  0837               	movf	_motor_direction,w	;volatile
  1058     01C1  120A  118A  21F0  120A  118A  	fcall	_Motor_SetDirection
  1059     01C6                     l869:
  1060                           
  1061                           ;main.c: 371:     External_INT_Init();
  1062     01C6  120A  118A  224F  120A  118A  	fcall	_External_INT_Init
  1063     01CB                     l99:
  1064     01CB  0008               	return
  1065     01CC                     __end_of_System_Init:
  1066                           
  1067                           	psect	text4
  1068     022C                     __ptext4:	
  1069 ;; *************** function _PWM1_Init *****************
  1070 ;; Defined at:
  1071 ;;		line 252 in file "main.c"
  1072 ;; Parameters:    Size  Location     Type
  1073 ;;		None
  1074 ;; Auto vars:     Size  Location     Type
  1075 ;;		None
  1076 ;; Return value:  Size  Location     Type
  1077 ;;                  1    wreg      void 
  1078 ;; Registers used:
  1079 ;;		status,2
  1080 ;; Tracked objects:
  1081 ;;		On entry : 0/0
  1082 ;;		On exit  : 0/0
  1083 ;;		Unchanged: 0/0
  1084 ;; Data sizes:     COMMON   BANK0   BANK1   BANK3   BANK2
  1085 ;;      Params:         0       0       0       0       0
  1086 ;;      Locals:         0       0       0       0       0
  1087 ;;      Temps:          0       0       0       0       0
  1088 ;;      Totals:         0       0       0       0       0
  1089 ;;Total ram usage:        0 bytes
  1090 ;; Hardware stack levels used: 1
  1091 ;; Hardware stack levels required when called: 1
  1092 ;; This function calls:
  1093 ;;		Nothing
  1094 ;; This function is called by:
  1095 ;;		_System_Init
  1096 ;; This function uses a non-reentrant model
  1097 ;;
  1098                           
  1099     022C                     _PWM1_Init:	
  1100                           ;psect for function _PWM1_Init
  1101                           
  1102     022C                     l817:	
  1103                           ;incstack = 0
  1104                           ; Regs used in _PWM1_Init: [status,2]
  1105                           
  1106                           
  1107                           ;main.c: 255:     TRISCbits.TRISC2 = 0;
  1108     022C  1683               	bsf	3,5	;RP0=1, select bank1
  1109     022D  1303               	bcf	3,6	;RP1=0, select bank1
  1110     022E  1107               	bcf	7,2	;volatile
  1111                           
  1112                           ;main.c: 258:     PR2 = 249;
  1113     022F  30F9               	movlw	249
  1114     0230  0092               	movwf	18	;volatile
  1115     0231                     l819:
  1116                           
  1117                           ;main.c: 261:     CCPR1L = 0x00;
  1118     0231  1283               	bcf	3,5	;RP0=0, select bank0
  1119     0232  1303               	bcf	3,6	;RP1=0, select bank0
  1120     0233  0195               	clrf	21	;volatile
  1121     0234                     l821:
  1122                           
  1123                           ;main.c: 264:     CCP1CON = 0x0C;
  1124     0234  300C               	movlw	12
  1125     0235  0097               	movwf	23	;volatile
  1126     0236                     l823:
  1127                           
  1128                           ;main.c: 267:     T2CON = 0x05;
  1129     0236  3005               	movlw	5
  1130     0237  0092               	movwf	18	;volatile
  1131     0238                     l825:
  1132                           
  1133                           ;main.c: 270:     PIR1bits.TMR2IF = 0;
  1134     0238  108C               	bcf	12,1	;volatile
  1135     0239                     l78:	
  1136                           ;main.c: 271:     while (!PIR1bits.TMR2IF);
  1137                           
  1138     0239  1C8C               	btfss	12,1	;volatile
  1139     023A  2A3C               	goto	u271
  1140     023B  2A3D               	goto	u270
  1141     023C                     u271:
  1142     023C  2A39               	goto	l78
  1143     023D                     u270:
  1144     023D                     l81:
  1145     023D  0008               	return
  1146     023E                     __end_of_PWM1_Init:
  1147                           
  1148                           	psect	text5
  1149     01F0                     __ptext5:	
  1150 ;; *************** function _Motor_SetDirection *****************
  1151 ;; Defined at:
  1152 ;;		line 299 in file "main.c"
  1153 ;; Parameters:    Size  Location     Type
  1154 ;;  direction       1    wreg     unsigned char 
  1155 ;; Auto vars:     Size  Location     Type
  1156 ;;  direction       1    5[COMMON] unsigned char 
  1157 ;; Return value:  Size  Location     Type
  1158 ;;                  1    wreg      void 
  1159 ;; Registers used:
  1160 ;;		wreg, status,2, status,0, pclath, cstack
  1161 ;; Tracked objects:
  1162 ;;		On entry : 0/0
  1163 ;;		On exit  : 0/0
  1164 ;;		Unchanged: 0/0
  1165 ;; Data sizes:     COMMON   BANK0   BANK1   BANK3   BANK2
  1166 ;;      Params:         0       0       0       0       0
  1167 ;;      Locals:         1       0       0       0       0
  1168 ;;      Temps:          3       0       0       0       0
  1169 ;;      Totals:         4       0       0       0       0
  1170 ;;Total ram usage:        4 bytes
  1171 ;; Hardware stack levels used: 1
  1172 ;; Hardware stack levels required when called: 1
  1173 ;; This function calls:
  1174 ;;		_Motor_Stop
  1175 ;; This function is called by:
  1176 ;;		_System_Init
  1177 ;;		_main
  1178 ;; This function uses a non-reentrant model
  1179 ;;
  1180                           
  1181     01F0                     _Motor_SetDirection:	
  1182                           ;psect for function _Motor_SetDirection
  1183                           
  1184                           
  1185                           ;incstack = 0
  1186                           ; Regs used in _Motor_SetDirection: [wreg+status,2+status,0+pclath+cstack]
  1187                           ;Motor_SetDirection@direction stored from wreg
  1188     01F0  00F5               	movwf	Motor_SetDirection@direction
  1189     01F1                     l827:
  1190                           
  1191                           ;main.c: 299: void Motor_SetDirection(unsigned char direction);main.c: 300: {;main.c: 30
      +                          3:     Motor_Stop();
  1192     01F1  120A  118A  225A  120A  118A  	fcall	_Motor_Stop
  1193     01F6                     l829:
  1194                           
  1195                           ;main.c: 304:     _delay((unsigned long)((100)*(8000000UL/4000.0)));
  1196     01F6  3002               	movlw	2
  1197     01F7  00F4               	movwf	??_Motor_SetDirection+2
  1198     01F8  3004               	movlw	4
  1199     01F9  00F3               	movwf	??_Motor_SetDirection+1
  1200     01FA  30BA               	movlw	186
  1201     01FB  00F2               	movwf	??_Motor_SetDirection
  1202     01FC                     u567:
  1203     01FC  0BF2               	decfsz	??_Motor_SetDirection,f
  1204     01FD  29FC               	goto	u567
  1205     01FE  0BF3               	decfsz	??_Motor_SetDirection+1,f
  1206     01FF  29FC               	goto	u567
  1207     0200  0BF4               	decfsz	??_Motor_SetDirection+2,f
  1208     0201  29FC               	goto	u567
  1209     0202  0000               	nop
  1210     0203                     l831:
  1211                           
  1212                           ;main.c: 306:     if (direction == 0)
  1213     0203  0875               	movf	Motor_SetDirection@direction,w
  1214     0204  1D03               	btfss	3,2
  1215     0205  2A07               	goto	u281
  1216     0206  2A08               	goto	u280
  1217     0207                     u281:
  1218     0207  2A0D               	goto	l91
  1219     0208                     u280:
  1220     0208                     l833:
  1221                           
  1222                           ;main.c: 307:     {;main.c: 309:         PORTDbits.RD0 = 1;
  1223     0208  1283               	bcf	3,5	;RP0=0, select bank0
  1224     0209  1303               	bcf	3,6	;RP1=0, select bank0
  1225     020A  1408               	bsf	8,0	;volatile
  1226                           
  1227                           ;main.c: 310:         PORTDbits.RD1 = 0;
  1228     020B  1088               	bcf	8,1	;volatile
  1229                           
  1230                           ;main.c: 311:     }
  1231     020C  2A11               	goto	l93
  1232     020D                     l91:	
  1233                           ;main.c: 312:     else
  1234                           
  1235                           
  1236                           ;main.c: 313:     {;main.c: 315:         PORTDbits.RD0 = 0;
  1237     020D  1283               	bcf	3,5	;RP0=0, select bank0
  1238     020E  1303               	bcf	3,6	;RP1=0, select bank0
  1239     020F  1008               	bcf	8,0	;volatile
  1240                           
  1241                           ;main.c: 316:         PORTDbits.RD1 = 1;
  1242     0210  1488               	bsf	8,1	;volatile
  1243     0211                     l93:
  1244     0211  0008               	return
  1245     0212                     __end_of_Motor_SetDirection:
  1246                           
  1247                           	psect	text6
  1248     025A                     __ptext6:	
  1249 ;; *************** function _Motor_Stop *****************
  1250 ;; Defined at:
  1251 ;;		line 293 in file "main.c"
  1252 ;; Parameters:    Size  Location     Type
  1253 ;;		None
  1254 ;; Auto vars:     Size  Location     Type
  1255 ;;		None
  1256 ;; Return value:  Size  Location     Type
  1257 ;;                  1    wreg      void 
  1258 ;; Registers used:
  1259 ;;		None
  1260 ;; Tracked objects:
  1261 ;;		On entry : 0/0
  1262 ;;		On exit  : 0/0
  1263 ;;		Unchanged: 0/0
  1264 ;; Data sizes:     COMMON   BANK0   BANK1   BANK3   BANK2
  1265 ;;      Params:         0       0       0       0       0
  1266 ;;      Locals:         0       0       0       0       0
  1267 ;;      Temps:          0       0       0       0       0
  1268 ;;      Totals:         0       0       0       0       0
  1269 ;;Total ram usage:        0 bytes
  1270 ;; Hardware stack levels used: 1
  1271 ;; Hardware stack levels required when called: 1
  1272 ;; This function calls:
  1273 ;;		Nothing
  1274 ;; This function is called by:
  1275 ;;		_Motor_SetDirection
  1276 ;; This function uses a non-reentrant model
  1277 ;;
  1278                           
  1279     025A                     _Motor_Stop:	
  1280                           ;psect for function _Motor_Stop
  1281                           
  1282     025A                     l805:	
  1283                           ;incstack = 0
  1284                           ; Regs used in _Motor_Stop: []
  1285                           
  1286                           
  1287                           ;main.c: 295:     PORTDbits.RD0 = 0;
  1288     025A  1283               	bcf	3,5	;RP0=0, select bank0
  1289     025B  1303               	bcf	3,6	;RP1=0, select bank0
  1290     025C  1008               	bcf	8,0	;volatile
  1291                           
  1292                           ;main.c: 296:     PORTDbits.RD1 = 0;
  1293     025D  1088               	bcf	8,1	;volatile
  1294     025E                     l88:
  1295     025E  0008               	return
  1296     025F                     __end_of_Motor_Stop:
  1297                           
  1298                           	psect	text7
  1299     024F                     __ptext7:	
  1300 ;; *************** function _External_INT_Init *****************
  1301 ;; Defined at:
  1302 ;;		line 324 in file "main.c"
  1303 ;; Parameters:    Size  Location     Type
  1304 ;;		None
  1305 ;; Auto vars:     Size  Location     Type
  1306 ;;		None
  1307 ;; Return value:  Size  Location     Type
  1308 ;;                  1    wreg      void 
  1309 ;; Registers used:
  1310 ;;		None
  1311 ;; Tracked objects:
  1312 ;;		On entry : 0/0
  1313 ;;		On exit  : 0/0
  1314 ;;		Unchanged: 0/0
  1315 ;; Data sizes:     COMMON   BANK0   BANK1   BANK3   BANK2
  1316 ;;      Params:         0       0       0       0       0
  1317 ;;      Locals:         0       0       0       0       0
  1318 ;;      Temps:          0       0       0       0       0
  1319 ;;      Totals:         0       0       0       0       0
  1320 ;;Total ram usage:        0 bytes
  1321 ;; Hardware stack levels used: 1
  1322 ;; Hardware stack levels required when called: 1
  1323 ;; This function calls:
  1324 ;;		Nothing
  1325 ;; This function is called by:
  1326 ;;		_System_Init
  1327 ;; This function uses a non-reentrant model
  1328 ;;
  1329                           
  1330     024F                     _External_INT_Init:	
  1331                           ;psect for function _External_INT_Init
  1332                           
  1333     024F                     l835:	
  1334                           ;incstack = 0
  1335                           ; Regs used in _External_INT_Init: []
  1336                           
  1337                           
  1338                           ;main.c: 327:     TRISBbits.TRISB0 = 1;
  1339     024F  1683               	bsf	3,5	;RP0=1, select bank1
  1340     0250  1303               	bcf	3,6	;RP1=0, select bank1
  1341     0251  1406               	bsf	6,0	;volatile
  1342                           
  1343                           ;main.c: 330:     OPTION_REGbits.nRBPU = 0;
  1344     0252  1381               	bcf	1,7	;volatile
  1345                           
  1346                           ;main.c: 331:     WPUB = 0x01;
  1347     0253  3001               	movlw	1
  1348     0254  0095               	movwf	21	;volatile
  1349                           
  1350                           ;main.c: 335:     OPTION_REGbits.INTEDG = 0;
  1351     0255  1301               	bcf	1,6	;volatile
  1352                           
  1353                           ;main.c: 338:     INTCONbits.INTF = 0;
  1354     0256  108B               	bcf	11,1	;volatile
  1355                           
  1356                           ;main.c: 339:     INTCONbits.INTE = 1;
  1357     0257  160B               	bsf	11,4	;volatile
  1358                           
  1359                           ;main.c: 342:     INTCONbits.GIE = 1;
  1360     0258  178B               	bsf	11,7	;volatile
  1361     0259                     l96:
  1362     0259  0008               	return
  1363     025A                     __end_of_External_INT_Init:
  1364                           
  1365                           	psect	text8
  1366     0212                     __ptext8:	
  1367 ;; *************** function _ADC_Init *****************
  1368 ;; Defined at:
  1369 ;;		line 216 in file "main.c"
  1370 ;; Parameters:    Size  Location     Type
  1371 ;;		None
  1372 ;; Auto vars:     Size  Location     Type
  1373 ;;		None
  1374 ;; Return value:  Size  Location     Type
  1375 ;;                  1    wreg      void 
  1376 ;; Registers used:
  1377 ;;		wreg, status,2
  1378 ;; Tracked objects:
  1379 ;;		On entry : 0/0
  1380 ;;		On exit  : 0/0
  1381 ;;		Unchanged: 0/0
  1382 ;; Data sizes:     COMMON   BANK0   BANK1   BANK3   BANK2
  1383 ;;      Params:         0       0       0       0       0
  1384 ;;      Locals:         0       0       0       0       0
  1385 ;;      Temps:          2       0       0       0       0
  1386 ;;      Totals:         2       0       0       0       0
  1387 ;;Total ram usage:        2 bytes
  1388 ;; Hardware stack levels used: 1
  1389 ;; Hardware stack levels required when called: 1
  1390 ;; This function calls:
  1391 ;;		Nothing
  1392 ;; This function is called by:
  1393 ;;		_System_Init
  1394 ;; This function uses a non-reentrant model
  1395 ;;
  1396                           
  1397     0212                     _ADC_Init:	
  1398                           ;psect for function _ADC_Init
  1399                           
  1400     0212                     l807:	
  1401                           ;incstack = 0
  1402                           ; Regs used in _ADC_Init: [wreg+status,2]
  1403                           
  1404                           
  1405                           ;main.c: 219:     TRISAbits.TRISA0 = 1;
  1406     0212  1683               	bsf	3,5	;RP0=1, select bank1
  1407     0213  1303               	bcf	3,6	;RP1=0, select bank1
  1408     0214  1405               	bsf	5,0	;volatile
  1409                           
  1410                           ;main.c: 222:     ANSEL = 0x01;
  1411     0215  3001               	movlw	1
  1412     0216  1683               	bsf	3,5	;RP0=1, select bank3
  1413     0217  1703               	bsf	3,6	;RP1=1, select bank3
  1414     0218  0088               	movwf	8	;volatile
  1415     0219                     l809:
  1416                           
  1417                           ;main.c: 223:     ANSELH = 0x00;
  1418     0219  0189               	clrf	9	;volatile
  1419     021A                     l811:
  1420                           
  1421                           ;main.c: 226:     ADCON1 = 0x80;
  1422     021A  3080               	movlw	128
  1423     021B  1683               	bsf	3,5	;RP0=1, select bank1
  1424     021C  1303               	bcf	3,6	;RP1=0, select bank1
  1425     021D  009F               	movwf	31	;volatile
  1426     021E                     l813:
  1427                           
  1428                           ;main.c: 229:     ADCON0 = 0x81;
  1429     021E  3081               	movlw	129
  1430     021F  1283               	bcf	3,5	;RP0=0, select bank0
  1431     0220  1303               	bcf	3,6	;RP1=0, select bank0
  1432     0221  009F               	movwf	31	;volatile
  1433     0222                     l815:
  1434                           
  1435                           ;main.c: 231:     _delay((unsigned long)((2)*(8000000UL/4000.0)));
  1436     0222  3006               	movlw	6
  1437     0223  00F3               	movwf	??_ADC_Init+1
  1438     0224  3030               	movlw	48
  1439     0225  00F2               	movwf	??_ADC_Init
  1440     0226                     u577:
  1441     0226  0BF2               	decfsz	??_ADC_Init,f
  1442     0227  2A26               	goto	u577
  1443     0228  0BF3               	decfsz	??_ADC_Init+1,f
  1444     0229  2A26               	goto	u577
  1445     022A  0000               	nop
  1446     022B                     l69:
  1447     022B  0008               	return
  1448     022C                     __end_of_ADC_Init:
  1449                           
  1450                           	psect	text9
  1451     017B                     __ptext9:	
  1452 ;; *************** function _PWM1_SetDuty *****************
  1453 ;; Defined at:
  1454 ;;		line 274 in file "main.c"
  1455 ;; Parameters:    Size  Location     Type
  1456 ;;  duty            2    2[COMMON] unsigned int 
  1457 ;; Auto vars:     Size  Location     Type
  1458 ;;		None
  1459 ;; Return value:  Size  Location     Type
  1460 ;;                  1    wreg      void 
  1461 ;; Registers used:
  1462 ;;		wreg, status,2, status,0
  1463 ;; Tracked objects:
  1464 ;;		On entry : 0/0
  1465 ;;		On exit  : 0/0
  1466 ;;		Unchanged: 0/0
  1467 ;; Data sizes:     COMMON   BANK0   BANK1   BANK3   BANK2
  1468 ;;      Params:         2       0       0       0       0
  1469 ;;      Locals:         0       0       0       0       0
  1470 ;;      Temps:          2       0       0       0       0
  1471 ;;      Totals:         4       0       0       0       0
  1472 ;;Total ram usage:        4 bytes
  1473 ;; Hardware stack levels used: 1
  1474 ;; Hardware stack levels required when called: 1
  1475 ;; This function calls:
  1476 ;;		Nothing
  1477 ;; This function is called by:
  1478 ;;		_main
  1479 ;; This function uses a non-reentrant model
  1480 ;;
  1481                           
  1482     017B                     _PWM1_SetDuty:	
  1483                           ;psect for function _PWM1_SetDuty
  1484                           
  1485     017B                     l847:	
  1486                           ;incstack = 0
  1487                           ; Regs used in _PWM1_SetDuty: [wreg+status,2+status,0]
  1488                           
  1489                           
  1490                           ;main.c: 274: void PWM1_SetDuty(unsigned int duty);main.c: 275: {;main.c: 276:     if (d
      +                          uty > 1000u)
  1491     017B  3003               	movlw	3
  1492     017C  0273               	subwf	PWM1_SetDuty@duty+1,w
  1493     017D  30E9               	movlw	233
  1494     017E  1903               	skipnz
  1495     017F  0272               	subwf	PWM1_SetDuty@duty,w
  1496     0180  1C03               	skipc
  1497     0181  2983               	goto	u311
  1498     0182  2984               	goto	u310
  1499     0183                     u311:
  1500     0183  2988               	goto	l851
  1501     0184                     u310:
  1502     0184                     l849:
  1503                           
  1504                           ;main.c: 277:     {;main.c: 278:         duty = 1000u;
  1505     0184  30E8               	movlw	232
  1506     0185  00F2               	movwf	PWM1_SetDuty@duty
  1507     0186  3003               	movlw	3
  1508     0187  00F3               	movwf	PWM1_SetDuty@duty+1
  1509     0188                     l851:
  1510                           
  1511                           ;main.c: 282:     CCPR1L = (unsigned char)(duty >> 2);
  1512     0188  0873               	movf	PWM1_SetDuty@duty+1,w
  1513     0189  00F5               	movwf	??_PWM1_SetDuty+1
  1514     018A  0872               	movf	PWM1_SetDuty@duty,w
  1515     018B  00F4               	movwf	??_PWM1_SetDuty
  1516     018C  1003               	clrc
  1517     018D  0CF5               	rrf	??_PWM1_SetDuty+1,f
  1518     018E  0CF4               	rrf	??_PWM1_SetDuty,f
  1519     018F  1003               	clrc
  1520     0190  0CF5               	rrf	??_PWM1_SetDuty+1,f
  1521     0191  0CF4               	rrf	??_PWM1_SetDuty,f
  1522     0192  0874               	movf	??_PWM1_SetDuty,w
  1523     0193  1283               	bcf	3,5	;RP0=0, select bank0
  1524     0194  1303               	bcf	3,6	;RP1=0, select bank0
  1525     0195  0095               	movwf	21	;volatile
  1526     0196                     l853:
  1527                           
  1528                           ;main.c: 285:     CCP1CON &= 0xCF;
  1529     0196  30CF               	movlw	207
  1530     0197  0597               	andwf	23,f	;volatile
  1531     0198                     l855:
  1532                           
  1533                           ;main.c: 286:     CCP1CON |= (unsigned char)((duty & 0x03) << 4);
  1534     0198  0872               	movf	PWM1_SetDuty@duty,w
  1535     0199  3903               	andlw	3
  1536     019A  00F4               	movwf	??_PWM1_SetDuty
  1537     019B  3003               	movlw	3
  1538     019C                     u325:
  1539     019C  1003               	clrc
  1540     019D  0DF4               	rlf	??_PWM1_SetDuty,f
  1541     019E  3EFF               	addlw	-1
  1542     019F  1D03               	skipz
  1543     01A0  299C               	goto	u325
  1544     01A1  1003               	clrc
  1545     01A2  0D74               	rlf	??_PWM1_SetDuty,w
  1546     01A3  0497               	iorwf	23,f	;volatile
  1547     01A4                     l85:
  1548     01A4  0008               	return
  1549     01A5                     __end_of_PWM1_SetDuty:
  1550                           
  1551                           	psect	text10
  1552     01CC                     __ptext10:	
  1553 ;; *************** function _ADC_Read *****************
  1554 ;; Defined at:
  1555 ;;		line 234 in file "main.c"
  1556 ;; Parameters:    Size  Location     Type
  1557 ;;  channel         1    wreg     unsigned char 
  1558 ;; Auto vars:     Size  Location     Type
  1559 ;;  channel         1    5[COMMON] unsigned char 
  1560 ;; Return value:  Size  Location     Type
  1561 ;;                  2    2[COMMON] unsigned int 
  1562 ;; Registers used:
  1563 ;;		wreg, status,2, status,0
  1564 ;; Tracked objects:
  1565 ;;		On entry : 0/0
  1566 ;;		On exit  : 0/0
  1567 ;;		Unchanged: 0/0
  1568 ;; Data sizes:     COMMON   BANK0   BANK1   BANK3   BANK2
  1569 ;;      Params:         2       0       0       0       0
  1570 ;;      Locals:         1       0       0       0       0
  1571 ;;      Temps:          1       0       0       0       0
  1572 ;;      Totals:         4       0       0       0       0
  1573 ;;Total ram usage:        4 bytes
  1574 ;; Hardware stack levels used: 1
  1575 ;; Hardware stack levels required when called: 1
  1576 ;; This function calls:
  1577 ;;		Nothing
  1578 ;; This function is called by:
  1579 ;;		_main
  1580 ;; This function uses a non-reentrant model
  1581 ;;
  1582                           
  1583     01CC                     _ADC_Read:	
  1584                           ;psect for function _ADC_Read
  1585                           
  1586                           
  1587                           ;incstack = 0
  1588                           ; Regs used in _ADC_Read: [wreg+status,2+status,0]
  1589                           ;ADC_Read@channel stored from wreg
  1590     01CC  00F5               	movwf	ADC_Read@channel
  1591     01CD                     l837:
  1592                           
  1593                           ;main.c: 234: unsigned int ADC_Read(unsigned char channel);main.c: 235: {;main.c: 236:  
      +                             ADCON0 &= 0xC3;
  1594     01CD  30C3               	movlw	195
  1595     01CE  1283               	bcf	3,5	;RP0=0, select bank0
  1596     01CF  1303               	bcf	3,6	;RP1=0, select bank0
  1597     01D0  059F               	andwf	31,f	;volatile
  1598                           
  1599                           ;main.c: 237:     ADCON0 |= ((channel & 0x0F) << 2);
  1600     01D1  0875               	movf	ADC_Read@channel,w
  1601     01D2  390F               	andlw	15
  1602     01D3  00F4               	movwf	??_ADC_Read
  1603     01D4  3001               	movlw	1
  1604     01D5                     u295:
  1605     01D5  1003               	clrc
  1606     01D6  0DF4               	rlf	??_ADC_Read,f
  1607     01D7  3EFF               	addlw	-1
  1608     01D8  1D03               	skipz
  1609     01D9  29D5               	goto	u295
  1610     01DA  1003               	clrc
  1611     01DB  0D74               	rlf	??_ADC_Read,w
  1612     01DC  049F               	iorwf	31,f	;volatile
  1613     01DD                     l839:
  1614                           
  1615                           ;main.c: 239:     _delay((unsigned long)((25)*(8000000UL/4000000.0)));
  1616     01DD  3010               	movlw	16
  1617     01DE  00F4               	movwf	??_ADC_Read
  1618     01DF                     u587:
  1619     01DF  0BF4               	decfsz	??_ADC_Read,f
  1620     01E0  29DF               	goto	u587
  1621     01E1  0000               	nop
  1622     01E2                     l841:
  1623                           
  1624                           ;main.c: 241:     ADCON0 |= 0x02;
  1625     01E2  1283               	bcf	3,5	;RP0=0, select bank0
  1626     01E3  1303               	bcf	3,6	;RP1=0, select bank0
  1627     01E4  149F               	bsf	31,1	;volatile
  1628     01E5                     l72:	
  1629                           ;main.c: 243:     while (ADCON0 & 0x02);
  1630                           
  1631     01E5  189F               	btfsc	31,1	;volatile
  1632     01E6  29E8               	goto	u301
  1633     01E7  29E9               	goto	u300
  1634     01E8                     u301:
  1635     01E8  29E5               	goto	l72
  1636     01E9                     u300:
  1637     01E9                     l843:
  1638                           
  1639                           ;main.c: 245:     return ((unsigned int)ADRESH << 8) | ADRESL;
  1640     01E9  081E               	movf	30,w	;volatile
  1641     01EA  00F3               	movwf	?_ADC_Read+1
  1642     01EB  1683               	bsf	3,5	;RP0=1, select bank1
  1643     01EC  1303               	bcf	3,6	;RP1=0, select bank1
  1644     01ED  081E               	movf	30,w	;volatile
  1645     01EE  00F2               	movwf	?_ADC_Read
  1646     01EF                     l75:
  1647     01EF  0008               	return
  1648     01F0                     __end_of_ADC_Read:
  1649                           
  1650                           	psect	text11
  1651     023E                     __ptext11:	
  1652 ;; *************** function _ISR *****************
  1653 ;; Defined at:
  1654 ;;		line 202 in file "main.c"
  1655 ;; Parameters:    Size  Location     Type
  1656 ;;		None
  1657 ;; Auto vars:     Size  Location     Type
  1658 ;;		None
  1659 ;; Return value:  Size  Location     Type
  1660 ;;                  1    wreg      void 
  1661 ;; Registers used:
  1662 ;;		None
  1663 ;; Tracked objects:
  1664 ;;		On entry : 0/0
  1665 ;;		On exit  : 0/0
  1666 ;;		Unchanged: 0/0
  1667 ;; Data sizes:     COMMON   BANK0   BANK1   BANK3   BANK2
  1668 ;;      Params:         0       0       0       0       0
  1669 ;;      Locals:         0       0       0       0       0
  1670 ;;      Temps:          2       0       0       0       0
  1671 ;;      Totals:         2       0       0       0       0
  1672 ;;Total ram usage:        2 bytes
  1673 ;; Hardware stack levels used: 1
  1674 ;; This function calls:
  1675 ;;		Nothing
  1676 ;; This function is called by:
  1677 ;;		Interrupt level 1
  1678 ;; This function uses a non-reentrant model
  1679 ;;
  1680                           
  1681     023E                     _ISR:	
  1682                           ;psect for function _ISR
  1683                           
  1684     023E                     i1l909:
  1685                           
  1686                           ;main.c: 204:     if (INTCONbits.INTF)
  1687     023E  1C8B               	btfss	11,1	;volatile
  1688     023F  2A41               	goto	u45_21
  1689     0240  2A42               	goto	u45_20
  1690     0241                     u45_21:
  1691     0241  2A48               	goto	i1l66
  1692     0242                     u45_20:
  1693     0242                     i1l911:
  1694                           
  1695                           ;main.c: 205:     {;main.c: 206:         INTCONbits.INTF = 0;
  1696     0242  108B               	bcf	11,1	;volatile
  1697                           
  1698                           ;main.c: 207:         INTCONbits.INTE = 0;
  1699     0243  120B               	bcf	11,4	;volatile
  1700                           
  1701                           ;main.c: 208:         direction_event = 1;
  1702     0244  3001               	movlw	1
  1703     0245  1283               	bcf	3,5	;RP0=0, select bank0
  1704     0246  1303               	bcf	3,6	;RP1=0, select bank0
  1705     0247  00B8               	movwf	_direction_event	;volatile
  1706     0248                     i1l66:
  1707     0248  0871               	movf	??_ISR+1,w
  1708     0249  008A               	movwf	10
  1709     024A  0E70               	swapf	??_ISR,w
  1710     024B  0083               	movwf	3
  1711     024C  0EFE               	swapf	btemp,f
  1712     024D  0E7E               	swapf	btemp,w
  1713     024E  0009               	retfie
  1714     024F                     __end_of_ISR:
  1715     0002                     ___latbits      equ	2
  1716     007E                     btemp           set	126	;btemp
  1717     007E                     btemp0          set	126
  1718     007F                     btemp1          set	127
  1719     007E                     wtemp0          set	126
  1720     007F                     wtemp0a         set	127
  1721     007F                     ttemp0a         set	127
  1722     0080                     ltemp0a         set	128
  1723                           
  1724                           	psect	intentry
  1725     0004                     __pintentry:	
  1726                           ;incstack = 0
  1727                           ; Regs used in _ISR: []
  1728                           
  1729     0004                     interrupt_function:
  1730     007E                     saved_w         set	btemp
  1731     0004  00FE               	movwf	btemp
  1732     0005  0E03               	swapf	3,w
  1733     0006  00F0               	movwf	??_ISR
  1734     0007  080A               	movf	10,w
  1735     0008  00F1               	movwf	??_ISR+1
  1736     0009  120A  118A  2A3E   	ljmp	_ISR
  1737                           
  1738                           	psect	config
  1739                           
  1740                           ;Config register CONFIG1 @ 0x2007
  1741                           ;	Oscillator Selection bits
  1742                           ;	FOSC = HS, HS oscillator: High-speed crystal/resonator on RA6/OSC2/CLKOUT and RA7/OSC1
      +                          /CLKIN
  1743                           ;	Watchdog Timer Enable bit
  1744                           ;	WDTE = OFF, WDT disabled and can be enabled by SWDTEN bit of the WDTCON register
  1745                           ;	Power-up Timer Enable bit
  1746                           ;	PWRTE = OFF, PWRT disabled
  1747                           ;	RE3/MCLR pin function select bit
  1748                           ;	MCLRE = 0x1, unprogrammed default
  1749                           ;	Code Protection bit
  1750                           ;	CP = OFF, Program memory code protection is disabled
  1751                           ;	Data Code Protection bit
  1752                           ;	CPD = OFF, Data memory code protection is disabled
  1753                           ;	Brown Out Reset Selection bits
  1754                           ;	BOREN = ON, BOR enabled
  1755                           ;	Internal External Switchover bit
  1756                           ;	IESO = 0x1, unprogrammed default
  1757                           ;	Fail-Safe Clock Monitor Enabled bit
  1758                           ;	FCMEN = 0x1, unprogrammed default
  1759                           ;	Low Voltage Programming Enable bit
  1760                           ;	LVP = OFF, RB3 pin has digital I/O, HV on MCLR must be used for programming
  1761                           ;	In-Circuit Debugger Mode bit
  1762                           ;	DEBUG = 0x1, unprogrammed default
  1763     2007                     	org	8199
  1764     2007  2FF2               	dw	12274
  1765                           
  1766                           ;Config register CONFIG2 @ 0x2008
  1767                           ;	Brown-out Reset Selection bit
  1768                           ;	BOR4V = 0x1, unprogrammed default
  1769                           ;	Flash Program Memory Self Write Enable bits
  1770                           ;	WRT = OFF, Write protection off
  1771     2008                     	org	8200
  1772     2008  3FFF               	dw	16383

Data Sizes:
    Strings     0
    Constant    0
    Data        0
    BSS         2
    Persistent  0
    Stack       0

Auto Spaces:
    Space          Size  Autos    Used
    COMMON           14     12      12
    BANK0            80     23      25
    BANK1            80      0       0
    BANK3            96      0       0
    BANK2            96      0       0

Pointer List with Targets:

    None.

Critical Paths under _main in COMMON

    _main->___lldiv
    ___lldiv->___lmul
    _System_Init->_Motor_SetDirection

Critical Paths under _ISR in COMMON

    None.

Critical Paths under _main in BANK0

    _main->___lldiv
    ___lldiv->___lmul

Critical Paths under _ISR in BANK0

    None.

Critical Paths under _main in BANK1

    None.

Critical Paths under _ISR in BANK1

    None.

Critical Paths under _main in BANK3

    None.

Critical Paths under _ISR in BANK3

    None.

Critical Paths under _main in BANK2

    None.

Critical Paths under _ISR in BANK2

    None.

Call Graph Tables:

 ---------------------------------------------------------------------------------
 (Depth) Function   	        Calls       Base Space   Used Autos Params    Refs
 ---------------------------------------------------------------------------------
 (0) _main                                                 6     6      0     507
                                             17 BANK0      6     6      0
                           _ADC_Read
                 _Motor_SetDirection
                       _PWM1_SetDuty
                        _System_Init
                            ___lldiv
                             ___lmul
 ---------------------------------------------------------------------------------
 (1) ___lmul                                              13     5      8      94
                                              2 COMMON     9     1      8
                                              0 BANK0      4     4      0
 ---------------------------------------------------------------------------------
 (1) ___lldiv                                             14     6      8     164
                                             11 COMMON     1     1      0
                                              4 BANK0     13     5      8
                             ___lmul (ARG)
 ---------------------------------------------------------------------------------
 (1) _System_Init                                          0     0      0      29
                           _ADC_Init
                  _External_INT_Init
                 _Motor_SetDirection
                          _PWM1_Init
 ---------------------------------------------------------------------------------
 (2) _PWM1_Init                                            0     0      0       0
 ---------------------------------------------------------------------------------
 (2) _Motor_SetDirection                                   4     4      0      29
                                              2 COMMON     4     4      0
                         _Motor_Stop
 ---------------------------------------------------------------------------------
 (3) _Motor_Stop                                           0     0      0       0
 ---------------------------------------------------------------------------------
 (2) _External_INT_Init                                    0     0      0       0
 ---------------------------------------------------------------------------------
 (2) _ADC_Init                                             2     2      0       0
                                              2 COMMON     2     2      0
 ---------------------------------------------------------------------------------
 (1) _PWM1_SetDuty                                         4     2      2      68
                                              2 COMMON     4     2      2
 ---------------------------------------------------------------------------------
 (1) _ADC_Read                                             4     2      2      29
                                              2 COMMON     4     2      2
 ---------------------------------------------------------------------------------
 Estimated maximum stack depth 3
 ---------------------------------------------------------------------------------
 (Depth) Function   	        Calls       Base Space   Used Autos Params    Refs
 ---------------------------------------------------------------------------------
 (4) _ISR                                                  2     2      0       0
                                              0 COMMON     2     2      0
 ---------------------------------------------------------------------------------
 Estimated maximum stack depth 4
 ---------------------------------------------------------------------------------

 Call Graph Graphs:

 _main (ROOT)
   _ADC_Read
   _Motor_SetDirection
     _Motor_Stop
   _PWM1_SetDuty
   _System_Init
     _ADC_Init
     _External_INT_Init
     _Motor_SetDirection
     _PWM1_Init
   ___lldiv
     ___lmul (ARG)
   ___lmul

 _ISR (ROOT)

Address spaces:
Name               Size   Autos  Total    Usage
BITCOMMON           14      0       0      0.0%
BITBANK0            80      0       0      0.0%
BITBANK1            80      0       0      0.0%
BITBANK3            96      0       0      0.0%
BITBANK2            96      0       0      0.0%
COMMON              14     12      12     85.7%
BANK0               80     23      25     31.2%
BANK1               80      0       0      0.0%
BANK3               96      0       0      0.0%
BANK2               96      0       0      0.0%
STACK                0      0       0      0.0%
DATA                 0      0      37      0.0%


Microchip Technology PIC Macro Assembler V3.10 build 20250813170317 
Symbol Table                                                                                   Tue Jun 23 17:19:42 2026

                         l72 01E5                           l81 023D                           l75 01EF  
                         l91 020D                           l85 01A4                           l69 022B  
                         l93 0211                           l78 0239                           l96 0259  
                         l88 025E                           l99 01CB                          l107 0046  
                        l215 017A                          l237 012E                          l811 021A  
                        l813 021E                          l805 025A                          l821 0234  
                        l901 0117                          l815 0222                          l807 0212  
                        l831 0203                          l823 0236                          l903 0120  
                        l841 01E2                          l809 0219                          l833 0208  
                        l825 0238                          l817 022C                          l905 0126  
                        l921 0032                          l913 0017                          l843 01E9  
                        l851 0188                          l835 024F                          l827 01F1  
                        l819 0231                          l931 005A                          l923 0038  
                        l915 001B                          l837 01CD                          l853 0196  
                        l829 01F6                          l861 01B3                          l941 00A1  
                        l933 005B                          l925 0040                          l917 0020  
                        l839 01DD                          l855 0198                          l847 017B  
                        l863 01B4                          l871 012F                          l943 00A4  
                        l927 004C                          l919 0027                          l935 005C  
                        l849 0184                          l865 01B9                          l857 01A5  
                        l881 0170                          l873 0139                          l945 00AD  
                        l937 0068                          l929 0057                          l867 01BE  
                        l859 01B0                          l891 00E9                          l875 013D  
                        l947 00B1                          l939 0098                          l869 01C6  
                        l893 00ED                          l885 00C9                          l877 0156  
                        l949 00BA                          l895 00F6                          l887 00DB  
                        l879 015F                          l897 0108                          l889 00DE  
                        l899 0116                          u300 01E9                          u301 01E8  
                        u310 0184                          u311 0183                          u400 00ED  
                        u401 00EC                          u330 013D                          u331 013C  
                        u420 0108                          u500 004C                          u325 019C  
                        u421 0107                          u341 0148                          u501 004B  
                        u270 023D                          u342 014F                          u510 00A1  
                        _PR2 0092                          u271 023C                          u415 00EF  
                        u343 0156                          u511 00A0                          u280 0208  
                        u440 0126                          u520 00AD                          u281 0207  
                        u441 0125                          u425 0104                          u521 00AC  
                        u370 0170                          u435 0118                          u371 016F  
                        u355 0158                          u380 00DB                          u460 0027  
                        _ISR 023E                          u381 00DA                          u365 0160  
                        u461 0026                          u470 0038                          u295 01D5  
                        u471 0037                          u480 003E                          u481 003C  
                        u537 002D                          u490 003F                          u395 00E0  
                        u547 0052                          u557 00C0                          u567 01FC  
                        u577 0226                          u587 01DF                         ?_ISR 0070  
                       i1l66 0248                         _WPUB 0095                         _main 0017  
                       btemp 007E             __end_of_ADC_Init 022C             __end_of_ADC_Read 01F0  
                       start 000C                        ??_ISR 0070                        ?_main 0070  
                      _ANSEL 0188              __end_of___lldiv 012F                        _T2CON 0012  
                      i1l911 0242                        i1l909 023E                        _PORTA 0005  
                      _PORTB 0006                        _PORTC 0007                        _PORTD 0008  
                      _PORTE 0009                        u45_20 0242                        u45_21 0241  
        ___lmul@multiplicand 0076                        btemp0 007E                        btemp1 007F  
                      pclath 000A                        status 0003                        wtemp0 007E  
              main@adc_value 0033              __initialization 000F                 __end_of_main 00C9  
                     ??_main 0031                       _ADCON0 001F                       _ADCON1 009F  
                     _ADRESH 001E                       _ADRESL 009E                       _CCPR1L 0015  
                     _ANSELH 0189                   _Motor_Stop 025A            __end_of_PWM1_Init 023E  
                     ___lmul 012F                    ??___lldiv 007B              ADC_Read@channel 0075  
                     ltemp0a 0080                    ?_ADC_Init 0070                    ?_ADC_Read 0072  
                     saved_w 007E              _motor_direction 0037                       ttemp0a 007F  
                     wtemp0a 007F      __end_of__initialization 0013               __pcstackCOMMON 0070  
             _OPTION_REGbits 0081                   ??_ADC_Init 0072                   ??_ADC_Read 0074  
                 __pbssBANK0 0037                   __pmaintext 0017                  ?_Motor_Stop 0070  
                    ?___lmul 0072                   __pintentry 0004                      _CM1CON0 0107  
                    _CM2CON0 0108                      _CCP1CON 0017               ___lmul@product 0020  
              ??_System_Init 0076                ?_PWM1_SetDuty 0072                      ___lldiv 00C9  
                    __ptext1 012F                      __ptext2 00C9                      __ptext3 01A5  
                    __ptext4 022C                      __ptext5 01F0                      __ptext6 025A  
                    __ptext7 024F                      __ptext8 0212                      __ptext9 017B  
          _External_INT_Init 024F           ?_External_INT_Init 0070         end_of_initialization 0013  
        ??_External_INT_Init 0072              _direction_event 0038              ___lldiv@divisor 0024  
            ___lldiv@counter 0030               ??_PWM1_SetDuty 0074          __end_of_System_Init 01CC  
  __end_of_External_INT_Init 025A                    _PWM1_Init 022C                    _PORTBbits 0006  
                  _PORTDbits 0008   __end_of_Motor_SetDirection 0212                    _TRISAbits 0085  
                  _TRISBbits 0086                    _TRISCbits 0087                    _TRISDbits 0088  
             __end_of___lmul 017B                   ?_PWM1_Init 0070          start_initialization 000F  
                __end_of_ISR 024F                  _System_Init 01A5                 ??_Motor_Stop 0072  
                   ??___lmul 007A                    ___latbits 0002                __pcstackBANK0 0020  
       __end_of_PWM1_SetDuty 01A5           __end_of_Motor_Stop 025F                     ?___lldiv 0024  
                ??_PWM1_Init 0072                     _ADC_Init 0212                     _ADC_Read 01CC  
          interrupt_function 0004                     _PIR1bits 000C            ___lmul@multiplier 0072  
         _Motor_SetDirection 01F0          ?_Motor_SetDirection 0070         ??_Motor_SetDirection 0072  
                   __ptext10 01CC                     __ptext11 023E                 ?_System_Init 0070  
               _PWM1_SetDuty 017B                     main@duty 0035  Motor_SetDirection@direction 0075  
                 _INTCONbits 000B                     intlevel1 0000             ___lldiv@dividend 0028  
           ___lldiv@quotient 002C             PWM1_SetDuty@duty 0072  
