

Microchip MPLAB XC8 Assembler V3.10 build 20250813170317 
                                                                                               Thu Jun 11 16:36:15 2026

Microchip MPLAB XC8 C Compiler v3.10 (Free license) build 20250813170317 Og1 
     1                           	processor	16F887
     2                           	pagewidth 120
     3                           	opt	flic
     4                           	psect	idataBANK0,global,class=CODE,space=0,delta=2,noexec
     5                           	psect	idataBANK1,global,class=CODE,space=0,delta=2,noexec
     6                           	psect	strings,global,class=STRING,space=0,delta=2,noexec
     7                           	psect	cinit,global,class=CODE,space=0,merge=1,delta=2
     8                           	psect	bssCOMMON,global,class=COMMON,space=1,delta=1,noexec
     9                           	psect	bssBANK0,global,class=BANK0,space=1,delta=1,noexec
    10                           	psect	dataBANK0,global,class=BANK0,space=1,delta=1,noexec
    11                           	psect	bssBANK1,global,class=BANK1,space=1,delta=1,noexec
    12                           	psect	dataBANK1,global,class=BANK1,space=1,delta=1,noexec
    13                           	psect	clrtext,global,class=CODE,space=0,delta=2
    14                           	psect	cstackCOMMON,global,class=COMMON,space=1,delta=1,noexec
    15                           	psect	cstackBANK0,global,class=BANK0,space=1,delta=1,noexec
    16                           	psect	maintext,global,class=CODE,space=0,split=1,delta=2
    17                           	psect	text1,local,class=CODE,space=0,merge=1,delta=2,group=3
    18                           	psect	text2,local,class=CODE,space=0,merge=1,delta=2,group=1
    19                           	psect	text3,local,class=CODE,space=0,merge=1,delta=2,group=1
    20                           	psect	text4,local,class=CODE,space=0,merge=1,delta=2,group=3
    21                           	psect	text5,local,class=CODE,space=0,merge=1,delta=2,group=3
    22                           	psect	text6,local,class=CODE,space=0,merge=1,delta=2,group=2
    23                           	psect	text7,local,class=CODE,space=0,merge=1,delta=2,group=2
    24                           	psect	text8,local,class=CODE,space=0,merge=1,delta=2,group=2
    25                           	psect	text9,local,class=CODE,space=0,merge=1,delta=2,group=2
    26                           	psect	text10,local,class=CODE,space=0,merge=1,delta=2,group=2
    27                           	psect	text11,local,class=CODE,space=0,merge=1,delta=2
    28                           	psect	text12,local,class=CODE,space=0,merge=1,delta=2
    29                           	psect	text13,local,class=CODE,space=0,merge=1,delta=2
    30                           	psect	text14,local,class=CODE,space=0,merge=1,delta=2
    31                           	psect	text15,local,class=CODE,space=0,merge=1,delta=2
    32                           	psect	text16,local,class=CODE,space=0,merge=1,delta=2
    33                           	psect	text17,local,class=CODE,space=0,merge=1,delta=2
    34                           	psect	text18,local,class=CODE,space=0,merge=1,delta=2
    35                           	psect	intentry,global,class=CODE,space=0,delta=2
    36                           	psect	text19,local,class=CODE,space=0,merge=1,delta=2
    37                           	psect	config,global,abs,ovrld,class=CONFIG,space=4,delta=2,noexec
    38                           	dabs	1,0x7E,2
    39     0000                     
    40                           ; Generated 22/04/2026 GMT
    41                           ; 
    42                           ; Copyright (c) 2026 Microchip Technology Inc. and its subsidiaries.
    43                           ; 
    44                           ; Licensed under the Apache License, Version 2.0 (the "License");
    45                           ; you may not use this file except in compliance with the License.
    46                           ; You may obtain a copy of the License at
    47                           ; 
    48                           ;   http://www.apache.org/licenses/LICENSE-2.0
    49                           ; 
    50                           ; Unless required by applicable law or agreed to in writing, software
    51                           ; distributed under the License is distributed on an "AS IS" BASIS,
    52                           ; WITHOUT WARRANTIES OR CONDITIONS OF ANY KIND, either express or implied.
    53                           ; See the License for the specific language governing permissions and
    54                           ; limitations under the License.
    55                           ; 
    56                           ; 
    57                           ; Code-generator required, PIC16F887 Definitions
    58                           ; 
    59                           ; SFR Addresses
    60     0004                     fsr             equ	4
    61     0004                     fsr0            equ	4
    62     0000                     indf            equ	0
    63     0000                     indf0           equ	0
    64     0002                     pc              equ	2
    65     0002                     pcl             equ	2
    66     000A                     pclath          equ	10
    67     0003                     status          equ	3
    68     0000                     INDF            equ	0	;# 
    69     0001                     TMR0            equ	1	;# 
    70     0002                     PCL             equ	2	;# 
    71     0003                     STATUS          equ	3	;# 
    72     0004                     FSR             equ	4	;# 
    73     0005                     PORTA           equ	5	;# 
    74     0006                     PORTB           equ	6	;# 
    75     0007                     PORTC           equ	7	;# 
    76     0008                     PORTD           equ	8	;# 
    77     0009                     PORTE           equ	9	;# 
    78     000A                     PCLATH          equ	10	;# 
    79     000B                     INTCON          equ	11	;# 
    80     000C                     PIR1            equ	12	;# 
    81     000D                     PIR2            equ	13	;# 
    82     000E                     TMR1            equ	14	;# 
    83     000E                     TMR1L           equ	14	;# 
    84     000F                     TMR1H           equ	15	;# 
    85     0010                     T1CON           equ	16	;# 
    86     0011                     TMR2            equ	17	;# 
    87     0012                     T2CON           equ	18	;# 
    88     0013                     SSPBUF          equ	19	;# 
    89     0014                     SSPCON          equ	20	;# 
    90     0015                     CCPR1           equ	21	;# 
    91     0015                     CCPR1L          equ	21	;# 
    92     0016                     CCPR1H          equ	22	;# 
    93     0017                     CCP1CON         equ	23	;# 
    94     0018                     RCSTA           equ	24	;# 
    95     0019                     TXREG           equ	25	;# 
    96     001A                     RCREG           equ	26	;# 
    97     001B                     CCPR2           equ	27	;# 
    98     001B                     CCPR2L          equ	27	;# 
    99     001C                     CCPR2H          equ	28	;# 
   100     001D                     CCP2CON         equ	29	;# 
   101     001E                     ADRESH          equ	30	;# 
   102     001F                     ADCON0          equ	31	;# 
   103     0081                     OPTION_REG      equ	129	;# 
   104     0085                     TRISA           equ	133	;# 
   105     0086                     TRISB           equ	134	;# 
   106     0087                     TRISC           equ	135	;# 
   107     0088                     TRISD           equ	136	;# 
   108     0089                     TRISE           equ	137	;# 
   109     008C                     PIE1            equ	140	;# 
   110     008D                     PIE2            equ	141	;# 
   111     008E                     PCON            equ	142	;# 
   112     008F                     OSCCON          equ	143	;# 
   113     0090                     OSCTUNE         equ	144	;# 
   114     0091                     SSPCON2         equ	145	;# 
   115     0092                     PR2             equ	146	;# 
   116     0093                     SSPADD          equ	147	;# 
   117     0093                     SSPMSK          equ	147	;# 
   118     0093                     MSK             equ	147	;# 
   119     0094                     SSPSTAT         equ	148	;# 
   120     0095                     WPUB            equ	149	;# 
   121     0096                     IOCB            equ	150	;# 
   122     0097                     VRCON           equ	151	;# 
   123     0098                     TXSTA           equ	152	;# 
   124     0099                     SPBRG           equ	153	;# 
   125     009A                     SPBRGH          equ	154	;# 
   126     009B                     PWM1CON         equ	155	;# 
   127     009C                     ECCPAS          equ	156	;# 
   128     009D                     PSTRCON         equ	157	;# 
   129     009E                     ADRESL          equ	158	;# 
   130     009F                     ADCON1          equ	159	;# 
   131     0105                     WDTCON          equ	261	;# 
   132     0107                     CM1CON0         equ	263	;# 
   133     0108                     CM2CON0         equ	264	;# 
   134     0109                     CM2CON1         equ	265	;# 
   135     010C                     EEDATA          equ	268	;# 
   136     010C                     EEDAT           equ	268	;# 
   137     010D                     EEADR           equ	269	;# 
   138     010E                     EEDATH          equ	270	;# 
   139     010F                     EEADRH          equ	271	;# 
   140     0185                     SRCON           equ	389	;# 
   141     0187                     BAUDCTL         equ	391	;# 
   142     0188                     ANSEL           equ	392	;# 
   143     0189                     ANSELH          equ	393	;# 
   144     018C                     EECON1          equ	396	;# 
   145     018D                     EECON2          equ	397	;# 
   146     0000                     INDF            equ	0	;# 
   147     0001                     TMR0            equ	1	;# 
   148     0002                     PCL             equ	2	;# 
   149     0003                     STATUS          equ	3	;# 
   150     0004                     FSR             equ	4	;# 
   151     0005                     PORTA           equ	5	;# 
   152     0006                     PORTB           equ	6	;# 
   153     0007                     PORTC           equ	7	;# 
   154     0008                     PORTD           equ	8	;# 
   155     0009                     PORTE           equ	9	;# 
   156     000A                     PCLATH          equ	10	;# 
   157     000B                     INTCON          equ	11	;# 
   158     000C                     PIR1            equ	12	;# 
   159     000D                     PIR2            equ	13	;# 
   160     000E                     TMR1            equ	14	;# 
   161     000E                     TMR1L           equ	14	;# 
   162     000F                     TMR1H           equ	15	;# 
   163     0010                     T1CON           equ	16	;# 
   164     0011                     TMR2            equ	17	;# 
   165     0012                     T2CON           equ	18	;# 
   166     0013                     SSPBUF          equ	19	;# 
   167     0014                     SSPCON          equ	20	;# 
   168     0015                     CCPR1           equ	21	;# 
   169     0015                     CCPR1L          equ	21	;# 
   170     0016                     CCPR1H          equ	22	;# 
   171     0017                     CCP1CON         equ	23	;# 
   172     0018                     RCSTA           equ	24	;# 
   173     0019                     TXREG           equ	25	;# 
   174     001A                     RCREG           equ	26	;# 
   175     001B                     CCPR2           equ	27	;# 
   176     001B                     CCPR2L          equ	27	;# 
   177     001C                     CCPR2H          equ	28	;# 
   178     001D                     CCP2CON         equ	29	;# 
   179     001E                     ADRESH          equ	30	;# 
   180     001F                     ADCON0          equ	31	;# 
   181     0081                     OPTION_REG      equ	129	;# 
   182     0085                     TRISA           equ	133	;# 
   183     0086                     TRISB           equ	134	;# 
   184     0087                     TRISC           equ	135	;# 
   185     0088                     TRISD           equ	136	;# 
   186     0089                     TRISE           equ	137	;# 
   187     008C                     PIE1            equ	140	;# 
   188     008D                     PIE2            equ	141	;# 
   189     008E                     PCON            equ	142	;# 
   190     008F                     OSCCON          equ	143	;# 
   191     0090                     OSCTUNE         equ	144	;# 
   192     0091                     SSPCON2         equ	145	;# 
   193     0092                     PR2             equ	146	;# 
   194     0093                     SSPADD          equ	147	;# 
   195     0093                     SSPMSK          equ	147	;# 
   196     0093                     MSK             equ	147	;# 
   197     0094                     SSPSTAT         equ	148	;# 
   198     0095                     WPUB            equ	149	;# 
   199     0096                     IOCB            equ	150	;# 
   200     0097                     VRCON           equ	151	;# 
   201     0098                     TXSTA           equ	152	;# 
   202     0099                     SPBRG           equ	153	;# 
   203     009A                     SPBRGH          equ	154	;# 
   204     009B                     PWM1CON         equ	155	;# 
   205     009C                     ECCPAS          equ	156	;# 
   206     009D                     PSTRCON         equ	157	;# 
   207     009E                     ADRESL          equ	158	;# 
   208     009F                     ADCON1          equ	159	;# 
   209     0105                     WDTCON          equ	261	;# 
   210     0107                     CM1CON0         equ	263	;# 
   211     0108                     CM2CON0         equ	264	;# 
   212     0109                     CM2CON1         equ	265	;# 
   213     010C                     EEDATA          equ	268	;# 
   214     010C                     EEDAT           equ	268	;# 
   215     010D                     EEADR           equ	269	;# 
   216     010E                     EEDATH          equ	270	;# 
   217     010F                     EEADRH          equ	271	;# 
   218     0185                     SRCON           equ	389	;# 
   219     0187                     BAUDCTL         equ	391	;# 
   220     0188                     ANSEL           equ	392	;# 
   221     0189                     ANSELH          equ	393	;# 
   222     018C                     EECON1          equ	396	;# 
   223     018D                     EECON2          equ	397	;# 
   224     0000                     INDF            equ	0	;# 
   225     0001                     TMR0            equ	1	;# 
   226     0002                     PCL             equ	2	;# 
   227     0003                     STATUS          equ	3	;# 
   228     0004                     FSR             equ	4	;# 
   229     0005                     PORTA           equ	5	;# 
   230     0006                     PORTB           equ	6	;# 
   231     0007                     PORTC           equ	7	;# 
   232     0008                     PORTD           equ	8	;# 
   233     0009                     PORTE           equ	9	;# 
   234     000A                     PCLATH          equ	10	;# 
   235     000B                     INTCON          equ	11	;# 
   236     000C                     PIR1            equ	12	;# 
   237     000D                     PIR2            equ	13	;# 
   238     000E                     TMR1            equ	14	;# 
   239     000E                     TMR1L           equ	14	;# 
   240     000F                     TMR1H           equ	15	;# 
   241     0010                     T1CON           equ	16	;# 
   242     0011                     TMR2            equ	17	;# 
   243     0012                     T2CON           equ	18	;# 
   244     0013                     SSPBUF          equ	19	;# 
   245     0014                     SSPCON          equ	20	;# 
   246     0015                     CCPR1           equ	21	;# 
   247     0015                     CCPR1L          equ	21	;# 
   248     0016                     CCPR1H          equ	22	;# 
   249     0017                     CCP1CON         equ	23	;# 
   250     0018                     RCSTA           equ	24	;# 
   251     0019                     TXREG           equ	25	;# 
   252     001A                     RCREG           equ	26	;# 
   253     001B                     CCPR2           equ	27	;# 
   254     001B                     CCPR2L          equ	27	;# 
   255     001C                     CCPR2H          equ	28	;# 
   256     001D                     CCP2CON         equ	29	;# 
   257     001E                     ADRESH          equ	30	;# 
   258     001F                     ADCON0          equ	31	;# 
   259     0081                     OPTION_REG      equ	129	;# 
   260     0085                     TRISA           equ	133	;# 
   261     0086                     TRISB           equ	134	;# 
   262     0087                     TRISC           equ	135	;# 
   263     0088                     TRISD           equ	136	;# 
   264     0089                     TRISE           equ	137	;# 
   265     008C                     PIE1            equ	140	;# 
   266     008D                     PIE2            equ	141	;# 
   267     008E                     PCON            equ	142	;# 
   268     008F                     OSCCON          equ	143	;# 
   269     0090                     OSCTUNE         equ	144	;# 
   270     0091                     SSPCON2         equ	145	;# 
   271     0092                     PR2             equ	146	;# 
   272     0093                     SSPADD          equ	147	;# 
   273     0093                     SSPMSK          equ	147	;# 
   274     0093                     MSK             equ	147	;# 
   275     0094                     SSPSTAT         equ	148	;# 
   276     0095                     WPUB            equ	149	;# 
   277     0096                     IOCB            equ	150	;# 
   278     0097                     VRCON           equ	151	;# 
   279     0098                     TXSTA           equ	152	;# 
   280     0099                     SPBRG           equ	153	;# 
   281     009A                     SPBRGH          equ	154	;# 
   282     009B                     PWM1CON         equ	155	;# 
   283     009C                     ECCPAS          equ	156	;# 
   284     009D                     PSTRCON         equ	157	;# 
   285     009E                     ADRESL          equ	158	;# 
   286     009F                     ADCON1          equ	159	;# 
   287     0105                     WDTCON          equ	261	;# 
   288     0107                     CM1CON0         equ	263	;# 
   289     0108                     CM2CON0         equ	264	;# 
   290     0109                     CM2CON1         equ	265	;# 
   291     010C                     EEDATA          equ	268	;# 
   292     010C                     EEDAT           equ	268	;# 
   293     010D                     EEADR           equ	269	;# 
   294     010E                     EEDATH          equ	270	;# 
   295     010F                     EEADRH          equ	271	;# 
   296     0185                     SRCON           equ	389	;# 
   297     0187                     BAUDCTL         equ	391	;# 
   298     0188                     ANSEL           equ	392	;# 
   299     0189                     ANSELH          equ	393	;# 
   300     018C                     EECON1          equ	396	;# 
   301     018D                     EECON2          equ	397	;# 
   302                           
   303                           	psect	idataBANK0
   304     07FF                     __pidataBANK0:
   305                           
   306                           ;initializer for _op
   307     07FF  3476               	retlw	118
   308                           
   309                           	psect	idataBANK1
   310     0F8D                     __pidataBANK1:
   311                           
   312                           ;initializer for main@F1772
   313     0F8D  3407               	retlw	7
   314     0F8E  3400               	retlw	0
   315     0F8F  341A               	retlw	26
   316     0F90  342C               	retlw	44
   317     0F91  343E               	retlw	62
   318     001E                     _ADRESH         set	30
   319     001F                     _ADCON0         set	31
   320     0006                     _PORTB          set	6
   321     0005                     _PORTA          set	5
   322     0007                     _PORTC          set	7
   323     0059                     _INTF           set	89
   324     005C                     _INTE           set	92
   325     005F                     _GIE            set	95
   326     00F9                     _GO_nDONE       set	249
   327     0081                     _OPTION_REG     set	129
   328     009E                     _ADRESL         set	158
   329     009F                     _ADCON1         set	159
   330     0087                     _TRISC          set	135
   331     0086                     _TRISB          set	134
   332     0085                     _TRISA          set	133
   333     040E                     _INTEDG         set	1038
   334     0189                     _ANSELH         set	393
   335     0188                     _ANSEL          set	392
   336                           
   337                           	psect	strings
   338     0738                     __pstrings:
   339     0738                     stringtab:
   340     0738                     __stringtab:
   341                           
   342                           ;	String table - string pointers are 1 byte each
   343     0738  1BFF               	btfsc	btemp+1,7
   344     0739  2F42               	ljmp	stringcode
   345     073A  1383               	bcf	3,7
   346     073B  187F               	btfsc	btemp+1,0
   347     073C  1783               	bsf	3,7
   348     073D  0800               	movf	0,w
   349     073E  0A84               	incf	4,f
   350     073F  1903               	skipnz
   351     0740  0AFF               	incf	btemp+1,f
   352     0741  0008               	return
   353     0742                     stringcode:
   354     0742                     stringdir:
   355     0742  3007               	movlw	high stringdir
   356     0743  008A               	movwf	10
   357     0744  0804               	movf	4,w
   358     0745  0A84               	incf	4,f
   359     0746  0782               	addwf	2,f
   360     0747                     __stringbase:
   361     0747  3400               	retlw	0
   362     0748                     __end_of__stringtab:
   363     0748                     STR_3:
   364     0748  3450               	retlw	80	;'P'
   365     0749  346F               	retlw	111	;'o'
   366     074A  3472               	retlw	114	;'r'
   367     074B  3463               	retlw	99	;'c'
   368     074C  3465               	retlw	101	;'e'
   369     074D  346E               	retlw	110	;'n'
   370     074E  3474               	retlw	116	;'t'
   371     074F  3461               	retlw	97	;'a'
   372     0750  346A               	retlw	106	;'j'
   373     0751  3465               	retlw	101	;'e'
   374     0752  343A               	retlw	58	;':'
   375     0753  3420               	retlw	32	;' '
   376     0754  3400               	retlw	0
   377     0755                     STR_1:
   378     0755  3456               	retlw	86	;'V'
   379     0756  346F               	retlw	111	;'o'
   380     0757  346C               	retlw	108	;'l'
   381     0758  3474               	retlw	116	;'t'
   382     0759  3461               	retlw	97	;'a'
   383     075A  346A               	retlw	106	;'j'
   384     075B  3465               	retlw	101	;'e'
   385     075C  343A               	retlw	58	;':'
   386     075D  3420               	retlw	32	;' '
   387     075E  3400               	retlw	0
   388     075F                     STR_5:
   389     075F  3441               	retlw	65	;'A'
   390     0760  3444               	retlw	68	;'D'
   391     0761  3443               	retlw	67	;'C'
   392     0762  343A               	retlw	58	;':'
   393     0763  3420               	retlw	32	;' '
   394     0764  3400               	retlw	0
   395     0765                     STR_4:
   396     0765  3425               	retlw	37	;'%'
   397     0766  3475               	retlw	117	;'u'
   398     0767  3420               	retlw	32	;' '
   399     0768  3425               	retlw	37	;'%'
   400     0769  3425               	retlw	37	;'%'
   401     076A  3400               	retlw	0
   402     076B                     STR_2:
   403     076B  3425               	retlw	37	;'%'
   404     076C  3475               	retlw	117	;'u'
   405     076D  342E               	retlw	46	;'.'
   406     076E  3425               	retlw	37	;'%'
   407     076F  3475               	retlw	117	;'u'
   408     0770  3400               	retlw	0
   409     076E                     STR_6           equ	STR_2+3
   410                           
   411                           	psect	cinit
   412     000F                     start_initialization:	
   413                           ; #config settings
   414                           
   415     000F                     __initialization:
   416                           
   417                           ; Initialize objects allocated to BANK1
   418     000F  1683               	bsf	3,5	;RP0=1, select bank1
   419     0010  1303               	bcf	3,6	;RP1=0, select bank1
   420     0011  120A  158A  278D  120A  118A  	fcall	__pidataBANK1	;fetch initializer
   421     0016  00C5               	movwf	__pdataBANK1& (0+127)
   422     0017  120A  158A  278E  120A  118A  	fcall	__pidataBANK1+1	;fetch initializer
   423     001C  00C6               	movwf	(__pdataBANK1+1)& (0+127)
   424     001D  120A  158A  278F  120A  118A  	fcall	__pidataBANK1+2	;fetch initializer
   425     0022  00C7               	movwf	(__pdataBANK1+2)& (0+127)
   426     0023  120A  158A  2790  120A  118A  	fcall	__pidataBANK1+3	;fetch initializer
   427     0028  00C8               	movwf	(__pdataBANK1+3)& (0+127)
   428     0029  120A  158A  2791  120A  118A  	fcall	__pidataBANK1+4	;fetch initializer
   429     002E  00C9               	movwf	(__pdataBANK1+4)& (0+127)
   430                           
   431                           ; Initialize objects allocated to BANK0
   432     002F  1283               	bcf	3,5	;RP0=0, select bank0
   433     0030  1303               	bcf	3,6	;RP1=0, select bank0
   434     0031  120A  118A  27FF  120A  118A  	fcall	__pidataBANK0	;fetch initializer
   435     0036  00EF               	movwf	__pdataBANK0& (0+127)
   436                           
   437                           ; Clear objects allocated to BANK1
   438     0037  1383               	bcf	3,7	;select IRP bank0
   439     0038  30A0               	movlw	low __pbssBANK1
   440     0039  0084               	movwf	4
   441     003A  30C5               	movlw	low (__pbssBANK1+37)
   442     003B  120A  118A  27F7  120A  118A  	fcall	clear_ram0
   443                           
   444                           ; Clear objects allocated to BANK0
   445     0040  01ED               	clrf	__pbssBANK0& (0+127)
   446     0041  01EE               	clrf	(__pbssBANK0+1)& (0+127)
   447                           
   448                           ; Clear objects allocated to COMMON
   449     0042  01F8               	clrf	__pbssCOMMON& (0+127)
   450     0043  01F9               	clrf	(__pbssCOMMON+1)& (0+127)
   451     0044  01FA               	clrf	(__pbssCOMMON+2)& (0+127)
   452     0045                     end_of_initialization:	
   453                           ;End of C runtime variable initialization code
   454                           
   455     0045                     __end_of__initialization:
   456     0045  0183               	clrf	3
   457     0046  120A  118A  2849   	ljmp	_main	;jump to C main() function
   458                           
   459                           	psect	bssCOMMON
   460     0078                     __pbssCOMMON:
   461     0078                     _prec:
   462     0078                     	ds	2
   463     007A                     _flags:
   464     007A                     	ds	1
   465                           
   466                           	psect	bssBANK0
   467     006D                     __pbssBANK0:
   468     006D                     _width:
   469     006D                     	ds	2
   470                           
   471                           	psect	dataBANK0
   472     006F                     __pdataBANK0:
   473     006F                     _op:
   474     006F                     	ds	1
   475                           
   476                           	psect	bssBANK1
   477     00A0                     __pbssBANK1:
   478     00A0                     _dbuf:
   479     00A0                     	ds	32
   480     00C0                     _lcd:
   481     00C0                     	ds	5
   482                           
   483                           	psect	dataBANK1
   484     00C5                     __pdataBANK1:
   485     00C5                     main@F1772:
   486     00C5                     	ds	5
   487                           
   488                           	psect	clrtext
   489     07F7                     clear_ram0:	
   490                           ;	Called with FSR containing the base address, and
   491                           ;	W with the last address+1
   492                           
   493     07F7  0064               	clrwdt	;clear the watchdog before getting into this loop
   494     07F8                     clrloop0:
   495     07F8  0180               	clrf	0	;clear RAM location pointed to by FSR
   496     07F9  0A84               	incf	4,f	;increment pointer
   497     07FA  0604               	xorwf	4,w	;XOR with final address
   498     07FB  1903               	btfsc	3,2	;have we reached the end yet?
   499     07FC  3400               	retlw	0	;all done for this memory range, return
   500     07FD  0604               	xorwf	4,w	;XOR again to restore value
   501     07FE  2FF8               	goto	clrloop0	;do the next byte
   502                           
   503                           	psect	cstackCOMMON
   504     0070                     __pcstackCOMMON:
   505     0070                     ?_putch:
   506     0070                     ?_LCD_Out:	
   507                           ; 1 bytes @ 0x0
   508                           
   509     0070                     ?_LCD_Write:	
   510                           ; 1 bytes @ 0x0
   511                           
   512     0070                     ?_LCD_putc:	
   513                           ; 1 bytes @ 0x0
   514                           
   515     0070                     ?_ADC_Init:	
   516                           ; 1 bytes @ 0x0
   517                           
   518     0070                     ?_change:	
   519                           ; 1 bytes @ 0x0
   520                           
   521     0070                     ?_main:	
   522                           ; 1 bytes @ 0x0
   523                           
   524     0070                     ?_ISR:	
   525                           ; 1 bytes @ 0x0
   526                           
   527     0070                     change@op:	
   528                           ; 1 bytes @ 0x0
   529                           
   530     0070                     putch@c:	
   531                           ; 1 bytes @ 0x0
   532                           
   533     0070                     ??_change:	
   534                           ; 1 bytes @ 0x0
   535                           
   536                           
   537                           ; 1 bytes @ 0x0
   538     0070                     	ds	1
   539     0071                     ??_ISR:
   540                           
   541                           ; 1 bytes @ 0x1
   542     0071                     	ds	2
   543     0073                     ?_fputc:
   544     0073                     ?_ADC_Read:	
   545                           ; 2 bytes @ 0x3
   546                           
   547     0073                     ?___wmul:	
   548                           ; 2 bytes @ 0x3
   549                           
   550     0073                     ?___lwmod:	
   551                           ; 2 bytes @ 0x3
   552                           
   553     0073                     ___wmul@multiplier:	
   554                           ; 2 bytes @ 0x3
   555                           
   556     0073                     ___lwmod@divisor:	
   557                           ; 2 bytes @ 0x3
   558                           
   559     0073                     fputc@c:	
   560                           ; 2 bytes @ 0x3
   561                           
   562     0073                     ??_putch:	
   563                           ; 2 bytes @ 0x3
   564                           
   565     0073                     ??_LCD_Out:	
   566                           ; 1 bytes @ 0x3
   567                           
   568     0073                     ??_ADC_Init:	
   569                           ; 1 bytes @ 0x3
   570                           
   571     0073                     ??___lmul:	
   572                           ; 1 bytes @ 0x3
   573                           
   574                           
   575                           ; 1 bytes @ 0x3
   576     0073                     	ds	1
   577     0074                     ___lmul@product:
   578                           
   579                           ; 4 bytes @ 0x4
   580     0074                     	ds	1
   581     0075                     LCD_Out@c:
   582     0075                     ___wmul@multiplicand:	
   583                           ; 1 bytes @ 0x5
   584                           
   585     0075                     ___lwmod@dividend:	
   586                           ; 2 bytes @ 0x5
   587                           
   588     0075                     fputc@fp:	
   589                           ; 2 bytes @ 0x5
   590                           
   591     0075                     ??_ADC_Read:	
   592                           ; 2 bytes @ 0x5
   593                           
   594                           
   595                           ; 1 bytes @ 0x5
   596     0075                     	ds	1
   597     0076                     ??_LCD_Write:
   598     0076                     ??_LCD_putc:	
   599                           ; 1 bytes @ 0x6
   600                           
   601                           
   602                           ; 1 bytes @ 0x6
   603     0076                     	ds	1
   604     0077                     ___lwmod@counter:
   605     0077                     ??___wmul:	
   606                           ; 1 bytes @ 0x7
   607                           
   608     0077                     ??___lwdiv:	
   609                           ; 1 bytes @ 0x7
   610                           
   611     0077                     ??___lwmod:	
   612                           ; 1 bytes @ 0x7
   613                           
   614                           
   615                           ; 1 bytes @ 0x7
   616     0077                     	ds	1
   617     0078                     ??_vfprintf:
   618                           
   619                           	psect	cstackBANK0
   620     0020                     __pcstackBANK0:	
   621                           ; 1 bytes @ 0x8
   622                           
   623     0020                     ?___lmul:
   624     0020                     LCD_Write@c:	
   625                           ; 4 bytes @ 0x0
   626                           
   627     0020                     LCD_putc@c:	
   628                           ; 1 bytes @ 0x0
   629                           
   630     0020                     ___wmul@product:	
   631                           ; 1 bytes @ 0x0
   632                           
   633     0020                     ___lmul@multiplier:	
   634                           ; 2 bytes @ 0x0
   635                           
   636     0020                     ??_fputc:	
   637                           ; 4 bytes @ 0x0
   638                           
   639                           
   640                           ; 1 bytes @ 0x0
   641     0020                     	ds	1
   642     0021                     ?_LCD_Init:
   643     0021                     ?_LCD_putrs:	
   644                           ; 1 bytes @ 0x1
   645                           
   646     0021                     LCD_putrs@a:	
   647                           ; 1 bytes @ 0x1
   648                           
   649     0021                     LCD_Init@display:	
   650                           ; 2 bytes @ 0x1
   651                           
   652                           
   653                           ; 5 bytes @ 0x1
   654     0021                     	ds	1
   655     0022                     ?___lwdiv:
   656     0022                     ___lwdiv@divisor:	
   657                           ; 2 bytes @ 0x2
   658                           
   659                           
   660                           ; 2 bytes @ 0x2
   661     0022                     	ds	1
   662     0023                     ??_LCD_putrs:
   663                           
   664                           ; 1 bytes @ 0x3
   665     0023                     	ds	1
   666     0024                     ___lwdiv@dividend:
   667     0024                     ___lmul@multiplicand:	
   668                           ; 2 bytes @ 0x4
   669                           
   670                           
   671                           ; 4 bytes @ 0x4
   672     0024                     	ds	2
   673     0026                     LCD_putrs@i:
   674     0026                     ___lwdiv@quotient:	
   675                           ; 2 bytes @ 0x6
   676                           
   677     0026                     ??_LCD_Init:	
   678                           ; 2 bytes @ 0x6
   679                           
   680                           
   681                           ; 1 bytes @ 0x6
   682     0026                     	ds	2
   683     0028                     ?___aldiv:
   684     0028                     LCD_Init@cmd:	
   685                           ; 4 bytes @ 0x8
   686                           
   687     0028                     ___lwdiv@counter:	
   688                           ; 1 bytes @ 0x8
   689                           
   690     0028                     ___aldiv@divisor:	
   691                           ; 1 bytes @ 0x8
   692                           
   693                           
   694                           ; 4 bytes @ 0x8
   695     0028                     	ds	1
   696     0029                     ?_vfpfcnvrt:
   697     0029                     vfpfcnvrt@fp:	
   698                           ; 1 bytes @ 0x9
   699                           
   700                           
   701                           ; 2 bytes @ 0x9
   702     0029                     	ds	2
   703     002B                     vfpfcnvrt@fmt:
   704                           
   705                           ; 1 bytes @ 0xB
   706     002B                     	ds	1
   707     002C                     vfpfcnvrt@ap:
   708     002C                     ___aldiv@dividend:	
   709                           ; 1 bytes @ 0xC
   710                           
   711                           
   712                           ; 4 bytes @ 0xC
   713     002C                     	ds	1
   714     002D                     ??_vfpfcnvrt:
   715                           
   716                           ; 1 bytes @ 0xD
   717     002D                     	ds	2
   718     002F                     vfpfcnvrt@convarg:
   719                           
   720                           ; 4 bytes @ 0xF
   721     002F                     	ds	1
   722     0030                     ??___aldiv:
   723                           
   724                           ; 1 bytes @ 0x10
   725     0030                     	ds	1
   726     0031                     ___aldiv@counter:
   727                           
   728                           ; 1 bytes @ 0x11
   729     0031                     	ds	1
   730     0032                     ___aldiv@sign:
   731                           
   732                           ; 1 bytes @ 0x12
   733     0032                     	ds	1
   734     0033                     vfpfcnvrt@cp:
   735     0033                     ___aldiv@quotient:	
   736                           ; 1 bytes @ 0x13
   737                           
   738                           
   739                           ; 4 bytes @ 0x13
   740     0033                     	ds	1
   741     0034                     vfpfcnvrt@c:
   742                           
   743                           ; 1 bytes @ 0x14
   744     0034                     	ds	1
   745     0035                     ?_vfprintf:
   746     0035                     vfprintf@fp:	
   747                           ; 2 bytes @ 0x15
   748                           
   749                           
   750                           ; 2 bytes @ 0x15
   751     0035                     	ds	2
   752     0037                     vfprintf@fmt:
   753                           
   754                           ; 1 bytes @ 0x17
   755     0037                     	ds	1
   756     0038                     vfprintf@ap:
   757                           
   758                           ; 1 bytes @ 0x18
   759     0038                     	ds	1
   760     0039                     vfprintf@cfmt:
   761                           
   762                           ; 1 bytes @ 0x19
   763     0039                     	ds	1
   764     003A                     ?_sprintf:
   765     003A                     sprintf@s:	
   766                           ; 2 bytes @ 0x1A
   767                           
   768                           
   769                           ; 1 bytes @ 0x1A
   770     003A                     	ds	1
   771     003B                     sprintf@fmt:
   772                           
   773                           ; 1 bytes @ 0x1B
   774     003B                     	ds	5
   775     0040                     ??_sprintf:
   776                           
   777                           ; 1 bytes @ 0x20
   778     0040                     	ds	1
   779     0041                     sprintf@ap:
   780                           
   781                           ; 1 bytes @ 0x21
   782     0041                     	ds	1
   783     0042                     sprintf@f:
   784                           
   785                           ; 11 bytes @ 0x22
   786     0042                     	ds	11
   787     004D                     ??_main:
   788                           
   789                           ; 1 bytes @ 0x2D
   790     004D                     	ds	3
   791     0050                     main@buffer:
   792                           
   793                           ; 10 bytes @ 0x30
   794     0050                     	ds	10
   795     005A                     main@screen:
   796                           
   797                           ; 5 bytes @ 0x3A
   798     005A                     	ds	5
   799     005F                     main@adc_result:
   800                           
   801                           ; 2 bytes @ 0x3F
   802     005F                     	ds	2
   803     0061                     main@part_ent:
   804                           
   805                           ; 2 bytes @ 0x41
   806     0061                     	ds	2
   807     0063                     main@part_dec:
   808                           
   809                           ; 2 bytes @ 0x43
   810     0063                     	ds	2
   811     0065                     main@adc_result_150:
   812                           
   813                           ; 2 bytes @ 0x45
   814     0065                     	ds	2
   815     0067                     main@percent:
   816                           
   817                           ; 2 bytes @ 0x47
   818     0067                     	ds	2
   819     0069                     main@adc_result_154:
   820                           
   821                           ; 2 bytes @ 0x49
   822     0069                     	ds	2
   823     006B                     main@volt:
   824                           
   825                           ; 2 bytes @ 0x4B
   826     006B                     	ds	2
   827                           
   828                           	psect	maintext
   829     0049                     __pmaintext:	
   830 ;;
   831 ;;Main: autosize = 0, tempsize = 3, incstack = 0, save=0
   832 ;;
   833 ;; *************** function _main *****************
   834 ;; Defined at:
   835 ;;		line 74 in file "main.c"
   836 ;; Parameters:    Size  Location     Type
   837 ;;		None
   838 ;; Auto vars:     Size  Location     Type
   839 ;;  adc_result      2   73[BANK0 ] unsigned int 
   840 ;;  percent         2   71[BANK0 ] unsigned int 
   841 ;;  adc_result      2   69[BANK0 ] unsigned int 
   842 ;;  volt            2   75[BANK0 ] unsigned int 
   843 ;;  part_dec        2   67[BANK0 ] unsigned int 
   844 ;;  part_ent        2   65[BANK0 ] unsigned int 
   845 ;;  adc_result      2   63[BANK0 ] unsigned int 
   846 ;;  buffer         10   48[BANK0 ] unsigned char [10]
   847 ;;  screen          5   58[BANK0 ] struct .
   848 ;; Return value:  Size  Location     Type
   849 ;;                  1    wreg      void 
   850 ;; Registers used:
   851 ;;		wreg, fsr0l, fsr0h, status,2, status,0, pclath, btemp1, cstack
   852 ;; Tracked objects:
   853 ;;		On entry : B00/0
   854 ;;		On exit  : 0/0
   855 ;;		Unchanged: 0/0
   856 ;; Data sizes:     COMMON   BANK0   BANK1   BANK3   BANK2
   857 ;;      Params:         0       0       0       0       0
   858 ;;      Locals:         0      29       0       0       0
   859 ;;      Temps:          0       3       0       0       0
   860 ;;      Totals:         0      32       0       0       0
   861 ;;Total ram usage:       32 bytes
   862 ;; Hardware stack levels required when called: 7
   863 ;; This function calls:
   864 ;;		_ADC_Init
   865 ;;		_ADC_Read
   866 ;;		_LCD_Init
   867 ;;		_LCD_Write
   868 ;;		_LCD_putrs
   869 ;;		___aldiv
   870 ;;		___lmul
   871 ;;		___lwdiv
   872 ;;		___lwmod
   873 ;;		___wmul
   874 ;;		_sprintf
   875 ;; This function is called by:
   876 ;;		Startup code after reset
   877 ;; This function uses a non-reentrant model
   878 ;;
   879                           
   880     0049                     _main:	
   881                           ;psect for function _main
   882                           
   883     0049                     l2112:	
   884                           ;incstack = 0
   885                           ; Regs used in _main: [wreg-fsr0h+status,2+status,0+pclath+btemp1+cstack]
   886                           
   887                           
   888                           ;main.c: 75:     ADC_Init();
   889     0049  120A  158A  2792  120A  118A  	fcall	_ADC_Init
   890     004E                     l2114:
   891                           
   892                           ;main.c: 78:     ANSELH = 0;
   893     004E  1683               	bsf	3,5	;RP0=1, select bank3
   894     004F  1703               	bsf	3,6	;RP1=1, select bank3
   895     0050  0189               	clrf	9	;volatile
   896     0051                     l2116:
   897                           
   898                           ;main.c: 80:     OPTION_REG = OPTION_REG & 0b01111111;
   899     0051  1683               	bsf	3,5	;RP0=1, select bank1
   900     0052  1303               	bcf	3,6	;RP1=0, select bank1
   901     0053  0801               	movf	1,w	;volatile
   902     0054  397F               	andlw	127
   903     0055  0081               	movwf	1	;volatile
   904     0056                     l2118:
   905                           
   906                           ;main.c: 82:     TRISB = 0xFF;
   907     0056  30FF               	movlw	255
   908     0057  0086               	movwf	6	;volatile
   909     0058                     l2120:
   910                           
   911                           ;main.c: 84:     GIE = 1;
   912     0058  178B               	bsf	11,7	;volatile
   913     0059                     l2122:
   914                           
   915                           ;main.c: 85:     INTE = 1;
   916     0059  160B               	bsf	11,4	;volatile
   917     005A                     l2124:
   918                           
   919                           ;main.c: 86:     INTEDG = 0;
   920     005A  1301               	bcf	1,6	;volatile
   921     005B                     l2126:
   922                           
   923                           ;main.c: 89:     LCD screen = {&PORTC,2,3,4,5,6,7};
   924     005B  305A               	movlw	main@screen& (0+255)
   925     005C  0084               	movwf	4
   926     005D  0845               	movf	main@F1772^(0+128),w
   927     005E  1383               	bcf	3,7	;select IRP bank0
   928     005F  0080               	movwf	0
   929     0060  0A84               	incf	4,f
   930     0061  0846               	movf	(main@F1772^(0+128)+1),w
   931     0062  0080               	movwf	0
   932     0063  0A84               	incf	4,f
   933     0064  0847               	movf	(main@F1772^(0+128)+2),w
   934     0065  0080               	movwf	0
   935     0066  0A84               	incf	4,f
   936     0067  0848               	movf	(main@F1772^(0+128)+3),w
   937     0068  0080               	movwf	0
   938     0069  0A84               	incf	4,f
   939     006A  0849               	movf	(main@F1772^(0+128)+4),w
   940     006B  0080               	movwf	0
   941     006C                     l2128:
   942                           
   943                           ;main.c: 90:     LCD_Init(screen);
   944     006C  3021               	movlw	LCD_Init@display& (0+255)
   945     006D  0084               	movwf	4
   946     006E  1283               	bcf	3,5	;RP0=0, select bank0
   947     006F  1303               	bcf	3,6	;RP1=0, select bank0
   948     0070  085A               	movf	main@screen,w
   949     0071  0080               	movwf	0
   950     0072  0A84               	incf	4,f
   951     0073  085B               	movf	main@screen+1,w
   952     0074  0080               	movwf	0
   953     0075  0A84               	incf	4,f
   954     0076  085C               	movf	main@screen+2,w
   955     0077  0080               	movwf	0
   956     0078  0A84               	incf	4,f
   957     0079  085D               	movf	main@screen+3,w
   958     007A  0080               	movwf	0
   959     007B  0A84               	incf	4,f
   960     007C  085E               	movf	main@screen+4,w
   961     007D  0080               	movwf	0
   962     007E  120A  118A  238A  120A  118A  	fcall	_LCD_Init
   963     0083                     l2130:
   964     0083  3000               	movlw	0
   965     0084  120A  118A  260D  120A  118A  	fcall	_LCD_Write
   966     0089                     l2132:
   967     0089  3001               	movlw	1
   968     008A  120A  118A  260D  120A  118A  	fcall	_LCD_Write
   969     008F                     l140:
   970                           
   971                           ;main.c: 95:         if(op == 'v'){
   972     008F  3076               	movlw	118
   973     0090  1283               	bcf	3,5	;RP0=0, select bank0
   974     0091  1303               	bcf	3,6	;RP1=0, select bank0
   975     0092  066F               	xorwf	_op,w	;volatile
   976     0093  1D03               	btfss	3,2
   977     0094  2896               	goto	u2371
   978     0095  2897               	goto	u2370
   979     0096                     u2371:
   980     0096  2938               	goto	l2166
   981     0097                     u2370:
   982     0097                     l2134:
   983     0097  3008               	movlw	8
   984     0098  120A  118A  260D  120A  118A  	fcall	_LCD_Write
   985     009D  3000               	movlw	0
   986     009E  120A  118A  260D  120A  118A  	fcall	_LCD_Write
   987     00A3                     l2142:
   988                           
   989                           ;main.c: 97:             LCD_putrs("Voltaje: ");
   990     00A3  300E               	movlw	(low ((STR_1-__stringbase)| (0+32768)))& (0+255)
   991     00A4  1283               	bcf	3,5	;RP0=0, select bank0
   992     00A5  1303               	bcf	3,6	;RP1=0, select bank0
   993     00A6  00A1               	movwf	LCD_putrs@a
   994     00A7  3080               	movlw	128
   995     00A8  00A2               	movwf	LCD_putrs@a+1
   996     00A9  120A  118A  26AE  120A  118A  	fcall	_LCD_putrs
   997     00AE                     l2144:
   998     00AE  3008               	movlw	8
   999     00AF  120A  118A  260D  120A  118A  	fcall	_LCD_Write
  1000     00B4                     l2146:
  1001     00B4  3009               	movlw	9
  1002     00B5  120A  118A  260D  120A  118A  	fcall	_LCD_Write
  1003     00BA                     l2154:
  1004                           
  1005                           ;main.c: 100:             unsigned int adc_result = ADC_Read();
  1006     00BA  120A  158A  279F  120A  118A  	fcall	_ADC_Read
  1007     00BF  0874               	movf	?_ADC_Read+1,w
  1008     00C0  1283               	bcf	3,5	;RP0=0, select bank0
  1009     00C1  1303               	bcf	3,6	;RP1=0, select bank0
  1010     00C2  00E0               	movwf	main@adc_result+1
  1011     00C3  0873               	movf	?_ADC_Read,w
  1012     00C4  00DF               	movwf	main@adc_result
  1013     00C5                     l2156:
  1014                           
  1015                           ;main.c: 102:             unsigned int volt = (adc_result*50000)/ 1023;
  1016     00C5  3000               	movlw	0
  1017     00C6  00AB               	movwf	___aldiv@divisor+3
  1018     00C7  3000               	movlw	0
  1019     00C8  00AA               	movwf	___aldiv@divisor+2
  1020     00C9  3003               	movlw	3
  1021     00CA  00A9               	movwf	___aldiv@divisor+1
  1022     00CB  30FF               	movlw	255
  1023     00CC  00A8               	movwf	___aldiv@divisor
  1024     00CD  085F               	movf	main@adc_result,w
  1025     00CE  00A0               	movwf	___lmul@multiplier
  1026     00CF  0860               	movf	main@adc_result+1,w
  1027     00D0  00A1               	movwf	___lmul@multiplier+1
  1028     00D1  01A2               	clrf	___lmul@multiplier+2
  1029     00D2  01A3               	clrf	___lmul@multiplier+3
  1030     00D3  3000               	movlw	0
  1031     00D4  00A7               	movwf	___lmul@multiplicand+3
  1032     00D5  3000               	movlw	0
  1033     00D6  00A6               	movwf	___lmul@multiplicand+2
  1034     00D7  30C3               	movlw	195
  1035     00D8  00A5               	movwf	___lmul@multiplicand+1
  1036     00D9  3050               	movlw	80
  1037     00DA  00A4               	movwf	___lmul@multiplicand
  1038     00DB  120A  118A  2666  120A  118A  	fcall	___lmul
  1039     00E0  1283               	bcf	3,5	;RP0=0, select bank0
  1040     00E1  1303               	bcf	3,6	;RP1=0, select bank0
  1041     00E2  0823               	movf	?___lmul+3,w
  1042     00E3  00AF               	movwf	___aldiv@dividend+3
  1043     00E4  0822               	movf	?___lmul+2,w
  1044     00E5  00AE               	movwf	___aldiv@dividend+2
  1045     00E6  0821               	movf	?___lmul+1,w
  1046     00E7  00AD               	movwf	___aldiv@dividend+1
  1047     00E8  0820               	movf	?___lmul,w
  1048     00E9  00AC               	movwf	___aldiv@dividend
  1049     00EA  120A  118A  2574  120A  118A  	fcall	___aldiv
  1050     00EF  1283               	bcf	3,5	;RP0=0, select bank0
  1051     00F0  1303               	bcf	3,6	;RP1=0, select bank0
  1052     00F1  0829               	movf	?___aldiv+1,w
  1053     00F2  00EC               	movwf	main@volt+1
  1054     00F3  0828               	movf	?___aldiv,w
  1055     00F4  00EB               	movwf	main@volt
  1056     00F5                     l2158:
  1057                           
  1058                           ;main.c: 103:             unsigned int part_ent = volt/10000;
  1059     00F5  3010               	movlw	16
  1060     00F6  00A2               	movwf	___lwdiv@divisor
  1061     00F7  3027               	movlw	39
  1062     00F8  00A3               	movwf	___lwdiv@divisor+1
  1063     00F9  086C               	movf	main@volt+1,w
  1064     00FA  00A5               	movwf	___lwdiv@dividend+1
  1065     00FB  086B               	movf	main@volt,w
  1066     00FC  00A4               	movwf	___lwdiv@dividend
  1067     00FD  120A  118A  26F4  120A  118A  	fcall	___lwdiv
  1068     0102  1283               	bcf	3,5	;RP0=0, select bank0
  1069     0103  1303               	bcf	3,6	;RP1=0, select bank0
  1070     0104  0823               	movf	?___lwdiv+1,w
  1071     0105  00E2               	movwf	main@part_ent+1
  1072     0106  0822               	movf	?___lwdiv,w
  1073     0107  00E1               	movwf	main@part_ent
  1074     0108                     l2160:
  1075                           
  1076                           ;main.c: 104:             unsigned int part_dec = volt%10000;
  1077     0108  3010               	movlw	16
  1078     0109  00F3               	movwf	___lwmod@divisor
  1079     010A  3027               	movlw	39
  1080     010B  00F4               	movwf	___lwmod@divisor+1
  1081     010C  086C               	movf	main@volt+1,w
  1082     010D  00F6               	movwf	___lwmod@dividend+1
  1083     010E  086B               	movf	main@volt,w
  1084     010F  00F5               	movwf	___lwmod@dividend
  1085     0110  120A  118A  2771  120A  118A  	fcall	___lwmod
  1086     0115  0874               	movf	?___lwmod+1,w
  1087     0116  1283               	bcf	3,5	;RP0=0, select bank0
  1088     0117  1303               	bcf	3,6	;RP1=0, select bank0
  1089     0118  00E4               	movwf	main@part_dec+1
  1090     0119  0873               	movf	?___lwmod,w
  1091     011A  00E3               	movwf	main@part_dec
  1092     011B                     l2162:
  1093                           
  1094                           ;main.c: 106:             sprintf(buffer, "%u.%u", part_ent,part_dec);
  1095     011B  3050               	movlw	(low (main@buffer| 0))& (0+255)
  1096     011C  00BA               	movwf	sprintf@s
  1097     011D  3024               	movlw	(low ((STR_2-__stringbase)| (0+32768)))& (0+255)
  1098     011E  00BB               	movwf	sprintf@fmt
  1099     011F  0862               	movf	main@part_ent+1,w
  1100     0120  00BD               	movwf	?_sprintf+3
  1101     0121  0861               	movf	main@part_ent,w
  1102     0122  00BC               	movwf	?_sprintf+2
  1103     0123  0864               	movf	main@part_dec+1,w
  1104     0124  00BF               	movwf	?_sprintf+5
  1105     0125  0863               	movf	main@part_dec,w
  1106     0126  00BE               	movwf	?_sprintf+4
  1107     0127  120A  118A  27D4  120A  118A  	fcall	_sprintf
  1108     012C                     l2164:
  1109                           
  1110                           ;main.c: 107:             LCD_putrs(buffer);
  1111     012C  3050               	movlw	(low (main@buffer| 0))& (0+255)
  1112     012D  1283               	bcf	3,5	;RP0=0, select bank0
  1113     012E  1303               	bcf	3,6	;RP1=0, select bank0
  1114     012F  00A1               	movwf	LCD_putrs@a
  1115     0130  3000               	movlw	0
  1116     0131  00A2               	movwf	LCD_putrs@a+1
  1117     0132  120A  118A  26AE  120A  118A  	fcall	_LCD_putrs
  1118                           
  1119                           ;main.c: 109:         }else if(op == 'p'){
  1120     0137  29D8               	goto	l2222
  1121     0138                     l2166:
  1122     0138  3070               	movlw	112
  1123     0139  066F               	xorwf	_op,w	;volatile
  1124     013A  1D03               	btfss	3,2
  1125     013B  293D               	goto	u2381
  1126     013C  293E               	goto	u2380
  1127     013D                     u2381:
  1128     013D  299C               	goto	l2196
  1129     013E                     u2380:
  1130     013E                     l2168:
  1131     013E  3008               	movlw	8
  1132     013F  120A  118A  260D  120A  118A  	fcall	_LCD_Write
  1133     0144  3000               	movlw	0
  1134     0145  120A  118A  260D  120A  118A  	fcall	_LCD_Write
  1135     014A                     l2176:
  1136                           
  1137                           ;main.c: 111:             LCD_putrs("Porcentaje: ");
  1138     014A  3001               	movlw	(low ((STR_3-__stringbase)| (0+32768)))& (0+255)
  1139     014B  1283               	bcf	3,5	;RP0=0, select bank0
  1140     014C  1303               	bcf	3,6	;RP1=0, select bank0
  1141     014D  00A1               	movwf	LCD_putrs@a
  1142     014E  3080               	movlw	128
  1143     014F  00A2               	movwf	LCD_putrs@a+1
  1144     0150  120A  118A  26AE  120A  118A  	fcall	_LCD_putrs
  1145     0155                     l2178:
  1146     0155  3008               	movlw	8
  1147     0156  120A  118A  260D  120A  118A  	fcall	_LCD_Write
  1148     015B                     l2180:
  1149     015B  300C               	movlw	12
  1150     015C  120A  118A  260D  120A  118A  	fcall	_LCD_Write
  1151     0161                     l2188:
  1152                           
  1153                           ;main.c: 114:             unsigned int adc_result = ADC_Read();
  1154     0161  120A  158A  279F  120A  118A  	fcall	_ADC_Read
  1155     0166  0874               	movf	?_ADC_Read+1,w
  1156     0167  1283               	bcf	3,5	;RP0=0, select bank0
  1157     0168  1303               	bcf	3,6	;RP1=0, select bank0
  1158     0169  00E6               	movwf	main@adc_result_150+1
  1159     016A  0873               	movf	?_ADC_Read,w
  1160     016B  00E5               	movwf	main@adc_result_150
  1161     016C                     l2190:
  1162                           
  1163                           ;main.c: 115:             unsigned int percent = adc_result*100/1023;
  1164     016C  30FF               	movlw	255
  1165     016D  00A2               	movwf	___lwdiv@divisor
  1166     016E  3003               	movlw	3
  1167     016F  00A3               	movwf	___lwdiv@divisor+1
  1168     0170  0866               	movf	main@adc_result_150+1,w
  1169     0171  00F4               	movwf	___wmul@multiplier+1
  1170     0172  0865               	movf	main@adc_result_150,w
  1171     0173  00F3               	movwf	___wmul@multiplier
  1172     0174  3064               	movlw	100
  1173     0175  00F5               	movwf	___wmul@multiplicand
  1174     0176  3000               	movlw	0
  1175     0177  00F6               	movwf	___wmul@multiplicand+1
  1176     0178  120A  118A  27A9  120A  118A  	fcall	___wmul
  1177     017D  0874               	movf	?___wmul+1,w
  1178     017E  1283               	bcf	3,5	;RP0=0, select bank0
  1179     017F  1303               	bcf	3,6	;RP1=0, select bank0
  1180     0180  00A5               	movwf	___lwdiv@dividend+1
  1181     0181  0873               	movf	?___wmul,w
  1182     0182  00A4               	movwf	___lwdiv@dividend
  1183     0183  120A  118A  26F4  120A  118A  	fcall	___lwdiv
  1184     0188  1283               	bcf	3,5	;RP0=0, select bank0
  1185     0189  1303               	bcf	3,6	;RP1=0, select bank0
  1186     018A  0823               	movf	?___lwdiv+1,w
  1187     018B  00E8               	movwf	main@percent+1
  1188     018C  0822               	movf	?___lwdiv,w
  1189     018D  00E7               	movwf	main@percent
  1190     018E                     l2192:
  1191                           
  1192                           ;main.c: 117:             sprintf(buffer, "%u %%", percent);
  1193     018E  3050               	movlw	(low (main@buffer| 0))& (0+255)
  1194     018F  00BA               	movwf	sprintf@s
  1195     0190  301E               	movlw	(low ((STR_4-__stringbase)| (0+32768)))& (0+255)
  1196     0191  00BB               	movwf	sprintf@fmt
  1197     0192  0868               	movf	main@percent+1,w
  1198     0193  00BD               	movwf	?_sprintf+3
  1199     0194  0867               	movf	main@percent,w
  1200     0195  00BC               	movwf	?_sprintf+2
  1201     0196  120A  118A  27D4  120A  118A  	fcall	_sprintf
  1202     019B  292C               	goto	l2164
  1203     019C                     l2196:
  1204     019C  3008               	movlw	8
  1205     019D  120A  118A  260D  120A  118A  	fcall	_LCD_Write
  1206     01A2  3000               	movlw	0
  1207     01A3  120A  118A  260D  120A  118A  	fcall	_LCD_Write
  1208     01A8                     l2204:
  1209                           
  1210                           ;main.c: 122:             LCD_putrs("ADC: ");
  1211     01A8  3018               	movlw	(low ((STR_5-__stringbase)| (0+32768)))& (0+255)
  1212     01A9  1283               	bcf	3,5	;RP0=0, select bank0
  1213     01AA  1303               	bcf	3,6	;RP1=0, select bank0
  1214     01AB  00A1               	movwf	LCD_putrs@a
  1215     01AC  3080               	movlw	128
  1216     01AD  00A2               	movwf	LCD_putrs@a+1
  1217     01AE  120A  118A  26AE  120A  118A  	fcall	_LCD_putrs
  1218     01B3                     l2206:
  1219     01B3  3008               	movlw	8
  1220     01B4  120A  118A  260D  120A  118A  	fcall	_LCD_Write
  1221     01B9                     l2208:
  1222     01B9  3005               	movlw	5
  1223     01BA  120A  118A  260D  120A  118A  	fcall	_LCD_Write
  1224     01BF                     l2216:
  1225                           
  1226                           ;main.c: 125:             unsigned int adc_result = ADC_Read();
  1227     01BF  120A  158A  279F  120A  118A  	fcall	_ADC_Read
  1228     01C4  0874               	movf	?_ADC_Read+1,w
  1229     01C5  1283               	bcf	3,5	;RP0=0, select bank0
  1230     01C6  1303               	bcf	3,6	;RP1=0, select bank0
  1231     01C7  00EA               	movwf	main@adc_result_154+1
  1232     01C8  0873               	movf	?_ADC_Read,w
  1233     01C9  00E9               	movwf	main@adc_result_154
  1234     01CA                     l2218:
  1235                           
  1236                           ;main.c: 126:             sprintf(buffer, "%u", adc_result);
  1237     01CA  3050               	movlw	(low (main@buffer| 0))& (0+255)
  1238     01CB  00BA               	movwf	sprintf@s
  1239     01CC  3027               	movlw	(low (((STR_2+3)-__stringbase)| (0+32768)))& (0+255)
  1240     01CD  00BB               	movwf	sprintf@fmt
  1241     01CE  086A               	movf	main@adc_result_154+1,w
  1242     01CF  00BD               	movwf	?_sprintf+3
  1243     01D0  0869               	movf	main@adc_result_154,w
  1244     01D1  00BC               	movwf	?_sprintf+2
  1245     01D2  120A  118A  27D4  120A  118A  	fcall	_sprintf
  1246     01D7  292C               	goto	l2164
  1247     01D8                     l2222:
  1248                           
  1249                           ;main.c: 129:         _delay((unsigned long)((100)*(8000000/4000.0)));
  1250     01D8  3002               	movlw	2
  1251     01D9  1283               	bcf	3,5	;RP0=0, select bank0
  1252     01DA  1303               	bcf	3,6	;RP1=0, select bank0
  1253     01DB  00CF               	movwf	??_main+2
  1254     01DC  3004               	movlw	4
  1255     01DD  00CE               	movwf	??_main+1
  1256     01DE  30B9               	movlw	185
  1257     01DF  00CD               	movwf	??_main
  1258     01E0                     u2397:
  1259     01E0  0BCD               	decfsz	??_main,f
  1260     01E1  29E0               	goto	u2397
  1261     01E2  0BCE               	decfsz	??_main+1,f
  1262     01E3  29E0               	goto	u2397
  1263     01E4  0BCF               	decfsz	??_main+2,f
  1264     01E5  29E0               	goto	u2397
  1265     01E6  29E7               	nop2
  1266     01E7  2883               	goto	l2130
  1267     01E8  120A  118A  280C   	ljmp	start
  1268     01EB                     __end_of_main:
  1269                           
  1270                           	psect	text1
  1271     07D4                     __ptext1:	
  1272 ;; *************** function _sprintf *****************
  1273 ;; Defined at:
  1274 ;;		line 9 in file "C:\Program Files\Microchip\xc8\v3.10\pic\sources\c99\common\nf_sprintf.c"
  1275 ;; Parameters:    Size  Location     Type
  1276 ;;  s               1   26[BANK0 ] PTR unsigned char 
  1277 ;;		 -> main@buffer(10), 
  1278 ;;  fmt             1   27[BANK0 ] PTR const unsigned char 
  1279 ;;		 -> STR_6(3), STR_4(6), STR_2(6), 
  1280 ;; Auto vars:     Size  Location     Type
  1281 ;;  f              11   34[BANK0 ] struct _IO_FILE
  1282 ;;  ret             2    0        int 
  1283 ;;  ap              1   33[BANK0 ] PTR void [1]
  1284 ;;		 -> ?_sprintf(2), 
  1285 ;; Return value:  Size  Location     Type
  1286 ;;                  2   26[BANK0 ] int 
  1287 ;; Registers used:
  1288 ;;		wreg, fsr0l, fsr0h, status,2, status,0, pclath, cstack
  1289 ;; Tracked objects:
  1290 ;;		On entry : 0/0
  1291 ;;		On exit  : 0/0
  1292 ;;		Unchanged: 0/0
  1293 ;; Data sizes:     COMMON   BANK0   BANK1   BANK3   BANK2
  1294 ;;      Params:         0       6       0       0       0
  1295 ;;      Locals:         0      12       0       0       0
  1296 ;;      Temps:          0       1       0       0       0
  1297 ;;      Totals:         0      19       0       0       0
  1298 ;;Total ram usage:       19 bytes
  1299 ;; Hardware stack levels used: 1
  1300 ;; Hardware stack levels required when called: 6
  1301 ;; This function calls:
  1302 ;;		_vfprintf
  1303 ;; This function is called by:
  1304 ;;		_main
  1305 ;; This function uses a non-reentrant model
  1306 ;;
  1307                           
  1308     07D4                     _sprintf:	
  1309                           ;psect for function _sprintf
  1310                           
  1311     07D4                     l2030:	
  1312                           ;incstack = 0
  1313                           ; Regs used in _sprintf: [wreg-fsr0h+status,2+status,0+pclath+cstack]
  1314                           
  1315     07D4  303C               	movlw	(low ((?_sprintf| 0+2)))& (0+255)
  1316     07D5  1283               	bcf	3,5	;RP0=0, select bank0
  1317     07D6  1303               	bcf	3,6	;RP1=0, select bank0
  1318     07D7  00C1               	movwf	sprintf@ap
  1319     07D8                     l2032:
  1320     07D8  083A               	movf	sprintf@s,w
  1321     07D9  00C2               	movwf	sprintf@f
  1322     07DA  3000               	movlw	0
  1323     07DB  00C3               	movwf	sprintf@f+1
  1324     07DC                     l2034:
  1325     07DC  01C4               	clrf	sprintf@f+2
  1326     07DD  01C5               	clrf	sprintf@f+3
  1327     07DE                     l2036:
  1328     07DE  01CB               	clrf	sprintf@f+9
  1329     07DF  01CC               	clrf	sprintf@f+10
  1330     07E0                     l2038:
  1331     07E0  3042               	movlw	low sprintf@f
  1332     07E1  00B5               	movwf	vfprintf@fp
  1333     07E2  3000               	movlw	high sprintf@f
  1334     07E3  00B6               	movwf	vfprintf@fp+1
  1335     07E4  083B               	movf	sprintf@fmt,w
  1336     07E5  00B7               	movwf	vfprintf@fmt
  1337     07E6  3041               	movlw	(low (sprintf@ap| 0))& (0+255)
  1338     07E7  00B8               	movwf	vfprintf@ap
  1339     07E8  120A  158A  27DD  120A  118A  	fcall	_vfprintf
  1340     07ED                     l2040:
  1341     07ED  1283               	bcf	3,5	;RP0=0, select bank0
  1342     07EE  1303               	bcf	3,6	;RP1=0, select bank0
  1343     07EF  0844               	movf	sprintf@f+2,w
  1344     07F0  073A               	addwf	sprintf@s,w
  1345     07F1  00C0               	movwf	??_sprintf
  1346     07F2  0840               	movf	??_sprintf,w
  1347     07F3  0084               	movwf	4
  1348     07F4  1383               	bcf	3,7	;select IRP bank0
  1349     07F5  0180               	clrf	0
  1350     07F6                     l804:
  1351     07F6  0008               	return
  1352     07F7                     __end_of_sprintf:
  1353                           
  1354                           	psect	text2
  1355     0FDD                     __ptext2:	
  1356 ;; *************** function _vfprintf *****************
  1357 ;; Defined at:
  1358 ;;		line 1817 in file "C:\Program Files\Microchip\xc8\v3.10\pic\sources\c99\common\doprnt.c"
  1359 ;; Parameters:    Size  Location     Type
  1360 ;;  fp              2   21[BANK0 ] PTR struct _IO_FILE
  1361 ;;		 -> sprintf@f(11), 
  1362 ;;  fmt             1   23[BANK0 ] PTR const unsigned char 
  1363 ;;		 -> STR_6(3), STR_4(6), STR_2(6), 
  1364 ;;  ap              1   24[BANK0 ] PTR PTR void 
  1365 ;;		 -> sprintf@ap(1), 
  1366 ;; Auto vars:     Size  Location     Type
  1367 ;;  cfmt            1   25[BANK0 ] PTR unsigned char 
  1368 ;;		 -> STR_6(3), STR_4(6), STR_2(6), 
  1369 ;; Return value:  Size  Location     Type
  1370 ;;                  2   21[BANK0 ] int 
  1371 ;; Registers used:
  1372 ;;		wreg, fsr0l, fsr0h, status,2, status,0, pclath, cstack
  1373 ;; Tracked objects:
  1374 ;;		On entry : 0/0
  1375 ;;		On exit  : 0/0
  1376 ;;		Unchanged: 0/0
  1377 ;; Data sizes:     COMMON   BANK0   BANK1   BANK3   BANK2
  1378 ;;      Params:         0       4       0       0       0
  1379 ;;      Locals:         0       1       0       0       0
  1380 ;;      Temps:          0       0       0       0       0
  1381 ;;      Totals:         0       5       0       0       0
  1382 ;;Total ram usage:        5 bytes
  1383 ;; Hardware stack levels used: 1
  1384 ;; Hardware stack levels required when called: 5
  1385 ;; This function calls:
  1386 ;;		_vfpfcnvrt
  1387 ;; This function is called by:
  1388 ;;		_sprintf
  1389 ;; This function uses a non-reentrant model
  1390 ;;
  1391                           
  1392     0FDD                     _vfprintf:	
  1393                           ;psect for function _vfprintf
  1394                           
  1395     0FDD                     l1966:	
  1396                           ;incstack = 0
  1397                           ; Regs used in _vfprintf: [wreg-fsr0h+status,2+status,0+pclath+cstack]
  1398                           
  1399                           
  1400                           ;C:\Program Files\Microchip\xc8\v3.10\pic\sources\c99\common\doprnt.c: 1817: int vfprint
      +                          f(FILE *fp, const char *fmt, va_list ap);C:\Program Files\Microchip\xc8\v3.10\pic\source
      +                          s\c99\common\doprnt.c: 1818: {;C:\Program Files\Microchip\xc8\v3.10\pic\sources\c99\comm
      +                          on\doprnt.c: 1820:     char *cfmt;;C:\Program Files\Microchip\xc8\v3.10\pic\sources\c99\
      +                          common\doprnt.c: 1822:     cfmt = (char *)fmt;
  1401     0FDD  1283               	bcf	3,5	;RP0=0, select bank0
  1402     0FDE  1303               	bcf	3,6	;RP1=0, select bank0
  1403     0FDF  0837               	movf	vfprintf@fmt,w
  1404     0FE0  00B9               	movwf	vfprintf@cfmt
  1405                           
  1406                           ;C:\Program Files\Microchip\xc8\v3.10\pic\sources\c99\common\doprnt.c: 1826:     while (
      +                          *cfmt) {
  1407     0FE1  2FEF               	goto	l1970
  1408     0FE2                     l1968:
  1409                           
  1410                           ;C:\Program Files\Microchip\xc8\v3.10\pic\sources\c99\common\doprnt.c: 1830:    vfpfcnvr
      +                          t(fp, &cfmt, ap);
  1411     0FE2  0835               	movf	vfprintf@fp,w
  1412     0FE3  00A9               	movwf	vfpfcnvrt@fp
  1413     0FE4  0836               	movf	vfprintf@fp+1,w
  1414     0FE5  00AA               	movwf	vfpfcnvrt@fp+1
  1415     0FE6  3039               	movlw	(low (vfprintf@cfmt| 0))& (0+255)
  1416     0FE7  00AB               	movwf	vfpfcnvrt@fmt
  1417     0FE8  0838               	movf	vfprintf@ap,w
  1418     0FE9  00AC               	movwf	vfpfcnvrt@ap
  1419     0FEA  120A  118A  21EB  120A  158A  	fcall	_vfpfcnvrt
  1420     0FEF                     l1970:
  1421                           
  1422                           ;C:\Program Files\Microchip\xc8\v3.10\pic\sources\c99\common\doprnt.c: 1826:     while (
      +                          *cfmt) {
  1423     0FEF  1283               	bcf	3,5	;RP0=0, select bank0
  1424     0FF0  1303               	bcf	3,6	;RP1=0, select bank0
  1425     0FF1  0839               	movf	vfprintf@cfmt,w
  1426     0FF2  0084               	movwf	4
  1427     0FF3  120A  118A  2742  120A  158A  	fcall	stringdir
  1428     0FF8  3A00               	xorlw	0
  1429     0FF9  1D03               	skipz
  1430     0FFA  2FFC               	goto	u2081
  1431     0FFB  2FFD               	goto	u2080
  1432     0FFC                     u2081:
  1433     0FFC  2FE2               	goto	l1968
  1434     0FFD                     u2080:
  1435     0FFD                     l1972:
  1436                           
  1437                           ;C:\Program Files\Microchip\xc8\v3.10\pic\sources\c99\common\doprnt.c: 1835:  return 0;
  1438     0FFD  01B5               	clrf	?_vfprintf
  1439     0FFE  01B6               	clrf	?_vfprintf+1
  1440     0FFF                     l849:
  1441     0FFF  0008               	return
  1442     1000                     __end_of_vfprintf:
  1443                           
  1444                           	psect	text3
  1445     01EB                     __ptext3:	
  1446 ;; *************** function _vfpfcnvrt *****************
  1447 ;; Defined at:
  1448 ;;		line 1177 in file "C:\Program Files\Microchip\xc8\v3.10\pic\sources\c99\common\doprnt.c"
  1449 ;; Parameters:    Size  Location     Type
  1450 ;;  fp              2    9[BANK0 ] PTR struct _IO_FILE
  1451 ;;		 -> sprintf@f(11), 
  1452 ;;  fmt             1   11[BANK0 ] PTR PTR unsigned char 
  1453 ;;		 -> vfprintf@cfmt(1), 
  1454 ;;  ap              1   12[BANK0 ] PTR PTR void 
  1455 ;;		 -> sprintf@ap(1), 
  1456 ;; Auto vars:     Size  Location     Type
  1457 ;;  convarg         4   15[BANK0 ] struct .
  1458 ;;  c               1   20[BANK0 ] unsigned char 
  1459 ;;  cp              1   19[BANK0 ] PTR unsigned char 
  1460 ;;		 -> STR_6(3), STR_4(6), STR_2(6), 
  1461 ;;  done            1    0        _Bool 
  1462 ;; Return value:  Size  Location     Type
  1463 ;;                  1    wreg      void 
  1464 ;; Registers used:
  1465 ;;		wreg, fsr0l, fsr0h, status,2, status,0, pclath, cstack
  1466 ;; Tracked objects:
  1467 ;;		On entry : 0/0
  1468 ;;		On exit  : 0/0
  1469 ;;		Unchanged: 0/0
  1470 ;; Data sizes:     COMMON   BANK0   BANK1   BANK3   BANK2
  1471 ;;      Params:         0       4       0       0       0
  1472 ;;      Locals:         0       6       0       0       0
  1473 ;;      Temps:          0       2       0       0       0
  1474 ;;      Totals:         0      12       0       0       0
  1475 ;;Total ram usage:       12 bytes
  1476 ;; Hardware stack levels used: 1
  1477 ;; Hardware stack levels required when called: 4
  1478 ;; This function calls:
  1479 ;;		___lwdiv
  1480 ;;		___lwmod
  1481 ;;		_fputc
  1482 ;; This function is called by:
  1483 ;;		_vfprintf
  1484 ;; This function uses a non-reentrant model
  1485 ;;
  1486                           
  1487     01EB                     _vfpfcnvrt:	
  1488                           ;psect for function _vfpfcnvrt
  1489                           
  1490     01EB                     l1890:	
  1491                           ;incstack = 0
  1492                           ; Regs used in _vfpfcnvrt: [wreg-fsr0h+status,2+status,0+pclath+cstack]
  1493                           
  1494                           
  1495                           ;C:\Program Files\Microchip\xc8\v3.10\pic\sources\c99\common\doprnt.c: 1177: vfpfcnvrt(F
      +                          ILE *fp, char *fmt[], va_list ap);C:\Program Files\Microchip\xc8\v3.10\pic\sources\c99\c
      +                          ommon\doprnt.c: 1178: {;C:\Program Files\Microchip\xc8\v3.10\pic\sources\c99\common\dopr
      +                          nt.c: 1179:     char c, *cp;;C:\Program Files\Microchip\xc8\v3.10\pic\sources\c99\common
      +                          \doprnt.c: 1180:     _Bool done;;C:\Program Files\Microchip\xc8\v3.10\pic\sources\c99\co
      +                          mmon\doprnt.c: 1188:  } convarg;;C:\Program Files\Microchip\xc8\v3.10\pic\sources\c99\co
      +                          mmon\doprnt.c: 1201:     if ((*fmt)[0] == '%') {
  1496     01EB  1283               	bcf	3,5	;RP0=0, select bank0
  1497     01EC  1303               	bcf	3,6	;RP1=0, select bank0
  1498     01ED  082B               	movf	vfpfcnvrt@fmt,w
  1499     01EE  0084               	movwf	4
  1500     01EF  1383               	bcf	3,7	;select IRP bank0
  1501     01F0  0800               	movf	0,w
  1502     01F1  0084               	movwf	4
  1503     01F2  120A  118A  2742  120A  118A  	fcall	stringdir
  1504     01F7  3A25               	xorlw	37
  1505     01F8  1D03               	skipz
  1506     01F9  29FB               	goto	u1931
  1507     01FA  29FC               	goto	u1930
  1508     01FB                     u1931:
  1509     01FB  2AB6               	goto	l1934
  1510     01FC                     u1930:
  1511     01FC                     l1892:
  1512                           
  1513                           ;C:\Program Files\Microchip\xc8\v3.10\pic\sources\c99\common\doprnt.c: 1202:         ++*
      +                          fmt;
  1514     01FC  082B               	movf	vfpfcnvrt@fmt,w
  1515     01FD  0084               	movwf	4
  1516     01FE  3001               	movlw	1
  1517     01FF  0780               	addwf	0,f
  1518     0200                     l1894:
  1519                           
  1520                           ;C:\Program Files\Microchip\xc8\v3.10\pic\sources\c99\common\doprnt.c: 1204:         fla
      +                          gs = width = 0;
  1521     0200  01ED               	clrf	_width
  1522     0201  01EE               	clrf	_width+1
  1523     0202  3000               	movlw	0
  1524     0203  00FA               	movwf	_flags
  1525     0204                     l1896:
  1526                           
  1527                           ;C:\Program Files\Microchip\xc8\v3.10\pic\sources\c99\common\doprnt.c: 1205:         pre
      +                          c = -1;
  1528     0204  30FF               	movlw	255
  1529     0205  00F8               	movwf	_prec
  1530     0206  30FF               	movlw	255
  1531     0207  00F9               	movwf	_prec+1
  1532     0208                     l1898:
  1533                           
  1534                           ;C:\Program Files\Microchip\xc8\v3.10\pic\sources\c99\common\doprnt.c: 1439:   if (0
  1535     0208  082B               	movf	vfpfcnvrt@fmt,w
  1536     0209  0084               	movwf	4
  1537     020A  0800               	movf	0,w
  1538     020B  00B3               	movwf	vfpfcnvrt@cp
  1539     020C                     l1900:
  1540     020C  0833               	movf	vfpfcnvrt@cp,w
  1541     020D  0084               	movwf	4
  1542     020E  120A  118A  2742  120A  118A  	fcall	stringdir
  1543     0213  3A75               	xorlw	117
  1544     0214  1D03               	skipz
  1545     0215  2A17               	goto	u1941
  1546     0216  2A18               	goto	u1940
  1547     0217                     u1941:
  1548     0217  2A8E               	goto	l1922
  1549     0218                     u1940:
  1550     0218                     l1902:
  1551                           
  1552                           ;C:\Program Files\Microchip\xc8\v3.10\pic\sources\c99\common\doprnt.c: 1452:     ) {;C:\
      +                          Program Files\Microchip\xc8\v3.10\pic\sources\c99\common\doprnt.c: 1495:    convarg.uint
      +                           = (vfpf_uint_t)(unsigned int)(*(unsigned int *)__va_arg(*(unsigned int **)ap, (unsigned
      +                           int)0));
  1553     0218  082C               	movf	vfpfcnvrt@ap,w
  1554     0219  0084               	movwf	4
  1555     021A  0800               	movf	0,w
  1556     021B  00AD               	movwf	??_vfpfcnvrt
  1557     021C  3002               	movlw	2
  1558     021D  0780               	addwf	0,f
  1559     021E  082D               	movf	??_vfpfcnvrt,w
  1560     021F  0084               	movwf	4
  1561     0220  0800               	movf	0,w
  1562     0221  00AF               	movwf	vfpfcnvrt@convarg
  1563     0222  0A84               	incf	4,f
  1564     0223  0800               	movf	0,w
  1565     0224  00B0               	movwf	vfpfcnvrt@convarg+1
  1566                           
  1567                           ;C:\Program Files\Microchip\xc8\v3.10\pic\sources\c99\common\doprnt.c: 1497:    *fmt = c
      +                          p+1;
  1568     0225  082B               	movf	vfpfcnvrt@fmt,w
  1569     0226  0084               	movwf	4
  1570     0227  0833               	movf	vfpfcnvrt@cp,w
  1571     0228  3E01               	addlw	1
  1572     0229  0080               	movwf	0
  1573                           
  1574                           ;C:\Program Files\Microchip\xc8\v3.10\pic\sources\c99\common\doprnt.c: 1498:    switch (
      +                          *cp) {
  1575     022A  2A83               	goto	l1920
  1576     022B                     l833:	
  1577                           ;C:\Program Files\Microchip\xc8\v3.10\pic\sources\c99\common\doprnt.c: 1523:     case 'u
      +                          ':
  1578                           
  1579                           
  1580                           ;C:\Program Files\Microchip\xc8\v3.10\pic\sources\c99\common\doprnt.c: 1525:      c = si
      +                          zeof(dbuf);
  1581     022B  3020               	movlw	32
  1582     022C  00B4               	movwf	vfpfcnvrt@c
  1583     022D                     l1904:
  1584                           
  1585                           ;C:\Program Files\Microchip\xc8\v3.10\pic\sources\c99\common\doprnt.c: 1527:       dbuf[
      +                          --c] = (convarg.uint % 10) + '0';
  1586     022D  3001               	movlw	1
  1587     022E  02B4               	subwf	vfpfcnvrt@c,f
  1588     022F  0834               	movf	vfpfcnvrt@c,w
  1589     0230  3EA0               	addlw	(low (_dbuf| 0))& (0+255)
  1590     0231  0084               	movwf	4
  1591     0232  300A               	movlw	10
  1592     0233  00F3               	movwf	___lwmod@divisor
  1593     0234  3000               	movlw	0
  1594     0235  00F4               	movwf	___lwmod@divisor+1
  1595     0236  0830               	movf	vfpfcnvrt@convarg+1,w
  1596     0237  00F6               	movwf	___lwmod@dividend+1
  1597     0238  082F               	movf	vfpfcnvrt@convarg,w
  1598     0239  00F5               	movwf	___lwmod@dividend
  1599     023A  120A  118A  2771  120A  118A  	fcall	___lwmod
  1600     023F  0873               	movf	?___lwmod,w
  1601     0240  3E30               	addlw	48
  1602     0241  1383               	bcf	3,7	;select IRP bank1
  1603     0242  0080               	movwf	0
  1604     0243                     l1906:
  1605                           
  1606                           ;C:\Program Files\Microchip\xc8\v3.10\pic\sources\c99\common\doprnt.c: 1528:       conva
      +                          rg.uint /= 10;
  1607     0243  300A               	movlw	10
  1608     0244  1283               	bcf	3,5	;RP0=0, select bank0
  1609     0245  1303               	bcf	3,6	;RP1=0, select bank0
  1610     0246  00A2               	movwf	___lwdiv@divisor
  1611     0247  3000               	movlw	0
  1612     0248  00A3               	movwf	___lwdiv@divisor+1
  1613     0249  0830               	movf	vfpfcnvrt@convarg+1,w
  1614     024A  00A5               	movwf	___lwdiv@dividend+1
  1615     024B  082F               	movf	vfpfcnvrt@convarg,w
  1616     024C  00A4               	movwf	___lwdiv@dividend
  1617     024D  120A  118A  26F4  120A  118A  	fcall	___lwdiv
  1618     0252  1283               	bcf	3,5	;RP0=0, select bank0
  1619     0253  1303               	bcf	3,6	;RP1=0, select bank0
  1620     0254  0823               	movf	?___lwdiv+1,w
  1621     0255  00B0               	movwf	vfpfcnvrt@convarg+1
  1622     0256  0822               	movf	?___lwdiv,w
  1623     0257  00AF               	movwf	vfpfcnvrt@convarg
  1624     0258                     l1908:
  1625                           
  1626                           ;C:\Program Files\Microchip\xc8\v3.10\pic\sources\c99\common\doprnt.c: 1532:      } whil
      +                          e (convarg.uint != 0 && c != 0);
  1627     0258  082F               	movf	vfpfcnvrt@convarg,w
  1628     0259  0430               	iorwf	vfpfcnvrt@convarg+1,w
  1629     025A  1903               	btfsc	3,2
  1630     025B  2A5D               	goto	u1951
  1631     025C  2A5E               	goto	u1950
  1632     025D                     u1951:
  1633     025D  2A7C               	goto	l1916
  1634     025E                     u1950:
  1635     025E                     l1910:
  1636     025E  0834               	movf	vfpfcnvrt@c,w
  1637     025F  1D03               	btfss	3,2
  1638     0260  2A62               	goto	u1961
  1639     0261  2A63               	goto	u1960
  1640     0262                     u1961:
  1641     0262  2A2D               	goto	l1904
  1642     0263                     u1960:
  1643     0263  2A7C               	goto	l1916
  1644     0264                     l1912:
  1645                           
  1646                           ;C:\Program Files\Microchip\xc8\v3.10\pic\sources\c99\common\doprnt.c: 1534:       fputc
      +                          (dbuf[c++], fp);
  1647     0264  0834               	movf	vfpfcnvrt@c,w
  1648     0265  3EA0               	addlw	(low (_dbuf| 0))& (0+255)
  1649     0266  0084               	movwf	4
  1650     0267  1383               	bcf	3,7	;select IRP bank1
  1651     0268  0800               	movf	0,w
  1652     0269  00AD               	movwf	??_vfpfcnvrt
  1653     026A  01AE               	clrf	??_vfpfcnvrt+1
  1654     026B  082D               	movf	??_vfpfcnvrt,w
  1655     026C  00F3               	movwf	fputc@c
  1656     026D  082E               	movf	??_vfpfcnvrt+1,w
  1657     026E  00F4               	movwf	fputc@c+1
  1658     026F  0829               	movf	vfpfcnvrt@fp,w
  1659     0270  00F5               	movwf	fputc@fp
  1660     0271  082A               	movf	vfpfcnvrt@fp+1,w
  1661     0272  00F6               	movwf	fputc@fp+1
  1662     0273  120A  118A  243A  120A  118A  	fcall	_fputc
  1663     0278                     l1914:
  1664     0278  3001               	movlw	1
  1665     0279  1283               	bcf	3,5	;RP0=0, select bank0
  1666     027A  1303               	bcf	3,6	;RP1=0, select bank0
  1667     027B  07B4               	addwf	vfpfcnvrt@c,f
  1668     027C                     l1916:
  1669                           
  1670                           ;C:\Program Files\Microchip\xc8\v3.10\pic\sources\c99\common\doprnt.c: 1533:      while 
      +                          (c != sizeof(dbuf)) {
  1671     027C  3020               	movlw	32
  1672     027D  0634               	xorwf	vfpfcnvrt@c,w
  1673     027E  1D03               	btfss	3,2
  1674     027F  2A81               	goto	u1971
  1675     0280  2A82               	goto	u1970
  1676     0281                     u1971:
  1677     0281  2A64               	goto	l1912
  1678     0282                     u1970:
  1679     0282  2ACF               	goto	l841
  1680     0283                     l1920:
  1681     0283  0833               	movf	vfpfcnvrt@cp,w
  1682     0284  0084               	movwf	4
  1683     0285  120A  118A  2742  120A  118A  	fcall	stringdir
  1684                           
  1685                           ; Switch size 1, requested type "simple"
  1686                           ; Number of cases is 1, Range of values is 117 to 117
  1687                           ; switch strategies available:
  1688                           ; Name         Instructions Cycles
  1689                           ; simple_byte            4     3 (average)
  1690                           ; direct_byte           14    11 (fixed)
  1691                           ; jumptable            263     9 (fixed)
  1692                           ;	Chosen strategy is simple_byte
  1693     028A  3A75               	xorlw	117	; case 117
  1694     028B  1903               	skipnz
  1695     028C  2A2B               	goto	l833
  1696     028D  2A8E               	goto	l1922
  1697     028E                     l1922:
  1698                           
  1699                           ;C:\Program Files\Microchip\xc8\v3.10\pic\sources\c99\common\doprnt.c: 1798:         if 
      +                          ((*fmt)[0] == '%') {
  1700     028E  082B               	movf	vfpfcnvrt@fmt,w
  1701     028F  0084               	movwf	4
  1702     0290  0800               	movf	0,w
  1703     0291  0084               	movwf	4
  1704     0292  120A  118A  2742  120A  118A  	fcall	stringdir
  1705     0297  3A25               	xorlw	37
  1706     0298  1D03               	skipz
  1707     0299  2A9B               	goto	u1981
  1708     029A  2A9C               	goto	u1980
  1709     029B                     u1981:
  1710     029B  2AAE               	goto	l1930
  1711     029C                     u1980:
  1712     029C                     l1924:
  1713                           
  1714                           ;C:\Program Files\Microchip\xc8\v3.10\pic\sources\c99\common\doprnt.c: 1799:            
      +                           ++*fmt;
  1715     029C  082B               	movf	vfpfcnvrt@fmt,w
  1716     029D  0084               	movwf	4
  1717     029E  3001               	movlw	1
  1718     029F  0780               	addwf	0,f
  1719     02A0                     l1926:
  1720                           
  1721                           ;C:\Program Files\Microchip\xc8\v3.10\pic\sources\c99\common\doprnt.c: 1800:            
      +                           fputc((int)'%', fp);
  1722     02A0  3025               	movlw	37
  1723     02A1  00F3               	movwf	fputc@c
  1724     02A2  3000               	movlw	0
  1725     02A3  00F4               	movwf	fputc@c+1
  1726     02A4  0829               	movf	vfpfcnvrt@fp,w
  1727     02A5  00F5               	movwf	fputc@fp
  1728     02A6  082A               	movf	vfpfcnvrt@fp+1,w
  1729     02A7  00F6               	movwf	fputc@fp+1
  1730     02A8  120A  118A  243A  120A  118A  	fcall	_fputc
  1731     02AD  2ACF               	goto	l841
  1732     02AE                     l1930:
  1733                           
  1734                           ;C:\Program Files\Microchip\xc8\v3.10\pic\sources\c99\common\doprnt.c: 1806:         ++*
      +                          fmt;
  1735     02AE  1283               	bcf	3,5	;RP0=0, select bank0
  1736     02AF  1303               	bcf	3,6	;RP1=0, select bank0
  1737     02B0  082B               	movf	vfpfcnvrt@fmt,w
  1738     02B1  0084               	movwf	4
  1739     02B2  3001               	movlw	1
  1740     02B3  1383               	bcf	3,7	;select IRP bank0
  1741     02B4  0780               	addwf	0,f
  1742     02B5  2ACF               	goto	l841
  1743     02B6                     l1934:
  1744                           
  1745                           ;C:\Program Files\Microchip\xc8\v3.10\pic\sources\c99\common\doprnt.c: 1811:     fputc((
      +                          int)(*fmt)[0], fp);
  1746     02B6  082B               	movf	vfpfcnvrt@fmt,w
  1747     02B7  0084               	movwf	4
  1748     02B8  0800               	movf	0,w
  1749     02B9  0084               	movwf	4
  1750     02BA  120A  118A  2742  120A  118A  	fcall	stringdir
  1751     02BF  00AD               	movwf	??_vfpfcnvrt
  1752     02C0  01AE               	clrf	??_vfpfcnvrt+1
  1753     02C1  082D               	movf	??_vfpfcnvrt,w
  1754     02C2  00F3               	movwf	fputc@c
  1755     02C3  082E               	movf	??_vfpfcnvrt+1,w
  1756     02C4  00F4               	movwf	fputc@c+1
  1757     02C5  0829               	movf	vfpfcnvrt@fp,w
  1758     02C6  00F5               	movwf	fputc@fp
  1759     02C7  082A               	movf	vfpfcnvrt@fp+1,w
  1760     02C8  00F6               	movwf	fputc@fp+1
  1761     02C9  120A  118A  243A  120A  118A  	fcall	_fputc
  1762     02CE  2AAE               	goto	l1930
  1763     02CF                     l841:
  1764     02CF  0008               	return
  1765     02D0                     __end_of_vfpfcnvrt:
  1766                           
  1767                           	psect	text4
  1768     043A                     __ptext4:	
  1769 ;; *************** function _fputc *****************
  1770 ;; Defined at:
  1771 ;;		line 8 in file "C:\Program Files\Microchip\xc8\v3.10\pic\sources\c99\common\nf_fputc.c"
  1772 ;; Parameters:    Size  Location     Type
  1773 ;;  c               2    3[COMMON] int 
  1774 ;;  fp              2    5[COMMON] PTR struct _IO_FILE
  1775 ;;		 -> sprintf@f(11), 
  1776 ;; Auto vars:     Size  Location     Type
  1777 ;;		None
  1778 ;; Return value:  Size  Location     Type
  1779 ;;                  2    3[COMMON] int 
  1780 ;; Registers used:
  1781 ;;		wreg, fsr0l, fsr0h, status,2, status,0, pclath, cstack
  1782 ;; Tracked objects:
  1783 ;;		On entry : 0/0
  1784 ;;		On exit  : 0/0
  1785 ;;		Unchanged: 0/0
  1786 ;; Data sizes:     COMMON   BANK0   BANK1   BANK3   BANK2
  1787 ;;      Params:         4       0       0       0       0
  1788 ;;      Locals:         0       0       0       0       0
  1789 ;;      Temps:          0       9       0       0       0
  1790 ;;      Totals:         4       9       0       0       0
  1791 ;;Total ram usage:       13 bytes
  1792 ;; Hardware stack levels used: 1
  1793 ;; Hardware stack levels required when called: 3
  1794 ;; This function calls:
  1795 ;;		_putch
  1796 ;; This function is called by:
  1797 ;;		_vfpfcnvrt
  1798 ;; This function uses a non-reentrant model
  1799 ;;
  1800                           
  1801     043A                     _fputc:	
  1802                           ;psect for function _fputc
  1803                           
  1804     043A                     l1418:	
  1805                           ;incstack = 0
  1806                           ; Regs used in _fputc: [wreg-fsr0h+status,2+status,0+pclath+cstack]
  1807                           
  1808     043A  0875               	movf	fputc@fp,w
  1809     043B  0476               	iorwf	fputc@fp+1,w
  1810     043C  1903               	btfsc	3,2
  1811     043D  2C3F               	goto	u1041
  1812     043E  2C40               	goto	u1040
  1813     043F                     u1041:
  1814     043F  2C46               	goto	l1422
  1815     0440                     u1040:
  1816     0440                     l1420:
  1817     0440  0875               	movf	fputc@fp,w
  1818     0441  0476               	iorwf	fputc@fp+1,w
  1819     0442  1D03               	btfss	3,2
  1820     0443  2C45               	goto	u1051
  1821     0444  2C46               	goto	u1050
  1822     0445                     u1051:
  1823     0445  2C4D               	goto	l1424
  1824     0446                     u1050:
  1825     0446                     l1422:
  1826     0446  0873               	movf	fputc@c,w
  1827     0447  120A  118A  2003  120A  118A  	fcall	_putch
  1828     044C  2CD9               	goto	l861
  1829     044D                     l1424:
  1830     044D  0875               	movf	fputc@fp,w
  1831     044E  3E09               	addlw	9
  1832     044F  1283               	bcf	3,5	;RP0=0, select bank0
  1833     0450  1303               	bcf	3,6	;RP1=0, select bank0
  1834     0451  00A0               	movwf	??_fputc
  1835     0452  0876               	movf	fputc@fp+1,w
  1836     0453  1803               	skipnc
  1837     0454  3E01               	addlw	1
  1838     0455  3E00               	addlw	0
  1839     0456  00A1               	movwf	??_fputc+1
  1840     0457  0820               	movf	??_fputc,w
  1841     0458  0084               	movwf	4
  1842     0459  1783               	bsf	3,7
  1843     045A  1C21               	btfss	??_fputc+1,0
  1844     045B  1383               	bcf	3,7
  1845     045C  0800               	movf	0,w
  1846     045D  00A2               	movwf	??_fputc+2
  1847     045E  0A84               	incf	4,f
  1848     045F  0800               	movf	0,w
  1849     0460  00A3               	movwf	??_fputc+3
  1850     0461  0822               	movf	??_fputc+2,w
  1851     0462  0423               	iorwf	??_fputc+3,w
  1852     0463  1903               	btfsc	3,2
  1853     0464  2C66               	goto	u1061
  1854     0465  2C67               	goto	u1060
  1855     0466                     u1061:
  1856     0466  2C99               	goto	l1428
  1857     0467                     u1060:
  1858     0467                     l1426:
  1859     0467  0875               	movf	fputc@fp,w
  1860     0468  3E09               	addlw	9
  1861     0469  00A0               	movwf	??_fputc
  1862     046A  0876               	movf	fputc@fp+1,w
  1863     046B  1803               	skipnc
  1864     046C  3E01               	addlw	1
  1865     046D  3E00               	addlw	0
  1866     046E  00A1               	movwf	??_fputc+1
  1867     046F  0820               	movf	??_fputc,w
  1868     0470  0084               	movwf	4
  1869     0471  1783               	bsf	3,7
  1870     0472  1C21               	btfss	??_fputc+1,0
  1871     0473  1383               	bcf	3,7
  1872     0474  0800               	movf	0,w
  1873     0475  00A2               	movwf	??_fputc+2
  1874     0476  0A84               	incf	4,f
  1875     0477  0800               	movf	0,w
  1876     0478  00A3               	movwf	??_fputc+3
  1877     0479  0875               	movf	fputc@fp,w
  1878     047A  3E02               	addlw	2
  1879     047B  00A4               	movwf	??_fputc+4
  1880     047C  0876               	movf	fputc@fp+1,w
  1881     047D  1803               	skipnc
  1882     047E  3E01               	addlw	1
  1883     047F  3E00               	addlw	0
  1884     0480  00A5               	movwf	??_fputc+5
  1885     0481  0824               	movf	??_fputc+4,w
  1886     0482  0084               	movwf	4
  1887     0483  1783               	bsf	3,7
  1888     0484  1C25               	btfss	??_fputc+5,0
  1889     0485  1383               	bcf	3,7
  1890     0486  0800               	movf	0,w
  1891     0487  00A6               	movwf	??_fputc+6
  1892     0488  0A84               	incf	4,f
  1893     0489  0800               	movf	0,w
  1894     048A  00A7               	movwf	??_fputc+7
  1895     048B  0827               	movf	??_fputc+7,w
  1896     048C  3A80               	xorlw	128
  1897     048D  00A8               	movwf	??_fputc+8
  1898     048E  0823               	movf	??_fputc+3,w
  1899     048F  3A80               	xorlw	128
  1900     0490  0228               	subwf	??_fputc+8,w
  1901     0491  1D03               	skipz
  1902     0492  2C95               	goto	u1075
  1903     0493  0822               	movf	??_fputc+2,w
  1904     0494  0226               	subwf	??_fputc+6,w
  1905     0495                     u1075:
  1906     0495  1803               	skipnc
  1907     0496  2C98               	goto	u1071
  1908     0497  2C99               	goto	u1070
  1909     0498                     u1071:
  1910     0498  2CD9               	goto	l861
  1911     0499                     u1070:
  1912     0499                     l1428:
  1913     0499  0875               	movf	fputc@fp,w
  1914     049A  0084               	movwf	4
  1915     049B  1783               	bsf	3,7
  1916     049C  1C76               	btfss	fputc@fp+1,0
  1917     049D  1383               	bcf	3,7
  1918     049E  0800               	movf	0,w
  1919     049F  1283               	bcf	3,5	;RP0=0, select bank0
  1920     04A0  1303               	bcf	3,6	;RP1=0, select bank0
  1921     04A1  00A0               	movwf	??_fputc
  1922     04A2  0A84               	incf	4,f
  1923     04A3  0800               	movf	0,w
  1924     04A4  00A1               	movwf	??_fputc+1
  1925     04A5  0875               	movf	fputc@fp,w
  1926     04A6  3E02               	addlw	2
  1927     04A7  00A2               	movwf	??_fputc+2
  1928     04A8  0876               	movf	fputc@fp+1,w
  1929     04A9  1803               	skipnc
  1930     04AA  3E01               	addlw	1
  1931     04AB  3E00               	addlw	0
  1932     04AC  00A3               	movwf	??_fputc+3
  1933     04AD  0822               	movf	??_fputc+2,w
  1934     04AE  0084               	movwf	4
  1935     04AF  1783               	bsf	3,7
  1936     04B0  1C23               	btfss	??_fputc+3,0
  1937     04B1  1383               	bcf	3,7
  1938     04B2  0800               	movf	0,w
  1939     04B3  0720               	addwf	??_fputc,w
  1940     04B4  00A5               	movwf	??_fputc+5
  1941     04B5  0821               	movf	??_fputc+1,w
  1942     04B6  00A4               	movwf	??_fputc+4
  1943     04B7  1803               	skipnc
  1944     04B8  0AA4               	incf	??_fputc+4,f
  1945     04B9  1F80               	btfss	0,7
  1946     04BA  2CBC               	goto	u1080
  1947     04BB  03A4               	decf	??_fputc+4,f
  1948     04BC                     u1080:
  1949     04BC  1283               	bcf	3,5	;RP0=0, select bank0
  1950     04BD  1303               	bcf	3,6	;RP1=0, select bank0
  1951     04BE  0824               	movf	??_fputc+4,w
  1952     04BF  00A6               	movwf	??_fputc+6
  1953     04C0  0825               	movf	??_fputc+5,w
  1954     04C1  0084               	movwf	4
  1955     04C2  1783               	bsf	3,7
  1956     04C3  1C26               	btfss	??_fputc+6,0
  1957     04C4  1383               	bcf	3,7
  1958     04C5  0873               	movf	fputc@c,w
  1959     04C6  0080               	movwf	0
  1960     04C7  0875               	movf	fputc@fp,w
  1961     04C8  3E02               	addlw	2
  1962     04C9  00A0               	movwf	??_fputc
  1963     04CA  0876               	movf	fputc@fp+1,w
  1964     04CB  1803               	skipnc
  1965     04CC  3E01               	addlw	1
  1966     04CD  3E00               	addlw	0
  1967     04CE  00A1               	movwf	??_fputc+1
  1968     04CF  0820               	movf	??_fputc,w
  1969     04D0  0084               	movwf	4
  1970     04D1  1783               	bsf	3,7
  1971     04D2  1C21               	btfss	??_fputc+1,0
  1972     04D3  1383               	bcf	3,7
  1973     04D4  3001               	movlw	1
  1974     04D5  0780               	addwf	0,f
  1975     04D6  0A84               	incf	4,f
  1976     04D7  1803               	skipnc
  1977     04D8  0A80               	incf	0,f
  1978     04D9                     l861:
  1979     04D9  0008               	return
  1980     04DA                     __end_of_fputc:
  1981                           
  1982                           	psect	text5
  1983     0003                     __ptext5:	
  1984 ;; *************** function _putch *****************
  1985 ;; Defined at:
  1986 ;;		line 7 in file "C:\Program Files\Microchip\xc8\v3.10\pic\sources\c99\common\putch.c"
  1987 ;; Parameters:    Size  Location     Type
  1988 ;;  c               1    wreg     unsigned char 
  1989 ;; Auto vars:     Size  Location     Type
  1990 ;;  c               1    0[COMMON] unsigned char 
  1991 ;; Return value:  Size  Location     Type
  1992 ;;                  1    wreg      void 
  1993 ;; Registers used:
  1994 ;;		wreg
  1995 ;; Tracked objects:
  1996 ;;		On entry : 0/0
  1997 ;;		On exit  : 0/0
  1998 ;;		Unchanged: 0/0
  1999 ;; Data sizes:     COMMON   BANK0   BANK1   BANK3   BANK2
  2000 ;;      Params:         0       0       0       0       0
  2001 ;;      Locals:         0       0       0       0       0
  2002 ;;      Temps:          0       0       0       0       0
  2003 ;;      Totals:         0       0       0       0       0
  2004 ;;Total ram usage:        0 bytes
  2005 ;; Hardware stack levels used: 1
  2006 ;; Hardware stack levels required when called: 2
  2007 ;; This function calls:
  2008 ;;		Nothing
  2009 ;; This function is called by:
  2010 ;;		_fputc
  2011 ;; This function uses a non-reentrant model
  2012 ;;
  2013                           
  2014     0003                     _putch:	
  2015                           ;psect for function _putch
  2016                           
  2017     0003                     l872:	
  2018                           ;incstack = 0
  2019                           ; Regs used in _putch: [wreg]
  2020                           
  2021     0003  0008               	return
  2022     0004                     __end_of_putch:
  2023                           
  2024                           	psect	text6
  2025     0771                     __ptext6:	
  2026 ;; *************** function ___lwmod *****************
  2027 ;; Defined at:
  2028 ;;		line 5 in file "C:\Program Files\Microchip\xc8\v3.10\pic\sources\c99\common\lwmod.c"
  2029 ;; Parameters:    Size  Location     Type
  2030 ;;  divisor         2    3[COMMON] unsigned int 
  2031 ;;  dividend        2    5[COMMON] unsigned int 
  2032 ;; Auto vars:     Size  Location     Type
  2033 ;;  counter         1    7[COMMON] unsigned char 
  2034 ;; Return value:  Size  Location     Type
  2035 ;;                  2    3[COMMON] unsigned int 
  2036 ;; Registers used:
  2037 ;;		wreg, status,2, status,0
  2038 ;; Tracked objects:
  2039 ;;		On entry : 0/0
  2040 ;;		On exit  : 0/0
  2041 ;;		Unchanged: 0/0
  2042 ;; Data sizes:     COMMON   BANK0   BANK1   BANK3   BANK2
  2043 ;;      Params:         4       0       0       0       0
  2044 ;;      Locals:         1       0       0       0       0
  2045 ;;      Temps:          0       0       0       0       0
  2046 ;;      Totals:         5       0       0       0       0
  2047 ;;Total ram usage:        5 bytes
  2048 ;; Hardware stack levels used: 1
  2049 ;; Hardware stack levels required when called: 2
  2050 ;; This function calls:
  2051 ;;		Nothing
  2052 ;; This function is called by:
  2053 ;;		_main
  2054 ;;		_vfpfcnvrt
  2055 ;; This function uses a non-reentrant model
  2056 ;;
  2057                           
  2058     0771                     ___lwmod:	
  2059                           ;psect for function ___lwmod
  2060                           
  2061     0771                     l1396:	
  2062                           ;incstack = 0
  2063                           ; Regs used in ___lwmod: [wreg+status,2+status,0]
  2064                           
  2065     0771  0873               	movf	___lwmod@divisor,w
  2066     0772  0474               	iorwf	___lwmod@divisor+1,w
  2067     0773  1903               	btfsc	3,2
  2068     0774  2F76               	goto	u981
  2069     0775  2F77               	goto	u980
  2070     0776                     u981:
  2071     0776  2FA4               	goto	l1414
  2072     0777                     u980:
  2073     0777                     l1398:
  2074     0777  3001               	movlw	1
  2075     0778  00F7               	movwf	___lwmod@counter
  2076     0779  2F83               	goto	l1404
  2077     077A                     l1400:
  2078     077A  3001               	movlw	1
  2079     077B                     u995:
  2080     077B  1003               	clrc
  2081     077C  0DF3               	rlf	___lwmod@divisor,f
  2082     077D  0DF4               	rlf	___lwmod@divisor+1,f
  2083     077E  3EFF               	addlw	-1
  2084     077F  1D03               	skipz
  2085     0780  2F7B               	goto	u995
  2086     0781                     l1402:
  2087     0781  3001               	movlw	1
  2088     0782  07F7               	addwf	___lwmod@counter,f
  2089     0783                     l1404:
  2090     0783  1FF4               	btfss	___lwmod@divisor+1,7
  2091     0784  2F86               	goto	u1001
  2092     0785  2F87               	goto	u1000
  2093     0786                     u1001:
  2094     0786  2F7A               	goto	l1400
  2095     0787                     u1000:
  2096     0787                     l1406:
  2097     0787  0874               	movf	___lwmod@divisor+1,w
  2098     0788  0276               	subwf	___lwmod@dividend+1,w
  2099     0789  1D03               	skipz
  2100     078A  2F8D               	goto	u1015
  2101     078B  0873               	movf	___lwmod@divisor,w
  2102     078C  0275               	subwf	___lwmod@dividend,w
  2103     078D                     u1015:
  2104     078D  1C03               	skipc
  2105     078E  2F90               	goto	u1011
  2106     078F  2F91               	goto	u1010
  2107     0790                     u1011:
  2108     0790  2F97               	goto	l1410
  2109     0791                     u1010:
  2110     0791                     l1408:
  2111     0791  0873               	movf	___lwmod@divisor,w
  2112     0792  02F5               	subwf	___lwmod@dividend,f
  2113     0793  0874               	movf	___lwmod@divisor+1,w
  2114     0794  1C03               	skipc
  2115     0795  03F6               	decf	___lwmod@dividend+1,f
  2116     0796  02F6               	subwf	___lwmod@dividend+1,f
  2117     0797                     l1410:
  2118     0797  3001               	movlw	1
  2119     0798                     u1025:
  2120     0798  1003               	clrc
  2121     0799  0CF4               	rrf	___lwmod@divisor+1,f
  2122     079A  0CF3               	rrf	___lwmod@divisor,f
  2123     079B  3EFF               	addlw	-1
  2124     079C  1D03               	skipz
  2125     079D  2F98               	goto	u1025
  2126     079E                     l1412:
  2127     079E  3001               	movlw	1
  2128     079F  02F7               	subwf	___lwmod@counter,f
  2129     07A0  1D03               	btfss	3,2
  2130     07A1  2FA3               	goto	u1031
  2131     07A2  2FA4               	goto	u1030
  2132     07A3                     u1031:
  2133     07A3  2F87               	goto	l1406
  2134     07A4                     u1030:
  2135     07A4                     l1414:
  2136     07A4  0876               	movf	___lwmod@dividend+1,w
  2137     07A5  00F4               	movwf	?___lwmod+1
  2138     07A6  0875               	movf	___lwmod@dividend,w
  2139     07A7  00F3               	movwf	?___lwmod
  2140     07A8                     l631:
  2141     07A8  0008               	return
  2142     07A9                     __end_of___lwmod:
  2143                           
  2144                           	psect	text7
  2145     06F4                     __ptext7:	
  2146 ;; *************** function ___lwdiv *****************
  2147 ;; Defined at:
  2148 ;;		line 5 in file "C:\Program Files\Microchip\xc8\v3.10\pic\sources\c99\common\lwdiv.c"
  2149 ;; Parameters:    Size  Location     Type
  2150 ;;  divisor         2    2[BANK0 ] unsigned int 
  2151 ;;  dividend        2    4[BANK0 ] unsigned int 
  2152 ;; Auto vars:     Size  Location     Type
  2153 ;;  quotient        2    6[BANK0 ] unsigned int 
  2154 ;;  counter         1    8[BANK0 ] unsigned char 
  2155 ;; Return value:  Size  Location     Type
  2156 ;;                  2    2[BANK0 ] unsigned int 
  2157 ;; Registers used:
  2158 ;;		wreg, status,2, status,0
  2159 ;; Tracked objects:
  2160 ;;		On entry : 0/0
  2161 ;;		On exit  : 0/0
  2162 ;;		Unchanged: 0/0
  2163 ;; Data sizes:     COMMON   BANK0   BANK1   BANK3   BANK2
  2164 ;;      Params:         0       4       0       0       0
  2165 ;;      Locals:         0       3       0       0       0
  2166 ;;      Temps:          0       0       0       0       0
  2167 ;;      Totals:         0       7       0       0       0
  2168 ;;Total ram usage:        7 bytes
  2169 ;; Hardware stack levels used: 1
  2170 ;; Hardware stack levels required when called: 2
  2171 ;; This function calls:
  2172 ;;		Nothing
  2173 ;; This function is called by:
  2174 ;;		_main
  2175 ;;		_vfpfcnvrt
  2176 ;; This function uses a non-reentrant model
  2177 ;;
  2178                           
  2179     06F4                     ___lwdiv:	
  2180                           ;psect for function ___lwdiv
  2181                           
  2182     06F4                     l1370:	
  2183                           ;incstack = 0
  2184                           ; Regs used in ___lwdiv: [wreg+status,2+status,0]
  2185                           
  2186     06F4  1283               	bcf	3,5	;RP0=0, select bank0
  2187     06F5  1303               	bcf	3,6	;RP1=0, select bank0
  2188     06F6  01A6               	clrf	___lwdiv@quotient
  2189     06F7  01A7               	clrf	___lwdiv@quotient+1
  2190     06F8                     l1372:
  2191     06F8  0822               	movf	___lwdiv@divisor,w
  2192     06F9  0423               	iorwf	___lwdiv@divisor+1,w
  2193     06FA  1903               	btfsc	3,2
  2194     06FB  2EFD               	goto	u911
  2195     06FC  2EFE               	goto	u910
  2196     06FD                     u911:
  2197     06FD  2F33               	goto	l1392
  2198     06FE                     u910:
  2199     06FE                     l1374:
  2200     06FE  3001               	movlw	1
  2201     06FF  00A8               	movwf	___lwdiv@counter
  2202     0700  2F0A               	goto	l1380
  2203     0701                     l1376:
  2204     0701  3001               	movlw	1
  2205     0702                     u925:
  2206     0702  1003               	clrc
  2207     0703  0DA2               	rlf	___lwdiv@divisor,f
  2208     0704  0DA3               	rlf	___lwdiv@divisor+1,f
  2209     0705  3EFF               	addlw	-1
  2210     0706  1D03               	skipz
  2211     0707  2F02               	goto	u925
  2212     0708                     l1378:
  2213     0708  3001               	movlw	1
  2214     0709  07A8               	addwf	___lwdiv@counter,f
  2215     070A                     l1380:
  2216     070A  1FA3               	btfss	___lwdiv@divisor+1,7
  2217     070B  2F0D               	goto	u931
  2218     070C  2F0E               	goto	u930
  2219     070D                     u931:
  2220     070D  2F01               	goto	l1376
  2221     070E                     u930:
  2222     070E                     l1382:
  2223     070E  3001               	movlw	1
  2224     070F                     u945:
  2225     070F  1003               	clrc
  2226     0710  0DA6               	rlf	___lwdiv@quotient,f
  2227     0711  0DA7               	rlf	___lwdiv@quotient+1,f
  2228     0712  3EFF               	addlw	-1
  2229     0713  1D03               	skipz
  2230     0714  2F0F               	goto	u945
  2231     0715  0823               	movf	___lwdiv@divisor+1,w
  2232     0716  0225               	subwf	___lwdiv@dividend+1,w
  2233     0717  1D03               	skipz
  2234     0718  2F1B               	goto	u955
  2235     0719  0822               	movf	___lwdiv@divisor,w
  2236     071A  0224               	subwf	___lwdiv@dividend,w
  2237     071B                     u955:
  2238     071B  1C03               	skipc
  2239     071C  2F1E               	goto	u951
  2240     071D  2F1F               	goto	u950
  2241     071E                     u951:
  2242     071E  2F26               	goto	l1388
  2243     071F                     u950:
  2244     071F                     l1384:
  2245     071F  0822               	movf	___lwdiv@divisor,w
  2246     0720  02A4               	subwf	___lwdiv@dividend,f
  2247     0721  0823               	movf	___lwdiv@divisor+1,w
  2248     0722  1C03               	skipc
  2249     0723  03A5               	decf	___lwdiv@dividend+1,f
  2250     0724  02A5               	subwf	___lwdiv@dividend+1,f
  2251     0725                     l1386:
  2252     0725  1426               	bsf	___lwdiv@quotient,0
  2253     0726                     l1388:
  2254     0726  3001               	movlw	1
  2255     0727                     u965:
  2256     0727  1003               	clrc
  2257     0728  0CA3               	rrf	___lwdiv@divisor+1,f
  2258     0729  0CA2               	rrf	___lwdiv@divisor,f
  2259     072A  3EFF               	addlw	-1
  2260     072B  1D03               	skipz
  2261     072C  2F27               	goto	u965
  2262     072D                     l1390:
  2263     072D  3001               	movlw	1
  2264     072E  02A8               	subwf	___lwdiv@counter,f
  2265     072F  1D03               	btfss	3,2
  2266     0730  2F32               	goto	u971
  2267     0731  2F33               	goto	u970
  2268     0732                     u971:
  2269     0732  2F0E               	goto	l1382
  2270     0733                     u970:
  2271     0733                     l1392:
  2272     0733  0827               	movf	___lwdiv@quotient+1,w
  2273     0734  00A3               	movwf	?___lwdiv+1
  2274     0735  0826               	movf	___lwdiv@quotient,w
  2275     0736  00A2               	movwf	?___lwdiv
  2276     0737                     l621:
  2277     0737  0008               	return
  2278     0738                     __end_of___lwdiv:
  2279                           
  2280                           	psect	text8
  2281     07A9                     __ptext8:	
  2282 ;; *************** function ___wmul *****************
  2283 ;; Defined at:
  2284 ;;		line 15 in file "C:\Program Files\Microchip\xc8\v3.10\pic\sources\c99\common\Umul16.c"
  2285 ;; Parameters:    Size  Location     Type
  2286 ;;  multiplier      2    3[COMMON] unsigned int 
  2287 ;;  multiplicand    2    5[COMMON] unsigned int 
  2288 ;; Auto vars:     Size  Location     Type
  2289 ;;  product         2    0[BANK0 ] unsigned int 
  2290 ;; Return value:  Size  Location     Type
  2291 ;;                  2    3[COMMON] unsigned int 
  2292 ;; Registers used:
  2293 ;;		wreg, status,2, status,0
  2294 ;; Tracked objects:
  2295 ;;		On entry : 0/0
  2296 ;;		On exit  : 0/0
  2297 ;;		Unchanged: 0/0
  2298 ;; Data sizes:     COMMON   BANK0   BANK1   BANK3   BANK2
  2299 ;;      Params:         4       0       0       0       0
  2300 ;;      Locals:         0       2       0       0       0
  2301 ;;      Temps:          0       0       0       0       0
  2302 ;;      Totals:         4       2       0       0       0
  2303 ;;Total ram usage:        6 bytes
  2304 ;; Hardware stack levels used: 1
  2305 ;; Hardware stack levels required when called: 2
  2306 ;; This function calls:
  2307 ;;		Nothing
  2308 ;; This function is called by:
  2309 ;;		_main
  2310 ;; This function uses a non-reentrant model
  2311 ;;
  2312                           
  2313     07A9                     ___wmul:	
  2314                           ;psect for function ___wmul
  2315                           
  2316     07A9                     l2044:	
  2317                           ;incstack = 0
  2318                           ; Regs used in ___wmul: [wreg+status,2+status,0]
  2319                           
  2320     07A9  1283               	bcf	3,5	;RP0=0, select bank0
  2321     07AA  1303               	bcf	3,6	;RP1=0, select bank0
  2322     07AB  01A0               	clrf	___wmul@product
  2323     07AC  01A1               	clrf	___wmul@product+1
  2324     07AD                     l2046:
  2325     07AD  1C73               	btfss	___wmul@multiplier,0
  2326     07AE  2FB0               	goto	u2161
  2327     07AF  2FB1               	goto	u2160
  2328     07B0                     u2161:
  2329     07B0  2FB9               	goto	l341
  2330     07B1                     u2160:
  2331     07B1                     l2048:
  2332     07B1  0875               	movf	___wmul@multiplicand,w
  2333     07B2  1283               	bcf	3,5	;RP0=0, select bank0
  2334     07B3  1303               	bcf	3,6	;RP1=0, select bank0
  2335     07B4  07A0               	addwf	___wmul@product,f
  2336     07B5  1803               	skipnc
  2337     07B6  0AA1               	incf	___wmul@product+1,f
  2338     07B7  0876               	movf	___wmul@multiplicand+1,w
  2339     07B8  07A1               	addwf	___wmul@product+1,f
  2340     07B9                     l341:
  2341     07B9  3001               	movlw	1
  2342     07BA                     u2175:
  2343     07BA  1003               	clrc
  2344     07BB  0DF5               	rlf	___wmul@multiplicand,f
  2345     07BC  0DF6               	rlf	___wmul@multiplicand+1,f
  2346     07BD  3EFF               	addlw	-1
  2347     07BE  1D03               	skipz
  2348     07BF  2FBA               	goto	u2175
  2349     07C0                     l2050:
  2350     07C0  3001               	movlw	1
  2351     07C1                     u2185:
  2352     07C1  1003               	clrc
  2353     07C2  0CF4               	rrf	___wmul@multiplier+1,f
  2354     07C3  0CF3               	rrf	___wmul@multiplier,f
  2355     07C4  3EFF               	addlw	-1
  2356     07C5  1D03               	skipz
  2357     07C6  2FC1               	goto	u2185
  2358     07C7                     l2052:
  2359     07C7  0873               	movf	___wmul@multiplier,w
  2360     07C8  0474               	iorwf	___wmul@multiplier+1,w
  2361     07C9  1D03               	btfss	3,2
  2362     07CA  2FCC               	goto	u2191
  2363     07CB  2FCD               	goto	u2190
  2364     07CC                     u2191:
  2365     07CC  2FAD               	goto	l2046
  2366     07CD                     u2190:
  2367     07CD                     l2054:
  2368     07CD  1283               	bcf	3,5	;RP0=0, select bank0
  2369     07CE  1303               	bcf	3,6	;RP1=0, select bank0
  2370     07CF  0821               	movf	___wmul@product+1,w
  2371     07D0  00F4               	movwf	?___wmul+1
  2372     07D1  0820               	movf	___wmul@product,w
  2373     07D2  00F3               	movwf	?___wmul
  2374     07D3                     l343:
  2375     07D3  0008               	return
  2376     07D4                     __end_of___wmul:
  2377                           
  2378                           	psect	text9
  2379     0666                     __ptext9:	
  2380 ;; *************** function ___lmul *****************
  2381 ;; Defined at:
  2382 ;;		line 15 in file "C:\Program Files\Microchip\xc8\v3.10\pic\sources\c99\common\Umul32.c"
  2383 ;; Parameters:    Size  Location     Type
  2384 ;;  multiplier      4    0[BANK0 ] unsigned long 
  2385 ;;  multiplicand    4    4[BANK0 ] unsigned long 
  2386 ;; Auto vars:     Size  Location     Type
  2387 ;;  product         4    4[COMMON] unsigned long 
  2388 ;; Return value:  Size  Location     Type
  2389 ;;                  4    0[BANK0 ] unsigned long 
  2390 ;; Registers used:
  2391 ;;		wreg, status,2, status,0
  2392 ;; Tracked objects:
  2393 ;;		On entry : 0/0
  2394 ;;		On exit  : 0/0
  2395 ;;		Unchanged: 0/0
  2396 ;; Data sizes:     COMMON   BANK0   BANK1   BANK3   BANK2
  2397 ;;      Params:         0       8       0       0       0
  2398 ;;      Locals:         4       0       0       0       0
  2399 ;;      Temps:          1       0       0       0       0
  2400 ;;      Totals:         5       8       0       0       0
  2401 ;;Total ram usage:       13 bytes
  2402 ;; Hardware stack levels used: 1
  2403 ;; Hardware stack levels required when called: 2
  2404 ;; This function calls:
  2405 ;;		Nothing
  2406 ;; This function is called by:
  2407 ;;		_main
  2408 ;; This function uses a non-reentrant model
  2409 ;;
  2410                           
  2411     0666                     ___lmul:	
  2412                           ;psect for function ___lmul
  2413                           
  2414     0666                     l2058:	
  2415                           ;incstack = 0
  2416                           ; Regs used in ___lmul: [wreg+status,2+status,0]
  2417                           
  2418     0666  3000               	movlw	0
  2419     0667  00F7               	movwf	___lmul@product+3
  2420     0668  3000               	movlw	0
  2421     0669  00F6               	movwf	___lmul@product+2
  2422     066A  3000               	movlw	0
  2423     066B  00F5               	movwf	___lmul@product+1
  2424     066C  3000               	movlw	0
  2425     066D  00F4               	movwf	___lmul@product
  2426     066E                     l2060:
  2427     066E  1283               	bcf	3,5	;RP0=0, select bank0
  2428     066F  1303               	bcf	3,6	;RP1=0, select bank0
  2429     0670  1C20               	btfss	___lmul@multiplier,0
  2430     0671  2E73               	goto	u2201
  2431     0672  2E74               	goto	u2200
  2432     0673                     u2201:
  2433     0673  2E8B               	goto	l2064
  2434     0674                     u2200:
  2435     0674                     l2062:
  2436     0674  0824               	movf	___lmul@multiplicand,w
  2437     0675  07F4               	addwf	___lmul@product,f
  2438     0676  0825               	movf	___lmul@multiplicand+1,w
  2439     0677  1103               	clrz
  2440     0678  1803               	skipnc
  2441     0679  3E01               	addlw	1
  2442     067A  1903               	skipnz
  2443     067B  2E7D               	goto	u2211
  2444     067C  07F5               	addwf	___lmul@product+1,f
  2445     067D                     u2211:
  2446     067D  0826               	movf	___lmul@multiplicand+2,w
  2447     067E  1103               	clrz
  2448     067F  1803               	skipnc
  2449     0680  3E01               	addlw	1
  2450     0681  1903               	skipnz
  2451     0682  2E84               	goto	u2212
  2452     0683  07F6               	addwf	___lmul@product+2,f
  2453     0684                     u2212:
  2454     0684  0827               	movf	___lmul@multiplicand+3,w
  2455     0685  1103               	clrz
  2456     0686  1803               	skipnc
  2457     0687  3E01               	addlw	1
  2458     0688  1903               	skipnz
  2459     0689  2E8B               	goto	u2213
  2460     068A  07F7               	addwf	___lmul@product+3,f
  2461     068B                     u2213:
  2462     068B                     l2064:
  2463     068B  3001               	movlw	1
  2464     068C  00F3               	movwf	??___lmul
  2465     068D                     u2225:
  2466     068D  1003               	clrc
  2467     068E  0DA4               	rlf	___lmul@multiplicand,f
  2468     068F  0DA5               	rlf	___lmul@multiplicand+1,f
  2469     0690  0DA6               	rlf	___lmul@multiplicand+2,f
  2470     0691  0DA7               	rlf	___lmul@multiplicand+3,f
  2471     0692  0BF3               	decfsz	??___lmul,f
  2472     0693  2E8D               	goto	u2225
  2473     0694                     l2066:
  2474     0694  3001               	movlw	1
  2475     0695                     u2235:
  2476     0695  1003               	clrc
  2477     0696  0CA3               	rrf	___lmul@multiplier+3,f
  2478     0697  0CA2               	rrf	___lmul@multiplier+2,f
  2479     0698  0CA1               	rrf	___lmul@multiplier+1,f
  2480     0699  0CA0               	rrf	___lmul@multiplier,f
  2481     069A  3EFF               	addlw	-1
  2482     069B  1D03               	skipz
  2483     069C  2E95               	goto	u2235
  2484     069D  0823               	movf	___lmul@multiplier+3,w
  2485     069E  0422               	iorwf	___lmul@multiplier+2,w
  2486     069F  0421               	iorwf	___lmul@multiplier+1,w
  2487     06A0  0420               	iorwf	___lmul@multiplier,w
  2488     06A1  1D03               	skipz
  2489     06A2  2EA4               	goto	u2241
  2490     06A3  2EA5               	goto	u2240
  2491     06A4                     u2241:
  2492     06A4  2E6E               	goto	l2060
  2493     06A5                     u2240:
  2494     06A5                     l2068:
  2495     06A5  0877               	movf	___lmul@product+3,w
  2496     06A6  00A3               	movwf	?___lmul+3
  2497     06A7  0876               	movf	___lmul@product+2,w
  2498     06A8  00A2               	movwf	?___lmul+2
  2499     06A9  0875               	movf	___lmul@product+1,w
  2500     06AA  00A1               	movwf	?___lmul+1
  2501     06AB  0874               	movf	___lmul@product,w
  2502     06AC  00A0               	movwf	?___lmul
  2503     06AD                     l355:
  2504     06AD  0008               	return
  2505     06AE                     __end_of___lmul:
  2506                           
  2507                           	psect	text10
  2508     0574                     __ptext10:	
  2509 ;; *************** function ___aldiv *****************
  2510 ;; Defined at:
  2511 ;;		line 5 in file "C:\Program Files\Microchip\xc8\v3.10\pic\sources\c99\common\aldiv.c"
  2512 ;; Parameters:    Size  Location     Type
  2513 ;;  divisor         4    8[BANK0 ] long 
  2514 ;;  dividend        4   12[BANK0 ] long 
  2515 ;; Auto vars:     Size  Location     Type
  2516 ;;  quotient        4   19[BANK0 ] long 
  2517 ;;  sign            1   18[BANK0 ] unsigned char 
  2518 ;;  counter         1   17[BANK0 ] unsigned char 
  2519 ;; Return value:  Size  Location     Type
  2520 ;;                  4    8[BANK0 ] long 
  2521 ;; Registers used:
  2522 ;;		wreg, status,2, status,0
  2523 ;; Tracked objects:
  2524 ;;		On entry : 0/0
  2525 ;;		On exit  : 0/0
  2526 ;;		Unchanged: 0/0
  2527 ;; Data sizes:     COMMON   BANK0   BANK1   BANK3   BANK2
  2528 ;;      Params:         0       8       0       0       0
  2529 ;;      Locals:         0       6       0       0       0
  2530 ;;      Temps:          0       1       0       0       0
  2531 ;;      Totals:         0      15       0       0       0
  2532 ;;Total ram usage:       15 bytes
  2533 ;; Hardware stack levels used: 1
  2534 ;; Hardware stack levels required when called: 2
  2535 ;; This function calls:
  2536 ;;		Nothing
  2537 ;; This function is called by:
  2538 ;;		_main
  2539 ;; This function uses a non-reentrant model
  2540 ;;
  2541                           
  2542     0574                     ___aldiv:	
  2543                           ;psect for function ___aldiv
  2544                           
  2545     0574                     l1664:	
  2546                           ;incstack = 0
  2547                           ; Regs used in ___aldiv: [wreg+status,2+status,0]
  2548                           
  2549     0574  1283               	bcf	3,5	;RP0=0, select bank0
  2550     0575  1303               	bcf	3,6	;RP1=0, select bank0
  2551     0576  01B2               	clrf	___aldiv@sign
  2552     0577                     l1666:
  2553     0577  1FAB               	btfss	___aldiv@divisor+3,7
  2554     0578  2D7A               	goto	u1561
  2555     0579  2D7B               	goto	u1560
  2556     057A                     u1561:
  2557     057A  2D88               	goto	l406
  2558     057B                     u1560:
  2559     057B                     l1668:
  2560     057B  09A8               	comf	___aldiv@divisor,f
  2561     057C  09A9               	comf	___aldiv@divisor+1,f
  2562     057D  09AA               	comf	___aldiv@divisor+2,f
  2563     057E  09AB               	comf	___aldiv@divisor+3,f
  2564     057F  0AA8               	incf	___aldiv@divisor,f
  2565     0580  1903               	skipnz
  2566     0581  0AA9               	incf	___aldiv@divisor+1,f
  2567     0582  1903               	skipnz
  2568     0583  0AAA               	incf	___aldiv@divisor+2,f
  2569     0584  1903               	skipnz
  2570     0585  0AAB               	incf	___aldiv@divisor+3,f
  2571     0586  3001               	movlw	1
  2572     0587  00B2               	movwf	___aldiv@sign
  2573     0588                     l406:
  2574     0588  1FAF               	btfss	___aldiv@dividend+3,7
  2575     0589  2D8B               	goto	u1571
  2576     058A  2D8C               	goto	u1570
  2577     058B                     u1571:
  2578     058B  2D99               	goto	l1674
  2579     058C                     u1570:
  2580     058C                     l1670:
  2581     058C  09AC               	comf	___aldiv@dividend,f
  2582     058D  09AD               	comf	___aldiv@dividend+1,f
  2583     058E  09AE               	comf	___aldiv@dividend+2,f
  2584     058F  09AF               	comf	___aldiv@dividend+3,f
  2585     0590  0AAC               	incf	___aldiv@dividend,f
  2586     0591  1903               	skipnz
  2587     0592  0AAD               	incf	___aldiv@dividend+1,f
  2588     0593  1903               	skipnz
  2589     0594  0AAE               	incf	___aldiv@dividend+2,f
  2590     0595  1903               	skipnz
  2591     0596  0AAF               	incf	___aldiv@dividend+3,f
  2592     0597                     l1672:
  2593     0597  3001               	movlw	1
  2594     0598  06B2               	xorwf	___aldiv@sign,f
  2595     0599                     l1674:
  2596     0599  3000               	movlw	0
  2597     059A  00B6               	movwf	___aldiv@quotient+3
  2598     059B  3000               	movlw	0
  2599     059C  00B5               	movwf	___aldiv@quotient+2
  2600     059D  3000               	movlw	0
  2601     059E  00B4               	movwf	___aldiv@quotient+1
  2602     059F  3000               	movlw	0
  2603     05A0  00B3               	movwf	___aldiv@quotient
  2604     05A1                     l1676:
  2605     05A1  082B               	movf	___aldiv@divisor+3,w
  2606     05A2  042A               	iorwf	___aldiv@divisor+2,w
  2607     05A3  0429               	iorwf	___aldiv@divisor+1,w
  2608     05A4  0428               	iorwf	___aldiv@divisor,w
  2609     05A5  1903               	skipnz
  2610     05A6  2DA8               	goto	u1581
  2611     05A7  2DA9               	goto	u1580
  2612     05A8                     u1581:
  2613     05A8  2DF4               	goto	l1696
  2614     05A9                     u1580:
  2615     05A9                     l1678:
  2616     05A9  3001               	movlw	1
  2617     05AA  00B1               	movwf	___aldiv@counter
  2618     05AB  2DB7               	goto	l1682
  2619     05AC                     l1680:
  2620     05AC  3001               	movlw	1
  2621     05AD  00B0               	movwf	??___aldiv
  2622     05AE                     u1595:
  2623     05AE  1003               	clrc
  2624     05AF  0DA8               	rlf	___aldiv@divisor,f
  2625     05B0  0DA9               	rlf	___aldiv@divisor+1,f
  2626     05B1  0DAA               	rlf	___aldiv@divisor+2,f
  2627     05B2  0DAB               	rlf	___aldiv@divisor+3,f
  2628     05B3  0BB0               	decfsz	??___aldiv,f
  2629     05B4  2DAE               	goto	u1595
  2630     05B5  3001               	movlw	1
  2631     05B6  07B1               	addwf	___aldiv@counter,f
  2632     05B7                     l1682:
  2633     05B7  1FAB               	btfss	___aldiv@divisor+3,7
  2634     05B8  2DBA               	goto	u1601
  2635     05B9  2DBB               	goto	u1600
  2636     05BA                     u1601:
  2637     05BA  2DAC               	goto	l1680
  2638     05BB                     u1600:
  2639     05BB                     l1684:
  2640     05BB  3001               	movlw	1
  2641     05BC  00B0               	movwf	??___aldiv
  2642     05BD                     u1615:
  2643     05BD  1003               	clrc
  2644     05BE  0DB3               	rlf	___aldiv@quotient,f
  2645     05BF  0DB4               	rlf	___aldiv@quotient+1,f
  2646     05C0  0DB5               	rlf	___aldiv@quotient+2,f
  2647     05C1  0DB6               	rlf	___aldiv@quotient+3,f
  2648     05C2  0BB0               	decfsz	??___aldiv,f
  2649     05C3  2DBD               	goto	u1615
  2650     05C4                     l1686:
  2651     05C4  082B               	movf	___aldiv@divisor+3,w
  2652     05C5  022F               	subwf	___aldiv@dividend+3,w
  2653     05C6  1D03               	skipz
  2654     05C7  2DD2               	goto	u1625
  2655     05C8  082A               	movf	___aldiv@divisor+2,w
  2656     05C9  022E               	subwf	___aldiv@dividend+2,w
  2657     05CA  1D03               	skipz
  2658     05CB  2DD2               	goto	u1625
  2659     05CC  0829               	movf	___aldiv@divisor+1,w
  2660     05CD  022D               	subwf	___aldiv@dividend+1,w
  2661     05CE  1D03               	skipz
  2662     05CF  2DD2               	goto	u1625
  2663     05D0  0828               	movf	___aldiv@divisor,w
  2664     05D1  022C               	subwf	___aldiv@dividend,w
  2665     05D2                     u1625:
  2666     05D2  1C03               	skipc
  2667     05D3  2DD5               	goto	u1621
  2668     05D4  2DD6               	goto	u1620
  2669     05D5                     u1621:
  2670     05D5  2DE5               	goto	l1692
  2671     05D6                     u1620:
  2672     05D6                     l1688:
  2673     05D6  0828               	movf	___aldiv@divisor,w
  2674     05D7  02AC               	subwf	___aldiv@dividend,f
  2675     05D8  0829               	movf	___aldiv@divisor+1,w
  2676     05D9  1C03               	skipc
  2677     05DA  0F29               	incfsz	___aldiv@divisor+1,w
  2678     05DB  02AD               	subwf	___aldiv@dividend+1,f
  2679     05DC  082A               	movf	___aldiv@divisor+2,w
  2680     05DD  1C03               	skipc
  2681     05DE  0F2A               	incfsz	___aldiv@divisor+2,w
  2682     05DF  02AE               	subwf	___aldiv@dividend+2,f
  2683     05E0  082B               	movf	___aldiv@divisor+3,w
  2684     05E1  1C03               	skipc
  2685     05E2  0F2B               	incfsz	___aldiv@divisor+3,w
  2686     05E3  02AF               	subwf	___aldiv@dividend+3,f
  2687     05E4                     l1690:
  2688     05E4  1433               	bsf	___aldiv@quotient,0
  2689     05E5                     l1692:
  2690     05E5  3001               	movlw	1
  2691     05E6                     u1635:
  2692     05E6  1003               	clrc
  2693     05E7  0CAB               	rrf	___aldiv@divisor+3,f
  2694     05E8  0CAA               	rrf	___aldiv@divisor+2,f
  2695     05E9  0CA9               	rrf	___aldiv@divisor+1,f
  2696     05EA  0CA8               	rrf	___aldiv@divisor,f
  2697     05EB  3EFF               	addlw	-1
  2698     05EC  1D03               	skipz
  2699     05ED  2DE6               	goto	u1635
  2700     05EE                     l1694:
  2701     05EE  3001               	movlw	1
  2702     05EF  02B1               	subwf	___aldiv@counter,f
  2703     05F0  1D03               	btfss	3,2
  2704     05F1  2DF3               	goto	u1641
  2705     05F2  2DF4               	goto	u1640
  2706     05F3                     u1641:
  2707     05F3  2DBB               	goto	l1684
  2708     05F4                     u1640:
  2709     05F4                     l1696:
  2710     05F4  0832               	movf	___aldiv@sign,w
  2711     05F5  1903               	btfsc	3,2
  2712     05F6  2DF8               	goto	u1651
  2713     05F7  2DF9               	goto	u1650
  2714     05F8                     u1651:
  2715     05F8  2E04               	goto	l1700
  2716     05F9                     u1650:
  2717     05F9                     l1698:
  2718     05F9  09B3               	comf	___aldiv@quotient,f
  2719     05FA  09B4               	comf	___aldiv@quotient+1,f
  2720     05FB  09B5               	comf	___aldiv@quotient+2,f
  2721     05FC  09B6               	comf	___aldiv@quotient+3,f
  2722     05FD  0AB3               	incf	___aldiv@quotient,f
  2723     05FE  1903               	skipnz
  2724     05FF  0AB4               	incf	___aldiv@quotient+1,f
  2725     0600  1903               	skipnz
  2726     0601  0AB5               	incf	___aldiv@quotient+2,f
  2727     0602  1903               	skipnz
  2728     0603  0AB6               	incf	___aldiv@quotient+3,f
  2729     0604                     l1700:
  2730     0604  0836               	movf	___aldiv@quotient+3,w
  2731     0605  00AB               	movwf	?___aldiv+3
  2732     0606  0835               	movf	___aldiv@quotient+2,w
  2733     0607  00AA               	movwf	?___aldiv+2
  2734     0608  0834               	movf	___aldiv@quotient+1,w
  2735     0609  00A9               	movwf	?___aldiv+1
  2736     060A  0833               	movf	___aldiv@quotient,w
  2737     060B  00A8               	movwf	?___aldiv
  2738     060C                     l416:
  2739     060C  0008               	return
  2740     060D                     __end_of___aldiv:
  2741                           
  2742                           	psect	text11
  2743     06AE                     __ptext11:	
  2744 ;; *************** function _LCD_putrs *****************
  2745 ;; Defined at:
  2746 ;;		line 142 in file "lcd.c"
  2747 ;; Parameters:    Size  Location     Type
  2748 ;;  a               2    1[BANK0 ] PTR const unsigned char 
  2749 ;;		 -> STR_5(6), STR_3(13), main@buffer(10), STR_1(10), 
  2750 ;; Auto vars:     Size  Location     Type
  2751 ;;  i               2    6[BANK0 ] int 
  2752 ;; Return value:  Size  Location     Type
  2753 ;;                  1    wreg      void 
  2754 ;; Registers used:
  2755 ;;		wreg, fsr0l, fsr0h, status,2, status,0, pclath, btemp1, cstack
  2756 ;; Tracked objects:
  2757 ;;		On entry : 0/0
  2758 ;;		On exit  : 0/0
  2759 ;;		Unchanged: 0/0
  2760 ;; Data sizes:     COMMON   BANK0   BANK1   BANK3   BANK2
  2761 ;;      Params:         0       2       0       0       0
  2762 ;;      Locals:         0       2       0       0       0
  2763 ;;      Temps:          0       3       0       0       0
  2764 ;;      Totals:         0       7       0       0       0
  2765 ;;Total ram usage:        7 bytes
  2766 ;; Hardware stack levels used: 1
  2767 ;; Hardware stack levels required when called: 4
  2768 ;; This function calls:
  2769 ;;		_LCD_putc
  2770 ;; This function is called by:
  2771 ;;		_main
  2772 ;; This function uses a non-reentrant model
  2773 ;;
  2774                           
  2775     06AE                     _LCD_putrs:	
  2776                           ;psect for function _LCD_putrs
  2777                           
  2778     06AE                     l2022:	
  2779                           ;incstack = 0
  2780                           ; Regs used in _LCD_putrs: [wreg-fsr0h+status,2+status,0+pclath+btemp1+cstack]
  2781                           
  2782                           
  2783                           ;lcd.c: 144:     for ( int i = 0; a[i] != '\0'; ++i ) {
  2784     06AE  1283               	bcf	3,5	;RP0=0, select bank0
  2785     06AF  1303               	bcf	3,6	;RP1=0, select bank0
  2786     06B0  01A6               	clrf	LCD_putrs@i
  2787     06B1  01A7               	clrf	LCD_putrs@i+1
  2788     06B2  2ED7               	goto	l2028
  2789     06B3                     l2024:
  2790                           
  2791                           ;lcd.c: 145:         LCD_putc(a[i]);
  2792     06B3  0826               	movf	LCD_putrs@i,w
  2793     06B4  0721               	addwf	LCD_putrs@a,w
  2794     06B5  00A4               	movwf	??_LCD_putrs+1
  2795     06B6  0822               	movf	LCD_putrs@a+1,w
  2796     06B7  00A3               	movwf	??_LCD_putrs
  2797     06B8  1803               	skipnc
  2798     06B9  0AA3               	incf	??_LCD_putrs,f
  2799     06BA  1FA6               	btfss	LCD_putrs@i,7
  2800     06BB  2EBD               	goto	u2130
  2801     06BC  03A3               	decf	??_LCD_putrs,f
  2802     06BD                     u2130:
  2803     06BD  1283               	bcf	3,5	;RP0=0, select bank0
  2804     06BE  1303               	bcf	3,6	;RP1=0, select bank0
  2805     06BF  0823               	movf	??_LCD_putrs,w
  2806     06C0  00A5               	movwf	??_LCD_putrs+2
  2807     06C1  0825               	movf	??_LCD_putrs+2,w
  2808     06C2  00FF               	movwf	btemp1
  2809     06C3  0824               	movf	??_LCD_putrs+1,w
  2810     06C4  0084               	movwf	4
  2811     06C5  120A  118A  2738  120A  118A  	fcall	stringtab
  2812     06CA  120A  118A  24DA  120A  118A  	fcall	_LCD_putc
  2813     06CF                     l2026:
  2814                           
  2815                           ;lcd.c: 146:     }
  2816     06CF  3001               	movlw	1
  2817     06D0  1283               	bcf	3,5	;RP0=0, select bank0
  2818     06D1  1303               	bcf	3,6	;RP1=0, select bank0
  2819     06D2  07A6               	addwf	LCD_putrs@i,f
  2820     06D3  1803               	skipnc
  2821     06D4  0AA7               	incf	LCD_putrs@i+1,f
  2822     06D5  3000               	movlw	0
  2823     06D6  07A7               	addwf	LCD_putrs@i+1,f
  2824     06D7                     l2028:
  2825     06D7  0826               	movf	LCD_putrs@i,w
  2826     06D8  0721               	addwf	LCD_putrs@a,w
  2827     06D9  00A4               	movwf	??_LCD_putrs+1
  2828     06DA  0822               	movf	LCD_putrs@a+1,w
  2829     06DB  00A3               	movwf	??_LCD_putrs
  2830     06DC  1803               	skipnc
  2831     06DD  0AA3               	incf	??_LCD_putrs,f
  2832     06DE  1FA6               	btfss	LCD_putrs@i,7
  2833     06DF  2EE1               	goto	u2140
  2834     06E0  03A3               	decf	??_LCD_putrs,f
  2835     06E1                     u2140:
  2836     06E1  1283               	bcf	3,5	;RP0=0, select bank0
  2837     06E2  1303               	bcf	3,6	;RP1=0, select bank0
  2838     06E3  0823               	movf	??_LCD_putrs,w
  2839     06E4  00A5               	movwf	??_LCD_putrs+2
  2840     06E5  0825               	movf	??_LCD_putrs+2,w
  2841     06E6  00FF               	movwf	btemp1
  2842     06E7  0824               	movf	??_LCD_putrs+1,w
  2843     06E8  0084               	movwf	4
  2844     06E9  120A  118A  2738  120A  118A  	fcall	stringtab
  2845     06EE  3A00               	xorlw	0
  2846     06EF  1D03               	skipz
  2847     06F0  2EF2               	goto	u2151
  2848     06F1  2EF3               	goto	u2150
  2849     06F2                     u2151:
  2850     06F2  2EB3               	goto	l2024
  2851     06F3                     u2150:
  2852     06F3                     l67:
  2853     06F3  0008               	return
  2854     06F4                     __end_of_LCD_putrs:
  2855                           
  2856                           	psect	text12
  2857     04DA                     __ptext12:	
  2858 ;; *************** function _LCD_putc *****************
  2859 ;; Defined at:
  2860 ;;		line 117 in file "lcd.c"
  2861 ;; Parameters:    Size  Location     Type
  2862 ;;  c               1    wreg     unsigned char 
  2863 ;; Auto vars:     Size  Location     Type
  2864 ;;  c               1    0[BANK0 ] unsigned char 
  2865 ;; Return value:  Size  Location     Type
  2866 ;;                  1    wreg      void 
  2867 ;; Registers used:
  2868 ;;		wreg, fsr0l, fsr0h, status,2, status,0, pclath, cstack
  2869 ;; Tracked objects:
  2870 ;;		On entry : 0/0
  2871 ;;		On exit  : 0/0
  2872 ;;		Unchanged: 0/0
  2873 ;; Data sizes:     COMMON   BANK0   BANK1   BANK3   BANK2
  2874 ;;      Params:         0       0       0       0       0
  2875 ;;      Locals:         0       1       0       0       0
  2876 ;;      Temps:          2       0       0       0       0
  2877 ;;      Totals:         2       1       0       0       0
  2878 ;;Total ram usage:        3 bytes
  2879 ;; Hardware stack levels used: 1
  2880 ;; Hardware stack levels required when called: 3
  2881 ;; This function calls:
  2882 ;;		_LCD_Out
  2883 ;; This function is called by:
  2884 ;;		_LCD_putrs
  2885 ;;		_LCD_puts
  2886 ;; This function uses a non-reentrant model
  2887 ;;
  2888                           
  2889     04DA                     _LCD_putc:	
  2890                           ;psect for function _LCD_putc
  2891                           
  2892                           
  2893                           ;incstack = 0
  2894                           ; Regs used in _LCD_putc: [wreg-fsr0h+status,2+status,0+pclath+cstack]
  2895                           ;LCD_putc@c stored from wreg
  2896     04DA  1283               	bcf	3,5	;RP0=0, select bank0
  2897     04DB  1303               	bcf	3,6	;RP1=0, select bank0
  2898     04DC  00A0               	movwf	LCD_putc@c
  2899     04DD                     l1950:
  2900                           
  2901                           ;lcd.c: 119:    *(lcd.PORT) |= 1 << lcd.RS;
  2902     04DD  1683               	bsf	3,5	;RP0=1, select bank1
  2903     04DE  1303               	bcf	3,6	;RP1=0, select bank1
  2904     04DF  0840               	movf	_lcd^(0+128),w
  2905     04E0  0084               	movwf	4
  2906     04E1  1783               	bsf	3,7
  2907     04E2  1C41               	btfss	(_lcd+1)^(0+128),0
  2908     04E3  1383               	bcf	3,7
  2909     04E4  3001               	movlw	1
  2910     04E5  00F6               	movwf	??_LCD_putc
  2911     04E6  0842               	movf	(_lcd^(0+128)+2),w
  2912     04E7  3907               	andlw	7
  2913     04E8  3E01               	addlw	1
  2914     04E9  2CEC               	goto	u2024
  2915     04EA                     u2025:
  2916     04EA  1003               	clrc
  2917     04EB  0DF6               	rlf	??_LCD_putc,f
  2918     04EC                     u2024:
  2919     04EC  3EFF               	addlw	-1
  2920     04ED  1D03               	skipz
  2921     04EE  2CEA               	goto	u2025
  2922     04EF  0876               	movf	??_LCD_putc,w
  2923     04F0  0480               	iorwf	0,f
  2924     04F1                     l1952:
  2925                           
  2926                           ;lcd.c: 120:     LCD_Out((c & 0xF0) >> 4);
  2927     04F1  1283               	bcf	3,5	;RP0=0, select bank0
  2928     04F2  1303               	bcf	3,6	;RP1=0, select bank0
  2929     04F3  0820               	movf	LCD_putc@c,w
  2930     04F4  00F6               	movwf	??_LCD_putc
  2931     04F5  3004               	movlw	4
  2932     04F6                     u2035:
  2933     04F6  1003               	clrc
  2934     04F7  0CF6               	rrf	??_LCD_putc,f
  2935     04F8  3EFF               	addlw	-1
  2936     04F9  1D03               	skipz
  2937     04FA  2CF6               	goto	u2035
  2938     04FB  0876               	movf	??_LCD_putc,w
  2939     04FC  390F               	andlw	15
  2940     04FD  120A  118A  22D0  120A  118A  	fcall	_LCD_Out
  2941     0502                     l1954:
  2942                           
  2943                           ;lcd.c: 122:     *(lcd.PORT) |= 1 << lcd.EN;
  2944     0502  1683               	bsf	3,5	;RP0=1, select bank1
  2945     0503  1303               	bcf	3,6	;RP1=0, select bank1
  2946     0504  0840               	movf	_lcd^(0+128),w
  2947     0505  0084               	movwf	4
  2948     0506  1783               	bsf	3,7
  2949     0507  1C41               	btfss	(_lcd+1)^(0+128),0
  2950     0508  1383               	bcf	3,7
  2951     0509  3001               	movlw	1
  2952     050A  00F6               	movwf	??_LCD_putc
  2953     050B  0C42               	rrf	(_lcd^(0+128)+2),w
  2954     050C  00F7               	movwf	??_LCD_putc+1
  2955     050D  0CF7               	rrf	??_LCD_putc+1,f
  2956     050E  0C77               	rrf	??_LCD_putc+1,w
  2957     050F  3907               	andlw	7
  2958     0510  3E01               	addlw	1
  2959     0511  2D14               	goto	u2044
  2960     0512                     u2045:
  2961     0512  1003               	clrc
  2962     0513  0DF6               	rlf	??_LCD_putc,f
  2963     0514                     u2044:
  2964     0514  3EFF               	addlw	-1
  2965     0515  1D03               	skipz
  2966     0516  2D12               	goto	u2045
  2967     0517  0876               	movf	??_LCD_putc,w
  2968     0518  0480               	iorwf	0,f
  2969     0519                     l1956:
  2970                           
  2971                           ;lcd.c: 123:     _delay((unsigned long)((40)*(8000000/4000000.0)));
  2972     0519  301A               	movlw	26
  2973     051A  00F6               	movwf	??_LCD_putc
  2974     051B                     u2407:
  2975     051B  0BF6               	decfsz	??_LCD_putc,f
  2976     051C  2D1B               	goto	u2407
  2977     051D  0000               	nop
  2978     051E                     l1958:
  2979                           
  2980                           ;lcd.c: 124:     *(lcd.PORT) &= ~(1 << lcd.EN);
  2981     051E  1683               	bsf	3,5	;RP0=1, select bank1
  2982     051F  1303               	bcf	3,6	;RP1=0, select bank1
  2983     0520  0840               	movf	_lcd^(0+128),w
  2984     0521  0084               	movwf	4
  2985     0522  1783               	bsf	3,7
  2986     0523  1C41               	btfss	(_lcd+1)^(0+128),0
  2987     0524  1383               	bcf	3,7
  2988     0525  3001               	movlw	1
  2989     0526  00F6               	movwf	??_LCD_putc
  2990     0527  0C42               	rrf	(_lcd^(0+128)+2),w
  2991     0528  00F7               	movwf	??_LCD_putc+1
  2992     0529  0CF7               	rrf	??_LCD_putc+1,f
  2993     052A  0C77               	rrf	??_LCD_putc+1,w
  2994     052B  3907               	andlw	7
  2995     052C  3E01               	addlw	1
  2996     052D  2D30               	goto	u2054
  2997     052E                     u2055:
  2998     052E  1003               	clrc
  2999     052F  0DF6               	rlf	??_LCD_putc,f
  3000     0530                     u2054:
  3001     0530  3EFF               	addlw	-1
  3002     0531  1D03               	skipz
  3003     0532  2D2E               	goto	u2055
  3004     0533  0876               	movf	??_LCD_putc,w
  3005     0534  3AFF               	xorlw	255
  3006     0535  0580               	andwf	0,f
  3007     0536                     l1960:
  3008                           
  3009                           ;lcd.c: 126:     LCD_Out(c & 0x0F);
  3010     0536  1283               	bcf	3,5	;RP0=0, select bank0
  3011     0537  1303               	bcf	3,6	;RP1=0, select bank0
  3012     0538  0820               	movf	LCD_putc@c,w
  3013     0539  390F               	andlw	15
  3014     053A  120A  118A  22D0  120A  118A  	fcall	_LCD_Out
  3015     053F                     l1962:
  3016                           
  3017                           ;lcd.c: 128:     *(lcd.PORT) |= 1 << lcd.EN;
  3018     053F  1683               	bsf	3,5	;RP0=1, select bank1
  3019     0540  1303               	bcf	3,6	;RP1=0, select bank1
  3020     0541  0840               	movf	_lcd^(0+128),w
  3021     0542  0084               	movwf	4
  3022     0543  1783               	bsf	3,7
  3023     0544  1C41               	btfss	(_lcd+1)^(0+128),0
  3024     0545  1383               	bcf	3,7
  3025     0546  3001               	movlw	1
  3026     0547  00F6               	movwf	??_LCD_putc
  3027     0548  0C42               	rrf	(_lcd^(0+128)+2),w
  3028     0549  00F7               	movwf	??_LCD_putc+1
  3029     054A  0CF7               	rrf	??_LCD_putc+1,f
  3030     054B  0C77               	rrf	??_LCD_putc+1,w
  3031     054C  3907               	andlw	7
  3032     054D  3E01               	addlw	1
  3033     054E  2D51               	goto	u2064
  3034     054F                     u2065:
  3035     054F  1003               	clrc
  3036     0550  0DF6               	rlf	??_LCD_putc,f
  3037     0551                     u2064:
  3038     0551  3EFF               	addlw	-1
  3039     0552  1D03               	skipz
  3040     0553  2D4F               	goto	u2065
  3041     0554  0876               	movf	??_LCD_putc,w
  3042     0555  0480               	iorwf	0,f
  3043                           
  3044                           ;lcd.c: 129:     _delay((unsigned long)((40)*(8000000/4000000.0)));
  3045     0556  301A               	movlw	26
  3046     0557  00F6               	movwf	??_LCD_putc
  3047     0558                     u2417:
  3048     0558  0BF6               	decfsz	??_LCD_putc,f
  3049     0559  2D58               	goto	u2417
  3050     055A  0000               	nop
  3051     055B                     l1964:
  3052                           
  3053                           ;lcd.c: 130:     *(lcd.PORT) &= ~(1 << lcd.EN);
  3054     055B  1683               	bsf	3,5	;RP0=1, select bank1
  3055     055C  1303               	bcf	3,6	;RP1=0, select bank1
  3056     055D  0840               	movf	_lcd^(0+128),w
  3057     055E  0084               	movwf	4
  3058     055F  1783               	bsf	3,7
  3059     0560  1C41               	btfss	(_lcd+1)^(0+128),0
  3060     0561  1383               	bcf	3,7
  3061     0562  3001               	movlw	1
  3062     0563  00F6               	movwf	??_LCD_putc
  3063     0564  0C42               	rrf	(_lcd^(0+128)+2),w
  3064     0565  00F7               	movwf	??_LCD_putc+1
  3065     0566  0CF7               	rrf	??_LCD_putc+1,f
  3066     0567  0C77               	rrf	??_LCD_putc+1,w
  3067     0568  3907               	andlw	7
  3068     0569  3E01               	addlw	1
  3069     056A  2D6D               	goto	u2074
  3070     056B                     u2075:
  3071     056B  1003               	clrc
  3072     056C  0DF6               	rlf	??_LCD_putc,f
  3073     056D                     u2074:
  3074     056D  3EFF               	addlw	-1
  3075     056E  1D03               	skipz
  3076     056F  2D6B               	goto	u2075
  3077     0570  0876               	movf	??_LCD_putc,w
  3078     0571  3AFF               	xorlw	255
  3079     0572  0580               	andwf	0,f
  3080     0573                     l55:
  3081     0573  0008               	return
  3082     0574                     __end_of_LCD_putc:
  3083                           
  3084                           	psect	text13
  3085     038A                     __ptext13:	
  3086 ;; *************** function _LCD_Init *****************
  3087 ;; Defined at:
  3088 ;;		line 59 in file "lcd.c"
  3089 ;; Parameters:    Size  Location     Type
  3090 ;;  display         5    1[BANK0 ] struct .
  3091 ;; Auto vars:     Size  Location     Type
  3092 ;;  cmd             1    8[BANK0 ] unsigned char 
  3093 ;; Return value:  Size  Location     Type
  3094 ;;                  1    wreg      _Bool 
  3095 ;; Registers used:
  3096 ;;		wreg, fsr0l, fsr0h, status,2, status,0, pclath, cstack
  3097 ;; Tracked objects:
  3098 ;;		On entry : 0/0
  3099 ;;		On exit  : 0/0
  3100 ;;		Unchanged: 0/0
  3101 ;; Data sizes:     COMMON   BANK0   BANK1   BANK3   BANK2
  3102 ;;      Params:         0       5       0       0       0
  3103 ;;      Locals:         0       1       0       0       0
  3104 ;;      Temps:          0       2       0       0       0
  3105 ;;      Totals:         0       8       0       0       0
  3106 ;;Total ram usage:        8 bytes
  3107 ;; Hardware stack levels used: 1
  3108 ;; Hardware stack levels required when called: 4
  3109 ;; This function calls:
  3110 ;;		_LCD_Write
  3111 ;; This function is called by:
  3112 ;;		_main
  3113 ;; This function uses a non-reentrant model
  3114 ;;
  3115                           
  3116     038A                     _LCD_Init:	
  3117                           ;psect for function _LCD_Init
  3118                           
  3119     038A                     l1976:	
  3120                           ;incstack = 0
  3121                           ; Regs used in _LCD_Init: [wreg-fsr0h+status,2+status,0+pclath+cstack]
  3122                           
  3123                           
  3124                           ;lcd.c: 61:     lcd = display;
  3125     038A  30C0               	movlw	_lcd& (0+255)
  3126     038B  0084               	movwf	4
  3127     038C  1283               	bcf	3,5	;RP0=0, select bank0
  3128     038D  1303               	bcf	3,6	;RP1=0, select bank0
  3129     038E  0821               	movf	LCD_Init@display,w
  3130     038F  1383               	bcf	3,7	;select IRP bank1
  3131     0390  0080               	movwf	0
  3132     0391  0A84               	incf	4,f
  3133     0392  0822               	movf	LCD_Init@display+1,w
  3134     0393  0080               	movwf	0
  3135     0394  0A84               	incf	4,f
  3136     0395  0823               	movf	LCD_Init@display+2,w
  3137     0396  0080               	movwf	0
  3138     0397  0A84               	incf	4,f
  3139     0398  0824               	movf	LCD_Init@display+3,w
  3140     0399  0080               	movwf	0
  3141     039A  0A84               	incf	4,f
  3142     039B  0825               	movf	LCD_Init@display+4,w
  3143     039C  0080               	movwf	0
  3144     039D                     l1978:
  3145                           
  3146                           ;lcd.c: 70:     if ( lcd.PORT == &PORTA ) {
  3147     039D  3000               	movlw	0
  3148     039E  1683               	bsf	3,5	;RP0=1, select bank1
  3149     039F  1303               	bcf	3,6	;RP1=0, select bank1
  3150     03A0  0641               	xorwf	(_lcd+1)^(0+128),w
  3151     03A1  1D03               	skipz
  3152     03A2  2BA5               	goto	u2095
  3153     03A3  3005               	movlw	5
  3154     03A4  0640               	xorwf	_lcd^(0+128),w
  3155     03A5                     u2095:
  3156     03A5  1D03               	skipz
  3157     03A6  2BA8               	goto	u2091
  3158     03A7  2BA9               	goto	u2090
  3159     03A8                     u2091:
  3160     03A8  2BAB               	goto	l1982
  3161     03A9                     u2090:
  3162     03A9                     l1980:
  3163                           
  3164                           ;lcd.c: 71:         TRISA = 0x00;
  3165     03A9  0185               	clrf	5	;volatile
  3166                           
  3167                           ;lcd.c: 72:     }
  3168     03AA  2BC2               	goto	l1990
  3169     03AB                     l1982:
  3170     03AB  3000               	movlw	0
  3171     03AC  0641               	xorwf	(_lcd+1)^(0+128),w
  3172     03AD  1D03               	skipz
  3173     03AE  2BB1               	goto	u2105
  3174     03AF  3006               	movlw	6
  3175     03B0  0640               	xorwf	_lcd^(0+128),w
  3176     03B1                     u2105:
  3177     03B1  1D03               	skipz
  3178     03B2  2BB4               	goto	u2101
  3179     03B3  2BB5               	goto	u2100
  3180     03B4                     u2101:
  3181     03B4  2BB7               	goto	l1986
  3182     03B5                     u2100:
  3183     03B5                     l1984:
  3184                           
  3185                           ;lcd.c: 74:         TRISB = 0x00;
  3186     03B5  0186               	clrf	6	;volatile
  3187                           
  3188                           ;lcd.c: 75:     }
  3189     03B6  2BC2               	goto	l1990
  3190     03B7                     l1986:
  3191     03B7  3000               	movlw	0
  3192     03B8  0641               	xorwf	(_lcd+1)^(0+128),w
  3193     03B9  1D03               	skipz
  3194     03BA  2BBD               	goto	u2115
  3195     03BB  3007               	movlw	7
  3196     03BC  0640               	xorwf	_lcd^(0+128),w
  3197     03BD                     u2115:
  3198     03BD  1D03               	skipz
  3199     03BE  2BC0               	goto	u2111
  3200     03BF  2BC1               	goto	u2110
  3201     03C0                     u2111:
  3202     03C0  2C39               	goto	l39
  3203     03C1                     u2110:
  3204     03C1                     l1988:
  3205                           
  3206                           ;lcd.c: 77:         TRISC = 0x00;
  3207     03C1  0187               	clrf	7	;volatile
  3208     03C2                     l1990:	
  3209                           ;lcd.c: 78:     }
  3210                           
  3211                           
  3212                           ;lcd.c: 92:     _delay((unsigned long)((20)*(8000000/4000.0)));
  3213     03C2  3034               	movlw	52
  3214     03C3  1283               	bcf	3,5	;RP0=0, select bank0
  3215     03C4  1303               	bcf	3,6	;RP1=0, select bank0
  3216     03C5  00A7               	movwf	??_LCD_Init+1
  3217     03C6  30F1               	movlw	241
  3218     03C7  00A6               	movwf	??_LCD_Init
  3219     03C8                     u2427:
  3220     03C8  0BA6               	decfsz	??_LCD_Init,f
  3221     03C9  2BC8               	goto	u2427
  3222     03CA  0BA7               	decfsz	??_LCD_Init+1,f
  3223     03CB  2BC8               	goto	u2427
  3224     03CC                     l1992:
  3225                           
  3226                           ;lcd.c: 95:     LCD_Write(0x03);
  3227     03CC  3003               	movlw	3
  3228     03CD  120A  118A  260D  120A  118A  	fcall	_LCD_Write
  3229     03D2                     l1994:
  3230                           
  3231                           ;lcd.c: 96:     _delay((unsigned long)((5)*(8000000/4000.0)));
  3232     03D2  300D               	movlw	13
  3233     03D3  1283               	bcf	3,5	;RP0=0, select bank0
  3234     03D4  1303               	bcf	3,6	;RP1=0, select bank0
  3235     03D5  00A7               	movwf	??_LCD_Init+1
  3236     03D6  30FB               	movlw	251
  3237     03D7  00A6               	movwf	??_LCD_Init
  3238     03D8                     u2437:
  3239     03D8  0BA6               	decfsz	??_LCD_Init,f
  3240     03D9  2BD8               	goto	u2437
  3241     03DA  0BA7               	decfsz	??_LCD_Init+1,f
  3242     03DB  2BD8               	goto	u2437
  3243                           
  3244                           ;lcd.c: 97:     LCD_Write(0x03);
  3245     03DC  3003               	movlw	3
  3246     03DD  120A  118A  260D  120A  118A  	fcall	_LCD_Write
  3247     03E2                     l1996:
  3248                           
  3249                           ;lcd.c: 98:     _delay((unsigned long)((16)*(8000000/4000.0)));
  3250     03E2  302A               	movlw	42
  3251     03E3  1283               	bcf	3,5	;RP0=0, select bank0
  3252     03E4  1303               	bcf	3,6	;RP1=0, select bank0
  3253     03E5  00A7               	movwf	??_LCD_Init+1
  3254     03E6  308D               	movlw	141
  3255     03E7  00A6               	movwf	??_LCD_Init
  3256     03E8                     u2447:
  3257     03E8  0BA6               	decfsz	??_LCD_Init,f
  3258     03E9  2BE8               	goto	u2447
  3259     03EA  0BA7               	decfsz	??_LCD_Init+1,f
  3260     03EB  2BE8               	goto	u2447
  3261     03EC                     l1998:
  3262                           
  3263                           ;lcd.c: 99:     LCD_Write(0x03);
  3264     03EC  3003               	movlw	3
  3265     03ED  120A  118A  260D  120A  118A  	fcall	_LCD_Write
  3266     03F2                     l2000:
  3267                           
  3268                           ;lcd.c: 102:     LCD_Write(0x02);
  3269     03F2  3002               	movlw	2
  3270     03F3  120A  118A  260D  120A  118A  	fcall	_LCD_Write
  3271     03F8                     l2002:
  3272     03F8  3002               	movlw	2
  3273     03F9  120A  118A  260D  120A  118A  	fcall	_LCD_Write
  3274     03FE                     l2004:
  3275     03FE  3008               	movlw	8
  3276     03FF  120A  118A  260D  120A  118A  	fcall	_LCD_Write
  3277     0404                     l2006:
  3278     0404  3000               	movlw	0
  3279     0405  120A  118A  260D  120A  118A  	fcall	_LCD_Write
  3280     040A                     l2008:
  3281     040A  3006               	movlw	6
  3282     040B  120A  118A  260D  120A  118A  	fcall	_LCD_Write
  3283     0410                     l2010:
  3284     0410  3008               	movlw	8
  3285     0411  1283               	bcf	3,5	;RP0=0, select bank0
  3286     0412  1303               	bcf	3,6	;RP1=0, select bank0
  3287     0413  00A8               	movwf	LCD_Init@cmd
  3288     0414                     l2012:
  3289     0414  1528               	bsf	LCD_Init@cmd,2
  3290     0415                     l2018:
  3291     0415  0828               	movf	LCD_Init@cmd,w
  3292     0416  00A6               	movwf	??_LCD_Init
  3293     0417  3004               	movlw	4
  3294     0418                     u2125:
  3295     0418  1003               	clrc
  3296     0419  0CA6               	rrf	??_LCD_Init,f
  3297     041A  3EFF               	addlw	-1
  3298     041B  1D03               	skipz
  3299     041C  2C18               	goto	u2125
  3300     041D  0826               	movf	??_LCD_Init,w
  3301     041E  390F               	andlw	15
  3302     041F  120A  118A  260D  120A  118A  	fcall	_LCD_Write
  3303     0424  1283               	bcf	3,5	;RP0=0, select bank0
  3304     0425  1303               	bcf	3,6	;RP1=0, select bank0
  3305     0426  0828               	movf	LCD_Init@cmd,w
  3306     0427  390F               	andlw	15
  3307     0428  120A  118A  260D  120A  118A  	fcall	_LCD_Write
  3308     042D                     l51:	
  3309                           ;lcd.c: 112:     do { LCD_Write( (0x01 & 0xF0) >> 4 ); LCD_Write( 0x01 & 0x0F); } while 
      +                          ( 0 );
  3310                           
  3311     042D  3000               	movlw	0
  3312     042E  120A  118A  260D  120A  118A  	fcall	_LCD_Write
  3313     0433  3001               	movlw	1
  3314     0434  120A  118A  260D  120A  118A  	fcall	_LCD_Write
  3315     0439                     l39:
  3316     0439  0008               	return
  3317     043A                     __end_of_LCD_Init:
  3318                           
  3319                           	psect	text14
  3320     060D                     __ptext14:	
  3321 ;; *************** function _LCD_Write *****************
  3322 ;; Defined at:
  3323 ;;		line 48 in file "lcd.c"
  3324 ;; Parameters:    Size  Location     Type
  3325 ;;  c               1    wreg     unsigned char 
  3326 ;; Auto vars:     Size  Location     Type
  3327 ;;  c               1    0[BANK0 ] unsigned char 
  3328 ;; Return value:  Size  Location     Type
  3329 ;;                  1    wreg      void 
  3330 ;; Registers used:
  3331 ;;		wreg, fsr0l, fsr0h, status,2, status,0, pclath, cstack
  3332 ;; Tracked objects:
  3333 ;;		On entry : 0/0
  3334 ;;		On exit  : 0/0
  3335 ;;		Unchanged: 0/0
  3336 ;; Data sizes:     COMMON   BANK0   BANK1   BANK3   BANK2
  3337 ;;      Params:         0       0       0       0       0
  3338 ;;      Locals:         0       1       0       0       0
  3339 ;;      Temps:          2       0       0       0       0
  3340 ;;      Totals:         2       1       0       0       0
  3341 ;;Total ram usage:        3 bytes
  3342 ;; Hardware stack levels used: 1
  3343 ;; Hardware stack levels required when called: 2
  3344 ;; This function calls:
  3345 ;;		_LCD_Out
  3346 ;; This function is called by:
  3347 ;;		_LCD_Init
  3348 ;;		_main
  3349 ;;		_LCD_Custom_Char
  3350 ;; This function uses a non-reentrant model
  3351 ;;
  3352                           
  3353     060D                     _LCD_Write:	
  3354                           ;psect for function _LCD_Write
  3355                           
  3356                           
  3357                           ;incstack = 0
  3358                           ; Regs used in _LCD_Write: [wreg-fsr0h+status,2+status,0+pclath+cstack]
  3359                           ;LCD_Write@c stored from wreg
  3360     060D  1283               	bcf	3,5	;RP0=0, select bank0
  3361     060E  1303               	bcf	3,6	;RP1=0, select bank0
  3362     060F  00A0               	movwf	LCD_Write@c
  3363     0610                     l1940:
  3364                           
  3365                           ;lcd.c: 50:     *(lcd.PORT) &= ~(1 << lcd.RS);
  3366     0610  1683               	bsf	3,5	;RP0=1, select bank1
  3367     0611  1303               	bcf	3,6	;RP1=0, select bank1
  3368     0612  0840               	movf	_lcd^(0+128),w
  3369     0613  0084               	movwf	4
  3370     0614  1783               	bsf	3,7
  3371     0615  1C41               	btfss	(_lcd+1)^(0+128),0
  3372     0616  1383               	bcf	3,7
  3373     0617  3001               	movlw	1
  3374     0618  00F6               	movwf	??_LCD_Write
  3375     0619  0842               	movf	(_lcd^(0+128)+2),w
  3376     061A  3907               	andlw	7
  3377     061B  3E01               	addlw	1
  3378     061C  2E1F               	goto	u1994
  3379     061D                     u1995:
  3380     061D  1003               	clrc
  3381     061E  0DF6               	rlf	??_LCD_Write,f
  3382     061F                     u1994:
  3383     061F  3EFF               	addlw	-1
  3384     0620  1D03               	skipz
  3385     0621  2E1D               	goto	u1995
  3386     0622  0876               	movf	??_LCD_Write,w
  3387     0623  3AFF               	xorlw	255
  3388     0624  0580               	andwf	0,f
  3389     0625                     l1942:
  3390                           
  3391                           ;lcd.c: 51:     LCD_Out(c);
  3392     0625  1283               	bcf	3,5	;RP0=0, select bank0
  3393     0626  1303               	bcf	3,6	;RP1=0, select bank0
  3394     0627  0820               	movf	LCD_Write@c,w
  3395     0628  120A  118A  22D0  120A  118A  	fcall	_LCD_Out
  3396     062D                     l1944:
  3397                           
  3398                           ;lcd.c: 53:     *(lcd.PORT) |= 1 << lcd.EN;
  3399     062D  1683               	bsf	3,5	;RP0=1, select bank1
  3400     062E  1303               	bcf	3,6	;RP1=0, select bank1
  3401     062F  0840               	movf	_lcd^(0+128),w
  3402     0630  0084               	movwf	4
  3403     0631  1783               	bsf	3,7
  3404     0632  1C41               	btfss	(_lcd+1)^(0+128),0
  3405     0633  1383               	bcf	3,7
  3406     0634  3001               	movlw	1
  3407     0635  00F6               	movwf	??_LCD_Write
  3408     0636  0C42               	rrf	(_lcd^(0+128)+2),w
  3409     0637  00F7               	movwf	??_LCD_Write+1
  3410     0638  0CF7               	rrf	??_LCD_Write+1,f
  3411     0639  0C77               	rrf	??_LCD_Write+1,w
  3412     063A  3907               	andlw	7
  3413     063B  3E01               	addlw	1
  3414     063C  2E3F               	goto	u2004
  3415     063D                     u2005:
  3416     063D  1003               	clrc
  3417     063E  0DF6               	rlf	??_LCD_Write,f
  3418     063F                     u2004:
  3419     063F  3EFF               	addlw	-1
  3420     0640  1D03               	skipz
  3421     0641  2E3D               	goto	u2005
  3422     0642  0876               	movf	??_LCD_Write,w
  3423     0643  0480               	iorwf	0,f
  3424     0644                     l1946:
  3425                           
  3426                           ;lcd.c: 54:     _delay((unsigned long)((4)*(8000000/4000.0)));
  3427     0644  300B               	movlw	11
  3428     0645  00F7               	movwf	??_LCD_Write+1
  3429     0646  3062               	movlw	98
  3430     0647  00F6               	movwf	??_LCD_Write
  3431     0648                     u2457:
  3432     0648  0BF6               	decfsz	??_LCD_Write,f
  3433     0649  2E48               	goto	u2457
  3434     064A  0BF7               	decfsz	??_LCD_Write+1,f
  3435     064B  2E48               	goto	u2457
  3436     064C  0000               	nop
  3437     064D                     l1948:
  3438                           
  3439                           ;lcd.c: 55:     *(lcd.PORT) &= ~(1 << lcd.EN);
  3440     064D  1683               	bsf	3,5	;RP0=1, select bank1
  3441     064E  1303               	bcf	3,6	;RP1=0, select bank1
  3442     064F  0840               	movf	_lcd^(0+128),w
  3443     0650  0084               	movwf	4
  3444     0651  1783               	bsf	3,7
  3445     0652  1C41               	btfss	(_lcd+1)^(0+128),0
  3446     0653  1383               	bcf	3,7
  3447     0654  3001               	movlw	1
  3448     0655  00F6               	movwf	??_LCD_Write
  3449     0656  0C42               	rrf	(_lcd^(0+128)+2),w
  3450     0657  00F7               	movwf	??_LCD_Write+1
  3451     0658  0CF7               	rrf	??_LCD_Write+1,f
  3452     0659  0C77               	rrf	??_LCD_Write+1,w
  3453     065A  3907               	andlw	7
  3454     065B  3E01               	addlw	1
  3455     065C  2E5F               	goto	u2014
  3456     065D                     u2015:
  3457     065D  1003               	clrc
  3458     065E  0DF6               	rlf	??_LCD_Write,f
  3459     065F                     u2014:
  3460     065F  3EFF               	addlw	-1
  3461     0660  1D03               	skipz
  3462     0661  2E5D               	goto	u2015
  3463     0662  0876               	movf	??_LCD_Write,w
  3464     0663  3AFF               	xorlw	255
  3465     0664  0580               	andwf	0,f
  3466     0665                     l30:
  3467     0665  0008               	return
  3468     0666                     __end_of_LCD_Write:
  3469                           
  3470                           	psect	text15
  3471     02D0                     __ptext15:	
  3472 ;; *************** function _LCD_Out *****************
  3473 ;; Defined at:
  3474 ;;		line 16 in file "lcd.c"
  3475 ;; Parameters:    Size  Location     Type
  3476 ;;  c               1    wreg     unsigned char 
  3477 ;; Auto vars:     Size  Location     Type
  3478 ;;  c               1    5[COMMON] unsigned char 
  3479 ;; Return value:  Size  Location     Type
  3480 ;;                  1    wreg      void 
  3481 ;; Registers used:
  3482 ;;		wreg, fsr0l, fsr0h, status,2, status,0
  3483 ;; Tracked objects:
  3484 ;;		On entry : 0/0
  3485 ;;		On exit  : 0/0
  3486 ;;		Unchanged: 0/0
  3487 ;; Data sizes:     COMMON   BANK0   BANK1   BANK3   BANK2
  3488 ;;      Params:         0       0       0       0       0
  3489 ;;      Locals:         1       0       0       0       0
  3490 ;;      Temps:          2       0       0       0       0
  3491 ;;      Totals:         3       0       0       0       0
  3492 ;;Total ram usage:        3 bytes
  3493 ;; Hardware stack levels used: 1
  3494 ;; Hardware stack levels required when called: 2
  3495 ;; This function calls:
  3496 ;;		Nothing
  3497 ;; This function is called by:
  3498 ;;		_LCD_Write
  3499 ;;		_LCD_putc
  3500 ;;		_LCD_Custom_Char
  3501 ;; This function uses a non-reentrant model
  3502 ;;
  3503                           
  3504     02D0                     _LCD_Out:	
  3505                           ;psect for function _LCD_Out
  3506                           
  3507                           
  3508                           ;incstack = 0
  3509                           ; Regs used in _LCD_Out: [wreg-fsr0h+status,2+status,0]
  3510                           ;LCD_Out@c stored from wreg
  3511     02D0  00F5               	movwf	LCD_Out@c
  3512     02D1                     l1866:
  3513                           
  3514                           ;lcd.c: 18:     if ( c & 1 ){
  3515     02D1  1C75               	btfss	LCD_Out@c,0
  3516     02D2  2AD4               	goto	u1811
  3517     02D3  2AD5               	goto	u1810
  3518     02D4                     u1811:
  3519     02D4  2AEA               	goto	l1870
  3520     02D5                     u1810:
  3521     02D5                     l1868:
  3522                           
  3523                           ;lcd.c: 19:         *(lcd.PORT) |= 1 << lcd.D4;
  3524     02D5  1683               	bsf	3,5	;RP0=1, select bank1
  3525     02D6  1303               	bcf	3,6	;RP1=0, select bank1
  3526     02D7  0840               	movf	_lcd^(0+128),w
  3527     02D8  0084               	movwf	4
  3528     02D9  1783               	bsf	3,7
  3529     02DA  1C41               	btfss	(_lcd+1)^(0+128),0
  3530     02DB  1383               	bcf	3,7
  3531     02DC  3001               	movlw	1
  3532     02DD  00F3               	movwf	??_LCD_Out
  3533     02DE  0843               	movf	(_lcd^(0+128)+3),w
  3534     02DF  3907               	andlw	7
  3535     02E0  3E01               	addlw	1
  3536     02E1  2AE4               	goto	u1824
  3537     02E2                     u1825:
  3538     02E2  1003               	clrc
  3539     02E3  0DF3               	rlf	??_LCD_Out,f
  3540     02E4                     u1824:
  3541     02E4  3EFF               	addlw	-1
  3542     02E5  1D03               	skipz
  3543     02E6  2AE2               	goto	u1825
  3544     02E7  0873               	movf	??_LCD_Out,w
  3545     02E8  0480               	iorwf	0,f
  3546                           
  3547                           ;lcd.c: 20:     }
  3548     02E9  2AFF               	goto	l1872
  3549     02EA                     l1870:
  3550                           
  3551                           ;lcd.c: 22:          *(lcd.PORT) &= ~(1 << lcd.D4);
  3552     02EA  1683               	bsf	3,5	;RP0=1, select bank1
  3553     02EB  1303               	bcf	3,6	;RP1=0, select bank1
  3554     02EC  0840               	movf	_lcd^(0+128),w
  3555     02ED  0084               	movwf	4
  3556     02EE  1783               	bsf	3,7
  3557     02EF  1C41               	btfss	(_lcd+1)^(0+128),0
  3558     02F0  1383               	bcf	3,7
  3559     02F1  3001               	movlw	1
  3560     02F2  00F3               	movwf	??_LCD_Out
  3561     02F3  0843               	movf	(_lcd^(0+128)+3),w
  3562     02F4  3907               	andlw	7
  3563     02F5  3E01               	addlw	1
  3564     02F6  2AF9               	goto	u1834
  3565     02F7                     u1835:
  3566     02F7  1003               	clrc
  3567     02F8  0DF3               	rlf	??_LCD_Out,f
  3568     02F9                     u1834:
  3569     02F9  3EFF               	addlw	-1
  3570     02FA  1D03               	skipz
  3571     02FB  2AF7               	goto	u1835
  3572     02FC  0873               	movf	??_LCD_Out,w
  3573     02FD  3AFF               	xorlw	255
  3574     02FE  0580               	andwf	0,f
  3575     02FF                     l1872:
  3576                           
  3577                           ;lcd.c: 25:     if ( c & 2 ) {
  3578     02FF  1CF5               	btfss	LCD_Out@c,1
  3579     0300  2B02               	goto	u1841
  3580     0301  2B03               	goto	u1840
  3581     0302                     u1841:
  3582     0302  2B19               	goto	l1876
  3583     0303                     u1840:
  3584     0303                     l1874:
  3585                           
  3586                           ;lcd.c: 26:         *(lcd.PORT) |= 1 << lcd.D5;
  3587     0303  0840               	movf	_lcd^(0+128),w
  3588     0304  0084               	movwf	4
  3589     0305  1783               	bsf	3,7
  3590     0306  1C41               	btfss	(_lcd+1)^(0+128),0
  3591     0307  1383               	bcf	3,7
  3592     0308  3001               	movlw	1
  3593     0309  00F3               	movwf	??_LCD_Out
  3594     030A  0C43               	rrf	(_lcd^(0+128)+3),w
  3595     030B  00F4               	movwf	??_LCD_Out+1
  3596     030C  0CF4               	rrf	??_LCD_Out+1,f
  3597     030D  0C74               	rrf	??_LCD_Out+1,w
  3598     030E  3907               	andlw	7
  3599     030F  3E01               	addlw	1
  3600     0310  2B13               	goto	u1854
  3601     0311                     u1855:
  3602     0311  1003               	clrc
  3603     0312  0DF3               	rlf	??_LCD_Out,f
  3604     0313                     u1854:
  3605     0313  3EFF               	addlw	-1
  3606     0314  1D03               	skipz
  3607     0315  2B11               	goto	u1855
  3608     0316  0873               	movf	??_LCD_Out,w
  3609     0317  0480               	iorwf	0,f
  3610                           
  3611                           ;lcd.c: 27:     }
  3612     0318  2B2F               	goto	l1878
  3613     0319                     l1876:
  3614                           
  3615                           ;lcd.c: 29:         *(lcd.PORT) &= ~(1 << lcd.D5);
  3616     0319  0840               	movf	_lcd^(0+128),w
  3617     031A  0084               	movwf	4
  3618     031B  1783               	bsf	3,7
  3619     031C  1C41               	btfss	(_lcd+1)^(0+128),0
  3620     031D  1383               	bcf	3,7
  3621     031E  3001               	movlw	1
  3622     031F  00F3               	movwf	??_LCD_Out
  3623     0320  0C43               	rrf	(_lcd^(0+128)+3),w
  3624     0321  00F4               	movwf	??_LCD_Out+1
  3625     0322  0CF4               	rrf	??_LCD_Out+1,f
  3626     0323  0C74               	rrf	??_LCD_Out+1,w
  3627     0324  3907               	andlw	7
  3628     0325  3E01               	addlw	1
  3629     0326  2B29               	goto	u1864
  3630     0327                     u1865:
  3631     0327  1003               	clrc
  3632     0328  0DF3               	rlf	??_LCD_Out,f
  3633     0329                     u1864:
  3634     0329  3EFF               	addlw	-1
  3635     032A  1D03               	skipz
  3636     032B  2B27               	goto	u1865
  3637     032C  0873               	movf	??_LCD_Out,w
  3638     032D  3AFF               	xorlw	255
  3639     032E  0580               	andwf	0,f
  3640     032F                     l1878:
  3641                           
  3642                           ;lcd.c: 32:     if ( c & 4 ) {
  3643     032F  1D75               	btfss	LCD_Out@c,2
  3644     0330  2B32               	goto	u1871
  3645     0331  2B33               	goto	u1870
  3646     0332                     u1871:
  3647     0332  2B46               	goto	l1882
  3648     0333                     u1870:
  3649     0333                     l1880:
  3650                           
  3651                           ;lcd.c: 33:         *(lcd.PORT) |= 1 << lcd.D6;
  3652     0333  0840               	movf	_lcd^(0+128),w
  3653     0334  0084               	movwf	4
  3654     0335  1783               	bsf	3,7
  3655     0336  1C41               	btfss	(_lcd+1)^(0+128),0
  3656     0337  1383               	bcf	3,7
  3657     0338  3001               	movlw	1
  3658     0339  00F3               	movwf	??_LCD_Out
  3659     033A  0844               	movf	(_lcd^(0+128)+4),w
  3660     033B  3907               	andlw	7
  3661     033C  3E01               	addlw	1
  3662     033D  2B40               	goto	u1884
  3663     033E                     u1885:
  3664     033E  1003               	clrc
  3665     033F  0DF3               	rlf	??_LCD_Out,f
  3666     0340                     u1884:
  3667     0340  3EFF               	addlw	-1
  3668     0341  1D03               	skipz
  3669     0342  2B3E               	goto	u1885
  3670     0343  0873               	movf	??_LCD_Out,w
  3671     0344  0480               	iorwf	0,f
  3672                           
  3673                           ;lcd.c: 34:     }
  3674     0345  2B59               	goto	l1884
  3675     0346                     l1882:
  3676                           
  3677                           ;lcd.c: 36:         *(lcd.PORT) &= ~(1 << lcd.D6);
  3678     0346  0840               	movf	_lcd^(0+128),w
  3679     0347  0084               	movwf	4
  3680     0348  1783               	bsf	3,7
  3681     0349  1C41               	btfss	(_lcd+1)^(0+128),0
  3682     034A  1383               	bcf	3,7
  3683     034B  3001               	movlw	1
  3684     034C  00F3               	movwf	??_LCD_Out
  3685     034D  0844               	movf	(_lcd^(0+128)+4),w
  3686     034E  3907               	andlw	7
  3687     034F  3E01               	addlw	1
  3688     0350  2B53               	goto	u1894
  3689     0351                     u1895:
  3690     0351  1003               	clrc
  3691     0352  0DF3               	rlf	??_LCD_Out,f
  3692     0353                     u1894:
  3693     0353  3EFF               	addlw	-1
  3694     0354  1D03               	skipz
  3695     0355  2B51               	goto	u1895
  3696     0356  0873               	movf	??_LCD_Out,w
  3697     0357  3AFF               	xorlw	255
  3698     0358  0580               	andwf	0,f
  3699     0359                     l1884:
  3700                           
  3701                           ;lcd.c: 39:     if ( c & 8 ) {
  3702     0359  1DF5               	btfss	LCD_Out@c,3
  3703     035A  2B5C               	goto	u1901
  3704     035B  2B5D               	goto	u1900
  3705     035C                     u1901:
  3706     035C  2B73               	goto	l1888
  3707     035D                     u1900:
  3708     035D                     l1886:
  3709                           
  3710                           ;lcd.c: 40:          *(lcd.PORT) |= 1 << lcd.D7;
  3711     035D  0840               	movf	_lcd^(0+128),w
  3712     035E  0084               	movwf	4
  3713     035F  1783               	bsf	3,7
  3714     0360  1C41               	btfss	(_lcd+1)^(0+128),0
  3715     0361  1383               	bcf	3,7
  3716     0362  3001               	movlw	1
  3717     0363  00F3               	movwf	??_LCD_Out
  3718     0364  0C44               	rrf	(_lcd^(0+128)+4),w
  3719     0365  00F4               	movwf	??_LCD_Out+1
  3720     0366  0CF4               	rrf	??_LCD_Out+1,f
  3721     0367  0C74               	rrf	??_LCD_Out+1,w
  3722     0368  3907               	andlw	7
  3723     0369  3E01               	addlw	1
  3724     036A  2B6D               	goto	u1914
  3725     036B                     u1915:
  3726     036B  1003               	clrc
  3727     036C  0DF3               	rlf	??_LCD_Out,f
  3728     036D                     u1914:
  3729     036D  3EFF               	addlw	-1
  3730     036E  1D03               	skipz
  3731     036F  2B6B               	goto	u1915
  3732     0370  0873               	movf	??_LCD_Out,w
  3733     0371  0480               	iorwf	0,f
  3734                           
  3735                           ;lcd.c: 41:     }
  3736     0372  2B89               	goto	l27
  3737     0373                     l1888:
  3738                           
  3739                           ;lcd.c: 43:          *(lcd.PORT) &= ~(1 << lcd.D7);
  3740     0373  0840               	movf	_lcd^(0+128),w
  3741     0374  0084               	movwf	4
  3742     0375  1783               	bsf	3,7
  3743     0376  1C41               	btfss	(_lcd+1)^(0+128),0
  3744     0377  1383               	bcf	3,7
  3745     0378  3001               	movlw	1
  3746     0379  00F3               	movwf	??_LCD_Out
  3747     037A  0C44               	rrf	(_lcd^(0+128)+4),w
  3748     037B  00F4               	movwf	??_LCD_Out+1
  3749     037C  0CF4               	rrf	??_LCD_Out+1,f
  3750     037D  0C74               	rrf	??_LCD_Out+1,w
  3751     037E  3907               	andlw	7
  3752     037F  3E01               	addlw	1
  3753     0380  2B83               	goto	u1924
  3754     0381                     u1925:
  3755     0381  1003               	clrc
  3756     0382  0DF3               	rlf	??_LCD_Out,f
  3757     0383                     u1924:
  3758     0383  3EFF               	addlw	-1
  3759     0384  1D03               	skipz
  3760     0385  2B81               	goto	u1925
  3761     0386  0873               	movf	??_LCD_Out,w
  3762     0387  3AFF               	xorlw	255
  3763     0388  0580               	andwf	0,f
  3764     0389                     l27:
  3765     0389  0008               	return
  3766     038A                     __end_of_LCD_Out:
  3767                           
  3768                           	psect	text16
  3769     0F9F                     __ptext16:	
  3770 ;; *************** function _ADC_Read *****************
  3771 ;; Defined at:
  3772 ;;		line 42 in file "main.c"
  3773 ;; Parameters:    Size  Location     Type
  3774 ;;		None
  3775 ;; Auto vars:     Size  Location     Type
  3776 ;;		None
  3777 ;; Return value:  Size  Location     Type
  3778 ;;                  2    3[COMMON] unsigned int 
  3779 ;; Registers used:
  3780 ;;		wreg
  3781 ;; Tracked objects:
  3782 ;;		On entry : 0/0
  3783 ;;		On exit  : 0/0
  3784 ;;		Unchanged: 0/0
  3785 ;; Data sizes:     COMMON   BANK0   BANK1   BANK3   BANK2
  3786 ;;      Params:         2       0       0       0       0
  3787 ;;      Locals:         0       0       0       0       0
  3788 ;;      Temps:          1       0       0       0       0
  3789 ;;      Totals:         3       0       0       0       0
  3790 ;;Total ram usage:        3 bytes
  3791 ;; Hardware stack levels used: 1
  3792 ;; Hardware stack levels required when called: 2
  3793 ;; This function calls:
  3794 ;;		Nothing
  3795 ;; This function is called by:
  3796 ;;		_main
  3797 ;; This function uses a non-reentrant model
  3798 ;;
  3799                           
  3800     0F9F                     _ADC_Read:	
  3801                           ;psect for function _ADC_Read
  3802                           
  3803     0F9F                     l1598:	
  3804                           ;incstack = 0
  3805                           ; Regs used in _ADC_Read: [wreg]
  3806                           
  3807     0F9F  3003               	movlw	3
  3808     0FA0  00F5               	movwf	??_ADC_Read
  3809     0FA1                     u2467:
  3810     0FA1  0BF5               	decfsz	??_ADC_Read,f
  3811     0FA2  2FA1               	goto	u2467
  3812     0FA3                     l1600:
  3813     0FA3  1283               	bcf	3,5	;RP0=0, select bank0
  3814     0FA4  1303               	bcf	3,6	;RP1=0, select bank0
  3815     0FA5  149F               	bsf	31,1	;volatile
  3816     0FA6                     l121:
  3817     0FA6  189F               	btfsc	31,1	;volatile
  3818     0FA7  2FA9               	goto	u1441
  3819     0FA8  2FAA               	goto	u1440
  3820     0FA9                     u1441:
  3821     0FA9  2FA6               	goto	l121
  3822     0FAA                     u1440:
  3823     0FAA                     l1602:
  3824     0FAA  081E               	movf	30,w	;volatile
  3825     0FAB  00F4               	movwf	?_ADC_Read+1
  3826     0FAC  1683               	bsf	3,5	;RP0=1, select bank1
  3827     0FAD  1303               	bcf	3,6	;RP1=0, select bank1
  3828     0FAE  081E               	movf	30,w	;volatile
  3829     0FAF  00F3               	movwf	?_ADC_Read
  3830     0FB0                     l124:
  3831     0FB0  0008               	return
  3832     0FB1                     __end_of_ADC_Read:
  3833                           
  3834                           	psect	text17
  3835     0F92                     __ptext17:	
  3836 ;; *************** function _ADC_Init *****************
  3837 ;; Defined at:
  3838 ;;		line 31 in file "main.c"
  3839 ;; Parameters:    Size  Location     Type
  3840 ;;		None
  3841 ;; Auto vars:     Size  Location     Type
  3842 ;;		None
  3843 ;; Return value:  Size  Location     Type
  3844 ;;                  1    wreg      void 
  3845 ;; Registers used:
  3846 ;;		None
  3847 ;; Tracked objects:
  3848 ;;		On entry : 0/0
  3849 ;;		On exit  : 0/0
  3850 ;;		Unchanged: 0/0
  3851 ;; Data sizes:     COMMON   BANK0   BANK1   BANK3   BANK2
  3852 ;;      Params:         0       0       0       0       0
  3853 ;;      Locals:         0       0       0       0       0
  3854 ;;      Temps:          0       0       0       0       0
  3855 ;;      Totals:         0       0       0       0       0
  3856 ;;Total ram usage:        0 bytes
  3857 ;; Hardware stack levels used: 1
  3858 ;; Hardware stack levels required when called: 2
  3859 ;; This function calls:
  3860 ;;		Nothing
  3861 ;; This function is called by:
  3862 ;;		_main
  3863 ;; This function uses a non-reentrant model
  3864 ;;
  3865                           
  3866     0F92                     _ADC_Init:	
  3867                           ;psect for function _ADC_Init
  3868                           
  3869     0F92                     l1596:	
  3870                           ;incstack = 0
  3871                           ; Regs used in _ADC_Init: []
  3872                           
  3873     0F92  3001               	movlw	1
  3874     0F93  1683               	bsf	3,5	;RP0=1, select bank3
  3875     0F94  1703               	bsf	3,6	;RP1=1, select bank3
  3876     0F95  0088               	movwf	8	;volatile
  3877     0F96  3081               	movlw	129
  3878     0F97  1283               	bcf	3,5	;RP0=0, select bank0
  3879     0F98  1303               	bcf	3,6	;RP1=0, select bank0
  3880     0F99  009F               	movwf	31	;volatile
  3881     0F9A  3080               	movlw	128
  3882     0F9B  1683               	bsf	3,5	;RP0=1, select bank1
  3883     0F9C  1303               	bcf	3,6	;RP1=0, select bank1
  3884     0F9D  009F               	movwf	31	;volatile
  3885     0F9E                     l118:
  3886     0F9E  0008               	return
  3887     0F9F                     __end_of_ADC_Init:
  3888                           
  3889                           	psect	text18
  3890     0FC4                     __ptext18:	
  3891 ;; *************** function _ISR *****************
  3892 ;; Defined at:
  3893 ;;		line 134 in file "main.c"
  3894 ;; Parameters:    Size  Location     Type
  3895 ;;		None
  3896 ;; Auto vars:     Size  Location     Type
  3897 ;;		None
  3898 ;; Return value:  Size  Location     Type
  3899 ;;                  1    wreg      void 
  3900 ;; Registers used:
  3901 ;;		wreg, status,2, status,0, pclath, cstack
  3902 ;; Tracked objects:
  3903 ;;		On entry : 0/0
  3904 ;;		On exit  : 0/0
  3905 ;;		Unchanged: 0/0
  3906 ;; Data sizes:     COMMON   BANK0   BANK1   BANK3   BANK2
  3907 ;;      Params:         0       0       0       0       0
  3908 ;;      Locals:         0       0       0       0       0
  3909 ;;      Temps:          2       0       0       0       0
  3910 ;;      Totals:         2       0       0       0       0
  3911 ;;Total ram usage:        2 bytes
  3912 ;; Hardware stack levels used: 1
  3913 ;; Hardware stack levels required when called: 1
  3914 ;; This function calls:
  3915 ;;		_change
  3916 ;; This function is called by:
  3917 ;;		Interrupt level 1
  3918 ;; This function uses a non-reentrant model
  3919 ;;
  3920                           
  3921     0FC4                     _ISR:	
  3922                           ;psect for function _ISR
  3923                           
  3924     0FC4                     i1l1856:
  3925                           
  3926                           ;main.c: 135:     if(INTF){
  3927     0FC4  1C8B               	btfss	11,1	;volatile
  3928     0FC5  2FC7               	goto	u180_21
  3929     0FC6  2FC8               	goto	u180_20
  3930     0FC7                     u180_21:
  3931     0FC7  2FD6               	goto	i1l255
  3932     0FC8                     u180_20:
  3933     0FC8                     i1l1858:
  3934                           
  3935                           ;main.c: 136:         GIE = 0;
  3936     0FC8  138B               	bcf	11,7	;volatile
  3937     0FC9                     i1l1860:
  3938                           
  3939                           ;main.c: 139:         op = change(op);
  3940     0FC9  1283               	bcf	3,5	;RP0=0, select bank0
  3941     0FCA  1303               	bcf	3,6	;RP1=0, select bank0
  3942     0FCB  086F               	movf	_op,w	;volatile
  3943     0FCC  120A  158A  27B1  120A  158A  	fcall	_change
  3944     0FD1  1283               	bcf	3,5	;RP0=0, select bank0
  3945     0FD2  1303               	bcf	3,6	;RP1=0, select bank0
  3946     0FD3  00EF               	movwf	_op	;volatile
  3947     0FD4                     i1l1862:
  3948                           
  3949                           ;main.c: 141:         GIE = 1;
  3950     0FD4  178B               	bsf	11,7	;volatile
  3951     0FD5                     i1l1864:
  3952                           
  3953                           ;main.c: 142:         INTF = 0;
  3954     0FD5  108B               	bcf	11,1	;volatile
  3955     0FD6                     i1l255:
  3956     0FD6  0872               	movf	??_ISR+1,w
  3957     0FD7  008A               	movwf	10
  3958     0FD8  0E71               	swapf	??_ISR,w
  3959     0FD9  0083               	movwf	3
  3960     0FDA  0EFE               	swapf	btemp,f
  3961     0FDB  0E7E               	swapf	btemp,w
  3962     0FDC  0009               	retfie
  3963     0FDD                     __end_of_ISR:
  3964                           
  3965                           	psect	intentry
  3966     0004                     __pintentry:	
  3967                           ;incstack = 0
  3968                           ; Regs used in _ISR: [wreg+status,2+status,0+pclath+cstack]
  3969                           
  3970     0004                     interrupt_function:
  3971     007E                     saved_w         set	btemp
  3972     0004  00FE               	movwf	btemp
  3973     0005  0E03               	swapf	3,w
  3974     0006  00F1               	movwf	??_ISR
  3975     0007  080A               	movf	10,w
  3976     0008  00F2               	movwf	??_ISR+1
  3977     0009  120A  158A  2FC4   	ljmp	_ISR
  3978                           
  3979                           	psect	text19
  3980     0FB1                     __ptext19:	
  3981 ;; *************** function _change *****************
  3982 ;; Defined at:
  3983 ;;		line 68 in file "main.c"
  3984 ;; Parameters:    Size  Location     Type
  3985 ;;  op              1    wreg     unsigned char 
  3986 ;; Auto vars:     Size  Location     Type
  3987 ;;  op              1    0[COMMON] unsigned char 
  3988 ;; Return value:  Size  Location     Type
  3989 ;;                  1    wreg      unsigned char 
  3990 ;; Registers used:
  3991 ;;		wreg, status,2, status,0
  3992 ;; Tracked objects:
  3993 ;;		On entry : 0/0
  3994 ;;		On exit  : 0/0
  3995 ;;		Unchanged: 0/0
  3996 ;; Data sizes:     COMMON   BANK0   BANK1   BANK3   BANK2
  3997 ;;      Params:         0       0       0       0       0
  3998 ;;      Locals:         1       0       0       0       0
  3999 ;;      Temps:          0       0       0       0       0
  4000 ;;      Totals:         1       0       0       0       0
  4001 ;;Total ram usage:        1 bytes
  4002 ;; Hardware stack levels used: 1
  4003 ;; This function calls:
  4004 ;;		Nothing
  4005 ;; This function is called by:
  4006 ;;		_ISR
  4007 ;; This function uses a non-reentrant model
  4008 ;;
  4009                           
  4010     0FB1                     _change:	
  4011                           ;psect for function _change
  4012                           
  4013                           
  4014                           ;incstack = 0
  4015                           ; Regs used in _change: [wreg+status,2+status,0]
  4016                           ;change@op stored from wreg
  4017     0FB1  00F0               	movwf	change@op
  4018     0FB2                     i1l1606:
  4019                           
  4020                           ;main.c: 69:     if(op == 'v') return 'p';
  4021     0FB2  3076               	movlw	118
  4022     0FB3  0670               	xorwf	change@op,w
  4023     0FB4  1D03               	btfss	3,2
  4024     0FB5  2FB7               	goto	u145_21
  4025     0FB6  2FB8               	goto	u145_20
  4026     0FB7                     u145_21:
  4027     0FB7  2FBA               	goto	i1l1612
  4028     0FB8                     u145_20:
  4029     0FB8                     i1l1608:
  4030     0FB8  3070               	movlw	112
  4031     0FB9  2FC3               	goto	i1l130
  4032     0FBA                     i1l1612:
  4033                           
  4034                           ;main.c: 70:     if(op == 'p') return 'a';
  4035     0FBA  3070               	movlw	112
  4036     0FBB  0670               	xorwf	change@op,w
  4037     0FBC  1D03               	btfss	3,2
  4038     0FBD  2FBF               	goto	u146_21
  4039     0FBE  2FC0               	goto	u146_20
  4040     0FBF                     u146_21:
  4041     0FBF  2FC2               	goto	i1l1618
  4042     0FC0                     u146_20:
  4043     0FC0                     i1l1614:
  4044     0FC0  3061               	movlw	97
  4045     0FC1  2FC3               	goto	i1l130
  4046     0FC2                     i1l1618:
  4047                           
  4048                           ;main.c: 71:     return 'v';
  4049     0FC2  3076               	movlw	118
  4050     0FC3                     i1l130:
  4051     0FC3  0008               	return
  4052     0FC4                     __end_of_change:
  4053     0002                     ___latbits      equ	2
  4054     007E                     btemp           set	126	;btemp
  4055     007E                     btemp0          set	126
  4056     007F                     btemp1          set	127
  4057     007E                     wtemp0          set	126
  4058     007F                     wtemp0a         set	127
  4059     007F                     ttemp0a         set	127
  4060     0080                     ltemp0a         set	128
  4061                           
  4062                           	psect	config
  4063                           
  4064                           ;Config register CONFIG1 @ 0x2007
  4065                           ;	Oscillator Selection bits
  4066                           ;	FOSC = HS, HS oscillator: High-speed crystal/resonator on RA6/OSC2/CLKOUT and RA7/OSC1
      +                          /CLKIN
  4067                           ;	Watchdog Timer Enable bit
  4068                           ;	WDTE = OFF, WDT disabled and can be enabled by SWDTEN bit of the WDTCON register
  4069                           ;	Power-up Timer Enable bit
  4070                           ;	PWRTE = OFF, PWRT disabled
  4071                           ;	RE3/MCLR pin function select bit
  4072                           ;	MCLRE = 0x1, unprogrammed default
  4073                           ;	Code Protection bit
  4074                           ;	CP = OFF, Program memory code protection is disabled
  4075                           ;	Data Code Protection bit
  4076                           ;	CPD = OFF, Data memory code protection is disabled
  4077                           ;	Brown Out Reset Selection bits
  4078                           ;	BOREN = ON, BOR enabled
  4079                           ;	Internal External Switchover bit
  4080                           ;	IESO = 0x1, unprogrammed default
  4081                           ;	Fail-Safe Clock Monitor Enabled bit
  4082                           ;	FCMEN = 0x1, unprogrammed default
  4083                           ;	Low Voltage Programming Enable bit
  4084                           ;	LVP = OFF, RB3 pin has digital I/O, HV on MCLR must be used for programming
  4085                           ;	In-Circuit Debugger Mode bit
  4086                           ;	DEBUG = 0x1, unprogrammed default
  4087     2007                     	org	8199
  4088     2007  2FF2               	dw	12274
  4089                           
  4090                           ;Config register CONFIG2 @ 0x2008
  4091                           ;	Brown-out Reset Selection bit
  4092                           ;	BOR4V = 0x1, unprogrammed default
  4093                           ;	Flash Program Memory Self Write Enable bits
  4094                           ;	WRT = OFF, Write protection off
  4095     2008                     	org	8200
  4096     2008  3FFF               	dw	16383

Data Sizes:
    Strings     41
    Constant    0
    Data        6
    BSS         42
    Persistent  0
    Stack       0

Auto Spaces:
    Space          Size  Autos    Used
    COMMON           14      8      11
    BANK0            80     77      80
    BANK1            80      0      42
    BANK3            96      0       0
    BANK2            96      0       0

Pointer List with Targets:

    display$PORT	PTR volatile unsigned char  size(2) Largest target is 1
		 -> PORTC(SFR0[1]), 

    f$.$buffer	PTR unsigned char  size(2) Largest target is 10
		 -> main@buffer(BANK0[10]), 

    f$.$source	PTR const unsigned char  size(1) Largest target is 0

    F1772$PORT	PTR volatile unsigned char  size(2) Largest target is 1
		 -> PORTC(SFR0[1]), 

    fputc@fp	PTR struct _IO_FILE size(2) Largest target is 11
		 -> sprintf@f(BANK0[11]), 

    fputc@fp$.$buffer	PTR unsigned char  size(2) Largest target is 10
		 -> main@buffer(BANK0[10]), 

    fputc@fp$.$source	PTR const unsigned char  size(1) Largest target is 0

    lcd$PORT	PTR volatile unsigned char  size(2) Largest target is 1
		 -> PORTC(SFR0[1]), 

    LCD_putrs@a	PTR const unsigned char  size(2) Largest target is 13
		 -> main@buffer(BANK0[10]), STR_1(CODE[10]), STR_3(CODE[13]), STR_5(CODE[6]), 

    S22$PORT	PTR volatile unsigned char  size(2) Largest target is 1
		 -> PORTC(SFR0[1]), 

    S603$buffer	PTR unsigned char  size(2) Largest target is 10
		 -> main@buffer(BANK0[10]), 

    S603$source	PTR const unsigned char  size(1) Largest target is 0

    screen$PORT	PTR volatile unsigned char  size(2) Largest target is 1
		 -> PORTC(SFR0[1]), 

    sprintf@ap	PTR void [1] size(1) Largest target is 2
		 -> ?_sprintf(BANK0[2]), 

    sprintf@fmt	PTR const unsigned char  size(1) Largest target is 6
		 -> STR_2(CODE[6]), STR_4(CODE[6]), STR_6(CODE[3]), 

    sprintf@s	PTR unsigned char  size(1) Largest target is 10
		 -> main@buffer(BANK0[10]), 

    vfpfcnvrt@ap	PTR PTR void  size(1) Largest target is 1
		 -> sprintf@ap(BANK0[1]), 

    vfpfcnvrt@cp	PTR unsigned char  size(1) Largest target is 6
		 -> STR_2(CODE[6]), STR_4(CODE[6]), STR_6(CODE[3]), 

    vfpfcnvrt@fmt	PTR PTR unsigned char  size(1) Largest target is 1
		 -> vfprintf@cfmt(BANK0[1]), 

    vfpfcnvrt@fp	PTR struct _IO_FILE size(2) Largest target is 11
		 -> sprintf@f(BANK0[11]), 

    vfprintf@ap	PTR PTR void  size(1) Largest target is 1
		 -> sprintf@ap(BANK0[1]), 

    vfprintf@cfmt	PTR unsigned char  size(1) Largest target is 6
		 -> STR_2(CODE[6]), STR_4(CODE[6]), STR_6(CODE[3]), 

    vfprintf@fmt	PTR const unsigned char  size(1) Largest target is 6
		 -> STR_2(CODE[6]), STR_4(CODE[6]), STR_6(CODE[3]), 

    vfprintf@fp	PTR struct _IO_FILE size(2) Largest target is 11
		 -> sprintf@f(BANK0[11]), 


Critical Paths under _main in COMMON

    _main->_LCD_Write
    _main->___lmul
    _main->___lwmod
    _vfpfcnvrt->___lwmod
    ___lwdiv->___wmul
    ___aldiv->___lmul
    _LCD_putrs->_LCD_putc
    _LCD_putc->_LCD_Out
    _LCD_Init->_LCD_Write
    _LCD_Write->_LCD_Out

Critical Paths under _ISR in COMMON

    _ISR->_change

Critical Paths under _main in BANK0

    _main->_sprintf
    _sprintf->_vfprintf
    _vfprintf->_vfpfcnvrt
    _vfpfcnvrt->___lwdiv
    _vfpfcnvrt->_fputc
    ___lwdiv->___wmul
    ___aldiv->___lmul
    _LCD_putrs->_LCD_putc
    _LCD_Init->_LCD_Write

Critical Paths under _ISR in BANK0

    None.

Critical Paths under _main in BANK1

    None.

Critical Paths under _ISR in BANK1

    None.

Critical Paths under _main in BANK3

    None.

Critical Paths under _ISR in BANK3

    None.

Critical Paths under _main in BANK2

    None.

Critical Paths under _ISR in BANK2

    None.

Call Graph Tables:

 ---------------------------------------------------------------------------------
 (Depth) Function   	        Calls       Base Space   Used Autos Params    Refs
 ---------------------------------------------------------------------------------
 (0) _main                                                32    32      0    4272
                                             45 BANK0     32    32      0
                           _ADC_Init
                           _ADC_Read
                           _LCD_Init
                          _LCD_Write
                          _LCD_putrs
                            ___aldiv
                             ___lmul
                            ___lwdiv
                            ___lwmod
                             ___wmul
                            _sprintf
 ---------------------------------------------------------------------------------
 (1) _sprintf                                             21    15      6    1840
                                             26 BANK0     19    13      6
                           _vfprintf
 ---------------------------------------------------------------------------------
 (2) _vfprintf                                             5     1      4    1509
                                             21 BANK0      5     1      4
                          _vfpfcnvrt
 ---------------------------------------------------------------------------------
 (3) _vfpfcnvrt                                           13     9      4    1300
                                              9 BANK0     12     8      4
                            ___lwdiv
                            ___lwmod
                              _fputc
 ---------------------------------------------------------------------------------
 (4) _fputc                                               13     9      4     232
                                              3 COMMON     4     0      4
                                              0 BANK0      9     9      0
                              _putch
 ---------------------------------------------------------------------------------
 (5) _putch                                                1     1      0       0
 ---------------------------------------------------------------------------------
 (4) ___lwmod                                              5     1      4     163
                                              3 COMMON     5     1      4
 ---------------------------------------------------------------------------------
 (4) ___lwdiv                                              7     3      4     168
                                              2 BANK0      7     3      4
                             ___wmul (ARG)
 ---------------------------------------------------------------------------------
 (1) ___wmul                                               6     2      4     142
                                              3 COMMON     4     0      4
                                              0 BANK0      2     2      0
 ---------------------------------------------------------------------------------
 (1) ___lmul                                              13     5      8     142
                                              3 COMMON     5     5      0
                                              0 BANK0      8     0      8
 ---------------------------------------------------------------------------------
 (1) ___aldiv                                             15     7      8     302
                                              8 BANK0     15     7      8
                             ___lmul (ARG)
 ---------------------------------------------------------------------------------
 (1) _LCD_putrs                                            7     5      2     430
                                              1 BANK0      7     5      2
                           _LCD_putc
 ---------------------------------------------------------------------------------
 (2) _LCD_putc                                             3     3      0     282
                                              6 COMMON     2     2      0
                                              0 BANK0      1     1      0
                            _LCD_Out
 ---------------------------------------------------------------------------------
 (1) _LCD_Init                                             8     3      5     343
                                              1 BANK0      8     3      5
                          _LCD_Write
 ---------------------------------------------------------------------------------
 (2) _LCD_Write                                            3     3      0     235
                                              6 COMMON     2     2      0
                                              0 BANK0      1     1      0
                            _LCD_Out
 ---------------------------------------------------------------------------------
 (3) _LCD_Out                                              3     3      0     188
                                              3 COMMON     3     3      0
 ---------------------------------------------------------------------------------
 (1) _ADC_Read                                             3     1      2       0
                                              3 COMMON     3     1      2
 ---------------------------------------------------------------------------------
 (1) _ADC_Init                                             0     0      0       0
 ---------------------------------------------------------------------------------
 Estimated maximum stack depth 5
 ---------------------------------------------------------------------------------
 (Depth) Function   	        Calls       Base Space   Used Autos Params    Refs
 ---------------------------------------------------------------------------------
 (6) _ISR                                                  2     2      0      58
                                              1 COMMON     2     2      0
                             _change
 ---------------------------------------------------------------------------------
 (7) _change                                               1     1      0      58
                                              0 COMMON     1     1      0
 ---------------------------------------------------------------------------------
 Estimated maximum stack depth 7
 ---------------------------------------------------------------------------------

 Call Graph Graphs:

 _main (ROOT)
   _ADC_Init
   _ADC_Read
   _LCD_Init
     _LCD_Write
       _LCD_Out
   _LCD_Write
   _LCD_putrs
     _LCD_putc
       _LCD_Out
   ___aldiv
     ___lmul (ARG)
   ___lmul
   ___lwdiv
     ___wmul (ARG)
   ___lwmod
   ___wmul
   _sprintf
     _vfprintf
       _vfpfcnvrt
         ___lwdiv
         ___lwmod
         _fputc
           _putch

 _ISR (ROOT)
   _change

Address spaces:
Name               Size   Autos  Total    Usage
BANK3               96      0       0      0.0%
BITBANK3            96      0       0      0.0%
BANK2               96      0       0      0.0%
BITBANK2            96      0       0      0.0%
BANK1               80      0      42     52.5%
BITBANK1            80      0       0      0.0%
BANK0               80     77      80    100.0%
BITBANK0            80      0       0      0.0%
COMMON              14      8      11     78.6%
BITCOMMON           14      0       0      0.0%
DATA                 0      0     134      0.0%
STACK                0      0       0      0.0%


Microchip Technology PIC Macro Assembler V3.10 build 20250813170317 
Symbol Table                                                                                   Thu Jun 11 16:36:15 2026

                      pc 0002                       l30 0665                       l27 0389  
                     l51 042D                       l39 0439                       l55 0573  
                     l67 06F3                       _op 006F                       fsr 0004  
    ___wmul@multiplicand 0075                      l121 0FA6                      l124 0FB0  
                    l140 008F                      l118 0F9E                      l341 07B9  
                    l406 0588                      l343 07D3                      l416 060C  
                    l355 06AD                      l621 0737                      l631 07A8  
                    l804 07F6                      l841 02CF                      l833 022B  
                    l861 04D9                      l872 0003                      l849 0FFF  
                    _GIE 005F                      _ISR 0FC4                      u910 06FE  
                    u911 06FD                      u930 070E                      u931 070D  
                    u925 0702                      u950 071F                      u951 071E  
                    u945 070F                      u970 0733                      u971 0732  
                    u955 071B                      u980 0777                      u965 0727  
                    u981 0776                      u995 077B          LCD_Init@display 0021  
                    _lcd 00C0                      fsr0 0004                      indf 0000  
                   ?_ISR 0070          __end_of_LCD_Out 038A                     l2000 03F2  
                   l2010 0410                     l2002 03F8                     l2012 0414  
                   l2004 03FE                     l2006 0404                     l2022 06AE  
                   l2030 07D4                     l2008 040A                     l2024 06B3  
                   l1400 077A                     l2040 07ED                     l2032 07D8  
                   l2120 0058                     l2112 0049                     l2018 0415  
                   l2026 06CF                     l2050 07C0                     l1410 0797  
                   l1402 0781                     l2034 07DC                     l2130 0083  
                   l2122 0059                     l2114 004E                     l2028 06D7  
                   l2060 066E                     l2052 07C7                     l2044 07A9  
                   l1412 079E                     l1404 0783                     l1420 0440  
                   l2036 07DE                     l2204 01A8                     l2132 0089  
                   l2124 005A                     l2116 0051                     l2062 0674  
                   l2054 07CD                     l2046 07AD                     l1406 0787  
                   l1414 07A4                     l1422 0446                     l2038 07E0  
                   l2206 01B3                     l2222 01D8                     l2142 00A3  
                   l2134 0097                     l2126 005B                     l2118 0056  
                   l1600 0FA3                     l2064 068B                     l2048 07B1  
                   l1408 0791                     l1424 044D                     l2216 01BF  
                   l2208 01B9                     l2160 0108                     l2144 00AE  
                   l2128 006C                     l1602 0FAA                     l2066 0694  
                   l2058 0666                     l1370 06F4                     l1426 0467  
                   l1418 043A                     l2218 01CA                     l2162 011B  
                   l2154 00BA                     l2146 00B4                     l1700 0604  
                   l2068 06A5                     l1380 070A                     l1372 06F8  
                   l1428 0499                     l2180 015B                     l2164 012C  
                   l2156 00C5                     l1390 072D                     l1382 070E  
                   l1374 06FE                     l2190 016C                     l2158 00F5  
                   l2166 0138                     l1384 071F                     l1376 0701  
                   l1392 0733                     l2192 018E                     l2176 014A  
                   l2168 013E                     l1386 0725                     l1378 0708  
                   l2178 0155                     l1388 0726                     l1396 0771  
                   l1900 020C                     l2188 0161                     l2196 019C  
                   l1670 058C                     l1398 0777                     l1910 025E  
                   l1902 0218                     l1680 05AC                     l1672 0597  
                   l1664 0574                     l1912 0264                     l1904 022D  
                   l1920 0283                     l1690 05E4                     l1682 05B7  
                   l1674 0599                     l1666 0577                     l1930 02AE  
                   l1914 0278                     l1906 0243                     l1922 028E  
                   l1596 0F92                     l1940 0610                     l1692 05E5  
                   l1684 05BB                     l1676 05A1                     l1668 057B  
                   l1924 029C                     l1916 027C                     l1908 0258  
                   l1598 0F9F                     l1870 02EA                     l1942 0625  
                   l1950 04DD                     l1694 05EE                     l1686 05C4  
                   l1678 05A9                     l1926 02A0                     l1934 02B6  
                   l1880 0333                     l1872 02FF                     l1944 062D  
                   l1960 0536                     l1952 04F1                     l1688 05D6  
                   l1696 05F4                     l1882 0346                     l1874 0303  
                   l1866 02D1                     l1946 0644                     l1962 053F  
                   l1954 0502                     l1698 05F9                     l1890 01EB  
                   l1970 0FEF                     l1884 0359                     l1876 0319  
                   l1868 02D5                     l1948 064D                     l1980 03A9  
                   l1964 055B                     l1956 0519                     l1892 01FC  
                   l1972 0FFD                     l1886 035D                     l1878 032F  
                   l1990 03C2                     l1982 03AB                     l1958 051E  
                   l1894 0200                     l1966 0FDD                     l1888 0373  
                   l1992 03CC                     l1984 03B5                     l1976 038A  
                   l1896 0204                     l1968 0FE2                     l1994 03D2  
                   l1986 03B7                     l1978 039D                     l1898 0208  
                   l1996 03E2                     l1988 03C1                     l1998 03EC  
                   STR_1 0755                     STR_2 076B                     STR_3 0748  
                   STR_4 0765                     STR_5 075F                     STR_6 076E  
                   u1000 0787                     u1001 0786                     u1010 0791  
                   u1011 0790                     u1030 07A4                     u1031 07A3  
                   u1015 078D                     u1040 0440                     u1025 0798  
                   u1041 043F                     u1050 0446                     u1051 0445  
                   u2004 063F                     u2100 03B5                     u1060 0467  
                   u2005 063D                     u2101 03B4                     u1061 0466  
                   u2014 065F                     u2110 03C1                     u1070 0499  
                   u2015 065D                     u2111 03C0                     u1071 0498  
                   u2024 04EC                     u2200 0674                     u1080 04BC  
                   u2105 03B1                     u2025 04EA                     u2201 0673  
                   u2130 06BD                     u2115 03BD                     u2035 04F6  
                   u2211 067D                     u1075 0495                     u2044 0514  
                   u2140 06E1                     u2212 0684                     u2125 0418  
                   u2045 0512                     u2213 068B                     u2054 0530  
                   u2150 06F3                     u2055 052E                     u2151 06F2  
                   u1440 0FAA                     u2064 0551                     u1600 05BB  
                   u2240 06A5                     u2160 07B1                     u2080 0FFD  
                   u1441 0FA9                     u2065 054F                     u1601 05BA  
                   u2241 06A4                     u2225 068D                     u2161 07B0  
                   u2081 0FFC                     u2090 03A9                     u2074 056D  
                   u2091 03A8                     u2075 056B                     u2235 0695  
                   u1620 05D6                     u1621 05D5                     u2190 07CD  
                   u2095 03A5                     u2407 051B                     u1615 05BD  
                   u2191 07CC                     u2175 07BA                     u1640 05F4  
                   u1560 057B                     u2417 0558                     u1641 05F3  
                   u1625 05D2                     u1561 057A                     u2185 07C1  
                   u1810 02D5                     u1650 05F9                     u1570 058C  
                   u2370 0097                     u1811 02D4                     u2427 03C8  
                   u1651 05F8                     u1635 05E6                     u1571 058B  
                   u2371 0096                     u1900 035D                     u1580 05A9  
                   u2380 013E                     u1901 035C                     u2437 03D8  
                   u1581 05A8                     u2381 013D                     u2447 03E8  
                   u1840 0303                     u1824 02E4                     u1841 0302  
                   u1825 02E2                     u2457 0648                     u1914 036D  
                   u1834 02F9                     u1930 01FC                     u2467 0FA1  
                   u1915 036B                     u1835 02F7                     u1595 05AE  
                   u1931 01FB                     u1924 0383                     u1940 0218  
                   u1925 0381                     u1941 0217                     u2397 01E0  
                   u1870 0333                     u1854 0313                     u1950 025E  
                   u1871 0332                     u1855 0311                     u1951 025D  
                   u1864 0329                     u1960 0263                     u1865 0327  
                   u1961 0262                     u1970 0282                     u1971 0281  
                   u1884 0340                     u1980 029C                     u1885 033E  
                   u1981 029B                     _INTE 005C                     u1894 0353  
                   _INTF 0059                     u1895 0351                     u1994 061F  
                   u1995 061D              main@percent 0067                     _dbuf 00A0  
                   _main 0049                     _prec 0078                     btemp 007E  
       __end_of_ADC_Init 0F9F         __end_of_ADC_Read 0FB1                     start 000C  
            LCD_Init@cmd 0028                    ??_ISR 0071         __end_of_LCD_Init 043A  
       __end_of_LCD_putc 0574          __end_of___aldiv 060D                    ?_main 0070  
                  _ANSEL 0188          __end_of___lwdiv 0738                    i1l130 0FC3  
                  i1l255 0FD6          __end_of___lwmod 07A9             vfpfcnvrt@fmt 002B  
                  _PORTA 0005                    _PORTB 0006                    _PORTC 0007  
                  _TRISA 0085                    _TRISB 0086                    _TRISC 0087  
    ___lmul@multiplicand 0024             main@part_dec 0063             main@part_ent 0061  
                  _flags 007A                    _fputc 043A                    btemp0 007E  
                  btemp1 007F                    _width 006D                    _putch 0003  
                  pclath 000A                    status 0003                    wtemp0 007E  
        __end_of_sprintf 07F7          __initialization 000F             __end_of_main 01EB  
                 ??_main 004D                ??_LCD_Out 0073        __end_of_LCD_Write 0666  
      __end_of_LCD_putrs 06F4                   _ADCON0 001F                   _ADCON1 009F  
                 ?_fputc 0073                   _ADRESH 001E                   _ADRESL 009E  
                 ?_putch 0070                   _ANSELH 0189                   i1l1612 0FBA  
                 i1l1614 0FC0                   i1l1606 0FB2                   i1l1608 0FB8  
                 i1l1618 0FC2                   i1l1860 0FC9                   i1l1862 0FD4  
                 i1l1864 0FD5                   i1l1856 0FC4                   i1l1858 0FC8  
                 _INTEDG 040E                   u145_20 0FB8                   u145_21 0FB7  
                 u146_20 0FC0                   u146_21 0FBF                   u180_20 0FC8  
                 u180_21 0FC7             vfprintf@cfmt 0039                   ___lmul 0666  
              ??___aldiv 0030                   ___wmul 07A9                   _change 0FB1  
              ??___lwdiv 0077                ??___lwmod 0077                   fputc@c 0073  
                 ltemp0a 0080                ?_ADC_Init 0070                ?_ADC_Read 0073  
                 saved_w 007E                   putch@c 0070                   ttemp0a 007F  
       __end_of_vfprintf 1000                ??_sprintf 0040                   wtemp0a 007F  
         main@adc_result 005F  __end_of__initialization 0045                ?_LCD_Init 0021  
              ?_LCD_putc 0070           __pcstackCOMMON 0070             __pidataBANK0 07FF  
           __pidataBANK1 0F8D            __end_of_fputc 04DA            __end_of_putch 0004  
              LCD_putc@c 0020               ??_ADC_Init 0073               ??_ADC_Read 0075  
                ??_fputc 0020                  ??_putch 0073               __pbssBANK0 006D  
             __pbssBANK1 00A0               ??_LCD_Init 0026               ??_LCD_putc 0076  
             __pmaintext 0049                  ?___lmul 0020                  ?___wmul 0073  
                ?_change 0070               __pintentry 0004           ___lmul@product 0074  
                _LCD_Out 02D0               __stringtab 0738                  ___aldiv 0574  
                ___lwdiv 06F4                  ___lwmod 0771                ?_vfprintf 0035  
                __ptext1 07D4                  __ptext2 0FDD                  __ptext3 01EB  
                __ptext4 043A                  __ptext5 0003                  __ptext6 0771  
                __ptext7 06F4                  __ptext8 07A9                  __ptext9 0666  
       ___aldiv@dividend 002C                  _sprintf 07D4                  clrloop0 07F8  
              _LCD_Write 060D     end_of_initialization 0045                _LCD_putrs 06AE  
                fputc@fp 0075        __end_of_vfpfcnvrt 02D0         ___aldiv@quotient 0033  
       vfpfcnvrt@convarg 002F               ??_vfprintf 0078               ?_LCD_Write 0070  
             ?_LCD_putrs 0021               main@buffer 0050               main@screen 005A  
         __end_of___lmul 06AE              vfpfcnvrt@ap 002C              vfpfcnvrt@cp 0033  
            vfpfcnvrt@fp 0029           __end_of___wmul 07D4           __end_of_change 0FC4  
             LCD_Write@c 0020      start_initialization 000F              __end_of_ISR 0FDD  
             LCD_putrs@a 0021               LCD_putrs@i 0026              vfprintf@fmt 0037  
               ??___lmul 0073                 ??___wmul 0077                 ??_change 0070  
            __pdataBANK0 006F              __pdataBANK1 00C5                 ?_LCD_Out 0070  
            __pbssCOMMON 0078                ___latbits 0002            __pcstackBANK0 0020  
               LCD_Out@c 0075              ??_LCD_Write 0076              ??_LCD_putrs 0023  
       ___lwdiv@dividend 0024                 ?___aldiv 0028                 ?___lwdiv 0022  
               ?___lwmod 0073                __pstrings 0738                 _ADC_Init 0F92  
               _ADC_Read 0F9F         ___lwdiv@quotient 0026                 ?_sprintf 003A  
        ___aldiv@divisor 0028        interrupt_function 0004          ___aldiv@counter 0031  
               _LCD_Init 038A           ___wmul@product 0020                clear_ram0 07F7  
               _LCD_putc 04DA                 _GO_nDONE 00F9                main@F1772 00C5  
              _vfpfcnvrt 01EB              __stringbase 0747        ___wmul@multiplier 0073  
             vfpfcnvrt@c 0034        ___lmul@multiplier 0020               vfprintf@ap 0038  
             vfprintf@fp 0035               ?_vfpfcnvrt 0029       __end_of__stringtab 0748  
             sprintf@fmt 003B          ___lwdiv@divisor 0022          ___lwdiv@counter 0028  
               __ptext10 0574                 __ptext11 06AE                 __ptext12 04DA  
               __ptext13 038A                 __ptext14 060D                 __ptext15 02D0  
               __ptext16 0F9F                 __ptext17 0F92                 __ptext18 0FC4  
               __ptext19 0FB1                 change@op 0070                 _vfprintf 0FDD  
               main@volt 006B                 intlevel1 0000                sprintf@ap 0041  
       ___lwmod@dividend 0075       main@adc_result_150 0065       main@adc_result_154 0069  
              stringcode 0742              ??_vfpfcnvrt 002D               _OPTION_REG 0081  
               sprintf@f 0042                 sprintf@s 003A          ___lwmod@divisor 0073  
        ___lwmod@counter 0077                 stringdir 0742                 stringtab 0738  
           ___aldiv@sign 0032  
