

Microchip MPLAB XC8 Assembler V3.10 build 20250813170317 
                                                                                               Wed Jun 10 16:44:57 2026

Microchip MPLAB XC8 C Compiler v3.10 (Free license) build 20250813170317 Og1 
     1                           	processor	16F887
     2                           	pagewidth 120
     3                           	opt	flic
     4                           	psect	idataBANK0,global,class=CODE,space=0,delta=2,noexec
     5                           	psect	strings,global,class=STRING,space=0,delta=2,noexec
     6                           	psect	cinit,global,class=CODE,space=0,merge=1,delta=2
     7                           	psect	bssBANK0,global,class=BANK0,space=1,delta=1,noexec
     8                           	psect	dataBANK0,global,class=BANK0,space=1,delta=1,noexec
     9                           	psect	cstackCOMMON,global,class=COMMON,space=1,delta=1,noexec
    10                           	psect	cstackBANK0,global,class=BANK0,space=1,delta=1,noexec
    11                           	psect	maintext,global,class=CODE,space=0,split=1,delta=2
    12                           	psect	text1,local,class=CODE,space=0,merge=1,delta=2
    13                           	psect	text2,local,class=CODE,space=0,merge=1,delta=2
    14                           	psect	text3,local,class=CODE,space=0,merge=1,delta=2
    15                           	psect	text4,local,class=CODE,space=0,merge=1,delta=2
    16                           	psect	text5,local,class=CODE,space=0,merge=1,delta=2
    17                           	psect	text6,local,class=CODE,space=0,merge=1,delta=2
    18                           	psect	text7,local,class=CODE,space=0,merge=1,delta=2
    19                           	psect	intentry,global,class=CODE,space=0,delta=2
    20                           	psect	text8,local,class=CODE,space=0,merge=1,delta=2
    21                           	psect	config,global,abs,ovrld,class=CONFIG,space=4,delta=2,noexec
    22                           	dabs	1,0x7E,2
    23     0000                     
    24                           ; Generated 22/04/2026 GMT
    25                           ; 
    26                           ; Copyright (c) 2026 Microchip Technology Inc. and its subsidiaries.
    27                           ; 
    28                           ; Licensed under the Apache License, Version 2.0 (the "License");
    29                           ; you may not use this file except in compliance with the License.
    30                           ; You may obtain a copy of the License at
    31                           ; 
    32                           ;   http://www.apache.org/licenses/LICENSE-2.0
    33                           ; 
    34                           ; Unless required by applicable law or agreed to in writing, software
    35                           ; distributed under the License is distributed on an "AS IS" BASIS,
    36                           ; WITHOUT WARRANTIES OR CONDITIONS OF ANY KIND, either express or implied.
    37                           ; See the License for the specific language governing permissions and
    38                           ; limitations under the License.
    39                           ; 
    40                           ; 
    41                           ; Code-generator required, PIC16F887 Definitions
    42                           ; 
    43                           ; SFR Addresses
    44     0004                     fsr             equ	4
    45     0004                     fsr0            equ	4
    46     0000                     indf            equ	0
    47     0000                     indf0           equ	0
    48     0002                     pc              equ	2
    49     0002                     pcl             equ	2
    50     000A                     pclath          equ	10
    51     0003                     status          equ	3
    52     0000                     INDF            equ	0	;# 
    53     0001                     TMR0            equ	1	;# 
    54     0002                     PCL             equ	2	;# 
    55     0003                     STATUS          equ	3	;# 
    56     0004                     FSR             equ	4	;# 
    57     0005                     PORTA           equ	5	;# 
    58     0006                     PORTB           equ	6	;# 
    59     0007                     PORTC           equ	7	;# 
    60     0008                     PORTD           equ	8	;# 
    61     0009                     PORTE           equ	9	;# 
    62     000A                     PCLATH          equ	10	;# 
    63     000B                     INTCON          equ	11	;# 
    64     000C                     PIR1            equ	12	;# 
    65     000D                     PIR2            equ	13	;# 
    66     000E                     TMR1            equ	14	;# 
    67     000E                     TMR1L           equ	14	;# 
    68     000F                     TMR1H           equ	15	;# 
    69     0010                     T1CON           equ	16	;# 
    70     0011                     TMR2            equ	17	;# 
    71     0012                     T2CON           equ	18	;# 
    72     0013                     SSPBUF          equ	19	;# 
    73     0014                     SSPCON          equ	20	;# 
    74     0015                     CCPR1           equ	21	;# 
    75     0015                     CCPR1L          equ	21	;# 
    76     0016                     CCPR1H          equ	22	;# 
    77     0017                     CCP1CON         equ	23	;# 
    78     0018                     RCSTA           equ	24	;# 
    79     0019                     TXREG           equ	25	;# 
    80     001A                     RCREG           equ	26	;# 
    81     001B                     CCPR2           equ	27	;# 
    82     001B                     CCPR2L          equ	27	;# 
    83     001C                     CCPR2H          equ	28	;# 
    84     001D                     CCP2CON         equ	29	;# 
    85     001E                     ADRESH          equ	30	;# 
    86     001F                     ADCON0          equ	31	;# 
    87     0081                     OPTION_REG      equ	129	;# 
    88     0085                     TRISA           equ	133	;# 
    89     0086                     TRISB           equ	134	;# 
    90     0087                     TRISC           equ	135	;# 
    91     0088                     TRISD           equ	136	;# 
    92     0089                     TRISE           equ	137	;# 
    93     008C                     PIE1            equ	140	;# 
    94     008D                     PIE2            equ	141	;# 
    95     008E                     PCON            equ	142	;# 
    96     008F                     OSCCON          equ	143	;# 
    97     0090                     OSCTUNE         equ	144	;# 
    98     0091                     SSPCON2         equ	145	;# 
    99     0092                     PR2             equ	146	;# 
   100     0093                     SSPADD          equ	147	;# 
   101     0093                     SSPMSK          equ	147	;# 
   102     0093                     MSK             equ	147	;# 
   103     0094                     SSPSTAT         equ	148	;# 
   104     0095                     WPUB            equ	149	;# 
   105     0096                     IOCB            equ	150	;# 
   106     0097                     VRCON           equ	151	;# 
   107     0098                     TXSTA           equ	152	;# 
   108     0099                     SPBRG           equ	153	;# 
   109     009A                     SPBRGH          equ	154	;# 
   110     009B                     PWM1CON         equ	155	;# 
   111     009C                     ECCPAS          equ	156	;# 
   112     009D                     PSTRCON         equ	157	;# 
   113     009E                     ADRESL          equ	158	;# 
   114     009F                     ADCON1          equ	159	;# 
   115     0105                     WDTCON          equ	261	;# 
   116     0107                     CM1CON0         equ	263	;# 
   117     0108                     CM2CON0         equ	264	;# 
   118     0109                     CM2CON1         equ	265	;# 
   119     010C                     EEDATA          equ	268	;# 
   120     010C                     EEDAT           equ	268	;# 
   121     010D                     EEADR           equ	269	;# 
   122     010E                     EEDATH          equ	270	;# 
   123     010F                     EEADRH          equ	271	;# 
   124     0185                     SRCON           equ	389	;# 
   125     0187                     BAUDCTL         equ	391	;# 
   126     0188                     ANSEL           equ	392	;# 
   127     0189                     ANSELH          equ	393	;# 
   128     018C                     EECON1          equ	396	;# 
   129     018D                     EECON2          equ	397	;# 
   130     0000                     INDF            equ	0	;# 
   131     0001                     TMR0            equ	1	;# 
   132     0002                     PCL             equ	2	;# 
   133     0003                     STATUS          equ	3	;# 
   134     0004                     FSR             equ	4	;# 
   135     0005                     PORTA           equ	5	;# 
   136     0006                     PORTB           equ	6	;# 
   137     0007                     PORTC           equ	7	;# 
   138     0008                     PORTD           equ	8	;# 
   139     0009                     PORTE           equ	9	;# 
   140     000A                     PCLATH          equ	10	;# 
   141     000B                     INTCON          equ	11	;# 
   142     000C                     PIR1            equ	12	;# 
   143     000D                     PIR2            equ	13	;# 
   144     000E                     TMR1            equ	14	;# 
   145     000E                     TMR1L           equ	14	;# 
   146     000F                     TMR1H           equ	15	;# 
   147     0010                     T1CON           equ	16	;# 
   148     0011                     TMR2            equ	17	;# 
   149     0012                     T2CON           equ	18	;# 
   150     0013                     SSPBUF          equ	19	;# 
   151     0014                     SSPCON          equ	20	;# 
   152     0015                     CCPR1           equ	21	;# 
   153     0015                     CCPR1L          equ	21	;# 
   154     0016                     CCPR1H          equ	22	;# 
   155     0017                     CCP1CON         equ	23	;# 
   156     0018                     RCSTA           equ	24	;# 
   157     0019                     TXREG           equ	25	;# 
   158     001A                     RCREG           equ	26	;# 
   159     001B                     CCPR2           equ	27	;# 
   160     001B                     CCPR2L          equ	27	;# 
   161     001C                     CCPR2H          equ	28	;# 
   162     001D                     CCP2CON         equ	29	;# 
   163     001E                     ADRESH          equ	30	;# 
   164     001F                     ADCON0          equ	31	;# 
   165     0081                     OPTION_REG      equ	129	;# 
   166     0085                     TRISA           equ	133	;# 
   167     0086                     TRISB           equ	134	;# 
   168     0087                     TRISC           equ	135	;# 
   169     0088                     TRISD           equ	136	;# 
   170     0089                     TRISE           equ	137	;# 
   171     008C                     PIE1            equ	140	;# 
   172     008D                     PIE2            equ	141	;# 
   173     008E                     PCON            equ	142	;# 
   174     008F                     OSCCON          equ	143	;# 
   175     0090                     OSCTUNE         equ	144	;# 
   176     0091                     SSPCON2         equ	145	;# 
   177     0092                     PR2             equ	146	;# 
   178     0093                     SSPADD          equ	147	;# 
   179     0093                     SSPMSK          equ	147	;# 
   180     0093                     MSK             equ	147	;# 
   181     0094                     SSPSTAT         equ	148	;# 
   182     0095                     WPUB            equ	149	;# 
   183     0096                     IOCB            equ	150	;# 
   184     0097                     VRCON           equ	151	;# 
   185     0098                     TXSTA           equ	152	;# 
   186     0099                     SPBRG           equ	153	;# 
   187     009A                     SPBRGH          equ	154	;# 
   188     009B                     PWM1CON         equ	155	;# 
   189     009C                     ECCPAS          equ	156	;# 
   190     009D                     PSTRCON         equ	157	;# 
   191     009E                     ADRESL          equ	158	;# 
   192     009F                     ADCON1          equ	159	;# 
   193     0105                     WDTCON          equ	261	;# 
   194     0107                     CM1CON0         equ	263	;# 
   195     0108                     CM2CON0         equ	264	;# 
   196     0109                     CM2CON1         equ	265	;# 
   197     010C                     EEDATA          equ	268	;# 
   198     010C                     EEDAT           equ	268	;# 
   199     010D                     EEADR           equ	269	;# 
   200     010E                     EEDATH          equ	270	;# 
   201     010F                     EEADRH          equ	271	;# 
   202     0185                     SRCON           equ	389	;# 
   203     0187                     BAUDCTL         equ	391	;# 
   204     0188                     ANSEL           equ	392	;# 
   205     0189                     ANSELH          equ	393	;# 
   206     018C                     EECON1          equ	396	;# 
   207     018D                     EECON2          equ	397	;# 
   208     0000                     INDF            equ	0	;# 
   209     0001                     TMR0            equ	1	;# 
   210     0002                     PCL             equ	2	;# 
   211     0003                     STATUS          equ	3	;# 
   212     0004                     FSR             equ	4	;# 
   213     0005                     PORTA           equ	5	;# 
   214     0006                     PORTB           equ	6	;# 
   215     0007                     PORTC           equ	7	;# 
   216     0008                     PORTD           equ	8	;# 
   217     0009                     PORTE           equ	9	;# 
   218     000A                     PCLATH          equ	10	;# 
   219     000B                     INTCON          equ	11	;# 
   220     000C                     PIR1            equ	12	;# 
   221     000D                     PIR2            equ	13	;# 
   222     000E                     TMR1            equ	14	;# 
   223     000E                     TMR1L           equ	14	;# 
   224     000F                     TMR1H           equ	15	;# 
   225     0010                     T1CON           equ	16	;# 
   226     0011                     TMR2            equ	17	;# 
   227     0012                     T2CON           equ	18	;# 
   228     0013                     SSPBUF          equ	19	;# 
   229     0014                     SSPCON          equ	20	;# 
   230     0015                     CCPR1           equ	21	;# 
   231     0015                     CCPR1L          equ	21	;# 
   232     0016                     CCPR1H          equ	22	;# 
   233     0017                     CCP1CON         equ	23	;# 
   234     0018                     RCSTA           equ	24	;# 
   235     0019                     TXREG           equ	25	;# 
   236     001A                     RCREG           equ	26	;# 
   237     001B                     CCPR2           equ	27	;# 
   238     001B                     CCPR2L          equ	27	;# 
   239     001C                     CCPR2H          equ	28	;# 
   240     001D                     CCP2CON         equ	29	;# 
   241     001E                     ADRESH          equ	30	;# 
   242     001F                     ADCON0          equ	31	;# 
   243     0081                     OPTION_REG      equ	129	;# 
   244     0085                     TRISA           equ	133	;# 
   245     0086                     TRISB           equ	134	;# 
   246     0087                     TRISC           equ	135	;# 
   247     0088                     TRISD           equ	136	;# 
   248     0089                     TRISE           equ	137	;# 
   249     008C                     PIE1            equ	140	;# 
   250     008D                     PIE2            equ	141	;# 
   251     008E                     PCON            equ	142	;# 
   252     008F                     OSCCON          equ	143	;# 
   253     0090                     OSCTUNE         equ	144	;# 
   254     0091                     SSPCON2         equ	145	;# 
   255     0092                     PR2             equ	146	;# 
   256     0093                     SSPADD          equ	147	;# 
   257     0093                     SSPMSK          equ	147	;# 
   258     0093                     MSK             equ	147	;# 
   259     0094                     SSPSTAT         equ	148	;# 
   260     0095                     WPUB            equ	149	;# 
   261     0096                     IOCB            equ	150	;# 
   262     0097                     VRCON           equ	151	;# 
   263     0098                     TXSTA           equ	152	;# 
   264     0099                     SPBRG           equ	153	;# 
   265     009A                     SPBRGH          equ	154	;# 
   266     009B                     PWM1CON         equ	155	;# 
   267     009C                     ECCPAS          equ	156	;# 
   268     009D                     PSTRCON         equ	157	;# 
   269     009E                     ADRESL          equ	158	;# 
   270     009F                     ADCON1          equ	159	;# 
   271     0105                     WDTCON          equ	261	;# 
   272     0107                     CM1CON0         equ	263	;# 
   273     0108                     CM2CON0         equ	264	;# 
   274     0109                     CM2CON1         equ	265	;# 
   275     010C                     EEDATA          equ	268	;# 
   276     010C                     EEDAT           equ	268	;# 
   277     010D                     EEADR           equ	269	;# 
   278     010E                     EEDATH          equ	270	;# 
   279     010F                     EEADRH          equ	271	;# 
   280     0185                     SRCON           equ	389	;# 
   281     0187                     BAUDCTL         equ	391	;# 
   282     0188                     ANSEL           equ	392	;# 
   283     0189                     ANSELH          equ	393	;# 
   284     018C                     EECON1          equ	396	;# 
   285     018D                     EECON2          equ	397	;# 
   286                           
   287                           	psect	idataBANK0
   288     04D7                     __pidataBANK0:
   289                           
   290                           ;initializer for main@F1773
   291     04D7  3407               	retlw	7
   292     04D8  3400               	retlw	0
   293     04D9  341A               	retlw	26
   294     04DA  342C               	retlw	44
   295     04DB  343E               	retlw	62
   296                           
   297                           ;initializer for _update
   298     04DC  3401               	retlw	1
   299                           
   300                           	psect	strings
   301     0448                     __pstrings:
   302     0448                     stringtab:
   303     0448                     __stringtab:
   304     0448                     stringcode:	
   305                           ;	String table - string pointers are 1 byte each
   306                           
   307     0448                     stringdir:
   308     0448  3004               	movlw	high stringdir
   309     0449  008A               	movwf	10
   310     044A  0804               	movf	4,w
   311     044B  0A84               	incf	4,f
   312     044C  0782               	addwf	2,f
   313     044D                     __stringbase:
   314     044D  3400               	retlw	0
   315     044E                     __end_of__stringtab:
   316     044E                     _mlbb_logo:
   317     044E  3411               	retlw	17
   318     044F  3415               	retlw	21
   319     0450  341F               	retlw	31
   320     0451  340E               	retlw	14
   321     0452  340A               	retlw	10
   322     0453  341F               	retlw	31
   323     0454  3411               	retlw	17
   324     0455  3400               	retlw	0
   325     0456                     __end_of_mlbb_logo:
   326     0456                     _youtube_logo:
   327     0456  341F               	retlw	31
   328     0457  341B               	retlw	27
   329     0458  3419               	retlw	25
   330     0459  3418               	retlw	24
   331     045A  3419               	retlw	25
   332     045B  341B               	retlw	27
   333     045C  341F               	retlw	31
   334     045D  3400               	retlw	0
   335     045E                     __end_of_youtube_logo:
   336     0006                     _PORTB          set	6
   337     0005                     _PORTA          set	5
   338     0008                     _PORTD          set	8
   339     0007                     _PORTC          set	7
   340     0059                     _INTF           set	89
   341     005C                     _INTE           set	92
   342     005F                     _GIE            set	95
   343     0085                     _TRISA          set	133
   344     0086                     _TRISB          set	134
   345     0088                     _TRISD          set	136
   346     0087                     _TRISC          set	135
   347     0081                     _OPTION_REG     set	129
   348     040E                     _INTEDG         set	1038
   349     0189                     _ANSELH         set	393
   350     0188                     _ANSEL          set	392
   351     045E                     STR_1:
   352     045E  3420               	retlw	32	;' '
   353     045F  344D               	retlw	77	;'M'
   354     0460  3469               	retlw	105	;'i'
   355     0461  3463               	retlw	99	;'c'
   356     0462  3472               	retlw	114	;'r'
   357     0463  346F               	retlw	111	;'o'
   358     0464  3470               	retlw	112	;'p'
   359     0465  3472               	retlw	114	;'r'
   360     0466  346F               	retlw	111	;'o'
   361     0467  3463               	retlw	99	;'c'
   362     0468  3465               	retlw	101	;'e'
   363     0469  3473               	retlw	115	;'s'
   364     046A  3461               	retlw	97	;'a'
   365     046B  3464               	retlw	100	;'d'
   366     046C  346F               	retlw	111	;'o'
   367     046D  3472               	retlw	114	;'r'
   368     046E  3465               	retlw	101	;'e'
   369     046F  3473               	retlw	115	;'s'
   370     0470  3420               	retlw	32	;' '
   371     0471  3400               	retlw	0
   372     0472                     STR_3:
   373     0472  3420               	retlw	32	;' '
   374     0473  3456               	retlw	86	;'V'
   375     0474  3465               	retlw	101	;'e'
   376     0475  3472               	retlw	114	;'r'
   377     0476  3461               	retlw	97	;'a'
   378     0477  346E               	retlw	110	;'n'
   379     0478  346F               	retlw	111	;'o'
   380     0479  3420               	retlw	32	;' '
   381     047A  3400               	retlw	0
   382     047B                     STR_2:
   383     047B  3420               	retlw	32	;' '
   384     047C  3459               	retlw	89	;'Y'
   385     047D  346F               	retlw	111	;'o'
   386     047E  3475               	retlw	117	;'u'
   387     047F  3454               	retlw	84	;'T'
   388     0480  3475               	retlw	117	;'u'
   389     0481  3462               	retlw	98	;'b'
   390     0482  3465               	retlw	101	;'e'
   391     0483  3400               	retlw	0
   392     0484                     STR_4:
   393     0484  3420               	retlw	32	;' '
   394     0485  344D               	retlw	77	;'M'
   395     0486  344C               	retlw	76	;'L'
   396     0487  3442               	retlw	66	;'B'
   397     0488  3442               	retlw	66	;'B'
   398     0489  3400               	retlw	0
   399                           
   400                           	psect	cinit
   401     000F                     start_initialization:	
   402                           ; #config settings
   403                           
   404     000F                     __initialization:
   405                           
   406                           ; Initialize objects allocated to BANK0
   407     000F  120A  118A  24D7  120A  118A  	fcall	__pidataBANK0	;fetch initializer
   408     0014  00B1               	movwf	__pdataBANK0& (0+127)
   409     0015  120A  118A  24D8  120A  118A  	fcall	__pidataBANK0+1	;fetch initializer
   410     001A  00B2               	movwf	(__pdataBANK0+1)& (0+127)
   411     001B  120A  118A  24D9  120A  118A  	fcall	__pidataBANK0+2	;fetch initializer
   412     0020  00B3               	movwf	(__pdataBANK0+2)& (0+127)
   413     0021  120A  118A  24DA  120A  118A  	fcall	__pidataBANK0+3	;fetch initializer
   414     0026  00B4               	movwf	(__pdataBANK0+3)& (0+127)
   415     0027  120A  118A  24DB  120A  118A  	fcall	__pidataBANK0+4	;fetch initializer
   416     002C  00B5               	movwf	(__pdataBANK0+4)& (0+127)
   417     002D  120A  118A  24DC  120A  118A  	fcall	__pidataBANK0+5	;fetch initializer
   418     0032  00B6               	movwf	(__pdataBANK0+5)& (0+127)
   419                           
   420                           ; Clear objects allocated to BANK0
   421     0033  01AB               	clrf	__pbssBANK0& (0+127)
   422     0034  01AC               	clrf	(__pbssBANK0+1)& (0+127)
   423     0035  01AD               	clrf	(__pbssBANK0+2)& (0+127)
   424     0036  01AE               	clrf	(__pbssBANK0+3)& (0+127)
   425     0037  01AF               	clrf	(__pbssBANK0+4)& (0+127)
   426     0038  01B0               	clrf	(__pbssBANK0+5)& (0+127)
   427     0039                     end_of_initialization:	
   428                           ;End of C runtime variable initialization code
   429                           
   430     0039                     __end_of__initialization:
   431     0039  0183               	clrf	3
   432     003A  120A  118A  292C   	ljmp	_main	;jump to C main() function
   433                           
   434                           	psect	bssBANK0
   435     002B                     __pbssBANK0:
   436     002B                     _lcd:
   437     002B                     	ds	5
   438     0030                     _flag:
   439     0030                     	ds	1
   440                           
   441                           	psect	dataBANK0
   442     0031                     __pdataBANK0:
   443     0031                     main@F1773:
   444     0031                     	ds	5
   445     0036                     _update:
   446     0036                     	ds	1
   447                           
   448                           	psect	cstackCOMMON
   449     0070                     __pcstackCOMMON:
   450     0070                     ?_LCD_Write:
   451     0070                     ?_LCD_putc:	
   452                           ; 1 bytes @ 0x0
   453                           
   454     0070                     ?_buttonPressed:	
   455                           ; 1 bytes @ 0x0
   456                           
   457     0070                     ?_main:	
   458                           ; 1 bytes @ 0x0
   459                           
   460     0070                     ?_ISR:	
   461                           ; 1 bytes @ 0x0
   462                           
   463     0070                     ?_LCD_Out:	
   464                           ; 1 bytes @ 0x0
   465                           
   466     0070                     buttonPressed@flag:	
   467                           ; 1 bytes @ 0x0
   468                           
   469     0070                     ??_buttonPressed:	
   470                           ; 1 bytes @ 0x0
   471                           
   472                           
   473                           ; 1 bytes @ 0x0
   474     0070                     	ds	1
   475     0071                     ??_ISR:
   476                           
   477                           ; 1 bytes @ 0x1
   478     0071                     	ds	2
   479     0073                     ??_LCD_Out:
   480                           
   481                           ; 1 bytes @ 0x3
   482     0073                     	ds	2
   483     0075                     LCD_Out@c:
   484                           
   485                           ; 1 bytes @ 0x5
   486     0075                     	ds	1
   487     0076                     ??_LCD_Write:
   488     0076                     ??_LCD_putc:	
   489                           ; 1 bytes @ 0x6
   490                           
   491                           
   492                           ; 1 bytes @ 0x6
   493     0076                     	ds	2
   494     0078                     LCD_Write@c:
   495     0078                     LCD_putc@c:	
   496                           ; 1 bytes @ 0x8
   497                           
   498                           
   499                           ; 1 bytes @ 0x8
   500     0078                     	ds	1
   501     0079                     ?_LCD_Custom_Char:
   502     0079                     ?_LCD_putrs:	
   503                           ; 1 bytes @ 0x9
   504                           
   505     0079                     LCD_putrs@a:	
   506                           ; 1 bytes @ 0x9
   507                           
   508     0079                     LCD_Custom_Char@bitmap:	
   509                           ; 1 bytes @ 0x9
   510                           
   511     0079                     ??_LCD_Init:	
   512                           ; 1 bytes @ 0x9
   513                           
   514                           
   515                           ; 1 bytes @ 0x9
   516     0079                     	ds	1
   517     007A                     ??_LCD_putrs:
   518                           
   519                           ; 1 bytes @ 0xA
   520     007A                     	ds	1
   521     007B                     ??_main:
   522                           
   523                           	psect	cstackBANK0
   524     0020                     __pcstackBANK0:	
   525                           ; 1 bytes @ 0xB
   526                           
   527     0020                     ?_LCD_Init:
   528     0020                     LCD_putrs@i:	
   529                           ; 1 bytes @ 0x0
   530                           
   531     0020                     LCD_Init@display:	
   532                           ; 2 bytes @ 0x0
   533                           
   534     0020                     ??_LCD_Custom_Char:	
   535                           ; 5 bytes @ 0x0
   536                           
   537                           
   538                           ; 1 bytes @ 0x0
   539     0020                     	ds	2
   540     0022                     LCD_Custom_Char@loc:
   541                           
   542                           ; 1 bytes @ 0x2
   543     0022                     	ds	1
   544     0023                     LCD_Custom_Char@i:
   545                           
   546                           ; 1 bytes @ 0x3
   547     0023                     	ds	2
   548     0025                     LCD_Init@cmd:
   549                           
   550                           ; 1 bytes @ 0x5
   551     0025                     	ds	1
   552     0026                     main@screen:
   553                           
   554                           ; 5 bytes @ 0x6
   555     0026                     	ds	5
   556                           
   557                           	psect	maintext
   558     012C                     __pmaintext:	
   559 ;;
   560 ;;Main: autosize = 0, tempsize = 0, incstack = 0, save=0
   561 ;;
   562 ;; *************** function _main *****************
   563 ;; Defined at:
   564 ;;		line 96 in file "main.c"
   565 ;; Parameters:    Size  Location     Type
   566 ;;		None
   567 ;; Auto vars:     Size  Location     Type
   568 ;;  screen          5    6[BANK0 ] struct .
   569 ;; Return value:  Size  Location     Type
   570 ;;                  1    wreg      void 
   571 ;; Registers used:
   572 ;;		wreg, fsr0l, fsr0h, status,2, status,0, pclath, cstack
   573 ;; Tracked objects:
   574 ;;		On entry : B00/0
   575 ;;		On exit  : 0/0
   576 ;;		Unchanged: 0/0
   577 ;; Data sizes:     COMMON   BANK0   BANK1   BANK3   BANK2
   578 ;;      Params:         0       0       0       0       0
   579 ;;      Locals:         0       5       0       0       0
   580 ;;      Temps:          0       0       0       0       0
   581 ;;      Totals:         0       5       0       0       0
   582 ;;Total ram usage:        5 bytes
   583 ;; Hardware stack levels required when called: 5
   584 ;; This function calls:
   585 ;;		_LCD_Custom_Char
   586 ;;		_LCD_Init
   587 ;;		_LCD_Write
   588 ;;		_LCD_putc
   589 ;;		_LCD_putrs
   590 ;; This function is called by:
   591 ;;		Startup code after reset
   592 ;; This function uses a non-reentrant model
   593 ;;
   594                           
   595     012C                     _main:	
   596                           ;psect for function _main
   597                           
   598     012C                     l1134:	
   599                           ;incstack = 0
   600                           ; Regs used in _main: [wreg-fsr0h+status,2+status,0+pclath+cstack]
   601                           
   602                           
   603                           ;main.c: 97:     ANSEL = 0;
   604     012C  1683               	bsf	3,5	;RP0=1, select bank3
   605     012D  1703               	bsf	3,6	;RP1=1, select bank3
   606     012E  0188               	clrf	8	;volatile
   607                           
   608                           ;main.c: 98:     ANSELH = 0;
   609     012F  0189               	clrf	9	;volatile
   610     0130                     l1136:
   611                           
   612                           ;main.c: 100:     OPTION_REG = OPTION_REG & 0b01111111;
   613     0130  1683               	bsf	3,5	;RP0=1, select bank1
   614     0131  1303               	bcf	3,6	;RP1=0, select bank1
   615     0132  0801               	movf	1,w	;volatile
   616     0133  397F               	andlw	127
   617     0134  0081               	movwf	1	;volatile
   618     0135                     l1138:
   619                           
   620                           ;main.c: 102:     TRISC = 0;
   621     0135  0187               	clrf	7	;volatile
   622     0136                     l1140:
   623                           
   624                           ;main.c: 103:     TRISD = 0;
   625     0136  0188               	clrf	8	;volatile
   626     0137                     l1142:
   627                           
   628                           ;main.c: 104:     TRISB = 0xFF;
   629     0137  30FF               	movlw	255
   630     0138  0086               	movwf	6	;volatile
   631     0139                     l1144:
   632                           
   633                           ;main.c: 106:     PORTC = 0;
   634     0139  1283               	bcf	3,5	;RP0=0, select bank0
   635     013A  1303               	bcf	3,6	;RP1=0, select bank0
   636     013B  0187               	clrf	7	;volatile
   637     013C                     l1146:
   638                           
   639                           ;main.c: 107:     PORTD = 0;
   640     013C  0188               	clrf	8	;volatile
   641     013D                     l1148:
   642                           
   643                           ;main.c: 110:     GIE = 1;
   644     013D  178B               	bsf	11,7	;volatile
   645     013E                     l1150:
   646                           
   647                           ;main.c: 111:     INTE = 1;
   648     013E  160B               	bsf	11,4	;volatile
   649     013F                     l1152:
   650                           
   651                           ;main.c: 112:     INTEDG = 0;
   652     013F  1683               	bsf	3,5	;RP0=1, select bank1
   653     0140  1303               	bcf	3,6	;RP1=0, select bank1
   654     0141  1301               	bcf	1,6	;volatile
   655     0142                     l1154:
   656                           
   657                           ;main.c: 114:     LCD screen = {&PORTC, 2,3,4,5,6,7};
   658     0142  3026               	movlw	main@screen& (0+255)
   659     0143  0084               	movwf	4
   660     0144  1283               	bcf	3,5	;RP0=0, select bank0
   661     0145  1303               	bcf	3,6	;RP1=0, select bank0
   662     0146  0831               	movf	main@F1773,w
   663     0147  1383               	bcf	3,7	;select IRP bank0
   664     0148  0080               	movwf	0
   665     0149  0A84               	incf	4,f
   666     014A  0832               	movf	main@F1773+1,w
   667     014B  0080               	movwf	0
   668     014C  0A84               	incf	4,f
   669     014D  0833               	movf	main@F1773+2,w
   670     014E  0080               	movwf	0
   671     014F  0A84               	incf	4,f
   672     0150  0834               	movf	main@F1773+3,w
   673     0151  0080               	movwf	0
   674     0152  0A84               	incf	4,f
   675     0153  0835               	movf	main@F1773+4,w
   676     0154  0080               	movwf	0
   677     0155                     l1156:
   678                           
   679                           ;main.c: 116:     LCD_Init(screen);
   680     0155  3020               	movlw	LCD_Init@display& (0+255)
   681     0156  0084               	movwf	4
   682     0157  0826               	movf	main@screen,w
   683     0158  0080               	movwf	0
   684     0159  0A84               	incf	4,f
   685     015A  0827               	movf	main@screen+1,w
   686     015B  0080               	movwf	0
   687     015C  0A84               	incf	4,f
   688     015D  0828               	movf	main@screen+2,w
   689     015E  0080               	movwf	0
   690     015F  0A84               	incf	4,f
   691     0160  0829               	movf	main@screen+3,w
   692     0161  0080               	movwf	0
   693     0162  0A84               	incf	4,f
   694     0163  082A               	movf	main@screen+4,w
   695     0164  0080               	movwf	0
   696     0165  120A  118A  22AE  120A  118A  	fcall	_LCD_Init
   697     016A                     l1158:
   698                           
   699                           ;main.c: 118:     LCD_Custom_Char(0, youtube_logo);
   700     016A  3009               	movlw	(low ((_youtube_logo-__stringbase)| (0+32768)))& (0+255)
   701     016B  00F9               	movwf	LCD_Custom_Char@bitmap
   702     016C  3000               	movlw	0
   703     016D  120A  118A  203D  120A  118A  	fcall	_LCD_Custom_Char
   704     0172                     l1160:
   705                           
   706                           ;main.c: 119:     LCD_Custom_Char(1, mlbb_logo);
   707     0172  3001               	movlw	(low ((_mlbb_logo-__stringbase)| (0+32768)))& (0+255)
   708     0173  00F9               	movwf	LCD_Custom_Char@bitmap
   709     0174  3001               	movlw	1
   710     0175  120A  118A  203D  120A  118A  	fcall	_LCD_Custom_Char
   711     017A                     l1162:
   712                           
   713                           ;main.c: 122:         if(update){
   714     017A  1283               	bcf	3,5	;RP0=0, select bank0
   715     017B  1303               	bcf	3,6	;RP1=0, select bank0
   716     017C  0836               	movf	_update,w
   717     017D  1903               	btfsc	3,2
   718     017E  2980               	goto	u811
   719     017F  2981               	goto	u810
   720     0180                     u811:
   721     0180  29ED               	goto	l1200
   722     0181                     u810:
   723     0181                     l1164:
   724     0181  3000               	movlw	0
   725     0182  120A  118A  23F3  120A  118A  	fcall	_LCD_Write
   726     0187  3001               	movlw	1
   727     0188  120A  118A  23F3  120A  118A  	fcall	_LCD_Write
   728     018D                     l1166:
   729                           
   730                           ;main.c: 124:            if(!flag){
   731     018D  1283               	bcf	3,5	;RP0=0, select bank0
   732     018E  1303               	bcf	3,6	;RP1=0, select bank0
   733     018F  0830               	movf	_flag,w
   734     0190  1D03               	btfss	3,2
   735     0191  2993               	goto	u821
   736     0192  2994               	goto	u820
   737     0193                     u821:
   738     0193  29C1               	goto	l1184
   739     0194                     u820:
   740     0194                     l1168:
   741     0194  3008               	movlw	8
   742     0195  120A  118A  23F3  120A  118A  	fcall	_LCD_Write
   743     019A  3000               	movlw	0
   744     019B  120A  118A  23F3  120A  118A  	fcall	_LCD_Write
   745     01A0                     l74:
   746                           
   747                           ;main.c: 126:                 LCD_putrs(" Microprocesadores ");
   748     01A0  3011               	movlw	(low ((STR_1-__stringbase)| (0+32768)))& (0+255)
   749     01A1  00F9               	movwf	LCD_putrs@a
   750     01A2  120A  118A  248A  120A  118A  	fcall	_LCD_putrs
   751     01A7                     l1178:
   752     01A7  300C               	movlw	12
   753     01A8  120A  118A  23F3  120A  118A  	fcall	_LCD_Write
   754     01AD  3007               	movlw	7
   755     01AE  120A  118A  23F3  120A  118A  	fcall	_LCD_Write
   756     01B3                     l91:
   757                           
   758                           ;main.c: 129:                 LCD_putc(0);
   759     01B3  3000               	movlw	0
   760     01B4  120A  118A  235F  120A  118A  	fcall	_LCD_putc
   761                           
   762                           ;main.c: 130:                 LCD_putrs(" YouTube");
   763     01B9  302E               	movlw	(low ((STR_2-__stringbase)| (0+32768)))& (0+255)
   764     01BA  00F9               	movwf	LCD_putrs@a
   765     01BB  120A  118A  248A  120A  118A  	fcall	_LCD_putrs
   766                           
   767                           ;main.c: 132:             }else{
   768     01C0  29ED               	goto	l1200
   769     01C1                     l1184:
   770     01C1  3008               	movlw	8
   771     01C2  120A  118A  23F3  120A  118A  	fcall	_LCD_Write
   772     01C7  3000               	movlw	0
   773     01C8  120A  118A  23F3  120A  118A  	fcall	_LCD_Write
   774     01CD                     l109:
   775                           
   776                           ;main.c: 134:                 LCD_putrs(" Verano ");
   777     01CD  3025               	movlw	(low ((STR_3-__stringbase)| (0+32768)))& (0+255)
   778     01CE  00F9               	movwf	LCD_putrs@a
   779     01CF  120A  118A  248A  120A  118A  	fcall	_LCD_putrs
   780     01D4                     l1194:
   781     01D4  300C               	movlw	12
   782     01D5  120A  118A  23F3  120A  118A  	fcall	_LCD_Write
   783     01DA  3007               	movlw	7
   784     01DB  120A  118A  23F3  120A  118A  	fcall	_LCD_Write
   785     01E0                     l126:
   786                           
   787                           ;main.c: 137:                 LCD_putc(1);
   788     01E0  3001               	movlw	1
   789     01E1  120A  118A  235F  120A  118A  	fcall	_LCD_putc
   790                           
   791                           ;main.c: 138:                 LCD_putrs(" MLBB");
   792     01E6  3037               	movlw	(low ((STR_4-__stringbase)| (0+32768)))& (0+255)
   793     01E7  00F9               	movwf	LCD_putrs@a
   794     01E8  120A  118A  248A  120A  118A  	fcall	_LCD_putrs
   795     01ED                     l1200:
   796                           
   797                           ;main.c: 142:         update = 0;
   798     01ED  1283               	bcf	3,5	;RP0=0, select bank0
   799     01EE  1303               	bcf	3,6	;RP1=0, select bank0
   800     01EF  01B6               	clrf	_update
   801     01F0  297A               	goto	l1162
   802     01F1  120A  118A  280C   	ljmp	start
   803     01F4                     __end_of_main:
   804                           
   805                           	psect	text1
   806     048A                     __ptext1:	
   807 ;; *************** function _LCD_putrs *****************
   808 ;; Defined at:
   809 ;;		line 142 in file "lcd.c"
   810 ;; Parameters:    Size  Location     Type
   811 ;;  a               1    9[COMMON] PTR const unsigned char 
   812 ;;		 -> STR_4(6), STR_3(9), STR_2(9), STR_1(20), 
   813 ;; Auto vars:     Size  Location     Type
   814 ;;  i               2    0[BANK0 ] int 
   815 ;; Return value:  Size  Location     Type
   816 ;;                  1    wreg      void 
   817 ;; Registers used:
   818 ;;		wreg, fsr0l, fsr0h, status,2, status,0, pclath, cstack
   819 ;; Tracked objects:
   820 ;;		On entry : 0/0
   821 ;;		On exit  : 0/0
   822 ;;		Unchanged: 0/0
   823 ;; Data sizes:     COMMON   BANK0   BANK1   BANK3   BANK2
   824 ;;      Params:         1       0       0       0       0
   825 ;;      Locals:         0       2       0       0       0
   826 ;;      Temps:          0       0       0       0       0
   827 ;;      Totals:         1       2       0       0       0
   828 ;;Total ram usage:        3 bytes
   829 ;; Hardware stack levels used: 1
   830 ;; Hardware stack levels required when called: 3
   831 ;; This function calls:
   832 ;;		_LCD_putc
   833 ;; This function is called by:
   834 ;;		_main
   835 ;; This function uses a non-reentrant model
   836 ;;
   837                           
   838     048A                     _LCD_putrs:	
   839                           ;psect for function _LCD_putrs
   840                           
   841     048A                     l1126:	
   842                           ;incstack = 0
   843                           ; Regs used in _LCD_putrs: [wreg-fsr0h+status,2+status,0+pclath+cstack]
   844                           
   845                           
   846                           ;lcd.c: 144:     for ( int i = 0; a[i] != '\0'; ++i ) {
   847     048A  1283               	bcf	3,5	;RP0=0, select bank0
   848     048B  1303               	bcf	3,6	;RP1=0, select bank0
   849     048C  01A0               	clrf	LCD_putrs@i
   850     048D  01A1               	clrf	LCD_putrs@i+1
   851     048E  2CA4               	goto	l1132
   852     048F                     l1128:
   853                           
   854                           ;lcd.c: 145:         LCD_putc(a[i]);
   855     048F  0820               	movf	LCD_putrs@i,w
   856     0490  0779               	addwf	LCD_putrs@a,w
   857     0491  0084               	movwf	4
   858     0492  120A  118A  2448  120A  118A  	fcall	stringdir
   859     0497  120A  118A  235F  120A  118A  	fcall	_LCD_putc
   860     049C                     l1130:
   861                           
   862                           ;lcd.c: 146:     }
   863     049C  3001               	movlw	1
   864     049D  1283               	bcf	3,5	;RP0=0, select bank0
   865     049E  1303               	bcf	3,6	;RP1=0, select bank0
   866     049F  07A0               	addwf	LCD_putrs@i,f
   867     04A0  1803               	skipnc
   868     04A1  0AA1               	incf	LCD_putrs@i+1,f
   869     04A2  3000               	movlw	0
   870     04A3  07A1               	addwf	LCD_putrs@i+1,f
   871     04A4                     l1132:
   872     04A4  0820               	movf	LCD_putrs@i,w
   873     04A5  0779               	addwf	LCD_putrs@a,w
   874     04A6  0084               	movwf	4
   875     04A7  120A  118A  2448  120A  118A  	fcall	stringdir
   876     04AC  3A00               	xorlw	0
   877     04AD  1D03               	skipz
   878     04AE  2CB0               	goto	u801
   879     04AF  2CB1               	goto	u800
   880     04B0                     u801:
   881     04B0  2C8F               	goto	l1128
   882     04B1                     u800:
   883     04B1                     l202:
   884     04B1  0008               	return
   885     04B2                     __end_of_LCD_putrs:
   886                           
   887                           	psect	text2
   888     035F                     __ptext2:	
   889 ;; *************** function _LCD_putc *****************
   890 ;; Defined at:
   891 ;;		line 117 in file "lcd.c"
   892 ;; Parameters:    Size  Location     Type
   893 ;;  c               1    wreg     unsigned char 
   894 ;; Auto vars:     Size  Location     Type
   895 ;;  c               1    8[COMMON] unsigned char 
   896 ;; Return value:  Size  Location     Type
   897 ;;                  1    wreg      void 
   898 ;; Registers used:
   899 ;;		wreg, fsr0l, fsr0h, status,2, status,0, pclath, cstack
   900 ;; Tracked objects:
   901 ;;		On entry : 0/0
   902 ;;		On exit  : 0/0
   903 ;;		Unchanged: 0/0
   904 ;; Data sizes:     COMMON   BANK0   BANK1   BANK3   BANK2
   905 ;;      Params:         0       0       0       0       0
   906 ;;      Locals:         1       0       0       0       0
   907 ;;      Temps:          2       0       0       0       0
   908 ;;      Totals:         3       0       0       0       0
   909 ;;Total ram usage:        3 bytes
   910 ;; Hardware stack levels used: 1
   911 ;; Hardware stack levels required when called: 2
   912 ;; This function calls:
   913 ;;		_LCD_Out
   914 ;; This function is called by:
   915 ;;		_main
   916 ;;		_LCD_putrs
   917 ;;		_LCD_puts
   918 ;; This function uses a non-reentrant model
   919 ;;
   920                           
   921     035F                     _LCD_putc:	
   922                           ;psect for function _LCD_putc
   923                           
   924                           
   925                           ;incstack = 0
   926                           ; Regs used in _LCD_putc: [wreg-fsr0h+status,2+status,0+pclath+cstack]
   927                           ;LCD_putc@c stored from wreg
   928     035F  00F8               	movwf	LCD_putc@c
   929     0360                     l1022:
   930                           
   931                           ;lcd.c: 119:    *(lcd.PORT) |= 1 << lcd.RS;
   932     0360  1283               	bcf	3,5	;RP0=0, select bank0
   933     0361  1303               	bcf	3,6	;RP1=0, select bank0
   934     0362  082B               	movf	_lcd,w
   935     0363  0084               	movwf	4
   936     0364  1783               	bsf	3,7
   937     0365  1C2C               	btfss	_lcd+1,0
   938     0366  1383               	bcf	3,7
   939     0367  3001               	movlw	1
   940     0368  00F6               	movwf	??_LCD_putc
   941     0369  082D               	movf	_lcd+2,w
   942     036A  3907               	andlw	7
   943     036B  3E01               	addlw	1
   944     036C  2B6F               	goto	u584
   945     036D                     u585:
   946     036D  1003               	clrc
   947     036E  0DF6               	rlf	??_LCD_putc,f
   948     036F                     u584:
   949     036F  3EFF               	addlw	-1
   950     0370  1D03               	skipz
   951     0371  2B6D               	goto	u585
   952     0372  0876               	movf	??_LCD_putc,w
   953     0373  0480               	iorwf	0,f
   954     0374                     l1024:
   955                           
   956                           ;lcd.c: 120:     LCD_Out((c & 0xF0) >> 4);
   957     0374  0878               	movf	LCD_putc@c,w
   958     0375  00F6               	movwf	??_LCD_putc
   959     0376  3004               	movlw	4
   960     0377                     u595:
   961     0377  1003               	clrc
   962     0378  0CF6               	rrf	??_LCD_putc,f
   963     0379  3EFF               	addlw	-1
   964     037A  1D03               	skipz
   965     037B  2B77               	goto	u595
   966     037C  0876               	movf	??_LCD_putc,w
   967     037D  390F               	andlw	15
   968     037E  120A  118A  21F4  120A  118A  	fcall	_LCD_Out
   969     0383                     l1026:
   970                           
   971                           ;lcd.c: 122:     *(lcd.PORT) |= 1 << lcd.EN;
   972     0383  1283               	bcf	3,5	;RP0=0, select bank0
   973     0384  1303               	bcf	3,6	;RP1=0, select bank0
   974     0385  082B               	movf	_lcd,w
   975     0386  0084               	movwf	4
   976     0387  1783               	bsf	3,7
   977     0388  1C2C               	btfss	_lcd+1,0
   978     0389  1383               	bcf	3,7
   979     038A  3001               	movlw	1
   980     038B  00F6               	movwf	??_LCD_putc
   981     038C  0C2D               	rrf	_lcd+2,w
   982     038D  00F7               	movwf	??_LCD_putc+1
   983     038E  0CF7               	rrf	??_LCD_putc+1,f
   984     038F  0C77               	rrf	??_LCD_putc+1,w
   985     0390  3907               	andlw	7
   986     0391  3E01               	addlw	1
   987     0392  2B95               	goto	u604
   988     0393                     u605:
   989     0393  1003               	clrc
   990     0394  0DF6               	rlf	??_LCD_putc,f
   991     0395                     u604:
   992     0395  3EFF               	addlw	-1
   993     0396  1D03               	skipz
   994     0397  2B93               	goto	u605
   995     0398  0876               	movf	??_LCD_putc,w
   996     0399  0480               	iorwf	0,f
   997     039A                     l1028:
   998                           
   999                           ;lcd.c: 123:     _delay((unsigned long)((40)*(8000000/4000000.0)));
  1000     039A  301A               	movlw	26
  1001     039B  00F6               	movwf	??_LCD_putc
  1002     039C                     u857:
  1003     039C  0BF6               	decfsz	??_LCD_putc,f
  1004     039D  2B9C               	goto	u857
  1005     039E  0000               	nop
  1006     039F                     l1030:
  1007                           
  1008                           ;lcd.c: 124:     *(lcd.PORT) &= ~(1 << lcd.EN);
  1009     039F  1283               	bcf	3,5	;RP0=0, select bank0
  1010     03A0  1303               	bcf	3,6	;RP1=0, select bank0
  1011     03A1  082B               	movf	_lcd,w
  1012     03A2  0084               	movwf	4
  1013     03A3  1783               	bsf	3,7
  1014     03A4  1C2C               	btfss	_lcd+1,0
  1015     03A5  1383               	bcf	3,7
  1016     03A6  3001               	movlw	1
  1017     03A7  00F6               	movwf	??_LCD_putc
  1018     03A8  0C2D               	rrf	_lcd+2,w
  1019     03A9  00F7               	movwf	??_LCD_putc+1
  1020     03AA  0CF7               	rrf	??_LCD_putc+1,f
  1021     03AB  0C77               	rrf	??_LCD_putc+1,w
  1022     03AC  3907               	andlw	7
  1023     03AD  3E01               	addlw	1
  1024     03AE  2BB1               	goto	u614
  1025     03AF                     u615:
  1026     03AF  1003               	clrc
  1027     03B0  0DF6               	rlf	??_LCD_putc,f
  1028     03B1                     u614:
  1029     03B1  3EFF               	addlw	-1
  1030     03B2  1D03               	skipz
  1031     03B3  2BAF               	goto	u615
  1032     03B4  0876               	movf	??_LCD_putc,w
  1033     03B5  3AFF               	xorlw	255
  1034     03B6  0580               	andwf	0,f
  1035     03B7                     l1032:
  1036                           
  1037                           ;lcd.c: 126:     LCD_Out(c & 0x0F);
  1038     03B7  0878               	movf	LCD_putc@c,w
  1039     03B8  390F               	andlw	15
  1040     03B9  120A  118A  21F4  120A  118A  	fcall	_LCD_Out
  1041     03BE                     l1034:
  1042                           
  1043                           ;lcd.c: 128:     *(lcd.PORT) |= 1 << lcd.EN;
  1044     03BE  1283               	bcf	3,5	;RP0=0, select bank0
  1045     03BF  1303               	bcf	3,6	;RP1=0, select bank0
  1046     03C0  082B               	movf	_lcd,w
  1047     03C1  0084               	movwf	4
  1048     03C2  1783               	bsf	3,7
  1049     03C3  1C2C               	btfss	_lcd+1,0
  1050     03C4  1383               	bcf	3,7
  1051     03C5  3001               	movlw	1
  1052     03C6  00F6               	movwf	??_LCD_putc
  1053     03C7  0C2D               	rrf	_lcd+2,w
  1054     03C8  00F7               	movwf	??_LCD_putc+1
  1055     03C9  0CF7               	rrf	??_LCD_putc+1,f
  1056     03CA  0C77               	rrf	??_LCD_putc+1,w
  1057     03CB  3907               	andlw	7
  1058     03CC  3E01               	addlw	1
  1059     03CD  2BD0               	goto	u624
  1060     03CE                     u625:
  1061     03CE  1003               	clrc
  1062     03CF  0DF6               	rlf	??_LCD_putc,f
  1063     03D0                     u624:
  1064     03D0  3EFF               	addlw	-1
  1065     03D1  1D03               	skipz
  1066     03D2  2BCE               	goto	u625
  1067     03D3  0876               	movf	??_LCD_putc,w
  1068     03D4  0480               	iorwf	0,f
  1069                           
  1070                           ;lcd.c: 129:     _delay((unsigned long)((40)*(8000000/4000000.0)));
  1071     03D5  301A               	movlw	26
  1072     03D6  00F6               	movwf	??_LCD_putc
  1073     03D7                     u867:
  1074     03D7  0BF6               	decfsz	??_LCD_putc,f
  1075     03D8  2BD7               	goto	u867
  1076     03D9  0000               	nop
  1077     03DA                     l1036:
  1078                           
  1079                           ;lcd.c: 130:     *(lcd.PORT) &= ~(1 << lcd.EN);
  1080     03DA  1283               	bcf	3,5	;RP0=0, select bank0
  1081     03DB  1303               	bcf	3,6	;RP1=0, select bank0
  1082     03DC  082B               	movf	_lcd,w
  1083     03DD  0084               	movwf	4
  1084     03DE  1783               	bsf	3,7
  1085     03DF  1C2C               	btfss	_lcd+1,0
  1086     03E0  1383               	bcf	3,7
  1087     03E1  3001               	movlw	1
  1088     03E2  00F6               	movwf	??_LCD_putc
  1089     03E3  0C2D               	rrf	_lcd+2,w
  1090     03E4  00F7               	movwf	??_LCD_putc+1
  1091     03E5  0CF7               	rrf	??_LCD_putc+1,f
  1092     03E6  0C77               	rrf	??_LCD_putc+1,w
  1093     03E7  3907               	andlw	7
  1094     03E8  3E01               	addlw	1
  1095     03E9  2BEC               	goto	u634
  1096     03EA                     u635:
  1097     03EA  1003               	clrc
  1098     03EB  0DF6               	rlf	??_LCD_putc,f
  1099     03EC                     u634:
  1100     03EC  3EFF               	addlw	-1
  1101     03ED  1D03               	skipz
  1102     03EE  2BEA               	goto	u635
  1103     03EF  0876               	movf	??_LCD_putc,w
  1104     03F0  3AFF               	xorlw	255
  1105     03F1  0580               	andwf	0,f
  1106     03F2                     l190:
  1107     03F2  0008               	return
  1108     03F3                     __end_of_LCD_putc:
  1109                           
  1110                           	psect	text3
  1111     02AE                     __ptext3:	
  1112 ;; *************** function _LCD_Init *****************
  1113 ;; Defined at:
  1114 ;;		line 59 in file "lcd.c"
  1115 ;; Parameters:    Size  Location     Type
  1116 ;;  display         5    0[BANK0 ] struct .
  1117 ;; Auto vars:     Size  Location     Type
  1118 ;;  cmd             1    5[BANK0 ] unsigned char 
  1119 ;; Return value:  Size  Location     Type
  1120 ;;                  1    wreg      _Bool 
  1121 ;; Registers used:
  1122 ;;		wreg, fsr0l, fsr0h, status,2, status,0, pclath, cstack
  1123 ;; Tracked objects:
  1124 ;;		On entry : 0/0
  1125 ;;		On exit  : 0/0
  1126 ;;		Unchanged: 0/0
  1127 ;; Data sizes:     COMMON   BANK0   BANK1   BANK3   BANK2
  1128 ;;      Params:         0       5       0       0       0
  1129 ;;      Locals:         0       1       0       0       0
  1130 ;;      Temps:          2       0       0       0       0
  1131 ;;      Totals:         2       6       0       0       0
  1132 ;;Total ram usage:        8 bytes
  1133 ;; Hardware stack levels used: 1
  1134 ;; Hardware stack levels required when called: 3
  1135 ;; This function calls:
  1136 ;;		_LCD_Write
  1137 ;; This function is called by:
  1138 ;;		_main
  1139 ;; This function uses a non-reentrant model
  1140 ;;
  1141                           
  1142     02AE                     _LCD_Init:	
  1143                           ;psect for function _LCD_Init
  1144                           
  1145     02AE                     l1048:	
  1146                           ;incstack = 0
  1147                           ; Regs used in _LCD_Init: [wreg-fsr0h+status,2+status,0+pclath+cstack]
  1148                           
  1149                           
  1150                           ;lcd.c: 61:     lcd = display;
  1151     02AE  302B               	movlw	_lcd& (0+255)
  1152     02AF  0084               	movwf	4
  1153     02B0  1283               	bcf	3,5	;RP0=0, select bank0
  1154     02B1  1303               	bcf	3,6	;RP1=0, select bank0
  1155     02B2  0820               	movf	LCD_Init@display,w
  1156     02B3  1383               	bcf	3,7	;select IRP bank0
  1157     02B4  0080               	movwf	0
  1158     02B5  0A84               	incf	4,f
  1159     02B6  0821               	movf	LCD_Init@display+1,w
  1160     02B7  0080               	movwf	0
  1161     02B8  0A84               	incf	4,f
  1162     02B9  0822               	movf	LCD_Init@display+2,w
  1163     02BA  0080               	movwf	0
  1164     02BB  0A84               	incf	4,f
  1165     02BC  0823               	movf	LCD_Init@display+3,w
  1166     02BD  0080               	movwf	0
  1167     02BE  0A84               	incf	4,f
  1168     02BF  0824               	movf	LCD_Init@display+4,w
  1169     02C0  0080               	movwf	0
  1170     02C1                     l1050:
  1171                           
  1172                           ;lcd.c: 70:     if ( lcd.PORT == &PORTA ) {
  1173     02C1  3000               	movlw	0
  1174     02C2  062C               	xorwf	_lcd+1,w
  1175     02C3  1D03               	skipz
  1176     02C4  2AC7               	goto	u655
  1177     02C5  3005               	movlw	5
  1178     02C6  062B               	xorwf	_lcd,w
  1179     02C7                     u655:
  1180     02C7  1D03               	skipz
  1181     02C8  2ACA               	goto	u651
  1182     02C9  2ACB               	goto	u650
  1183     02CA                     u651:
  1184     02CA  2ACF               	goto	l1054
  1185     02CB                     u650:
  1186     02CB                     l1052:
  1187                           
  1188                           ;lcd.c: 71:         TRISA = 0x00;
  1189     02CB  1683               	bsf	3,5	;RP0=1, select bank1
  1190     02CC  1303               	bcf	3,6	;RP1=0, select bank1
  1191     02CD  0185               	clrf	5	;volatile
  1192                           
  1193                           ;lcd.c: 72:     }
  1194     02CE  2AEA               	goto	l1062
  1195     02CF                     l1054:
  1196     02CF  3000               	movlw	0
  1197     02D0  062C               	xorwf	_lcd+1,w
  1198     02D1  1D03               	skipz
  1199     02D2  2AD5               	goto	u665
  1200     02D3  3006               	movlw	6
  1201     02D4  062B               	xorwf	_lcd,w
  1202     02D5                     u665:
  1203     02D5  1D03               	skipz
  1204     02D6  2AD8               	goto	u661
  1205     02D7  2AD9               	goto	u660
  1206     02D8                     u661:
  1207     02D8  2ADD               	goto	l1058
  1208     02D9                     u660:
  1209     02D9                     l1056:
  1210                           
  1211                           ;lcd.c: 74:         TRISB = 0x00;
  1212     02D9  1683               	bsf	3,5	;RP0=1, select bank1
  1213     02DA  1303               	bcf	3,6	;RP1=0, select bank1
  1214     02DB  0186               	clrf	6	;volatile
  1215                           
  1216                           ;lcd.c: 75:     }
  1217     02DC  2AEA               	goto	l1062
  1218     02DD                     l1058:
  1219     02DD  3000               	movlw	0
  1220     02DE  062C               	xorwf	_lcd+1,w
  1221     02DF  1D03               	skipz
  1222     02E0  2AE3               	goto	u675
  1223     02E1  3007               	movlw	7
  1224     02E2  062B               	xorwf	_lcd,w
  1225     02E3                     u675:
  1226     02E3  1D03               	skipz
  1227     02E4  2AE6               	goto	u671
  1228     02E5  2AE7               	goto	u670
  1229     02E6                     u671:
  1230     02E6  2B5E               	goto	l174
  1231     02E7                     u670:
  1232     02E7                     l1060:
  1233                           
  1234                           ;lcd.c: 77:         TRISC = 0x00;
  1235     02E7  1683               	bsf	3,5	;RP0=1, select bank1
  1236     02E8  1303               	bcf	3,6	;RP1=0, select bank1
  1237     02E9  0187               	clrf	7	;volatile
  1238     02EA                     l1062:	
  1239                           ;lcd.c: 78:     }
  1240                           
  1241                           
  1242                           ;lcd.c: 92:     _delay((unsigned long)((20)*(8000000/4000.0)));
  1243     02EA  3034               	movlw	52
  1244     02EB  00FA               	movwf	??_LCD_Init+1
  1245     02EC  30F1               	movlw	241
  1246     02ED  00F9               	movwf	??_LCD_Init
  1247     02EE                     u877:
  1248     02EE  0BF9               	decfsz	??_LCD_Init,f
  1249     02EF  2AEE               	goto	u877
  1250     02F0  0BFA               	decfsz	??_LCD_Init+1,f
  1251     02F1  2AEE               	goto	u877
  1252     02F2  2AF3               	nop2
  1253     02F3                     l1064:
  1254                           
  1255                           ;lcd.c: 95:     LCD_Write(0x03);
  1256     02F3  3003               	movlw	3
  1257     02F4  120A  118A  23F3  120A  118A  	fcall	_LCD_Write
  1258     02F9                     l1066:
  1259                           
  1260                           ;lcd.c: 96:     _delay((unsigned long)((5)*(8000000/4000.0)));
  1261     02F9  300D               	movlw	13
  1262     02FA  00FA               	movwf	??_LCD_Init+1
  1263     02FB  30FB               	movlw	251
  1264     02FC  00F9               	movwf	??_LCD_Init
  1265     02FD                     u887:
  1266     02FD  0BF9               	decfsz	??_LCD_Init,f
  1267     02FE  2AFD               	goto	u887
  1268     02FF  0BFA               	decfsz	??_LCD_Init+1,f
  1269     0300  2AFD               	goto	u887
  1270     0301  2B02               	nop2
  1271                           
  1272                           ;lcd.c: 97:     LCD_Write(0x03);
  1273     0302  3003               	movlw	3
  1274     0303  120A  118A  23F3  120A  118A  	fcall	_LCD_Write
  1275     0308                     l1068:
  1276                           
  1277                           ;lcd.c: 98:     _delay((unsigned long)((16)*(8000000/4000.0)));
  1278     0308  302A               	movlw	42
  1279     0309  00FA               	movwf	??_LCD_Init+1
  1280     030A  308D               	movlw	141
  1281     030B  00F9               	movwf	??_LCD_Init
  1282     030C                     u897:
  1283     030C  0BF9               	decfsz	??_LCD_Init,f
  1284     030D  2B0C               	goto	u897
  1285     030E  0BFA               	decfsz	??_LCD_Init+1,f
  1286     030F  2B0C               	goto	u897
  1287     0310  2B11               	nop2
  1288     0311                     l1070:
  1289                           
  1290                           ;lcd.c: 99:     LCD_Write(0x03);
  1291     0311  3003               	movlw	3
  1292     0312  120A  118A  23F3  120A  118A  	fcall	_LCD_Write
  1293     0317                     l1072:
  1294                           
  1295                           ;lcd.c: 102:     LCD_Write(0x02);
  1296     0317  3002               	movlw	2
  1297     0318  120A  118A  23F3  120A  118A  	fcall	_LCD_Write
  1298     031D                     l1074:
  1299     031D  3002               	movlw	2
  1300     031E  120A  118A  23F3  120A  118A  	fcall	_LCD_Write
  1301     0323                     l1076:
  1302     0323  3008               	movlw	8
  1303     0324  120A  118A  23F3  120A  118A  	fcall	_LCD_Write
  1304     0329                     l1078:
  1305     0329  3000               	movlw	0
  1306     032A  120A  118A  23F3  120A  118A  	fcall	_LCD_Write
  1307     032F                     l1080:
  1308     032F  3006               	movlw	6
  1309     0330  120A  118A  23F3  120A  118A  	fcall	_LCD_Write
  1310     0335                     l1082:
  1311     0335  3008               	movlw	8
  1312     0336  1283               	bcf	3,5	;RP0=0, select bank0
  1313     0337  1303               	bcf	3,6	;RP1=0, select bank0
  1314     0338  00A5               	movwf	LCD_Init@cmd
  1315     0339                     l1084:
  1316     0339  1525               	bsf	LCD_Init@cmd,2
  1317     033A                     l1090:
  1318     033A  0825               	movf	LCD_Init@cmd,w
  1319     033B  00F9               	movwf	??_LCD_Init
  1320     033C  3004               	movlw	4
  1321     033D                     u685:
  1322     033D  1003               	clrc
  1323     033E  0CF9               	rrf	??_LCD_Init,f
  1324     033F  3EFF               	addlw	-1
  1325     0340  1D03               	skipz
  1326     0341  2B3D               	goto	u685
  1327     0342  0879               	movf	??_LCD_Init,w
  1328     0343  390F               	andlw	15
  1329     0344  120A  118A  23F3  120A  118A  	fcall	_LCD_Write
  1330     0349  1283               	bcf	3,5	;RP0=0, select bank0
  1331     034A  1303               	bcf	3,6	;RP1=0, select bank0
  1332     034B  0825               	movf	LCD_Init@cmd,w
  1333     034C  390F               	andlw	15
  1334     034D  120A  118A  23F3  120A  118A  	fcall	_LCD_Write
  1335     0352                     l186:	
  1336                           ;lcd.c: 112:     do { LCD_Write( (0x01 & 0xF0) >> 4 ); LCD_Write( 0x01 & 0x0F); } while 
      +                          ( 0 );
  1337                           
  1338     0352  3000               	movlw	0
  1339     0353  120A  118A  23F3  120A  118A  	fcall	_LCD_Write
  1340     0358  3001               	movlw	1
  1341     0359  120A  118A  23F3  120A  118A  	fcall	_LCD_Write
  1342     035E                     l174:
  1343     035E  0008               	return
  1344     035F                     __end_of_LCD_Init:
  1345                           
  1346                           	psect	text4
  1347     003D                     __ptext4:	
  1348 ;; *************** function _LCD_Custom_Char *****************
  1349 ;; Defined at:
  1350 ;;		line 151 in file "lcd.c"
  1351 ;; Parameters:    Size  Location     Type
  1352 ;;  loc             1    wreg     unsigned char 
  1353 ;;  bitmap          1    9[COMMON] PTR const unsigned char 
  1354 ;;		 -> mlbb_logo(8), youtube_logo(8), 
  1355 ;; Auto vars:     Size  Location     Type
  1356 ;;  loc             1    2[BANK0 ] unsigned char 
  1357 ;;  i               1    3[BANK0 ] unsigned char 
  1358 ;; Return value:  Size  Location     Type
  1359 ;;                  1    wreg      void 
  1360 ;; Registers used:
  1361 ;;		wreg, fsr0l, fsr0h, status,2, status,0, pclath, cstack
  1362 ;; Tracked objects:
  1363 ;;		On entry : 0/0
  1364 ;;		On exit  : 0/0
  1365 ;;		Unchanged: 0/0
  1366 ;; Data sizes:     COMMON   BANK0   BANK1   BANK3   BANK2
  1367 ;;      Params:         1       0       0       0       0
  1368 ;;      Locals:         0       2       0       0       0
  1369 ;;      Temps:          0       2       0       0       0
  1370 ;;      Totals:         1       4       0       0       0
  1371 ;;Total ram usage:        5 bytes
  1372 ;; Hardware stack levels used: 1
  1373 ;; Hardware stack levels required when called: 4
  1374 ;; This function calls:
  1375 ;;		_LCD_Out
  1376 ;;		_LCD_Write
  1377 ;; This function is called by:
  1378 ;;		_main
  1379 ;; This function uses a non-reentrant model
  1380 ;;
  1381                           
  1382     003D                     _LCD_Custom_Char:	
  1383                           ;psect for function _LCD_Custom_Char
  1384                           
  1385                           
  1386                           ;incstack = 0
  1387                           ; Regs used in _LCD_Custom_Char: [wreg-fsr0h+status,2+status,0+pclath+cstack]
  1388                           ;LCD_Custom_Char@loc stored from wreg
  1389     003D  1283               	bcf	3,5	;RP0=0, select bank0
  1390     003E  1303               	bcf	3,6	;RP1=0, select bank0
  1391     003F  00A2               	movwf	LCD_Custom_Char@loc
  1392     0040                     l1094:
  1393                           
  1394                           ;lcd.c: 152:     unsigned char i;;lcd.c: 153:     if(loc < 8) {
  1395     0040  3008               	movlw	8
  1396     0041  0222               	subwf	LCD_Custom_Char@loc,w
  1397     0042  1803               	skipnc
  1398     0043  2845               	goto	u691
  1399     0044  2846               	goto	u690
  1400     0045                     u691:
  1401     0045  291F               	goto	l1124
  1402     0046                     u690:
  1403     0046                     l1096:
  1404     0046  0822               	movf	LCD_Custom_Char@loc,w
  1405     0047  00A0               	movwf	??_LCD_Custom_Char
  1406     0048  3002               	movlw	2
  1407     0049                     u705:
  1408     0049  1003               	clrc
  1409     004A  0DA0               	rlf	??_LCD_Custom_Char,f
  1410     004B  3EFF               	addlw	-1
  1411     004C  1D03               	skipz
  1412     004D  2849               	goto	u705
  1413     004E  1003               	clrc
  1414     004F  0D20               	rlf	??_LCD_Custom_Char,w
  1415     0050  3E40               	addlw	64
  1416     0051  00A1               	movwf	??_LCD_Custom_Char+1
  1417     0052  3004               	movlw	4
  1418     0053                     u715:
  1419     0053  1003               	clrc
  1420     0054  0CA1               	rrf	??_LCD_Custom_Char+1,f
  1421     0055  3EFF               	addlw	-1
  1422     0056  1D03               	skipz
  1423     0057  2853               	goto	u715
  1424     0058  0821               	movf	??_LCD_Custom_Char+1,w
  1425     0059  390F               	andlw	15
  1426     005A  120A  118A  23F3  120A  118A  	fcall	_LCD_Write
  1427     005F  1283               	bcf	3,5	;RP0=0, select bank0
  1428     0060  1303               	bcf	3,6	;RP1=0, select bank0
  1429     0061  0822               	movf	LCD_Custom_Char@loc,w
  1430     0062  00A0               	movwf	??_LCD_Custom_Char
  1431     0063  3002               	movlw	2
  1432     0064                     u725:
  1433     0064  1003               	clrc
  1434     0065  0DA0               	rlf	??_LCD_Custom_Char,f
  1435     0066  3EFF               	addlw	-1
  1436     0067  1D03               	skipz
  1437     0068  2864               	goto	u725
  1438     0069  1003               	clrc
  1439     006A  0D20               	rlf	??_LCD_Custom_Char,w
  1440     006B  3E40               	addlw	64
  1441     006C  390F               	andlw	15
  1442     006D  120A  118A  23F3  120A  118A  	fcall	_LCD_Write
  1443     0072                     l1098:
  1444                           
  1445                           ;lcd.c: 158:         for(i = 0; i < 8; i++) {
  1446     0072  1283               	bcf	3,5	;RP0=0, select bank0
  1447     0073  1303               	bcf	3,6	;RP1=0, select bank0
  1448     0074  01A3               	clrf	LCD_Custom_Char@i
  1449     0075                     l1104:
  1450                           
  1451                           ;lcd.c: 159:             *(lcd.PORT) |= 1 << lcd.RS;
  1452     0075  082B               	movf	_lcd,w
  1453     0076  0084               	movwf	4
  1454     0077  1783               	bsf	3,7
  1455     0078  1C2C               	btfss	_lcd+1,0
  1456     0079  1383               	bcf	3,7
  1457     007A  3001               	movlw	1
  1458     007B  00A0               	movwf	??_LCD_Custom_Char
  1459     007C  082D               	movf	_lcd+2,w
  1460     007D  3907               	andlw	7
  1461     007E  3E01               	addlw	1
  1462     007F  2882               	goto	u734
  1463     0080                     u735:
  1464     0080  1003               	clrc
  1465     0081  0DA0               	rlf	??_LCD_Custom_Char,f
  1466     0082                     u734:
  1467     0082  3EFF               	addlw	-1
  1468     0083  1D03               	skipz
  1469     0084  2880               	goto	u735
  1470     0085  0820               	movf	??_LCD_Custom_Char,w
  1471     0086  0480               	iorwf	0,f
  1472     0087                     l1106:
  1473                           
  1474                           ;lcd.c: 160:             LCD_Out((bitmap[i] & 0xF0) >> 4);
  1475     0087  0823               	movf	LCD_Custom_Char@i,w
  1476     0088  0779               	addwf	LCD_Custom_Char@bitmap,w
  1477     0089  0084               	movwf	4
  1478     008A  120A  118A  2448  120A  118A  	fcall	stringdir
  1479     008F  00A0               	movwf	??_LCD_Custom_Char
  1480     0090  3004               	movlw	4
  1481     0091                     u745:
  1482     0091  1003               	clrc
  1483     0092  0CA0               	rrf	??_LCD_Custom_Char,f
  1484     0093  3EFF               	addlw	-1
  1485     0094  1D03               	skipz
  1486     0095  2891               	goto	u745
  1487     0096  0820               	movf	??_LCD_Custom_Char,w
  1488     0097  390F               	andlw	15
  1489     0098  120A  118A  21F4  120A  118A  	fcall	_LCD_Out
  1490     009D                     l1108:
  1491                           
  1492                           ;lcd.c: 162:             *(lcd.PORT) |= 1 << lcd.EN;
  1493     009D  1283               	bcf	3,5	;RP0=0, select bank0
  1494     009E  1303               	bcf	3,6	;RP1=0, select bank0
  1495     009F  082B               	movf	_lcd,w
  1496     00A0  0084               	movwf	4
  1497     00A1  1783               	bsf	3,7
  1498     00A2  1C2C               	btfss	_lcd+1,0
  1499     00A3  1383               	bcf	3,7
  1500     00A4  3001               	movlw	1
  1501     00A5  00A0               	movwf	??_LCD_Custom_Char
  1502     00A6  0C2D               	rrf	_lcd+2,w
  1503     00A7  00A1               	movwf	??_LCD_Custom_Char+1
  1504     00A8  0CA1               	rrf	??_LCD_Custom_Char+1,f
  1505     00A9  0C21               	rrf	??_LCD_Custom_Char+1,w
  1506     00AA  3907               	andlw	7
  1507     00AB  3E01               	addlw	1
  1508     00AC  28AF               	goto	u754
  1509     00AD                     u755:
  1510     00AD  1003               	clrc
  1511     00AE  0DA0               	rlf	??_LCD_Custom_Char,f
  1512     00AF                     u754:
  1513     00AF  3EFF               	addlw	-1
  1514     00B0  1D03               	skipz
  1515     00B1  28AD               	goto	u755
  1516     00B2  0820               	movf	??_LCD_Custom_Char,w
  1517     00B3  0480               	iorwf	0,f
  1518     00B4                     l1110:
  1519                           
  1520                           ;lcd.c: 163:             _delay((unsigned long)((40)*(8000000/4000000.0)));
  1521     00B4  3019               	movlw	25
  1522     00B5  1283               	bcf	3,5	;RP0=0, select bank0
  1523     00B6  1303               	bcf	3,6	;RP1=0, select bank0
  1524     00B7  00A0               	movwf	??_LCD_Custom_Char
  1525     00B8                     u907:
  1526     00B8  0BA0               	decfsz	??_LCD_Custom_Char,f
  1527     00B9  28B8               	goto	u907
  1528     00BA  28BB               	nop2
  1529     00BB                     l1112:
  1530                           
  1531                           ;lcd.c: 164:             *(lcd.PORT) &= ~(1 << lcd.EN);
  1532     00BB  1283               	bcf	3,5	;RP0=0, select bank0
  1533     00BC  1303               	bcf	3,6	;RP1=0, select bank0
  1534     00BD  082B               	movf	_lcd,w
  1535     00BE  0084               	movwf	4
  1536     00BF  1783               	bsf	3,7
  1537     00C0  1C2C               	btfss	_lcd+1,0
  1538     00C1  1383               	bcf	3,7
  1539     00C2  3001               	movlw	1
  1540     00C3  00A0               	movwf	??_LCD_Custom_Char
  1541     00C4  0C2D               	rrf	_lcd+2,w
  1542     00C5  00A1               	movwf	??_LCD_Custom_Char+1
  1543     00C6  0CA1               	rrf	??_LCD_Custom_Char+1,f
  1544     00C7  0C21               	rrf	??_LCD_Custom_Char+1,w
  1545     00C8  3907               	andlw	7
  1546     00C9  3E01               	addlw	1
  1547     00CA  28CD               	goto	u764
  1548     00CB                     u765:
  1549     00CB  1003               	clrc
  1550     00CC  0DA0               	rlf	??_LCD_Custom_Char,f
  1551     00CD                     u764:
  1552     00CD  3EFF               	addlw	-1
  1553     00CE  1D03               	skipz
  1554     00CF  28CB               	goto	u765
  1555     00D0  0820               	movf	??_LCD_Custom_Char,w
  1556     00D1  3AFF               	xorlw	255
  1557     00D2  0580               	andwf	0,f
  1558     00D3                     l1114:
  1559                           
  1560                           ;lcd.c: 166:             LCD_Out(bitmap[i] & 0x0F);
  1561     00D3  0823               	movf	LCD_Custom_Char@i,w
  1562     00D4  0779               	addwf	LCD_Custom_Char@bitmap,w
  1563     00D5  0084               	movwf	4
  1564     00D6  120A  118A  2448  120A  118A  	fcall	stringdir
  1565     00DB  390F               	andlw	15
  1566     00DC  120A  118A  21F4  120A  118A  	fcall	_LCD_Out
  1567     00E1                     l1116:
  1568                           
  1569                           ;lcd.c: 168:             *(lcd.PORT) |= 1 << lcd.EN;
  1570     00E1  1283               	bcf	3,5	;RP0=0, select bank0
  1571     00E2  1303               	bcf	3,6	;RP1=0, select bank0
  1572     00E3  082B               	movf	_lcd,w
  1573     00E4  0084               	movwf	4
  1574     00E5  1783               	bsf	3,7
  1575     00E6  1C2C               	btfss	_lcd+1,0
  1576     00E7  1383               	bcf	3,7
  1577     00E8  3001               	movlw	1
  1578     00E9  00A0               	movwf	??_LCD_Custom_Char
  1579     00EA  0C2D               	rrf	_lcd+2,w
  1580     00EB  00A1               	movwf	??_LCD_Custom_Char+1
  1581     00EC  0CA1               	rrf	??_LCD_Custom_Char+1,f
  1582     00ED  0C21               	rrf	??_LCD_Custom_Char+1,w
  1583     00EE  3907               	andlw	7
  1584     00EF  3E01               	addlw	1
  1585     00F0  28F3               	goto	u774
  1586     00F1                     u775:
  1587     00F1  1003               	clrc
  1588     00F2  0DA0               	rlf	??_LCD_Custom_Char,f
  1589     00F3                     u774:
  1590     00F3  3EFF               	addlw	-1
  1591     00F4  1D03               	skipz
  1592     00F5  28F1               	goto	u775
  1593     00F6  0820               	movf	??_LCD_Custom_Char,w
  1594     00F7  0480               	iorwf	0,f
  1595                           
  1596                           ;lcd.c: 169:             _delay((unsigned long)((40)*(8000000/4000000.0)));
  1597     00F8  3019               	movlw	25
  1598     00F9  1283               	bcf	3,5	;RP0=0, select bank0
  1599     00FA  1303               	bcf	3,6	;RP1=0, select bank0
  1600     00FB  00A0               	movwf	??_LCD_Custom_Char
  1601     00FC                     u917:
  1602     00FC  0BA0               	decfsz	??_LCD_Custom_Char,f
  1603     00FD  28FC               	goto	u917
  1604     00FE  28FF               	nop2
  1605     00FF                     l1118:
  1606                           
  1607                           ;lcd.c: 170:             *(lcd.PORT) &= ~(1 << lcd.EN);
  1608     00FF  1283               	bcf	3,5	;RP0=0, select bank0
  1609     0100  1303               	bcf	3,6	;RP1=0, select bank0
  1610     0101  082B               	movf	_lcd,w
  1611     0102  0084               	movwf	4
  1612     0103  1783               	bsf	3,7
  1613     0104  1C2C               	btfss	_lcd+1,0
  1614     0105  1383               	bcf	3,7
  1615     0106  3001               	movlw	1
  1616     0107  00A0               	movwf	??_LCD_Custom_Char
  1617     0108  0C2D               	rrf	_lcd+2,w
  1618     0109  00A1               	movwf	??_LCD_Custom_Char+1
  1619     010A  0CA1               	rrf	??_LCD_Custom_Char+1,f
  1620     010B  0C21               	rrf	??_LCD_Custom_Char+1,w
  1621     010C  3907               	andlw	7
  1622     010D  3E01               	addlw	1
  1623     010E  2911               	goto	u784
  1624     010F                     u785:
  1625     010F  1003               	clrc
  1626     0110  0DA0               	rlf	??_LCD_Custom_Char,f
  1627     0111                     u784:
  1628     0111  3EFF               	addlw	-1
  1629     0112  1D03               	skipz
  1630     0113  290F               	goto	u785
  1631     0114  0820               	movf	??_LCD_Custom_Char,w
  1632     0115  3AFF               	xorlw	255
  1633     0116  0580               	andwf	0,f
  1634     0117                     l1120:
  1635                           
  1636                           ;lcd.c: 171:         }
  1637     0117  3001               	movlw	1
  1638     0118  07A3               	addwf	LCD_Custom_Char@i,f
  1639     0119                     l1122:
  1640     0119  3008               	movlw	8
  1641     011A  0223               	subwf	LCD_Custom_Char@i,w
  1642     011B  1C03               	skipc
  1643     011C  291E               	goto	u791
  1644     011D  291F               	goto	u790
  1645     011E                     u791:
  1646     011E  2875               	goto	l1104
  1647     011F                     u790:
  1648     011F                     l1124:
  1649     011F  3008               	movlw	8
  1650     0120  120A  118A  23F3  120A  118A  	fcall	_LCD_Write
  1651     0125  3000               	movlw	0
  1652     0126  120A  118A  23F3  120A  118A  	fcall	_LCD_Write
  1653     012B                     l212:
  1654     012B  0008               	return
  1655     012C                     __end_of_LCD_Custom_Char:
  1656                           
  1657                           	psect	text5
  1658     03F3                     __ptext5:	
  1659 ;; *************** function _LCD_Write *****************
  1660 ;; Defined at:
  1661 ;;		line 48 in file "lcd.c"
  1662 ;; Parameters:    Size  Location     Type
  1663 ;;  c               1    wreg     unsigned char 
  1664 ;; Auto vars:     Size  Location     Type
  1665 ;;  c               1    8[COMMON] unsigned char 
  1666 ;; Return value:  Size  Location     Type
  1667 ;;                  1    wreg      void 
  1668 ;; Registers used:
  1669 ;;		wreg, fsr0l, fsr0h, status,2, status,0, pclath, cstack
  1670 ;; Tracked objects:
  1671 ;;		On entry : 0/0
  1672 ;;		On exit  : 0/0
  1673 ;;		Unchanged: 0/0
  1674 ;; Data sizes:     COMMON   BANK0   BANK1   BANK3   BANK2
  1675 ;;      Params:         0       0       0       0       0
  1676 ;;      Locals:         1       0       0       0       0
  1677 ;;      Temps:          2       0       0       0       0
  1678 ;;      Totals:         3       0       0       0       0
  1679 ;;Total ram usage:        3 bytes
  1680 ;; Hardware stack levels used: 1
  1681 ;; Hardware stack levels required when called: 2
  1682 ;; This function calls:
  1683 ;;		_LCD_Out
  1684 ;; This function is called by:
  1685 ;;		_main
  1686 ;;		_LCD_Init
  1687 ;;		_LCD_Custom_Char
  1688 ;; This function uses a non-reentrant model
  1689 ;;
  1690                           
  1691     03F3                     _LCD_Write:	
  1692                           ;psect for function _LCD_Write
  1693                           
  1694                           
  1695                           ;incstack = 0
  1696                           ; Regs used in _LCD_Write: [wreg-fsr0h+status,2+status,0+pclath+cstack]
  1697                           ;LCD_Write@c stored from wreg
  1698     03F3  00F8               	movwf	LCD_Write@c
  1699     03F4                     l1012:
  1700                           
  1701                           ;lcd.c: 50:     *(lcd.PORT) &= ~(1 << lcd.RS);
  1702     03F4  1283               	bcf	3,5	;RP0=0, select bank0
  1703     03F5  1303               	bcf	3,6	;RP1=0, select bank0
  1704     03F6  082B               	movf	_lcd,w
  1705     03F7  0084               	movwf	4
  1706     03F8  1783               	bsf	3,7
  1707     03F9  1C2C               	btfss	_lcd+1,0
  1708     03FA  1383               	bcf	3,7
  1709     03FB  3001               	movlw	1
  1710     03FC  00F6               	movwf	??_LCD_Write
  1711     03FD  082D               	movf	_lcd+2,w
  1712     03FE  3907               	andlw	7
  1713     03FF  3E01               	addlw	1
  1714     0400  2C03               	goto	u554
  1715     0401                     u555:
  1716     0401  1003               	clrc
  1717     0402  0DF6               	rlf	??_LCD_Write,f
  1718     0403                     u554:
  1719     0403  3EFF               	addlw	-1
  1720     0404  1D03               	skipz
  1721     0405  2C01               	goto	u555
  1722     0406  0876               	movf	??_LCD_Write,w
  1723     0407  3AFF               	xorlw	255
  1724     0408  0580               	andwf	0,f
  1725     0409                     l1014:
  1726                           
  1727                           ;lcd.c: 51:     LCD_Out(c);
  1728     0409  0878               	movf	LCD_Write@c,w
  1729     040A  120A  118A  21F4  120A  118A  	fcall	_LCD_Out
  1730     040F                     l1016:
  1731                           
  1732                           ;lcd.c: 53:     *(lcd.PORT) |= 1 << lcd.EN;
  1733     040F  1283               	bcf	3,5	;RP0=0, select bank0
  1734     0410  1303               	bcf	3,6	;RP1=0, select bank0
  1735     0411  082B               	movf	_lcd,w
  1736     0412  0084               	movwf	4
  1737     0413  1783               	bsf	3,7
  1738     0414  1C2C               	btfss	_lcd+1,0
  1739     0415  1383               	bcf	3,7
  1740     0416  3001               	movlw	1
  1741     0417  00F6               	movwf	??_LCD_Write
  1742     0418  0C2D               	rrf	_lcd+2,w
  1743     0419  00F7               	movwf	??_LCD_Write+1
  1744     041A  0CF7               	rrf	??_LCD_Write+1,f
  1745     041B  0C77               	rrf	??_LCD_Write+1,w
  1746     041C  3907               	andlw	7
  1747     041D  3E01               	addlw	1
  1748     041E  2C21               	goto	u564
  1749     041F                     u565:
  1750     041F  1003               	clrc
  1751     0420  0DF6               	rlf	??_LCD_Write,f
  1752     0421                     u564:
  1753     0421  3EFF               	addlw	-1
  1754     0422  1D03               	skipz
  1755     0423  2C1F               	goto	u565
  1756     0424  0876               	movf	??_LCD_Write,w
  1757     0425  0480               	iorwf	0,f
  1758     0426                     l1018:
  1759                           
  1760                           ;lcd.c: 54:     _delay((unsigned long)((4)*(8000000/4000.0)));
  1761     0426  300B               	movlw	11
  1762     0427  00F7               	movwf	??_LCD_Write+1
  1763     0428  3062               	movlw	98
  1764     0429  00F6               	movwf	??_LCD_Write
  1765     042A                     u927:
  1766     042A  0BF6               	decfsz	??_LCD_Write,f
  1767     042B  2C2A               	goto	u927
  1768     042C  0BF7               	decfsz	??_LCD_Write+1,f
  1769     042D  2C2A               	goto	u927
  1770     042E  0000               	nop
  1771     042F                     l1020:
  1772                           
  1773                           ;lcd.c: 55:     *(lcd.PORT) &= ~(1 << lcd.EN);
  1774     042F  1283               	bcf	3,5	;RP0=0, select bank0
  1775     0430  1303               	bcf	3,6	;RP1=0, select bank0
  1776     0431  082B               	movf	_lcd,w
  1777     0432  0084               	movwf	4
  1778     0433  1783               	bsf	3,7
  1779     0434  1C2C               	btfss	_lcd+1,0
  1780     0435  1383               	bcf	3,7
  1781     0436  3001               	movlw	1
  1782     0437  00F6               	movwf	??_LCD_Write
  1783     0438  0C2D               	rrf	_lcd+2,w
  1784     0439  00F7               	movwf	??_LCD_Write+1
  1785     043A  0CF7               	rrf	??_LCD_Write+1,f
  1786     043B  0C77               	rrf	??_LCD_Write+1,w
  1787     043C  3907               	andlw	7
  1788     043D  3E01               	addlw	1
  1789     043E  2C41               	goto	u574
  1790     043F                     u575:
  1791     043F  1003               	clrc
  1792     0440  0DF6               	rlf	??_LCD_Write,f
  1793     0441                     u574:
  1794     0441  3EFF               	addlw	-1
  1795     0442  1D03               	skipz
  1796     0443  2C3F               	goto	u575
  1797     0444  0876               	movf	??_LCD_Write,w
  1798     0445  3AFF               	xorlw	255
  1799     0446  0580               	andwf	0,f
  1800     0447                     l165:
  1801     0447  0008               	return
  1802     0448                     __end_of_LCD_Write:
  1803                           
  1804                           	psect	text6
  1805     01F4                     __ptext6:	
  1806 ;; *************** function _LCD_Out *****************
  1807 ;; Defined at:
  1808 ;;		line 16 in file "lcd.c"
  1809 ;; Parameters:    Size  Location     Type
  1810 ;;  c               1    wreg     unsigned char 
  1811 ;; Auto vars:     Size  Location     Type
  1812 ;;  c               1    5[COMMON] unsigned char 
  1813 ;; Return value:  Size  Location     Type
  1814 ;;                  1    wreg      void 
  1815 ;; Registers used:
  1816 ;;		wreg, fsr0l, fsr0h, status,2, status,0
  1817 ;; Tracked objects:
  1818 ;;		On entry : 0/0
  1819 ;;		On exit  : 0/0
  1820 ;;		Unchanged: 0/0
  1821 ;; Data sizes:     COMMON   BANK0   BANK1   BANK3   BANK2
  1822 ;;      Params:         0       0       0       0       0
  1823 ;;      Locals:         1       0       0       0       0
  1824 ;;      Temps:          2       0       0       0       0
  1825 ;;      Totals:         3       0       0       0       0
  1826 ;;Total ram usage:        3 bytes
  1827 ;; Hardware stack levels used: 1
  1828 ;; Hardware stack levels required when called: 2
  1829 ;; This function calls:
  1830 ;;		Nothing
  1831 ;; This function is called by:
  1832 ;;		_LCD_Write
  1833 ;;		_LCD_putc
  1834 ;;		_LCD_Custom_Char
  1835 ;; This function uses a non-reentrant model
  1836 ;;
  1837                           
  1838     01F4                     _LCD_Out:	
  1839                           ;psect for function _LCD_Out
  1840                           
  1841                           
  1842                           ;incstack = 0
  1843                           ; Regs used in _LCD_Out: [wreg-fsr0h+status,2+status,0]
  1844                           ;LCD_Out@c stored from wreg
  1845     01F4  00F5               	movwf	LCD_Out@c
  1846     01F5                     l988:
  1847                           
  1848                           ;lcd.c: 18:     if ( c & 1 ){
  1849     01F5  1C75               	btfss	LCD_Out@c,0
  1850     01F6  29F8               	goto	u431
  1851     01F7  29F9               	goto	u430
  1852     01F8                     u431:
  1853     01F8  2A0E               	goto	l992
  1854     01F9                     u430:
  1855     01F9                     l990:
  1856                           
  1857                           ;lcd.c: 19:         *(lcd.PORT) |= 1 << lcd.D4;
  1858     01F9  1283               	bcf	3,5	;RP0=0, select bank0
  1859     01FA  1303               	bcf	3,6	;RP1=0, select bank0
  1860     01FB  082B               	movf	_lcd,w
  1861     01FC  0084               	movwf	4
  1862     01FD  1783               	bsf	3,7
  1863     01FE  1C2C               	btfss	_lcd+1,0
  1864     01FF  1383               	bcf	3,7
  1865     0200  3001               	movlw	1
  1866     0201  00F3               	movwf	??_LCD_Out
  1867     0202  082E               	movf	_lcd+3,w
  1868     0203  3907               	andlw	7
  1869     0204  3E01               	addlw	1
  1870     0205  2A08               	goto	u444
  1871     0206                     u445:
  1872     0206  1003               	clrc
  1873     0207  0DF3               	rlf	??_LCD_Out,f
  1874     0208                     u444:
  1875     0208  3EFF               	addlw	-1
  1876     0209  1D03               	skipz
  1877     020A  2A06               	goto	u445
  1878     020B  0873               	movf	??_LCD_Out,w
  1879     020C  0480               	iorwf	0,f
  1880                           
  1881                           ;lcd.c: 20:     }
  1882     020D  2A23               	goto	l994
  1883     020E                     l992:
  1884                           
  1885                           ;lcd.c: 22:          *(lcd.PORT) &= ~(1 << lcd.D4);
  1886     020E  1283               	bcf	3,5	;RP0=0, select bank0
  1887     020F  1303               	bcf	3,6	;RP1=0, select bank0
  1888     0210  082B               	movf	_lcd,w
  1889     0211  0084               	movwf	4
  1890     0212  1783               	bsf	3,7
  1891     0213  1C2C               	btfss	_lcd+1,0
  1892     0214  1383               	bcf	3,7
  1893     0215  3001               	movlw	1
  1894     0216  00F3               	movwf	??_LCD_Out
  1895     0217  082E               	movf	_lcd+3,w
  1896     0218  3907               	andlw	7
  1897     0219  3E01               	addlw	1
  1898     021A  2A1D               	goto	u454
  1899     021B                     u455:
  1900     021B  1003               	clrc
  1901     021C  0DF3               	rlf	??_LCD_Out,f
  1902     021D                     u454:
  1903     021D  3EFF               	addlw	-1
  1904     021E  1D03               	skipz
  1905     021F  2A1B               	goto	u455
  1906     0220  0873               	movf	??_LCD_Out,w
  1907     0221  3AFF               	xorlw	255
  1908     0222  0580               	andwf	0,f
  1909     0223                     l994:
  1910                           
  1911                           ;lcd.c: 25:     if ( c & 2 ) {
  1912     0223  1CF5               	btfss	LCD_Out@c,1
  1913     0224  2A26               	goto	u461
  1914     0225  2A27               	goto	u460
  1915     0226                     u461:
  1916     0226  2A3D               	goto	l998
  1917     0227                     u460:
  1918     0227                     l996:
  1919                           
  1920                           ;lcd.c: 26:         *(lcd.PORT) |= 1 << lcd.D5;
  1921     0227  082B               	movf	_lcd,w
  1922     0228  0084               	movwf	4
  1923     0229  1783               	bsf	3,7
  1924     022A  1C2C               	btfss	_lcd+1,0
  1925     022B  1383               	bcf	3,7
  1926     022C  3001               	movlw	1
  1927     022D  00F3               	movwf	??_LCD_Out
  1928     022E  0C2E               	rrf	_lcd+3,w
  1929     022F  00F4               	movwf	??_LCD_Out+1
  1930     0230  0CF4               	rrf	??_LCD_Out+1,f
  1931     0231  0C74               	rrf	??_LCD_Out+1,w
  1932     0232  3907               	andlw	7
  1933     0233  3E01               	addlw	1
  1934     0234  2A37               	goto	u474
  1935     0235                     u475:
  1936     0235  1003               	clrc
  1937     0236  0DF3               	rlf	??_LCD_Out,f
  1938     0237                     u474:
  1939     0237  3EFF               	addlw	-1
  1940     0238  1D03               	skipz
  1941     0239  2A35               	goto	u475
  1942     023A  0873               	movf	??_LCD_Out,w
  1943     023B  0480               	iorwf	0,f
  1944                           
  1945                           ;lcd.c: 27:     }
  1946     023C  2A53               	goto	l1000
  1947     023D                     l998:
  1948                           
  1949                           ;lcd.c: 29:         *(lcd.PORT) &= ~(1 << lcd.D5);
  1950     023D  082B               	movf	_lcd,w
  1951     023E  0084               	movwf	4
  1952     023F  1783               	bsf	3,7
  1953     0240  1C2C               	btfss	_lcd+1,0
  1954     0241  1383               	bcf	3,7
  1955     0242  3001               	movlw	1
  1956     0243  00F3               	movwf	??_LCD_Out
  1957     0244  0C2E               	rrf	_lcd+3,w
  1958     0245  00F4               	movwf	??_LCD_Out+1
  1959     0246  0CF4               	rrf	??_LCD_Out+1,f
  1960     0247  0C74               	rrf	??_LCD_Out+1,w
  1961     0248  3907               	andlw	7
  1962     0249  3E01               	addlw	1
  1963     024A  2A4D               	goto	u484
  1964     024B                     u485:
  1965     024B  1003               	clrc
  1966     024C  0DF3               	rlf	??_LCD_Out,f
  1967     024D                     u484:
  1968     024D  3EFF               	addlw	-1
  1969     024E  1D03               	skipz
  1970     024F  2A4B               	goto	u485
  1971     0250  0873               	movf	??_LCD_Out,w
  1972     0251  3AFF               	xorlw	255
  1973     0252  0580               	andwf	0,f
  1974     0253                     l1000:
  1975                           
  1976                           ;lcd.c: 32:     if ( c & 4 ) {
  1977     0253  1D75               	btfss	LCD_Out@c,2
  1978     0254  2A56               	goto	u491
  1979     0255  2A57               	goto	u490
  1980     0256                     u491:
  1981     0256  2A6A               	goto	l1004
  1982     0257                     u490:
  1983     0257                     l1002:
  1984                           
  1985                           ;lcd.c: 33:         *(lcd.PORT) |= 1 << lcd.D6;
  1986     0257  082B               	movf	_lcd,w
  1987     0258  0084               	movwf	4
  1988     0259  1783               	bsf	3,7
  1989     025A  1C2C               	btfss	_lcd+1,0
  1990     025B  1383               	bcf	3,7
  1991     025C  3001               	movlw	1
  1992     025D  00F3               	movwf	??_LCD_Out
  1993     025E  082F               	movf	_lcd+4,w
  1994     025F  3907               	andlw	7
  1995     0260  3E01               	addlw	1
  1996     0261  2A64               	goto	u504
  1997     0262                     u505:
  1998     0262  1003               	clrc
  1999     0263  0DF3               	rlf	??_LCD_Out,f
  2000     0264                     u504:
  2001     0264  3EFF               	addlw	-1
  2002     0265  1D03               	skipz
  2003     0266  2A62               	goto	u505
  2004     0267  0873               	movf	??_LCD_Out,w
  2005     0268  0480               	iorwf	0,f
  2006                           
  2007                           ;lcd.c: 34:     }
  2008     0269  2A7D               	goto	l1006
  2009     026A                     l1004:
  2010                           
  2011                           ;lcd.c: 36:         *(lcd.PORT) &= ~(1 << lcd.D6);
  2012     026A  082B               	movf	_lcd,w
  2013     026B  0084               	movwf	4
  2014     026C  1783               	bsf	3,7
  2015     026D  1C2C               	btfss	_lcd+1,0
  2016     026E  1383               	bcf	3,7
  2017     026F  3001               	movlw	1
  2018     0270  00F3               	movwf	??_LCD_Out
  2019     0271  082F               	movf	_lcd+4,w
  2020     0272  3907               	andlw	7
  2021     0273  3E01               	addlw	1
  2022     0274  2A77               	goto	u514
  2023     0275                     u515:
  2024     0275  1003               	clrc
  2025     0276  0DF3               	rlf	??_LCD_Out,f
  2026     0277                     u514:
  2027     0277  3EFF               	addlw	-1
  2028     0278  1D03               	skipz
  2029     0279  2A75               	goto	u515
  2030     027A  0873               	movf	??_LCD_Out,w
  2031     027B  3AFF               	xorlw	255
  2032     027C  0580               	andwf	0,f
  2033     027D                     l1006:
  2034                           
  2035                           ;lcd.c: 39:     if ( c & 8 ) {
  2036     027D  1DF5               	btfss	LCD_Out@c,3
  2037     027E  2A80               	goto	u521
  2038     027F  2A81               	goto	u520
  2039     0280                     u521:
  2040     0280  2A97               	goto	l1010
  2041     0281                     u520:
  2042     0281                     l1008:
  2043                           
  2044                           ;lcd.c: 40:          *(lcd.PORT) |= 1 << lcd.D7;
  2045     0281  082B               	movf	_lcd,w
  2046     0282  0084               	movwf	4
  2047     0283  1783               	bsf	3,7
  2048     0284  1C2C               	btfss	_lcd+1,0
  2049     0285  1383               	bcf	3,7
  2050     0286  3001               	movlw	1
  2051     0287  00F3               	movwf	??_LCD_Out
  2052     0288  0C2F               	rrf	_lcd+4,w
  2053     0289  00F4               	movwf	??_LCD_Out+1
  2054     028A  0CF4               	rrf	??_LCD_Out+1,f
  2055     028B  0C74               	rrf	??_LCD_Out+1,w
  2056     028C  3907               	andlw	7
  2057     028D  3E01               	addlw	1
  2058     028E  2A91               	goto	u534
  2059     028F                     u535:
  2060     028F  1003               	clrc
  2061     0290  0DF3               	rlf	??_LCD_Out,f
  2062     0291                     u534:
  2063     0291  3EFF               	addlw	-1
  2064     0292  1D03               	skipz
  2065     0293  2A8F               	goto	u535
  2066     0294  0873               	movf	??_LCD_Out,w
  2067     0295  0480               	iorwf	0,f
  2068                           
  2069                           ;lcd.c: 41:     }
  2070     0296  2AAD               	goto	l162
  2071     0297                     l1010:
  2072                           
  2073                           ;lcd.c: 43:          *(lcd.PORT) &= ~(1 << lcd.D7);
  2074     0297  082B               	movf	_lcd,w
  2075     0298  0084               	movwf	4
  2076     0299  1783               	bsf	3,7
  2077     029A  1C2C               	btfss	_lcd+1,0
  2078     029B  1383               	bcf	3,7
  2079     029C  3001               	movlw	1
  2080     029D  00F3               	movwf	??_LCD_Out
  2081     029E  0C2F               	rrf	_lcd+4,w
  2082     029F  00F4               	movwf	??_LCD_Out+1
  2083     02A0  0CF4               	rrf	??_LCD_Out+1,f
  2084     02A1  0C74               	rrf	??_LCD_Out+1,w
  2085     02A2  3907               	andlw	7
  2086     02A3  3E01               	addlw	1
  2087     02A4  2AA7               	goto	u544
  2088     02A5                     u545:
  2089     02A5  1003               	clrc
  2090     02A6  0DF3               	rlf	??_LCD_Out,f
  2091     02A7                     u544:
  2092     02A7  3EFF               	addlw	-1
  2093     02A8  1D03               	skipz
  2094     02A9  2AA5               	goto	u545
  2095     02AA  0873               	movf	??_LCD_Out,w
  2096     02AB  3AFF               	xorlw	255
  2097     02AC  0580               	andwf	0,f
  2098     02AD                     l162:
  2099     02AD  0008               	return
  2100     02AE                     __end_of_LCD_Out:
  2101                           
  2102                           	psect	text7
  2103     04B2                     __ptext7:	
  2104 ;; *************** function _ISR *****************
  2105 ;; Defined at:
  2106 ;;		line 148 in file "main.c"
  2107 ;; Parameters:    Size  Location     Type
  2108 ;;		None
  2109 ;; Auto vars:     Size  Location     Type
  2110 ;;		None
  2111 ;; Return value:  Size  Location     Type
  2112 ;;                  1    wreg      void 
  2113 ;; Registers used:
  2114 ;;		wreg, status,2, status,0, pclath, cstack
  2115 ;; Tracked objects:
  2116 ;;		On entry : 0/0
  2117 ;;		On exit  : 0/0
  2118 ;;		Unchanged: 0/0
  2119 ;; Data sizes:     COMMON   BANK0   BANK1   BANK3   BANK2
  2120 ;;      Params:         0       0       0       0       0
  2121 ;;      Locals:         0       0       0       0       0
  2122 ;;      Temps:          2       0       0       0       0
  2123 ;;      Totals:         2       0       0       0       0
  2124 ;;Total ram usage:        2 bytes
  2125 ;; Hardware stack levels used: 1
  2126 ;; Hardware stack levels required when called: 1
  2127 ;; This function calls:
  2128 ;;		_buttonPressed
  2129 ;; This function is called by:
  2130 ;;		Interrupt level 1
  2131 ;; This function uses a non-reentrant model
  2132 ;;
  2133                           
  2134     04B2                     _ISR:	
  2135                           ;psect for function _ISR
  2136                           
  2137     04B2                     i1l1202:
  2138                           
  2139                           ;main.c: 149:     if(INTF){
  2140     04B2  1C8B               	btfss	11,1	;volatile
  2141     04B3  2CB5               	goto	u83_21
  2142     04B4  2CB6               	goto	u83_20
  2143     04B5                     u83_21:
  2144     04B5  2CC6               	goto	i1l135
  2145     04B6                     u83_20:
  2146     04B6                     i1l1204:
  2147                           
  2148                           ;main.c: 150:         GIE = 0;
  2149     04B6  138B               	bcf	11,7	;volatile
  2150                           
  2151                           ;main.c: 152:         update = 1;
  2152     04B7  3001               	movlw	1
  2153     04B8  1283               	bcf	3,5	;RP0=0, select bank0
  2154     04B9  1303               	bcf	3,6	;RP1=0, select bank0
  2155     04BA  00B6               	movwf	_update
  2156     04BB                     i1l1206:
  2157                           
  2158                           ;main.c: 155:         flag = buttonPressed(flag);
  2159     04BB  0830               	movf	_flag,w
  2160     04BC  120A  118A  24CD  120A  118A  	fcall	_buttonPressed
  2161     04C1  1283               	bcf	3,5	;RP0=0, select bank0
  2162     04C2  1303               	bcf	3,6	;RP1=0, select bank0
  2163     04C3  00B0               	movwf	_flag
  2164     04C4                     i1l1208:
  2165                           
  2166                           ;main.c: 157:         GIE = 1;
  2167     04C4  178B               	bsf	11,7	;volatile
  2168     04C5                     i1l1210:
  2169                           
  2170                           ;main.c: 158:         INTF = 0;
  2171     04C5  108B               	bcf	11,1	;volatile
  2172     04C6                     i1l135:
  2173     04C6  0872               	movf	??_ISR+1,w
  2174     04C7  008A               	movwf	10
  2175     04C8  0E71               	swapf	??_ISR,w
  2176     04C9  0083               	movwf	3
  2177     04CA  0EFE               	swapf	btemp,f
  2178     04CB  0E7E               	swapf	btemp,w
  2179     04CC  0009               	retfie
  2180     04CD                     __end_of_ISR:
  2181                           
  2182                           	psect	intentry
  2183     0004                     __pintentry:	
  2184                           ;incstack = 0
  2185                           ; Regs used in _ISR: [wreg+status,2+status,0+pclath+cstack]
  2186                           
  2187     0004                     interrupt_function:
  2188     007E                     saved_w         set	btemp
  2189     0004  00FE               	movwf	btemp
  2190     0005  0E03               	swapf	3,w
  2191     0006  00F1               	movwf	??_ISR
  2192     0007  080A               	movf	10,w
  2193     0008  00F2               	movwf	??_ISR+1
  2194     0009  120A  118A  2CB2   	ljmp	_ISR
  2195                           
  2196                           	psect	text8
  2197     04CD                     __ptext8:	
  2198 ;; *************** function _buttonPressed *****************
  2199 ;; Defined at:
  2200 ;;		line 88 in file "main.c"
  2201 ;; Parameters:    Size  Location     Type
  2202 ;;  flag            1    wreg     _Bool 
  2203 ;; Auto vars:     Size  Location     Type
  2204 ;;  flag            1    0[COMMON] _Bool 
  2205 ;; Return value:  Size  Location     Type
  2206 ;;                  1    wreg      _Bool 
  2207 ;; Registers used:
  2208 ;;		wreg, status,2, status,0
  2209 ;; Tracked objects:
  2210 ;;		On entry : 0/0
  2211 ;;		On exit  : 0/0
  2212 ;;		Unchanged: 0/0
  2213 ;; Data sizes:     COMMON   BANK0   BANK1   BANK3   BANK2
  2214 ;;      Params:         0       0       0       0       0
  2215 ;;      Locals:         1       0       0       0       0
  2216 ;;      Temps:          0       0       0       0       0
  2217 ;;      Totals:         1       0       0       0       0
  2218 ;;Total ram usage:        1 bytes
  2219 ;; Hardware stack levels used: 1
  2220 ;; This function calls:
  2221 ;;		Nothing
  2222 ;; This function is called by:
  2223 ;;		_ISR
  2224 ;; This function uses a non-reentrant model
  2225 ;;
  2226                           
  2227     04CD                     _buttonPressed:	
  2228                           ;psect for function _buttonPressed
  2229                           
  2230                           
  2231                           ;incstack = 0
  2232                           ; Regs used in _buttonPressed: [wreg+status,2+status,0]
  2233                           ;buttonPressed@flag stored from wreg
  2234     04CD  00F0               	movwf	buttonPressed@flag
  2235     04CE                     i1l1038:
  2236                           
  2237                           ;main.c: 89:     if(!flag){
  2238     04CE  0870               	movf	buttonPressed@flag,w
  2239     04CF  1D03               	btfss	3,2
  2240     04D0  2CD2               	goto	u64_21
  2241     04D1  2CD3               	goto	u64_20
  2242     04D2                     u64_21:
  2243     04D2  2CD5               	goto	i1l1044
  2244     04D3                     u64_20:
  2245     04D3                     i1l1040:
  2246                           
  2247                           ;main.c: 90:         return 1;
  2248     04D3  3001               	movlw	1
  2249     04D4  2CD6               	goto	i1l46
  2250     04D5                     i1l1044:
  2251                           
  2252                           ;main.c: 92:     return 0;
  2253     04D5  3000               	movlw	0
  2254     04D6                     i1l46:
  2255     04D6  0008               	return
  2256     04D7                     __end_of_buttonPressed:
  2257     0002                     ___latbits      equ	2
  2258     007E                     btemp           set	126	;btemp
  2259     007E                     btemp0          set	126
  2260     007F                     btemp1          set	127
  2261     007E                     wtemp0          set	126
  2262     007F                     wtemp0a         set	127
  2263     007F                     ttemp0a         set	127
  2264     0080                     ltemp0a         set	128
  2265                           
  2266                           	psect	config
  2267                           
  2268                           ;Config register CONFIG1 @ 0x2007
  2269                           ;	Oscillator Selection bits
  2270                           ;	FOSC = HS, HS oscillator: High-speed crystal/resonator on RA6/OSC2/CLKOUT and RA7/OSC1
      +                          /CLKIN
  2271                           ;	Watchdog Timer Enable bit
  2272                           ;	WDTE = OFF, WDT disabled and can be enabled by SWDTEN bit of the WDTCON register
  2273                           ;	Power-up Timer Enable bit
  2274                           ;	PWRTE = OFF, PWRT disabled
  2275                           ;	RE3/MCLR pin function select bit
  2276                           ;	MCLRE = 0x1, unprogrammed default
  2277                           ;	Code Protection bit
  2278                           ;	CP = OFF, Program memory code protection is disabled
  2279                           ;	Data Code Protection bit
  2280                           ;	CPD = OFF, Data memory code protection is disabled
  2281                           ;	Brown Out Reset Selection bits
  2282                           ;	BOREN = ON, BOR enabled
  2283                           ;	Internal External Switchover bit
  2284                           ;	IESO = 0x1, unprogrammed default
  2285                           ;	Fail-Safe Clock Monitor Enabled bit
  2286                           ;	FCMEN = 0x1, unprogrammed default
  2287                           ;	Low Voltage Programming Enable bit
  2288                           ;	LVP = OFF, RB3 pin has digital I/O, HV on MCLR must be used for programming
  2289                           ;	In-Circuit Debugger Mode bit
  2290                           ;	DEBUG = 0x1, unprogrammed default
  2291     2007                     	org	8199
  2292     2007  2FF2               	dw	12274
  2293                           
  2294                           ;Config register CONFIG2 @ 0x2008
  2295                           ;	Brown-out Reset Selection bit
  2296                           ;	BOR4V = 0x1, unprogrammed default
  2297                           ;	Flash Program Memory Self Write Enable bits
  2298                           ;	WRT = OFF, Write protection off
  2299     2008                     	org	8200
  2300     2008  3FFF               	dw	16383

Data Sizes:
    Strings     44
    Constant    16
    Data        6
    BSS         6
    Persistent  0
    Stack       0

Auto Spaces:
    Space          Size  Autos    Used
    COMMON           14     11      11
    BANK0            80     11      23
    BANK1            80      0       0
    BANK3            96      0       0
    BANK2            96      0       0

Pointer List with Targets:

    display$PORT	PTR volatile unsigned char  size(2) Largest target is 1
		 -> PORTC(SFR0[1]), 

    F1773$PORT	PTR volatile unsigned char  size(2) Largest target is 1
		 -> PORTC(SFR0[1]), 

    lcd$PORT	PTR volatile unsigned char  size(2) Largest target is 1
		 -> PORTC(SFR0[1]), 

    LCD_Custom_Char@bitmap	PTR const unsigned char  size(1) Largest target is 8
		 -> mlbb_logo(CODE[8]), youtube_logo(CODE[8]), 

    LCD_putrs@a	PTR const unsigned char  size(1) Largest target is 20
		 -> STR_1(CODE[20]), STR_2(CODE[9]), STR_3(CODE[9]), STR_4(CODE[6]), 

    S33$PORT	PTR volatile unsigned char  size(2) Largest target is 1
		 -> PORTC(SFR0[1]), 

    screen$PORT	PTR volatile unsigned char  size(2) Largest target is 1
		 -> PORTC(SFR0[1]), 


Critical Paths under _main in COMMON

    _main->_LCD_Init
    _LCD_putrs->_LCD_putc
    _LCD_putc->_LCD_Out
    _LCD_Init->_LCD_Write
    _LCD_Custom_Char->_LCD_Write
    _LCD_Write->_LCD_Out

Critical Paths under _ISR in COMMON

    _ISR->_buttonPressed

Critical Paths under _main in BANK0

    _main->_LCD_Init

Critical Paths under _ISR in BANK0

    None.

Critical Paths under _main in BANK1

    None.

Critical Paths under _ISR in BANK1

    None.

Critical Paths under _main in BANK3

    None.

Critical Paths under _ISR in BANK3

    None.

Critical Paths under _main in BANK2

    None.

Critical Paths under _ISR in BANK2

    None.

Call Graph Tables:

 ---------------------------------------------------------------------------------
 (Depth) Function   	        Calls       Base Space   Used Autos Params    Refs
 ---------------------------------------------------------------------------------
 (0) _main                                                 5     5      0    1310
                                              6 BANK0      5     5      0
                    _LCD_Custom_Char
                           _LCD_Init
                          _LCD_Write
                           _LCD_putc
                          _LCD_putrs
 ---------------------------------------------------------------------------------
 (1) _LCD_putrs                                            3     2      1     268
                                              9 COMMON     1     0      1
                                              0 BANK0      2     2      0
                           _LCD_putc
 ---------------------------------------------------------------------------------
 (2) _LCD_putc                                             3     3      0     174
                                              6 COMMON     3     3      0
                            _LCD_Out
 ---------------------------------------------------------------------------------
 (1) _LCD_Init                                             8     3      5     216
                                              9 COMMON     2     2      0
                                              0 BANK0      6     1      5
                          _LCD_Write
 ---------------------------------------------------------------------------------
 (1) _LCD_Custom_Char                                      5     4      1     484
                                              9 COMMON     1     0      1
                                              0 BANK0      4     4      0
                            _LCD_Out
                          _LCD_Write
 ---------------------------------------------------------------------------------
 (2) _LCD_Write                                            3     3      0     145
                                              6 COMMON     3     3      0
                            _LCD_Out
 ---------------------------------------------------------------------------------
 (3) _LCD_Out                                              3     3      0     116
                                              3 COMMON     3     3      0
 ---------------------------------------------------------------------------------
 Estimated maximum stack depth 3
 ---------------------------------------------------------------------------------
 (Depth) Function   	        Calls       Base Space   Used Autos Params    Refs
 ---------------------------------------------------------------------------------
 (4) _ISR                                                  2     2      0      29
                                              1 COMMON     2     2      0
                      _buttonPressed
 ---------------------------------------------------------------------------------
 (5) _buttonPressed                                        1     1      0      29
                                              0 COMMON     1     1      0
 ---------------------------------------------------------------------------------
 Estimated maximum stack depth 5
 ---------------------------------------------------------------------------------

 Call Graph Graphs:

 _main (ROOT)
   _LCD_Custom_Char
     _LCD_Out
     _LCD_Write
       _LCD_Out
   _LCD_Init
     _LCD_Write
   _LCD_Write
   _LCD_putc
     _LCD_Out
   _LCD_putrs
     _LCD_putc

 _ISR (ROOT)
   _buttonPressed

Address spaces:
Name               Size   Autos  Total    Usage
BANK3               96      0       0      0.0%
BITBANK3            96      0       0      0.0%
BANK2               96      0       0      0.0%
BITBANK2            96      0       0      0.0%
BANK1               80      0       0      0.0%
BITBANK1            80      0       0      0.0%
BANK0               80     11      23     28.7%
BITBANK0            80      0       0      0.0%
COMMON              14     11      11     78.6%
BITCOMMON           14      0       0      0.0%
DATA                 0      0      34      0.0%
STACK                0      0       0      0.0%


Microchip Technology PIC Macro Assembler V3.10 build 20250813170317 
Symbol Table                                                                                   Wed Jun 10 16:44:57 2026

                      pc 0002                       l74 01A0                       l91 01B3  
                     fsr 0004          _LCD_Custom_Char 003D                      l202 04B1  
                    l212 012B                      l109 01CD                      l126 01E0  
                    l162 02AD                      l165 0447                      l174 035E  
                    l190 03F2                      l186 0352                      l990 01F9  
                    l992 020E                      l994 0223                      _GIE 005F  
                    l996 0227                      l988 01F5                      l998 023D  
                    u430 01F9                      u431 01F8                      u520 0281  
                    u504 0264                      u521 0280                      u505 0262  
                    u514 0277                      u515 0275                      u460 0227  
                    u444 0208                      u604 0395                      _ISR 04B2  
                    u461 0226                      u445 0206                      u605 0393  
                    u534 0291                      u454 021D                      u614 03B1  
                    u535 028F                      u455 021B                      u615 03AF  
                    u544 02A7                      u624 03D0                      u800 04B1  
                    u545 02A5                      u705 0049                      u625 03CE  
                    u801 04B0                      u490 0257                      u474 0237  
                    u554 0403                      u650 02CB                      u634 03EC  
                    u810 0181                      u491 0256                      u475 0235  
                    u555 0401                      u715 0053                      u651 02CA  
                    u635 03EA                      u811 0180                      u484 024D  
                    u564 0421                      u660 02D9                      u820 0194  
                    u485 024B                      u565 041F                      u725 0064  
                    u661 02D8                      u821 0193                      u574 0441  
                    u734 0082                      u670 02E7                      u575 043F  
                    u735 0080                      u671 02E6                      u655 02C7  
                    u584 036F                      u745 0091                      u665 02D5  
                    u585 036D                      u754 00AF                      u690 0046  
                    u907 00B8                      u755 00AD                      u691 0045  
                    u675 02E3                      u595 0377                      u764 00CD  
                    u917 00FC                      u765 00CB                      u685 033D  
                    u790 011F                      u774 00F3                      u927 042A  
                    u791 011E                      u775 00F1                      u784 0111  
                    u785 010F                      u857 039C                      u867 03D7  
                    u877 02EE                      u887 02FD                      u897 030C  
        LCD_Init@display 0020                      _lcd 002B                      fsr0 0004  
                    indf 0000                     ?_ISR 0070          __end_of_LCD_Out 02AE  
                   l1000 0253                     l1010 0297                     l1002 0257  
                   l1004 026A                     l1020 042F                     l1012 03F4  
                   l1006 027D                     l1014 0409                     l1110 00B4  
                   l1030 039F                     l1022 0360                     l1008 0281  
                   l1016 040F                     l1120 0117                     l1112 00BB  
                   l1104 0075                     l1032 03B7                     l1024 0374  
                   l1200 01ED                     l1018 0426                     l1122 0119  
                   l1114 00D3                     l1106 0087                     l1050 02C1  
                   l1034 03BE                     l1026 0383                     l1130 049C  
                   l1116 00E1                     l1108 009D                     l1124 011F  
                   l1060 02E7                     l1052 02CB                     l1036 03DA  
                   l1028 039A                     l1132 04A4                     l1140 0136  
                   l1118 00FF                     l1070 0311                     l1062 02EA  
                   l1054 02CF                     l1126 048A                     l1150 013E  
                   l1142 0137                     l1134 012C                     l1080 032F  
                   l1072 0317                     l1064 02F3                     l1056 02D9  
                   l1048 02AE                     l1128 048F                     l1160 0172  
                   l1152 013F                     l1144 0139                     l1136 0130  
                   l1090 033A                     l1082 0335                     l1074 031D  
                   l1066 02F9                     l1058 02DD                     l1162 017A  
                   l1154 0142                     l1146 013C                     l1138 0135  
                   l1084 0339                     l1076 0323                     l1068 0308  
                   l1164 0181                     l1156 0155                     l1148 013D  
                   l1094 0040                     l1078 0329                     l1166 018D  
                   l1158 016A                     l1096 0046                     l1168 0194  
                   l1184 01C1                     l1098 0072                     l1194 01D4  
                   l1178 01A7                     STR_1 045E                     STR_2 047B  
                   STR_3 0472                     STR_4 0484                     _INTE 005C  
                   _INTF 0059                     i1l46 04D6                     _flag 0030  
                   _main 012C                     btemp 007E                     start 000C  
            LCD_Init@cmd 0025                    ??_ISR 0071         __end_of_LCD_Init 035F  
       __end_of_LCD_putc 03F3                    ?_main 0070                    _ANSEL 0188  
                  i1l135 04C6                    _PORTA 0005                    _PORTB 0006  
                  _PORTC 0007                    _PORTD 0008                    u64_20 04D3  
                  u64_21 04D2                    _TRISA 0085                    _TRISB 0086  
                  _TRISC 0087                    _TRISD 0088                    u83_20 04B6  
                  u83_21 04B5                    btemp0 007E                    btemp1 007F  
   __end_of_youtube_logo 045E                    pclath 000A                    status 0003  
                  wtemp0 007E  __end_of_LCD_Custom_Char 012C          __initialization 000F  
           __end_of_main 01F4                   ??_main 007B                ??_LCD_Out 0073  
      __end_of_LCD_Write 0448        __end_of_LCD_putrs 04B2                   _ANSELH 0189  
                 i1l1040 04D3                   i1l1210 04C5                   i1l1202 04B2  
                 i1l1044 04D5                   i1l1204 04B6                   i1l1038 04CE  
                 i1l1206 04BB                   i1l1208 04C4                   _INTEDG 040E  
                 _update 0036         LCD_Custom_Char@i 0023                   ltemp0a 0080  
                 saved_w 007E                   ttemp0a 007F                   wtemp0a 007F  
  LCD_Custom_Char@bitmap 0079  __end_of__initialization 0039                ?_LCD_Init 0020  
      buttonPressed@flag 0070                ?_LCD_putc 0070         ?_LCD_Custom_Char 0079  
         __pcstackCOMMON 0070             __pidataBANK0 04D7                LCD_putc@c 0078  
          _buttonPressed 04CD               __pbssBANK0 002B               ??_LCD_Init 0079  
             ??_LCD_putc 0076               __pmaintext 012C               __pintentry 0004  
           _youtube_logo 0456                  _LCD_Out 01F4           ?_buttonPressed 0070  
             __stringtab 0448                  __ptext1 048A                  __ptext2 035F  
                __ptext3 02AE                  __ptext4 003D                  __ptext5 03F3  
                __ptext6 01F4                  __ptext7 04B2                  __ptext8 04CD  
      __end_of_mlbb_logo 0456                _LCD_Write 03F3     end_of_initialization 0039  
              _LCD_putrs 048A          ??_buttonPressed 0070               ?_LCD_Write 0070  
             ?_LCD_putrs 0079               main@screen 0026               LCD_Write@c 0078  
    start_initialization 000F              __end_of_ISR 04CD               LCD_putrs@a 0079  
             LCD_putrs@i 0020              __pdataBANK0 0031                 ?_LCD_Out 0070  
              ___latbits 0002            __pcstackBANK0 0020                 LCD_Out@c 0075  
            ??_LCD_Write 0076              ??_LCD_putrs 007A                __pstrings 0448  
              _mlbb_logo 044E        interrupt_function 0004                 _LCD_Init 02AE  
               _LCD_putc 035F                main@F1773 0031              __stringbase 044D  
      ??_LCD_Custom_Char 0020       __end_of__stringtab 044E    __end_of_buttonPressed 04D7  
     LCD_Custom_Char@loc 0022                 intlevel1 0000                stringcode 0448  
             _OPTION_REG 0081                 stringdir 0448                 stringtab 0448  
