

Microchip MPLAB XC8 Assembler V3.10 build 20250813170317 
                                                                                               Wed Jun 24 21:02:54 2026

Microchip MPLAB XC8 C Compiler v3.10 (Free license) build 20250813170317 Og1 
     1                           	processor	16F887
     2                           	pagewidth 120
     3                           	opt	flic
     4                           	psect	idataCOMMON,global,class=CODE,space=0,delta=2,noexec
     5                           	psect	idataBANK0,global,class=CODE,space=0,delta=2,noexec
     6                           	psect	strings,global,class=STRING,space=0,delta=2,noexec
     7                           	psect	cinit,global,class=CODE,space=0,merge=1,delta=2
     8                           	psect	dataCOMMON,global,class=COMMON,space=1,delta=1,noexec
     9                           	psect	bssBANK0,global,class=BANK0,space=1,delta=1,noexec
    10                           	psect	dataBANK0,global,class=BANK0,space=1,delta=1,noexec
    11                           	psect	inittext,global,class=CODE,space=0,delta=2
    12                           	psect	clrtext,global,class=CODE,space=0,delta=2
    13                           	psect	cstackCOMMON,global,class=COMMON,space=1,delta=1,noexec
    14                           	psect	cstackBANK0,global,class=BANK0,space=1,delta=1,noexec
    15                           	psect	maintext,global,class=CODE,space=0,split=1,delta=2
    16                           	psect	text1,local,class=CODE,space=0,merge=1,delta=2
    17                           	psect	text2,local,class=CODE,space=0,merge=1,delta=2
    18                           	psect	text3,local,class=CODE,space=0,merge=1,delta=2
    19                           	psect	text4,local,class=CODE,space=0,merge=1,delta=2
    20                           	psect	text5,local,class=CODE,space=0,merge=1,delta=2
    21                           	psect	text6,local,class=CODE,space=0,merge=1,delta=2
    22                           	psect	text7,local,class=CODE,space=0,merge=1,delta=2
    23                           	psect	text8,local,class=CODE,space=0,merge=1,delta=2
    24                           	psect	text9,local,class=CODE,space=0,merge=1,delta=2
    25                           	psect	text10,local,class=CODE,space=0,merge=1,delta=2
    26                           	psect	text11,local,class=CODE,space=0,merge=1,delta=2
    27                           	psect	text12,local,class=CODE,space=0,merge=1,delta=2
    28                           	psect	text13,local,class=CODE,space=0,merge=1,delta=2
    29                           	psect	text14,local,class=CODE,space=0,merge=1,delta=2
    30                           	psect	text15,local,class=CODE,space=0,merge=1,delta=2
    31                           	psect	text16,local,class=CODE,space=0,merge=1,delta=2
    32                           	psect	text17,local,class=CODE,space=0,merge=1,delta=2
    33                           	psect	text18,local,class=CODE,space=0,merge=1,delta=2
    34                           	psect	text19,local,class=CODE,space=0,merge=1,delta=2
    35                           	psect	intentry,global,class=CODE,space=0,delta=2
    36                           	psect	config,global,abs,ovrld,class=CONFIG,space=4,delta=2,noexec
    37                           	dabs	1,0x7E,2
    38     0000                     
    39                           ; Generated 22/04/2026 GMT
    40                           ; 
    41                           ; Copyright (c) 2026 Microchip Technology Inc. and its subsidiaries.
    42                           ; 
    43                           ; Licensed under the Apache License, Version 2.0 (the "License");
    44                           ; you may not use this file except in compliance with the License.
    45                           ; You may obtain a copy of the License at
    46                           ; 
    47                           ;   http://www.apache.org/licenses/LICENSE-2.0
    48                           ; 
    49                           ; Unless required by applicable law or agreed to in writing, software
    50                           ; distributed under the License is distributed on an "AS IS" BASIS,
    51                           ; WITHOUT WARRANTIES OR CONDITIONS OF ANY KIND, either express or implied.
    52                           ; See the License for the specific language governing permissions and
    53                           ; limitations under the License.
    54                           ; 
    55                           ; 
    56                           ; Code-generator required, PIC16F887 Definitions
    57                           ; 
    58                           ; SFR Addresses
    59     0004                     fsr             equ	4
    60     0004                     fsr0            equ	4
    61     0000                     indf            equ	0
    62     0000                     indf0           equ	0
    63     0002                     pc              equ	2
    64     0002                     pcl             equ	2
    65     000A                     pclath          equ	10
    66     0003                     status          equ	3
    67     0000                     INDF            equ	0	;# 
    68     0001                     TMR0            equ	1	;# 
    69     0002                     PCL             equ	2	;# 
    70     0003                     STATUS          equ	3	;# 
    71     0004                     FSR             equ	4	;# 
    72     0005                     PORTA           equ	5	;# 
    73     0006                     PORTB           equ	6	;# 
    74     0007                     PORTC           equ	7	;# 
    75     0008                     PORTD           equ	8	;# 
    76     0009                     PORTE           equ	9	;# 
    77     000A                     PCLATH          equ	10	;# 
    78     000B                     INTCON          equ	11	;# 
    79     000C                     PIR1            equ	12	;# 
    80     000D                     PIR2            equ	13	;# 
    81     000E                     TMR1            equ	14	;# 
    82     000E                     TMR1L           equ	14	;# 
    83     000F                     TMR1H           equ	15	;# 
    84     0010                     T1CON           equ	16	;# 
    85     0011                     TMR2            equ	17	;# 
    86     0012                     T2CON           equ	18	;# 
    87     0013                     SSPBUF          equ	19	;# 
    88     0014                     SSPCON          equ	20	;# 
    89     0015                     CCPR1           equ	21	;# 
    90     0015                     CCPR1L          equ	21	;# 
    91     0016                     CCPR1H          equ	22	;# 
    92     0017                     CCP1CON         equ	23	;# 
    93     0018                     RCSTA           equ	24	;# 
    94     0019                     TXREG           equ	25	;# 
    95     001A                     RCREG           equ	26	;# 
    96     001B                     CCPR2           equ	27	;# 
    97     001B                     CCPR2L          equ	27	;# 
    98     001C                     CCPR2H          equ	28	;# 
    99     001D                     CCP2CON         equ	29	;# 
   100     001E                     ADRESH          equ	30	;# 
   101     001F                     ADCON0          equ	31	;# 
   102     0081                     OPTION_REG      equ	129	;# 
   103     0085                     TRISA           equ	133	;# 
   104     0086                     TRISB           equ	134	;# 
   105     0087                     TRISC           equ	135	;# 
   106     0088                     TRISD           equ	136	;# 
   107     0089                     TRISE           equ	137	;# 
   108     008C                     PIE1            equ	140	;# 
   109     008D                     PIE2            equ	141	;# 
   110     008E                     PCON            equ	142	;# 
   111     008F                     OSCCON          equ	143	;# 
   112     0090                     OSCTUNE         equ	144	;# 
   113     0091                     SSPCON2         equ	145	;# 
   114     0092                     PR2             equ	146	;# 
   115     0093                     SSPADD          equ	147	;# 
   116     0093                     SSPMSK          equ	147	;# 
   117     0093                     MSK             equ	147	;# 
   118     0094                     SSPSTAT         equ	148	;# 
   119     0095                     WPUB            equ	149	;# 
   120     0096                     IOCB            equ	150	;# 
   121     0097                     VRCON           equ	151	;# 
   122     0098                     TXSTA           equ	152	;# 
   123     0099                     SPBRG           equ	153	;# 
   124     009A                     SPBRGH          equ	154	;# 
   125     009B                     PWM1CON         equ	155	;# 
   126     009C                     ECCPAS          equ	156	;# 
   127     009D                     PSTRCON         equ	157	;# 
   128     009E                     ADRESL          equ	158	;# 
   129     009F                     ADCON1          equ	159	;# 
   130     0105                     WDTCON          equ	261	;# 
   131     0107                     CM1CON0         equ	263	;# 
   132     0108                     CM2CON0         equ	264	;# 
   133     0109                     CM2CON1         equ	265	;# 
   134     010C                     EEDATA          equ	268	;# 
   135     010C                     EEDAT           equ	268	;# 
   136     010D                     EEADR           equ	269	;# 
   137     010E                     EEDATH          equ	270	;# 
   138     010F                     EEADRH          equ	271	;# 
   139     0185                     SRCON           equ	389	;# 
   140     0187                     BAUDCTL         equ	391	;# 
   141     0188                     ANSEL           equ	392	;# 
   142     0189                     ANSELH          equ	393	;# 
   143     018C                     EECON1          equ	396	;# 
   144     018D                     EECON2          equ	397	;# 
   145     0000                     INDF            equ	0	;# 
   146     0001                     TMR0            equ	1	;# 
   147     0002                     PCL             equ	2	;# 
   148     0003                     STATUS          equ	3	;# 
   149     0004                     FSR             equ	4	;# 
   150     0005                     PORTA           equ	5	;# 
   151     0006                     PORTB           equ	6	;# 
   152     0007                     PORTC           equ	7	;# 
   153     0008                     PORTD           equ	8	;# 
   154     0009                     PORTE           equ	9	;# 
   155     000A                     PCLATH          equ	10	;# 
   156     000B                     INTCON          equ	11	;# 
   157     000C                     PIR1            equ	12	;# 
   158     000D                     PIR2            equ	13	;# 
   159     000E                     TMR1            equ	14	;# 
   160     000E                     TMR1L           equ	14	;# 
   161     000F                     TMR1H           equ	15	;# 
   162     0010                     T1CON           equ	16	;# 
   163     0011                     TMR2            equ	17	;# 
   164     0012                     T2CON           equ	18	;# 
   165     0013                     SSPBUF          equ	19	;# 
   166     0014                     SSPCON          equ	20	;# 
   167     0015                     CCPR1           equ	21	;# 
   168     0015                     CCPR1L          equ	21	;# 
   169     0016                     CCPR1H          equ	22	;# 
   170     0017                     CCP1CON         equ	23	;# 
   171     0018                     RCSTA           equ	24	;# 
   172     0019                     TXREG           equ	25	;# 
   173     001A                     RCREG           equ	26	;# 
   174     001B                     CCPR2           equ	27	;# 
   175     001B                     CCPR2L          equ	27	;# 
   176     001C                     CCPR2H          equ	28	;# 
   177     001D                     CCP2CON         equ	29	;# 
   178     001E                     ADRESH          equ	30	;# 
   179     001F                     ADCON0          equ	31	;# 
   180     0081                     OPTION_REG      equ	129	;# 
   181     0085                     TRISA           equ	133	;# 
   182     0086                     TRISB           equ	134	;# 
   183     0087                     TRISC           equ	135	;# 
   184     0088                     TRISD           equ	136	;# 
   185     0089                     TRISE           equ	137	;# 
   186     008C                     PIE1            equ	140	;# 
   187     008D                     PIE2            equ	141	;# 
   188     008E                     PCON            equ	142	;# 
   189     008F                     OSCCON          equ	143	;# 
   190     0090                     OSCTUNE         equ	144	;# 
   191     0091                     SSPCON2         equ	145	;# 
   192     0092                     PR2             equ	146	;# 
   193     0093                     SSPADD          equ	147	;# 
   194     0093                     SSPMSK          equ	147	;# 
   195     0093                     MSK             equ	147	;# 
   196     0094                     SSPSTAT         equ	148	;# 
   197     0095                     WPUB            equ	149	;# 
   198     0096                     IOCB            equ	150	;# 
   199     0097                     VRCON           equ	151	;# 
   200     0098                     TXSTA           equ	152	;# 
   201     0099                     SPBRG           equ	153	;# 
   202     009A                     SPBRGH          equ	154	;# 
   203     009B                     PWM1CON         equ	155	;# 
   204     009C                     ECCPAS          equ	156	;# 
   205     009D                     PSTRCON         equ	157	;# 
   206     009E                     ADRESL          equ	158	;# 
   207     009F                     ADCON1          equ	159	;# 
   208     0105                     WDTCON          equ	261	;# 
   209     0107                     CM1CON0         equ	263	;# 
   210     0108                     CM2CON0         equ	264	;# 
   211     0109                     CM2CON1         equ	265	;# 
   212     010C                     EEDATA          equ	268	;# 
   213     010C                     EEDAT           equ	268	;# 
   214     010D                     EEADR           equ	269	;# 
   215     010E                     EEDATH          equ	270	;# 
   216     010F                     EEADRH          equ	271	;# 
   217     0185                     SRCON           equ	389	;# 
   218     0187                     BAUDCTL         equ	391	;# 
   219     0188                     ANSEL           equ	392	;# 
   220     0189                     ANSELH          equ	393	;# 
   221     018C                     EECON1          equ	396	;# 
   222     018D                     EECON2          equ	397	;# 
   223     0000                     INDF            equ	0	;# 
   224     0001                     TMR0            equ	1	;# 
   225     0002                     PCL             equ	2	;# 
   226     0003                     STATUS          equ	3	;# 
   227     0004                     FSR             equ	4	;# 
   228     0005                     PORTA           equ	5	;# 
   229     0006                     PORTB           equ	6	;# 
   230     0007                     PORTC           equ	7	;# 
   231     0008                     PORTD           equ	8	;# 
   232     0009                     PORTE           equ	9	;# 
   233     000A                     PCLATH          equ	10	;# 
   234     000B                     INTCON          equ	11	;# 
   235     000C                     PIR1            equ	12	;# 
   236     000D                     PIR2            equ	13	;# 
   237     000E                     TMR1            equ	14	;# 
   238     000E                     TMR1L           equ	14	;# 
   239     000F                     TMR1H           equ	15	;# 
   240     0010                     T1CON           equ	16	;# 
   241     0011                     TMR2            equ	17	;# 
   242     0012                     T2CON           equ	18	;# 
   243     0013                     SSPBUF          equ	19	;# 
   244     0014                     SSPCON          equ	20	;# 
   245     0015                     CCPR1           equ	21	;# 
   246     0015                     CCPR1L          equ	21	;# 
   247     0016                     CCPR1H          equ	22	;# 
   248     0017                     CCP1CON         equ	23	;# 
   249     0018                     RCSTA           equ	24	;# 
   250     0019                     TXREG           equ	25	;# 
   251     001A                     RCREG           equ	26	;# 
   252     001B                     CCPR2           equ	27	;# 
   253     001B                     CCPR2L          equ	27	;# 
   254     001C                     CCPR2H          equ	28	;# 
   255     001D                     CCP2CON         equ	29	;# 
   256     001E                     ADRESH          equ	30	;# 
   257     001F                     ADCON0          equ	31	;# 
   258     0081                     OPTION_REG      equ	129	;# 
   259     0085                     TRISA           equ	133	;# 
   260     0086                     TRISB           equ	134	;# 
   261     0087                     TRISC           equ	135	;# 
   262     0088                     TRISD           equ	136	;# 
   263     0089                     TRISE           equ	137	;# 
   264     008C                     PIE1            equ	140	;# 
   265     008D                     PIE2            equ	141	;# 
   266     008E                     PCON            equ	142	;# 
   267     008F                     OSCCON          equ	143	;# 
   268     0090                     OSCTUNE         equ	144	;# 
   269     0091                     SSPCON2         equ	145	;# 
   270     0092                     PR2             equ	146	;# 
   271     0093                     SSPADD          equ	147	;# 
   272     0093                     SSPMSK          equ	147	;# 
   273     0093                     MSK             equ	147	;# 
   274     0094                     SSPSTAT         equ	148	;# 
   275     0095                     WPUB            equ	149	;# 
   276     0096                     IOCB            equ	150	;# 
   277     0097                     VRCON           equ	151	;# 
   278     0098                     TXSTA           equ	152	;# 
   279     0099                     SPBRG           equ	153	;# 
   280     009A                     SPBRGH          equ	154	;# 
   281     009B                     PWM1CON         equ	155	;# 
   282     009C                     ECCPAS          equ	156	;# 
   283     009D                     PSTRCON         equ	157	;# 
   284     009E                     ADRESL          equ	158	;# 
   285     009F                     ADCON1          equ	159	;# 
   286     0105                     WDTCON          equ	261	;# 
   287     0107                     CM1CON0         equ	263	;# 
   288     0108                     CM2CON0         equ	264	;# 
   289     0109                     CM2CON1         equ	265	;# 
   290     010C                     EEDATA          equ	268	;# 
   291     010C                     EEDAT           equ	268	;# 
   292     010D                     EEADR           equ	269	;# 
   293     010E                     EEDATH          equ	270	;# 
   294     010F                     EEADRH          equ	271	;# 
   295     0185                     SRCON           equ	389	;# 
   296     0187                     BAUDCTL         equ	391	;# 
   297     0188                     ANSEL           equ	392	;# 
   298     0189                     ANSELH          equ	393	;# 
   299     018C                     EECON1          equ	396	;# 
   300     018D                     EECON2          equ	397	;# 
   301                           
   302                           	psect	idataCOMMON
   303     07F9                     __pidataCOMMON:
   304                           
   305                           ;initializer for _targetFloor
   306     07F9  3401               	retlw	1
   307                           
   308                           ;initializer for _currentFloor
   309     07FA  3401               	retlw	1
   310                           
   311                           	psect	idataBANK0
   312     07CB                     __pidataBANK0:
   313                           
   314                           ;initializer for _screen
   315     07CB  3407               	retlw	7
   316     07CC  3400               	retlw	0
   317     07CD  341A               	retlw	26
   318     07CE  342C               	retlw	44
   319     07CF  343E               	retlw	62
   320                           
   321                           ;initializer for _lcdNeedsUpdate
   322     07D0  3401               	retlw	1
   323                           
   324                           ;initializer for _requestedFloor
   325     07D1  3401               	retlw	1
   326                           
   327                           ;initializer for _downArrow
   328     07D2  3404               	retlw	4
   329     07D3  3404               	retlw	4
   330     07D4  3404               	retlw	4
   331     07D5  3404               	retlw	4
   332     07D6  341F               	retlw	31
   333     07D7  340E               	retlw	14
   334     07D8  3404               	retlw	4
   335     07D9  3400               	retlw	0
   336                           
   337                           ;initializer for _upArrow
   338     07DA  3404               	retlw	4
   339     07DB  340E               	retlw	14
   340     07DC  341F               	retlw	31
   341     07DD  3404               	retlw	4
   342     07DE  3404               	retlw	4
   343     07DF  3404               	retlw	4
   344     07E0  3404               	retlw	4
   345     07E1  3400               	retlw	0
   346                           
   347                           	psect	strings
   348     0500                     __pstrings:
   349     0500                     stringtab:
   350     0500                     __stringtab:
   351     0500                     stringcode:	
   352                           ;	String table - string pointers are 1 byte each
   353                           
   354     0500                     stringdir:
   355     0500  3005               	movlw	high stringdir
   356     0501  008A               	movwf	10
   357     0502  0804               	movf	4,w
   358     0503  0A84               	incf	4,f
   359     0504  0782               	addwf	2,f
   360     0505                     __stringbase:
   361     0505  3400               	retlw	0
   362     0506                     __end_of__stringtab:
   363     0506                     _keypadMap:
   364     0506  3431               	retlw	49
   365     0507  3432               	retlw	50
   366     0508  3433               	retlw	51
   367     0509  3441               	retlw	65
   368     050A  3434               	retlw	52
   369     050B  3435               	retlw	53
   370     050C  3436               	retlw	54
   371     050D  3442               	retlw	66
   372     050E  3437               	retlw	55
   373     050F  3438               	retlw	56
   374     0510  3439               	retlw	57
   375     0511  3443               	retlw	67
   376     0512  342A               	retlw	42
   377     0513  3430               	retlw	48
   378     0514  3423               	retlw	35
   379     0515  3444               	retlw	68
   380     0516                     __end_of_keypadMap:
   381     0516                     Keypad_ReadRaw@rowPattern:
   382     0516  340E               	retlw	14
   383     0517  340D               	retlw	13
   384     0518  340B               	retlw	11
   385     0519  3407               	retlw	7
   386     051A                     __end_ofKeypad_ReadRaw@rowPattern:
   387     000B                     _INTCONbits     set	11
   388     000C                     _PIR1bits       set	12
   389     000E                     _TMR1L          set	14
   390     000F                     _TMR1H          set	15
   391     0010                     _T1CONbits      set	16
   392     0008                     _PORTD          set	8
   393     0006                     _PORTB          set	6
   394     0005                     _PORTA          set	5
   395     0007                     _PORTC          set	7
   396     008C                     _PIE1bits       set	140
   397     0088                     _TRISD          set	136
   398     0095                     _WPUB           set	149
   399     0081                     _OPTION_REGbits set	129
   400     0087                     _TRISC          set	135
   401     0086                     _TRISB          set	134
   402     0085                     _TRISA          set	133
   403     0108                     _CM2CON0        set	264
   404     0107                     _CM1CON0        set	263
   405     0189                     _ANSELH         set	393
   406     0188                     _ANSEL          set	392
   407     051A                     STR_8:
   408     051A  3450               	retlw	80	;'P'
   409     051B  3475               	retlw	117	;'u'
   410     051C  3465               	retlw	101	;'e'
   411     051D  3472               	retlw	114	;'r'
   412     051E  3474               	retlw	116	;'t'
   413     051F  3461               	retlw	97	;'a'
   414     0520  3420               	retlw	32	;' '
   415     0521  3461               	retlw	97	;'a'
   416     0522  3462               	retlw	98	;'b'
   417     0523  3469               	retlw	105	;'i'
   418     0524  3465               	retlw	101	;'e'
   419     0525  3472               	retlw	114	;'r'
   420     0526  3474               	retlw	116	;'t'
   421     0527  3461               	retlw	97	;'a'
   422     0528  3400               	retlw	0
   423     0529                     STR_4:
   424     0529  3450               	retlw	80	;'P'
   425     052A  3472               	retlw	114	;'r'
   426     052B  346F               	retlw	111	;'o'
   427     052C  3463               	retlw	99	;'c'
   428     052D  3465               	retlw	101	;'e'
   429     052E  3473               	retlw	115	;'s'
   430     052F  3461               	retlw	97	;'a'
   431     0530  346E               	retlw	110	;'n'
   432     0531  3464               	retlw	100	;'d'
   433     0532  346F               	retlw	111	;'o'
   434     0533  3400               	retlw	0
   435     0534                     STR_3:
   436     0534  3445               	retlw	69	;'E'
   437     0535  346E               	retlw	110	;'n'
   438     0536  3420               	retlw	32	;' '
   439     0537  3465               	retlw	101	;'e'
   440     0538  3473               	retlw	115	;'s'
   441     0539  3470               	retlw	112	;'p'
   442     053A  3465               	retlw	101	;'e'
   443     053B  3472               	retlw	114	;'r'
   444     053C  3461               	retlw	97	;'a'
   445     053D  3400               	retlw	0
   446     053E                     STR_9:
   447     053E  3443               	retlw	67	;'C'
   448     053F  3465               	retlw	101	;'e'
   449     0540  3472               	retlw	114	;'r'
   450     0541  3472               	retlw	114	;'r'
   451     0542  3461               	retlw	97	;'a'
   452     0543  346E               	retlw	110	;'n'
   453     0544  3464               	retlw	100	;'d'
   454     0545  346F               	retlw	111	;'o'
   455     0546  3400               	retlw	0
   456     0547                     STR_5:
   457     0547  3453               	retlw	83	;'S'
   458     0548  3475               	retlw	117	;'u'
   459     0549  3462               	retlw	98	;'b'
   460     054A  3469               	retlw	105	;'i'
   461     054B  3465               	retlw	101	;'e'
   462     054C  346E               	retlw	110	;'n'
   463     054D  3464               	retlw	100	;'d'
   464     054E  346F               	retlw	111	;'o'
   465     054F  3400               	retlw	0
   466     0550                     STR_7:
   467     0550  3441               	retlw	65	;'A'
   468     0551  3462               	retlw	98	;'b'
   469     0552  3472               	retlw	114	;'r'
   470     0553  3469               	retlw	105	;'i'
   471     0554  3465               	retlw	101	;'e'
   472     0555  346E               	retlw	110	;'n'
   473     0556  3464               	retlw	100	;'d'
   474     0557  346F               	retlw	111	;'o'
   475     0558  3400               	retlw	0
   476     0559                     STR_6:
   477     0559  3442               	retlw	66	;'B'
   478     055A  3461               	retlw	97	;'a'
   479     055B  346A               	retlw	106	;'j'
   480     055C  3461               	retlw	97	;'a'
   481     055D  346E               	retlw	110	;'n'
   482     055E  3464               	retlw	100	;'d'
   483     055F  346F               	retlw	111	;'o'
   484     0560  3400               	retlw	0
   485     0561                     STR_2:
   486     0561  3420               	retlw	32	;' '
   487     0562  344F               	retlw	79	;'O'
   488     0563  3462               	retlw	98	;'b'
   489     0564  346A               	retlw	106	;'j'
   490     0565  343A               	retlw	58	;':'
   491     0566  3400               	retlw	0
   492     0567                     STR_1:
   493     0567  3450               	retlw	80	;'P'
   494     0568  3469               	retlw	105	;'i'
   495     0569  3473               	retlw	115	;'s'
   496     056A  346F               	retlw	111	;'o'
   497     056B  343A               	retlw	58	;':'
   498     056C  3400               	retlw	0
   499     056D                     STR_10:
   500     056D  3445               	retlw	69	;'E'
   501     056E  3472               	retlw	114	;'r'
   502     056F  3472               	retlw	114	;'r'
   503     0570  346F               	retlw	111	;'o'
   504     0571  3472               	retlw	114	;'r'
   505     0572  3400               	retlw	0
   506                           
   507                           	psect	cinit
   508     000F                     start_initialization:	
   509                           ; #config settings
   510                           
   511     000F                     __initialization:
   512                           
   513                           ; Initialize objects allocated to BANK0
   514     000F  1383               	bcf	3,7	;select IRP bank0
   515     0010  3037               	movlw	low (__pdataBANK0+23)
   516     0011  00FD               	movwf	btemp+-1
   517     0012  3007               	movlw	high __pidataBANK0
   518     0013  00FE               	movwf	btemp
   519     0014  30CB               	movlw	low __pidataBANK0
   520     0015  00FF               	movwf	btemp+1
   521     0016  3020               	movlw	low __pdataBANK0
   522     0017  0084               	movwf	4
   523     0018  120A  158A  27DC  120A  118A  	fcall	init_ram0
   524                           
   525                           ; Initialize objects allocated to COMMON
   526     001D  120A  118A  27F9  120A  118A  	fcall	__pidataCOMMON	;fetch initializer
   527     0022  00FA               	movwf	__pdataCOMMON& (0+127)
   528     0023  120A  118A  27FA  120A  118A  	fcall	__pidataCOMMON+1	;fetch initializer
   529     0028  00FB               	movwf	(__pdataCOMMON+1)& (0+127)
   530                           
   531                           ; Clear objects allocated to BANK0
   532     0029  3037               	movlw	low __pbssBANK0
   533     002A  0084               	movwf	4
   534     002B  3047               	movlw	low (__pbssBANK0+16)
   535     002C  120A  158A  27D0  120A  118A  	fcall	clear_ram0
   536     0031                     end_of_initialization:	
   537                           ;End of C runtime variable initialization code
   538                           
   539     0031                     __end_of__initialization:
   540     0031  0183               	clrf	3
   541     0032  120A  118A  2F71   	ljmp	_main	;jump to C main() function
   542                           
   543                           	psect	dataCOMMON
   544     007A                     __pdataCOMMON:
   545     007A                     _targetFloor:
   546     007A                     	ds	1
   547     007B                     _currentFloor:
   548     007B                     	ds	1
   549                           
   550                           	psect	bssBANK0
   551     0037                     __pbssBANK0:
   552     0037                     _floorRequests:
   553     0037                     	ds	7
   554     003E                     _lcd:
   555     003E                     	ds	5
   556     0043                     Keypad_GetKey@lastKey:
   557     0043                     	ds	1
   558     0044                     _timerTicksPending:
   559     0044                     	ds	1
   560     0045                     _stateTickCounter:
   561     0045                     	ds	1
   562     0046                     _currentState:
   563     0046                     	ds	1
   564                           
   565                           	psect	dataBANK0
   566     0020                     __pdataBANK0:
   567     0020                     _screen:
   568     0020                     	ds	5
   569     0025                     _lcdNeedsUpdate:
   570     0025                     	ds	1
   571     0026                     _requestedFloor:
   572     0026                     	ds	1
   573     0027                     _downArrow:
   574     0027                     	ds	8
   575     002F                     _upArrow:
   576     002F                     	ds	8
   577                           
   578                           	psect	inittext
   579     0FD8                     init_fetch0:	
   580                           ;	Called with low address in FSR and high address in W
   581                           
   582     0FD8  087E               	movf	btemp,w
   583     0FD9  008A               	movwf	10
   584     0FDA  087F               	movf	btemp+1,w
   585     0FDB  0082               	movwf	2
   586     0FDC                     init_ram0:	
   587                           ;Called with:
   588                           ;	high address of idata address in btemp 
   589                           ;	low address of idata address in btemp+1 
   590                           ;	low address of data in FSR
   591                           ;	high address + 1 of data in btemp-1
   592                           
   593     0FDC  120A  158A  27D8  120A  158A  	fcall	init_fetch0
   594     0FE1  0080               	movwf	0
   595     0FE2  0A84               	incf	4,f
   596     0FE3  0804               	movf	4,w
   597     0FE4  067D               	xorwf	btemp+-1,w
   598     0FE5  1903               	btfsc	3,2
   599     0FE6  3400               	retlw	0
   600     0FE7  0AFF               	incf	btemp+1,f
   601     0FE8  1903               	btfsc	3,2
   602     0FE9  0AFE               	incf	btemp,f
   603     0FEA  2FDC               	goto	init_ram0
   604                           
   605                           	psect	clrtext
   606     0FD0                     clear_ram0:	
   607                           ;	Called with FSR containing the base address, and
   608                           ;	W with the last address+1
   609                           
   610     0FD0  0064               	clrwdt	;clear the watchdog before getting into this loop
   611     0FD1                     clrloop0:
   612     0FD1  0180               	clrf	0	;clear RAM location pointed to by FSR
   613     0FD2  0A84               	incf	4,f	;increment pointer
   614     0FD3  0604               	xorwf	4,w	;XOR with final address
   615     0FD4  1903               	btfsc	3,2	;have we reached the end yet?
   616     0FD5  3400               	retlw	0	;all done for this memory range, return
   617     0FD6  0604               	xorwf	4,w	;XOR again to restore value
   618     0FD7  2FD1               	goto	clrloop0	;do the next byte
   619                           
   620                           	psect	cstackCOMMON
   621     0070                     __pcstackCOMMON:
   622     0070                     ?_StateMachine_Goto:
   623     0070                     ?_StateMachine_StartNextRequest:	
   624                           ; 1 bytes @ 0x0
   625                           
   626     0070                     ?_HasAnyRequest:	
   627                           ; 1 bytes @ 0x0
   628                           
   629     0070                     ?_Timer1_Init:	
   630                           ; 1 bytes @ 0x0
   631                           
   632     0070                     ?_AddFloorRequest:	
   633                           ; 1 bytes @ 0x0
   634                           
   635     0070                     ?_LCD_Out:	
   636                           ; 1 bytes @ 0x0
   637                           
   638     0070                     ?_LCD_Write:	
   639                           ; 1 bytes @ 0x0
   640                           
   641     0070                     ?_LCD_putc:	
   642                           ; 1 bytes @ 0x0
   643                           
   644     0070                     ?_StateMachine_Update:	
   645                           ; 1 bytes @ 0x0
   646                           
   647     0070                     ?_setup:	
   648                           ; 1 bytes @ 0x0
   649                           
   650     0070                     ?_Keypad_ReadRaw:	
   651                           ; 1 bytes @ 0x0
   652                           
   653     0070                     ?_Keypad_GetKey:	
   654                           ; 1 bytes @ 0x0
   655                           
   656     0070                     ?_Event_Get:	
   657                           ; 1 bytes @ 0x0
   658                           
   659     0070                     ?_SelectNextFloor:	
   660                           ; 1 bytes @ 0x0
   661                           
   662     0070                     ?_Outputs_Update:	
   663                           ; 1 bytes @ 0x0
   664                           
   665     0070                     ?_main:	
   666                           ; 1 bytes @ 0x0
   667                           
   668     0070                     ?_ISR:	
   669                           ; 1 bytes @ 0x0
   670                           
   671     0070                     ??_ISR:	
   672                           ; 1 bytes @ 0x0
   673                           
   674                           
   675                           ; 1 bytes @ 0x0
   676     0070                     	ds	2
   677     0072                     AddFloorRequest@floor:
   678     0072                     HasAnyRequest@floor:	
   679                           ; 1 bytes @ 0x2
   680                           
   681     0072                     SelectNextFloor@floor:	
   682                           ; 1 bytes @ 0x2
   683                           
   684     0072                     StateMachine_Goto@nextState:	
   685                           ; 1 bytes @ 0x2
   686                           
   687     0072                     ??_StateMachine_Goto:	
   688                           ; 1 bytes @ 0x2
   689                           
   690     0072                     ??_HasAnyRequest:	
   691                           ; 1 bytes @ 0x2
   692                           
   693     0072                     ??_Timer1_Init:	
   694                           ; 1 bytes @ 0x2
   695                           
   696     0072                     ??_AddFloorRequest:	
   697                           ; 1 bytes @ 0x2
   698                           
   699     0072                     ??_LCD_Out:	
   700                           ; 1 bytes @ 0x2
   701                           
   702     0072                     ??_Keypad_ReadRaw:	
   703                           ; 1 bytes @ 0x2
   704                           
   705     0072                     ??_SelectNextFloor:	
   706                           ; 1 bytes @ 0x2
   707                           
   708                           
   709                           ; 1 bytes @ 0x2
   710     0072                     	ds	1
   711     0073                     ??_StateMachine_StartNextRequest:
   712     0073                     ??_StateMachine_Update:	
   713                           ; 1 bytes @ 0x3
   714                           
   715                           
   716                           ; 1 bytes @ 0x3
   717     0073                     	ds	1
   718     0074                     LCD_Out@c:
   719     0074                     Keypad_ReadRaw@cols:	
   720                           ; 1 bytes @ 0x4
   721                           
   722                           
   723                           ; 1 bytes @ 0x4
   724     0074                     	ds	1
   725     0075                     StateMachine_Update@event:
   726     0075                     Keypad_ReadRaw@row:	
   727                           ; 1 bytes @ 0x5
   728                           
   729     0075                     ??_LCD_Write:	
   730                           ; 1 bytes @ 0x5
   731                           
   732     0075                     ??_LCD_putc:	
   733                           ; 1 bytes @ 0x5
   734                           
   735                           
   736                           ; 1 bytes @ 0x5
   737     0075                     	ds	1
   738     0076                     Keypad_ReadRaw@col:
   739                           
   740                           ; 1 bytes @ 0x6
   741     0076                     	ds	1
   742     0077                     LCD_Write@c:
   743     0077                     LCD_putc@c:	
   744                           ; 1 bytes @ 0x7
   745                           
   746     0077                     Keypad_GetKey@rawKey:	
   747                           ; 1 bytes @ 0x7
   748                           
   749     0077                     ??_Keypad_GetKey:	
   750                           ; 1 bytes @ 0x7
   751                           
   752                           
   753                           ; 1 bytes @ 0x7
   754     0077                     	ds	1
   755     0078                     ?_LCD_putrs:
   756     0078                     ?_LCD_Custom_Char:	
   757                           ; 1 bytes @ 0x8
   758                           
   759     0078                     LCD_putrs@a:	
   760                           ; 1 bytes @ 0x8
   761                           
   762     0078                     LCD_Custom_Char@bitmap:	
   763                           ; 1 bytes @ 0x8
   764                           
   765     0078                     Event_Get@key:	
   766                           ; 1 bytes @ 0x8
   767                           
   768     0078                     ??_LCD_Init:	
   769                           ; 1 bytes @ 0x8
   770                           
   771     0078                     ??_Event_Get:	
   772                           ; 1 bytes @ 0x8
   773                           
   774                           
   775                           ; 1 bytes @ 0x8
   776     0078                     	ds	1
   777     0079                     Outputs_Update@ledMask:
   778     0079                     ??_LCD_putrs:	
   779                           ; 1 bytes @ 0x9
   780                           
   781                           
   782                           ; 1 bytes @ 0x9
   783     0079                     	ds	1
   784     007A                     ??_setup:
   785     007A                     ??_main:	
   786                           ; 1 bytes @ 0xA
   787                           
   788                           
   789                           	psect	cstackBANK0
   790     0047                     __pcstackBANK0:	
   791                           ; 1 bytes @ 0xA
   792                           
   793     0047                     ?_LCD_Init:
   794     0047                     LCD_putrs@i:	
   795                           ; 1 bytes @ 0x0
   796                           
   797     0047                     LCD_Init@display:	
   798                           ; 2 bytes @ 0x0
   799                           
   800     0047                     ??_LCD_Custom_Char:	
   801                           ; 5 bytes @ 0x0
   802                           
   803                           
   804                           ; 1 bytes @ 0x0
   805     0047                     	ds	2
   806     0049                     LCD_Custom_Char@loc:
   807     0049                     ??_Outputs_Update:	
   808                           ; 1 bytes @ 0x2
   809                           
   810                           
   811                           ; 1 bytes @ 0x2
   812     0049                     	ds	1
   813     004A                     LCD_Custom_Char@i:
   814                           
   815                           ; 1 bytes @ 0x3
   816     004A                     	ds	2
   817     004C                     LCD_Init@cmd:
   818                           
   819                           ; 1 bytes @ 0x5
   820     004C                     	ds	1
   821     004D                     main@event:
   822                           
   823                           ; 1 bytes @ 0x6
   824     004D                     	ds	1
   825                           
   826                           	psect	maintext
   827     0771                     __pmaintext:	
   828 ;;
   829 ;;Main: autosize = 0, tempsize = 0, incstack = 0, save=0
   830 ;;
   831 ;; *************** function _main *****************
   832 ;; Defined at:
   833 ;;		line 588 in file "main.c"
   834 ;; Parameters:    Size  Location     Type
   835 ;;		None
   836 ;; Auto vars:     Size  Location     Type
   837 ;;  event           1    6[BANK0 ] enum E1777
   838 ;; Return value:  Size  Location     Type
   839 ;;                  1    wreg      void 
   840 ;; Registers used:
   841 ;;		wreg, fsr0l, fsr0h, status,2, status,0, pclath, cstack
   842 ;; Tracked objects:
   843 ;;		On entry : B00/0
   844 ;;		On exit  : 0/0
   845 ;;		Unchanged: 0/0
   846 ;; Data sizes:     COMMON   BANK0   BANK1   BANK3   BANK2
   847 ;;      Params:         0       0       0       0       0
   848 ;;      Locals:         0       1       0       0       0
   849 ;;      Temps:          0       0       0       0       0
   850 ;;      Totals:         0       1       0       0       0
   851 ;;Total ram usage:        1 bytes
   852 ;; Hardware stack levels required when called: 5
   853 ;; This function calls:
   854 ;;		_Event_Get
   855 ;;		_Outputs_Update
   856 ;;		_StateMachine_Update
   857 ;;		_setup
   858 ;; This function is called by:
   859 ;;		Startup code after reset
   860 ;; This function uses a non-reentrant model
   861 ;;
   862                           
   863     0771                     _main:	
   864                           ;psect for function _main
   865                           
   866     0771                     l2226:	
   867                           ;incstack = 0
   868                           ; Regs used in _main: [wreg-fsr0h+status,2+status,0+pclath+cstack]
   869                           
   870                           
   871                           ;main.c: 590:     setup();
   872     0771  120A  118A  25D4  120A  118A  	fcall	_setup
   873     0776                     l311:	
   874                           ;main.c: 592:     while(1)
   875                           
   876                           
   877                           ;main.c: 593:     {;main.c: 594:         Event_t event = Event_Get();
   878     0776  120A  118A  2727  120A  118A  	fcall	_Event_Get
   879     077B  1283               	bcf	3,5	;RP0=0, select bank0
   880     077C  1303               	bcf	3,6	;RP1=0, select bank0
   881     077D  00CD               	movwf	main@event
   882     077E                     l2228:
   883                           
   884                           ;main.c: 596:         if(event != EVENT_NONE) {
   885     077E  084D               	movf	main@event,w
   886     077F  1903               	btfsc	3,2
   887     0780  2F82               	goto	u2251
   888     0781  2F83               	goto	u2250
   889     0782                     u2251:
   890     0782  2F89               	goto	l312
   891     0783                     u2250:
   892     0783                     l2230:
   893                           
   894                           ;main.c: 597:             StateMachine_Update(event);
   895     0783  084D               	movf	main@event,w
   896     0784  120A  118A  220F  120A  118A  	fcall	_StateMachine_Update
   897     0789                     l312:	
   898                           ;main.c: 598:         }
   899                           
   900                           
   901                           ;main.c: 600:         Outputs_Update();
   902     0789  120A  118A  2122  120A  118A  	fcall	_Outputs_Update
   903     078E  2F76               	goto	l311
   904     078F  120A  118A  280C   	ljmp	start
   905     0792                     __end_of_main:
   906                           
   907                           	psect	text1
   908     05D4                     __ptext1:	
   909 ;; *************** function _setup *****************
   910 ;; Defined at:
   911 ;;		line 271 in file "main.c"
   912 ;; Parameters:    Size  Location     Type
   913 ;;		None
   914 ;; Auto vars:     Size  Location     Type
   915 ;;		None
   916 ;; Return value:  Size  Location     Type
   917 ;;                  1    wreg      void 
   918 ;; Registers used:
   919 ;;		wreg, fsr0l, fsr0h, status,2, status,0, pclath, cstack
   920 ;; Tracked objects:
   921 ;;		On entry : 0/0
   922 ;;		On exit  : 0/0
   923 ;;		Unchanged: 0/0
   924 ;; Data sizes:     COMMON   BANK0   BANK1   BANK3   BANK2
   925 ;;      Params:         0       0       0       0       0
   926 ;;      Locals:         0       0       0       0       0
   927 ;;      Temps:          0       0       0       0       0
   928 ;;      Totals:         0       0       0       0       0
   929 ;;Total ram usage:        0 bytes
   930 ;; Hardware stack levels used: 1
   931 ;; Hardware stack levels required when called: 3
   932 ;; This function calls:
   933 ;;		_LCD_Custom_Char
   934 ;;		_LCD_Init
   935 ;;		_LCD_Write
   936 ;;		_Timer1_Init
   937 ;; This function is called by:
   938 ;;		_main
   939 ;; This function uses a non-reentrant model
   940 ;;
   941                           
   942     05D4                     _setup:	
   943                           ;psect for function _setup
   944                           
   945     05D4                     l2126:	
   946                           ;incstack = 0
   947                           ; Regs used in _setup: [wreg-fsr0h+status,2+status,0+pclath+cstack]
   948                           
   949                           
   950                           ;main.c: 274:     ANSEL = 0x00;
   951     05D4  1683               	bsf	3,5	;RP0=1, select bank3
   952     05D5  1703               	bsf	3,6	;RP1=1, select bank3
   953     05D6  0188               	clrf	8	;volatile
   954                           
   955                           ;main.c: 275:     ANSELH = 0x00;
   956     05D7  0189               	clrf	9	;volatile
   957                           
   958                           ;main.c: 278:     CM1CON0 = 0x00;
   959     05D8  1283               	bcf	3,5	;RP0=0, select bank2
   960     05D9  1703               	bsf	3,6	;RP1=1, select bank2
   961     05DA  0187               	clrf	7	;volatile
   962                           
   963                           ;main.c: 279:     CM2CON0 = 0x00;
   964     05DB  0188               	clrf	8	;volatile
   965                           
   966                           ;main.c: 282:     PORTC = 0x00;
   967     05DC  1283               	bcf	3,5	;RP0=0, select bank0
   968     05DD  1303               	bcf	3,6	;RP1=0, select bank0
   969     05DE  0187               	clrf	7	;volatile
   970                           
   971                           ;main.c: 283:     TRISC = 0x00;
   972     05DF  1683               	bsf	3,5	;RP0=1, select bank1
   973     05E0  1303               	bcf	3,6	;RP1=0, select bank1
   974     05E1  0187               	clrf	7	;volatile
   975     05E2                     l2128:
   976                           
   977                           ;main.c: 288:     PORTB = 0xFF;
   978     05E2  30FF               	movlw	255
   979     05E3  1283               	bcf	3,5	;RP0=0, select bank0
   980     05E4  1303               	bcf	3,6	;RP1=0, select bank0
   981     05E5  0086               	movwf	6	;volatile
   982     05E6                     l2130:
   983                           
   984                           ;main.c: 289:     TRISB = 0b11110000;
   985     05E6  30F0               	movlw	240
   986     05E7  1683               	bsf	3,5	;RP0=1, select bank1
   987     05E8  1303               	bcf	3,6	;RP1=0, select bank1
   988     05E9  0086               	movwf	6	;volatile
   989     05EA                     l2132:
   990                           
   991                           ;main.c: 292:     OPTION_REGbits.nRBPU = 0;
   992     05EA  1381               	bcf	1,7	;volatile
   993     05EB                     l2134:
   994                           
   995                           ;main.c: 293:     WPUB = 0b11110000;
   996     05EB  30F0               	movlw	240
   997     05EC  0095               	movwf	21	;volatile
   998                           
   999                           ;main.c: 302:     PORTD = 0x00;
  1000     05ED  1283               	bcf	3,5	;RP0=0, select bank0
  1001     05EE  1303               	bcf	3,6	;RP1=0, select bank0
  1002     05EF  0188               	clrf	8	;volatile
  1003                           
  1004                           ;main.c: 303:     TRISD = 0x00;
  1005     05F0  1683               	bsf	3,5	;RP0=1, select bank1
  1006     05F1  1303               	bcf	3,6	;RP1=0, select bank1
  1007     05F2  0188               	clrf	8	;volatile
  1008     05F3                     l2136:
  1009                           
  1010                           ;main.c: 306:     LCD_Init(screen);
  1011     05F3  3047               	movlw	LCD_Init@display& (0+255)
  1012     05F4  0084               	movwf	4
  1013     05F5  1283               	bcf	3,5	;RP0=0, select bank0
  1014     05F6  1303               	bcf	3,6	;RP1=0, select bank0
  1015     05F7  0820               	movf	_screen,w
  1016     05F8  1383               	bcf	3,7	;select IRP bank0
  1017     05F9  0080               	movwf	0
  1018     05FA  0A84               	incf	4,f
  1019     05FB  0821               	movf	_screen+1,w
  1020     05FC  0080               	movwf	0
  1021     05FD  0A84               	incf	4,f
  1022     05FE  0822               	movf	_screen+2,w
  1023     05FF  0080               	movwf	0
  1024     0600  0A84               	incf	4,f
  1025     0601  0823               	movf	_screen+3,w
  1026     0602  0080               	movwf	0
  1027     0603  0A84               	incf	4,f
  1028     0604  0824               	movf	_screen+4,w
  1029     0605  0080               	movwf	0
  1030     0606  120A  118A  23B1  120A  118A  	fcall	_LCD_Init
  1031     060B                     l2138:
  1032     060B  3000               	movlw	0
  1033     060C  120A  118A  262D  120A  118A  	fcall	_LCD_Write
  1034     0611                     l2140:
  1035     0611  3001               	movlw	1
  1036     0612  120A  118A  262D  120A  118A  	fcall	_LCD_Write
  1037     0617                     l2142:
  1038                           
  1039                           ;main.c: 309:     LCD_Custom_Char(0, upArrow);
  1040     0617  302F               	movlw	(low (_upArrow| 0))& (0+255)
  1041     0618  00F8               	movwf	LCD_Custom_Char@bitmap
  1042     0619  3000               	movlw	0
  1043     061A  120A  118A  2035  120A  118A  	fcall	_LCD_Custom_Char
  1044     061F                     l2144:
  1045                           
  1046                           ;main.c: 310:     LCD_Custom_Char(1, downArrow);
  1047     061F  3027               	movlw	(low (_downArrow| 0))& (0+255)
  1048     0620  00F8               	movwf	LCD_Custom_Char@bitmap
  1049     0621  3001               	movlw	1
  1050     0622  120A  118A  2035  120A  118A  	fcall	_LCD_Custom_Char
  1051     0627                     l2146:
  1052                           
  1053                           ;main.c: 312:     Timer1_Init();
  1054     0627  120A  158A  27EB  120A  118A  	fcall	_Timer1_Init
  1055     062C                     l197:
  1056     062C  0008               	return
  1057     062D                     __end_of_setup:
  1058                           
  1059                           	psect	text2
  1060     0FEB                     __ptext2:	
  1061 ;; *************** function _Timer1_Init *****************
  1062 ;; Defined at:
  1063 ;;		line 315 in file "main.c"
  1064 ;; Parameters:    Size  Location     Type
  1065 ;;		None
  1066 ;; Auto vars:     Size  Location     Type
  1067 ;;		None
  1068 ;; Return value:  Size  Location     Type
  1069 ;;                  1    wreg      void 
  1070 ;; Registers used:
  1071 ;;		None
  1072 ;; Tracked objects:
  1073 ;;		On entry : 0/0
  1074 ;;		On exit  : 0/0
  1075 ;;		Unchanged: 0/0
  1076 ;; Data sizes:     COMMON   BANK0   BANK1   BANK3   BANK2
  1077 ;;      Params:         0       0       0       0       0
  1078 ;;      Locals:         0       0       0       0       0
  1079 ;;      Temps:          0       0       0       0       0
  1080 ;;      Totals:         0       0       0       0       0
  1081 ;;Total ram usage:        0 bytes
  1082 ;; Hardware stack levels used: 1
  1083 ;; Hardware stack levels required when called: 1
  1084 ;; This function calls:
  1085 ;;		Nothing
  1086 ;; This function is called by:
  1087 ;;		_setup
  1088 ;; This function uses a non-reentrant model
  1089 ;;
  1090                           
  1091     0FEB                     _Timer1_Init:	
  1092                           ;psect for function _Timer1_Init
  1093                           
  1094     0FEB                     l1686:	
  1095                           ;incstack = 0
  1096                           ; Regs used in _Timer1_Init: []
  1097                           
  1098                           
  1099                           ;main.c: 317:     T1CONbits.TMR1ON = 0;
  1100     0FEB  1283               	bcf	3,5	;RP0=0, select bank0
  1101     0FEC  1303               	bcf	3,6	;RP1=0, select bank0
  1102     0FED  1010               	bcf	16,0	;volatile
  1103                           
  1104                           ;main.c: 323:     T1CONbits.TMR1CS = 0;
  1105     0FEE  1090               	bcf	16,1	;volatile
  1106                           
  1107                           ;main.c: 327:     T1CONbits.T1CKPS1 = 1;
  1108     0FEF  1690               	bsf	16,5	;volatile
  1109                           
  1110                           ;main.c: 328:     T1CONbits.T1CKPS0 = 1;
  1111     0FF0  1610               	bsf	16,4	;volatile
  1112                           
  1113                           ;main.c: 330:     T1CONbits.T1OSCEN = 0;
  1114     0FF1  1190               	bcf	16,3	;volatile
  1115                           
  1116                           ;main.c: 333:     TMR1H = ((unsigned char)(40536u >> 8));
  1117     0FF2  309E               	movlw	158
  1118     0FF3  008F               	movwf	15	;volatile
  1119                           
  1120                           ;main.c: 334:     TMR1L = ((unsigned char)(40536u & 0x00FF));
  1121     0FF4  3058               	movlw	88
  1122     0FF5  008E               	movwf	14	;volatile
  1123                           
  1124                           ;main.c: 336:     PIR1bits.TMR1IF = 0;
  1125     0FF6  100C               	bcf	12,0	;volatile
  1126                           
  1127                           ;main.c: 337:     PIE1bits.TMR1IE = 1;
  1128     0FF7  1683               	bsf	3,5	;RP0=1, select bank1
  1129     0FF8  1303               	bcf	3,6	;RP1=0, select bank1
  1130     0FF9  140C               	bsf	12,0	;volatile
  1131                           
  1132                           ;main.c: 339:     INTCONbits.PEIE = 1;
  1133     0FFA  170B               	bsf	11,6	;volatile
  1134                           
  1135                           ;main.c: 340:     INTCONbits.GIE = 1;
  1136     0FFB  178B               	bsf	11,7	;volatile
  1137                           
  1138                           ;main.c: 342:     T1CONbits.TMR1ON = 1;
  1139     0FFC  1283               	bcf	3,5	;RP0=0, select bank0
  1140     0FFD  1303               	bcf	3,6	;RP1=0, select bank0
  1141     0FFE  1410               	bsf	16,0	;volatile
  1142     0FFF                     l200:
  1143     0FFF  0008               	return
  1144     1000                     __end_of_Timer1_Init:
  1145                           
  1146                           	psect	text3
  1147     03B1                     __ptext3:	
  1148 ;; *************** function _LCD_Init *****************
  1149 ;; Defined at:
  1150 ;;		line 59 in file "lcd.c"
  1151 ;; Parameters:    Size  Location     Type
  1152 ;;  display         5    0[BANK0 ] struct .
  1153 ;; Auto vars:     Size  Location     Type
  1154 ;;  cmd             1    5[BANK0 ] unsigned char 
  1155 ;; Return value:  Size  Location     Type
  1156 ;;                  1    wreg      _Bool 
  1157 ;; Registers used:
  1158 ;;		wreg, fsr0l, fsr0h, status,2, status,0, pclath, cstack
  1159 ;; Tracked objects:
  1160 ;;		On entry : 0/0
  1161 ;;		On exit  : 0/0
  1162 ;;		Unchanged: 0/0
  1163 ;; Data sizes:     COMMON   BANK0   BANK1   BANK3   BANK2
  1164 ;;      Params:         0       5       0       0       0
  1165 ;;      Locals:         0       1       0       0       0
  1166 ;;      Temps:          2       0       0       0       0
  1167 ;;      Totals:         2       6       0       0       0
  1168 ;;Total ram usage:        8 bytes
  1169 ;; Hardware stack levels used: 1
  1170 ;; Hardware stack levels required when called: 2
  1171 ;; This function calls:
  1172 ;;		_LCD_Write
  1173 ;; This function is called by:
  1174 ;;		_setup
  1175 ;; This function uses a non-reentrant model
  1176 ;;
  1177                           
  1178     03B1                     _LCD_Init:	
  1179                           ;psect for function _LCD_Init
  1180                           
  1181     03B1                     l2040:	
  1182                           ;incstack = 0
  1183                           ; Regs used in _LCD_Init: [wreg-fsr0h+status,2+status,0+pclath+cstack]
  1184                           
  1185                           
  1186                           ;lcd.c: 61:     lcd = display;
  1187     03B1  303E               	movlw	_lcd& (0+255)
  1188     03B2  0084               	movwf	4
  1189     03B3  1283               	bcf	3,5	;RP0=0, select bank0
  1190     03B4  1303               	bcf	3,6	;RP1=0, select bank0
  1191     03B5  0847               	movf	LCD_Init@display,w
  1192     03B6  1383               	bcf	3,7	;select IRP bank0
  1193     03B7  0080               	movwf	0
  1194     03B8  0A84               	incf	4,f
  1195     03B9  0848               	movf	LCD_Init@display+1,w
  1196     03BA  0080               	movwf	0
  1197     03BB  0A84               	incf	4,f
  1198     03BC  0849               	movf	LCD_Init@display+2,w
  1199     03BD  0080               	movwf	0
  1200     03BE  0A84               	incf	4,f
  1201     03BF  084A               	movf	LCD_Init@display+3,w
  1202     03C0  0080               	movwf	0
  1203     03C1  0A84               	incf	4,f
  1204     03C2  084B               	movf	LCD_Init@display+4,w
  1205     03C3  0080               	movwf	0
  1206     03C4                     l2042:
  1207                           
  1208                           ;lcd.c: 70:     if ( lcd.PORT == &PORTA ) {
  1209     03C4  3000               	movlw	0
  1210     03C5  063F               	xorwf	_lcd+1,w
  1211     03C6  1D03               	skipz
  1212     03C7  2BCA               	goto	u2025
  1213     03C8  3005               	movlw	5
  1214     03C9  063E               	xorwf	_lcd,w
  1215     03CA                     u2025:
  1216     03CA  1D03               	skipz
  1217     03CB  2BCD               	goto	u2021
  1218     03CC  2BCE               	goto	u2020
  1219     03CD                     u2021:
  1220     03CD  2BD2               	goto	l2046
  1221     03CE                     u2020:
  1222     03CE                     l2044:
  1223                           
  1224                           ;lcd.c: 71:         TRISA = 0x00;
  1225     03CE  1683               	bsf	3,5	;RP0=1, select bank1
  1226     03CF  1303               	bcf	3,6	;RP1=0, select bank1
  1227     03D0  0185               	clrf	5	;volatile
  1228                           
  1229                           ;lcd.c: 72:     }
  1230     03D1  2BED               	goto	l2054
  1231     03D2                     l2046:
  1232     03D2  3000               	movlw	0
  1233     03D3  063F               	xorwf	_lcd+1,w
  1234     03D4  1D03               	skipz
  1235     03D5  2BD8               	goto	u2035
  1236     03D6  3006               	movlw	6
  1237     03D7  063E               	xorwf	_lcd,w
  1238     03D8                     u2035:
  1239     03D8  1D03               	skipz
  1240     03D9  2BDB               	goto	u2031
  1241     03DA  2BDC               	goto	u2030
  1242     03DB                     u2031:
  1243     03DB  2BE0               	goto	l2050
  1244     03DC                     u2030:
  1245     03DC                     l2048:
  1246                           
  1247                           ;lcd.c: 74:         TRISB = 0x00;
  1248     03DC  1683               	bsf	3,5	;RP0=1, select bank1
  1249     03DD  1303               	bcf	3,6	;RP1=0, select bank1
  1250     03DE  0186               	clrf	6	;volatile
  1251                           
  1252                           ;lcd.c: 75:     }
  1253     03DF  2BED               	goto	l2054
  1254     03E0                     l2050:
  1255     03E0  3000               	movlw	0
  1256     03E1  063F               	xorwf	_lcd+1,w
  1257     03E2  1D03               	skipz
  1258     03E3  2BE6               	goto	u2045
  1259     03E4  3007               	movlw	7
  1260     03E5  063E               	xorwf	_lcd,w
  1261     03E6                     u2045:
  1262     03E6  1D03               	skipz
  1263     03E7  2BE9               	goto	u2041
  1264     03E8  2BEA               	goto	u2040
  1265     03E9                     u2041:
  1266     03E9  2C61               	goto	l39
  1267     03EA                     u2040:
  1268     03EA                     l2052:
  1269                           
  1270                           ;lcd.c: 77:         TRISC = 0x00;
  1271     03EA  1683               	bsf	3,5	;RP0=1, select bank1
  1272     03EB  1303               	bcf	3,6	;RP1=0, select bank1
  1273     03EC  0187               	clrf	7	;volatile
  1274     03ED                     l2054:	
  1275                           ;lcd.c: 78:     }
  1276                           
  1277                           
  1278                           ;lcd.c: 92:     _delay((unsigned long)((20)*(8000000/4000.0)));
  1279     03ED  3034               	movlw	52
  1280     03EE  00F9               	movwf	??_LCD_Init+1
  1281     03EF  30F1               	movlw	241
  1282     03F0  00F8               	movwf	??_LCD_Init
  1283     03F1                     u2267:
  1284     03F1  0BF8               	decfsz	??_LCD_Init,f
  1285     03F2  2BF1               	goto	u2267
  1286     03F3  0BF9               	decfsz	??_LCD_Init+1,f
  1287     03F4  2BF1               	goto	u2267
  1288     03F5  2BF6               	nop2
  1289     03F6                     l2056:
  1290                           
  1291                           ;lcd.c: 95:     LCD_Write(0x03);
  1292     03F6  3003               	movlw	3
  1293     03F7  120A  118A  262D  120A  118A  	fcall	_LCD_Write
  1294     03FC                     l2058:
  1295                           
  1296                           ;lcd.c: 96:     _delay((unsigned long)((5)*(8000000/4000.0)));
  1297     03FC  300D               	movlw	13
  1298     03FD  00F9               	movwf	??_LCD_Init+1
  1299     03FE  30FB               	movlw	251
  1300     03FF  00F8               	movwf	??_LCD_Init
  1301     0400                     u2277:
  1302     0400  0BF8               	decfsz	??_LCD_Init,f
  1303     0401  2C00               	goto	u2277
  1304     0402  0BF9               	decfsz	??_LCD_Init+1,f
  1305     0403  2C00               	goto	u2277
  1306     0404  2C05               	nop2
  1307                           
  1308                           ;lcd.c: 97:     LCD_Write(0x03);
  1309     0405  3003               	movlw	3
  1310     0406  120A  118A  262D  120A  118A  	fcall	_LCD_Write
  1311     040B                     l2060:
  1312                           
  1313                           ;lcd.c: 98:     _delay((unsigned long)((16)*(8000000/4000.0)));
  1314     040B  302A               	movlw	42
  1315     040C  00F9               	movwf	??_LCD_Init+1
  1316     040D  308D               	movlw	141
  1317     040E  00F8               	movwf	??_LCD_Init
  1318     040F                     u2287:
  1319     040F  0BF8               	decfsz	??_LCD_Init,f
  1320     0410  2C0F               	goto	u2287
  1321     0411  0BF9               	decfsz	??_LCD_Init+1,f
  1322     0412  2C0F               	goto	u2287
  1323     0413  2C14               	nop2
  1324     0414                     l2062:
  1325                           
  1326                           ;lcd.c: 99:     LCD_Write(0x03);
  1327     0414  3003               	movlw	3
  1328     0415  120A  118A  262D  120A  118A  	fcall	_LCD_Write
  1329     041A                     l2064:
  1330                           
  1331                           ;lcd.c: 102:     LCD_Write(0x02);
  1332     041A  3002               	movlw	2
  1333     041B  120A  118A  262D  120A  118A  	fcall	_LCD_Write
  1334     0420                     l2066:
  1335     0420  3002               	movlw	2
  1336     0421  120A  118A  262D  120A  118A  	fcall	_LCD_Write
  1337     0426                     l2068:
  1338     0426  3008               	movlw	8
  1339     0427  120A  118A  262D  120A  118A  	fcall	_LCD_Write
  1340     042C                     l2070:
  1341     042C  3000               	movlw	0
  1342     042D  120A  118A  262D  120A  118A  	fcall	_LCD_Write
  1343     0432                     l2072:
  1344     0432  3006               	movlw	6
  1345     0433  120A  118A  262D  120A  118A  	fcall	_LCD_Write
  1346     0438                     l2074:
  1347     0438  3008               	movlw	8
  1348     0439  1283               	bcf	3,5	;RP0=0, select bank0
  1349     043A  1303               	bcf	3,6	;RP1=0, select bank0
  1350     043B  00CC               	movwf	LCD_Init@cmd
  1351     043C                     l2076:
  1352     043C  154C               	bsf	LCD_Init@cmd,2
  1353     043D                     l2082:
  1354     043D  084C               	movf	LCD_Init@cmd,w
  1355     043E  00F8               	movwf	??_LCD_Init
  1356     043F  3004               	movlw	4
  1357     0440                     u2055:
  1358     0440  1003               	clrc
  1359     0441  0CF8               	rrf	??_LCD_Init,f
  1360     0442  3EFF               	addlw	-1
  1361     0443  1D03               	skipz
  1362     0444  2C40               	goto	u2055
  1363     0445  0878               	movf	??_LCD_Init,w
  1364     0446  390F               	andlw	15
  1365     0447  120A  118A  262D  120A  118A  	fcall	_LCD_Write
  1366     044C  1283               	bcf	3,5	;RP0=0, select bank0
  1367     044D  1303               	bcf	3,6	;RP1=0, select bank0
  1368     044E  084C               	movf	LCD_Init@cmd,w
  1369     044F  390F               	andlw	15
  1370     0450  120A  118A  262D  120A  118A  	fcall	_LCD_Write
  1371     0455                     l51:	
  1372                           ;lcd.c: 112:     do { LCD_Write( (0x01 & 0xF0) >> 4 ); LCD_Write( 0x01 & 0x0F); } while 
      +                          ( 0 );
  1373                           
  1374     0455  3000               	movlw	0
  1375     0456  120A  118A  262D  120A  118A  	fcall	_LCD_Write
  1376     045B  3001               	movlw	1
  1377     045C  120A  118A  262D  120A  118A  	fcall	_LCD_Write
  1378     0461                     l39:
  1379     0461  0008               	return
  1380     0462                     __end_of_LCD_Init:
  1381                           
  1382                           	psect	text4
  1383     0035                     __ptext4:	
  1384 ;; *************** function _LCD_Custom_Char *****************
  1385 ;; Defined at:
  1386 ;;		line 151 in file "lcd.c"
  1387 ;; Parameters:    Size  Location     Type
  1388 ;;  loc             1    wreg     unsigned char 
  1389 ;;  bitmap          1    8[COMMON] PTR const unsigned char 
  1390 ;;		 -> downArrow(8), upArrow(8), 
  1391 ;; Auto vars:     Size  Location     Type
  1392 ;;  loc             1    2[BANK0 ] unsigned char 
  1393 ;;  i               1    3[BANK0 ] unsigned char 
  1394 ;; Return value:  Size  Location     Type
  1395 ;;                  1    wreg      void 
  1396 ;; Registers used:
  1397 ;;		wreg, fsr0l, fsr0h, status,2, status,0, pclath, cstack
  1398 ;; Tracked objects:
  1399 ;;		On entry : 0/0
  1400 ;;		On exit  : 0/0
  1401 ;;		Unchanged: 0/0
  1402 ;; Data sizes:     COMMON   BANK0   BANK1   BANK3   BANK2
  1403 ;;      Params:         1       0       0       0       0
  1404 ;;      Locals:         0       2       0       0       0
  1405 ;;      Temps:          0       2       0       0       0
  1406 ;;      Totals:         1       4       0       0       0
  1407 ;;Total ram usage:        5 bytes
  1408 ;; Hardware stack levels used: 1
  1409 ;; Hardware stack levels required when called: 2
  1410 ;; This function calls:
  1411 ;;		_LCD_Out
  1412 ;;		_LCD_Write
  1413 ;; This function is called by:
  1414 ;;		_setup
  1415 ;; This function uses a non-reentrant model
  1416 ;;
  1417                           
  1418     0035                     _LCD_Custom_Char:	
  1419                           ;psect for function _LCD_Custom_Char
  1420                           
  1421                           
  1422                           ;incstack = 0
  1423                           ; Regs used in _LCD_Custom_Char: [wreg-fsr0h+status,2+status,0+pclath+cstack]
  1424                           ;LCD_Custom_Char@loc stored from wreg
  1425     0035  1283               	bcf	3,5	;RP0=0, select bank0
  1426     0036  1303               	bcf	3,6	;RP1=0, select bank0
  1427     0037  00C9               	movwf	LCD_Custom_Char@loc
  1428     0038                     l2094:
  1429                           
  1430                           ;lcd.c: 152:     unsigned char i;;lcd.c: 153:     if(loc < 8) {
  1431     0038  3008               	movlw	8
  1432     0039  0249               	subwf	LCD_Custom_Char@loc,w
  1433     003A  1803               	skipnc
  1434     003B  283D               	goto	u2071
  1435     003C  283E               	goto	u2070
  1436     003D                     u2071:
  1437     003D  2915               	goto	l2124
  1438     003E                     u2070:
  1439     003E                     l2096:
  1440     003E  0849               	movf	LCD_Custom_Char@loc,w
  1441     003F  00C7               	movwf	??_LCD_Custom_Char
  1442     0040  3002               	movlw	2
  1443     0041                     u2085:
  1444     0041  1003               	clrc
  1445     0042  0DC7               	rlf	??_LCD_Custom_Char,f
  1446     0043  3EFF               	addlw	-1
  1447     0044  1D03               	skipz
  1448     0045  2841               	goto	u2085
  1449     0046  1003               	clrc
  1450     0047  0D47               	rlf	??_LCD_Custom_Char,w
  1451     0048  3E40               	addlw	64
  1452     0049  00C8               	movwf	??_LCD_Custom_Char+1
  1453     004A  3004               	movlw	4
  1454     004B                     u2095:
  1455     004B  1003               	clrc
  1456     004C  0CC8               	rrf	??_LCD_Custom_Char+1,f
  1457     004D  3EFF               	addlw	-1
  1458     004E  1D03               	skipz
  1459     004F  284B               	goto	u2095
  1460     0050  0848               	movf	??_LCD_Custom_Char+1,w
  1461     0051  390F               	andlw	15
  1462     0052  120A  118A  262D  120A  118A  	fcall	_LCD_Write
  1463     0057  1283               	bcf	3,5	;RP0=0, select bank0
  1464     0058  1303               	bcf	3,6	;RP1=0, select bank0
  1465     0059  0849               	movf	LCD_Custom_Char@loc,w
  1466     005A  00C7               	movwf	??_LCD_Custom_Char
  1467     005B  3002               	movlw	2
  1468     005C                     u2105:
  1469     005C  1003               	clrc
  1470     005D  0DC7               	rlf	??_LCD_Custom_Char,f
  1471     005E  3EFF               	addlw	-1
  1472     005F  1D03               	skipz
  1473     0060  285C               	goto	u2105
  1474     0061  1003               	clrc
  1475     0062  0D47               	rlf	??_LCD_Custom_Char,w
  1476     0063  3E40               	addlw	64
  1477     0064  390F               	andlw	15
  1478     0065  120A  118A  262D  120A  118A  	fcall	_LCD_Write
  1479     006A                     l2098:
  1480                           
  1481                           ;lcd.c: 158:         for(i = 0; i < 8; i++) {
  1482     006A  1283               	bcf	3,5	;RP0=0, select bank0
  1483     006B  1303               	bcf	3,6	;RP1=0, select bank0
  1484     006C  01CA               	clrf	LCD_Custom_Char@i
  1485     006D                     l2104:
  1486                           
  1487                           ;lcd.c: 159:             *(lcd.PORT) |= 1 << lcd.RS;
  1488     006D  083E               	movf	_lcd,w
  1489     006E  0084               	movwf	4
  1490     006F  1783               	bsf	3,7
  1491     0070  1C3F               	btfss	_lcd+1,0
  1492     0071  1383               	bcf	3,7
  1493     0072  3001               	movlw	1
  1494     0073  00C7               	movwf	??_LCD_Custom_Char
  1495     0074  0840               	movf	_lcd+2,w
  1496     0075  3907               	andlw	7
  1497     0076  3E01               	addlw	1
  1498     0077  287A               	goto	u2114
  1499     0078                     u2115:
  1500     0078  1003               	clrc
  1501     0079  0DC7               	rlf	??_LCD_Custom_Char,f
  1502     007A                     u2114:
  1503     007A  3EFF               	addlw	-1
  1504     007B  1D03               	skipz
  1505     007C  2878               	goto	u2115
  1506     007D  0847               	movf	??_LCD_Custom_Char,w
  1507     007E  0480               	iorwf	0,f
  1508     007F                     l2106:
  1509                           
  1510                           ;lcd.c: 160:             LCD_Out((bitmap[i] & 0xF0) >> 4);
  1511     007F  084A               	movf	LCD_Custom_Char@i,w
  1512     0080  0778               	addwf	LCD_Custom_Char@bitmap,w
  1513     0081  00C7               	movwf	??_LCD_Custom_Char
  1514     0082  0847               	movf	??_LCD_Custom_Char,w
  1515     0083  0084               	movwf	4
  1516     0084  1383               	bcf	3,7	;select IRP bank0
  1517     0085  0800               	movf	0,w
  1518     0086  00C8               	movwf	??_LCD_Custom_Char+1
  1519     0087  3004               	movlw	4
  1520     0088                     u2125:
  1521     0088  1003               	clrc
  1522     0089  0CC8               	rrf	??_LCD_Custom_Char+1,f
  1523     008A  3EFF               	addlw	-1
  1524     008B  1D03               	skipz
  1525     008C  2888               	goto	u2125
  1526     008D  0848               	movf	??_LCD_Custom_Char+1,w
  1527     008E  390F               	andlw	15
  1528     008F  120A  118A  22F7  120A  118A  	fcall	_LCD_Out
  1529     0094                     l2108:
  1530                           
  1531                           ;lcd.c: 162:             *(lcd.PORT) |= 1 << lcd.EN;
  1532     0094  1283               	bcf	3,5	;RP0=0, select bank0
  1533     0095  1303               	bcf	3,6	;RP1=0, select bank0
  1534     0096  083E               	movf	_lcd,w
  1535     0097  0084               	movwf	4
  1536     0098  1783               	bsf	3,7
  1537     0099  1C3F               	btfss	_lcd+1,0
  1538     009A  1383               	bcf	3,7
  1539     009B  3001               	movlw	1
  1540     009C  00C7               	movwf	??_LCD_Custom_Char
  1541     009D  0C40               	rrf	_lcd+2,w
  1542     009E  00C8               	movwf	??_LCD_Custom_Char+1
  1543     009F  0CC8               	rrf	??_LCD_Custom_Char+1,f
  1544     00A0  0C48               	rrf	??_LCD_Custom_Char+1,w
  1545     00A1  3907               	andlw	7
  1546     00A2  3E01               	addlw	1
  1547     00A3  28A6               	goto	u2134
  1548     00A4                     u2135:
  1549     00A4  1003               	clrc
  1550     00A5  0DC7               	rlf	??_LCD_Custom_Char,f
  1551     00A6                     u2134:
  1552     00A6  3EFF               	addlw	-1
  1553     00A7  1D03               	skipz
  1554     00A8  28A4               	goto	u2135
  1555     00A9  0847               	movf	??_LCD_Custom_Char,w
  1556     00AA  0480               	iorwf	0,f
  1557     00AB                     l2110:
  1558                           
  1559                           ;lcd.c: 163:             _delay((unsigned long)((40)*(8000000/4000000.0)));
  1560     00AB  3019               	movlw	25
  1561     00AC  1283               	bcf	3,5	;RP0=0, select bank0
  1562     00AD  1303               	bcf	3,6	;RP1=0, select bank0
  1563     00AE  00C7               	movwf	??_LCD_Custom_Char
  1564     00AF                     u2297:
  1565     00AF  0BC7               	decfsz	??_LCD_Custom_Char,f
  1566     00B0  28AF               	goto	u2297
  1567     00B1  28B2               	nop2
  1568     00B2                     l2112:
  1569                           
  1570                           ;lcd.c: 164:             *(lcd.PORT) &= ~(1 << lcd.EN);
  1571     00B2  1283               	bcf	3,5	;RP0=0, select bank0
  1572     00B3  1303               	bcf	3,6	;RP1=0, select bank0
  1573     00B4  083E               	movf	_lcd,w
  1574     00B5  0084               	movwf	4
  1575     00B6  1783               	bsf	3,7
  1576     00B7  1C3F               	btfss	_lcd+1,0
  1577     00B8  1383               	bcf	3,7
  1578     00B9  3001               	movlw	1
  1579     00BA  00C7               	movwf	??_LCD_Custom_Char
  1580     00BB  0C40               	rrf	_lcd+2,w
  1581     00BC  00C8               	movwf	??_LCD_Custom_Char+1
  1582     00BD  0CC8               	rrf	??_LCD_Custom_Char+1,f
  1583     00BE  0C48               	rrf	??_LCD_Custom_Char+1,w
  1584     00BF  3907               	andlw	7
  1585     00C0  3E01               	addlw	1
  1586     00C1  28C4               	goto	u2144
  1587     00C2                     u2145:
  1588     00C2  1003               	clrc
  1589     00C3  0DC7               	rlf	??_LCD_Custom_Char,f
  1590     00C4                     u2144:
  1591     00C4  3EFF               	addlw	-1
  1592     00C5  1D03               	skipz
  1593     00C6  28C2               	goto	u2145
  1594     00C7  0847               	movf	??_LCD_Custom_Char,w
  1595     00C8  3AFF               	xorlw	255
  1596     00C9  0580               	andwf	0,f
  1597     00CA                     l2114:
  1598                           
  1599                           ;lcd.c: 166:             LCD_Out(bitmap[i] & 0x0F);
  1600     00CA  084A               	movf	LCD_Custom_Char@i,w
  1601     00CB  0778               	addwf	LCD_Custom_Char@bitmap,w
  1602     00CC  00C7               	movwf	??_LCD_Custom_Char
  1603     00CD  0847               	movf	??_LCD_Custom_Char,w
  1604     00CE  0084               	movwf	4
  1605     00CF  1383               	bcf	3,7	;select IRP bank0
  1606     00D0  0800               	movf	0,w
  1607     00D1  390F               	andlw	15
  1608     00D2  120A  118A  22F7  120A  118A  	fcall	_LCD_Out
  1609     00D7                     l2116:
  1610                           
  1611                           ;lcd.c: 168:             *(lcd.PORT) |= 1 << lcd.EN;
  1612     00D7  1283               	bcf	3,5	;RP0=0, select bank0
  1613     00D8  1303               	bcf	3,6	;RP1=0, select bank0
  1614     00D9  083E               	movf	_lcd,w
  1615     00DA  0084               	movwf	4
  1616     00DB  1783               	bsf	3,7
  1617     00DC  1C3F               	btfss	_lcd+1,0
  1618     00DD  1383               	bcf	3,7
  1619     00DE  3001               	movlw	1
  1620     00DF  00C7               	movwf	??_LCD_Custom_Char
  1621     00E0  0C40               	rrf	_lcd+2,w
  1622     00E1  00C8               	movwf	??_LCD_Custom_Char+1
  1623     00E2  0CC8               	rrf	??_LCD_Custom_Char+1,f
  1624     00E3  0C48               	rrf	??_LCD_Custom_Char+1,w
  1625     00E4  3907               	andlw	7
  1626     00E5  3E01               	addlw	1
  1627     00E6  28E9               	goto	u2154
  1628     00E7                     u2155:
  1629     00E7  1003               	clrc
  1630     00E8  0DC7               	rlf	??_LCD_Custom_Char,f
  1631     00E9                     u2154:
  1632     00E9  3EFF               	addlw	-1
  1633     00EA  1D03               	skipz
  1634     00EB  28E7               	goto	u2155
  1635     00EC  0847               	movf	??_LCD_Custom_Char,w
  1636     00ED  0480               	iorwf	0,f
  1637                           
  1638                           ;lcd.c: 169:             _delay((unsigned long)((40)*(8000000/4000000.0)));
  1639     00EE  3019               	movlw	25
  1640     00EF  1283               	bcf	3,5	;RP0=0, select bank0
  1641     00F0  1303               	bcf	3,6	;RP1=0, select bank0
  1642     00F1  00C7               	movwf	??_LCD_Custom_Char
  1643     00F2                     u2307:
  1644     00F2  0BC7               	decfsz	??_LCD_Custom_Char,f
  1645     00F3  28F2               	goto	u2307
  1646     00F4  28F5               	nop2
  1647     00F5                     l2118:
  1648                           
  1649                           ;lcd.c: 170:             *(lcd.PORT) &= ~(1 << lcd.EN);
  1650     00F5  1283               	bcf	3,5	;RP0=0, select bank0
  1651     00F6  1303               	bcf	3,6	;RP1=0, select bank0
  1652     00F7  083E               	movf	_lcd,w
  1653     00F8  0084               	movwf	4
  1654     00F9  1783               	bsf	3,7
  1655     00FA  1C3F               	btfss	_lcd+1,0
  1656     00FB  1383               	bcf	3,7
  1657     00FC  3001               	movlw	1
  1658     00FD  00C7               	movwf	??_LCD_Custom_Char
  1659     00FE  0C40               	rrf	_lcd+2,w
  1660     00FF  00C8               	movwf	??_LCD_Custom_Char+1
  1661     0100  0CC8               	rrf	??_LCD_Custom_Char+1,f
  1662     0101  0C48               	rrf	??_LCD_Custom_Char+1,w
  1663     0102  3907               	andlw	7
  1664     0103  3E01               	addlw	1
  1665     0104  2907               	goto	u2164
  1666     0105                     u2165:
  1667     0105  1003               	clrc
  1668     0106  0DC7               	rlf	??_LCD_Custom_Char,f
  1669     0107                     u2164:
  1670     0107  3EFF               	addlw	-1
  1671     0108  1D03               	skipz
  1672     0109  2905               	goto	u2165
  1673     010A  0847               	movf	??_LCD_Custom_Char,w
  1674     010B  3AFF               	xorlw	255
  1675     010C  0580               	andwf	0,f
  1676     010D                     l2120:
  1677                           
  1678                           ;lcd.c: 171:         }
  1679     010D  3001               	movlw	1
  1680     010E  07CA               	addwf	LCD_Custom_Char@i,f
  1681     010F                     l2122:
  1682     010F  3008               	movlw	8
  1683     0110  024A               	subwf	LCD_Custom_Char@i,w
  1684     0111  1C03               	skipc
  1685     0112  2914               	goto	u2171
  1686     0113  2915               	goto	u2170
  1687     0114                     u2171:
  1688     0114  286D               	goto	l2104
  1689     0115                     u2170:
  1690     0115                     l2124:
  1691     0115  3008               	movlw	8
  1692     0116  120A  118A  262D  120A  118A  	fcall	_LCD_Write
  1693     011B  3000               	movlw	0
  1694     011C  120A  118A  262D  120A  118A  	fcall	_LCD_Write
  1695     0121                     l77:
  1696     0121  0008               	return
  1697     0122                     __end_of_LCD_Custom_Char:
  1698                           
  1699                           	psect	text5
  1700     020F                     __ptext5:	
  1701 ;; *************** function _StateMachine_Update *****************
  1702 ;; Defined at:
  1703 ;;		line 170 in file "main.c"
  1704 ;; Parameters:    Size  Location     Type
  1705 ;;  event           1    wreg     enum E1777
  1706 ;; Auto vars:     Size  Location     Type
  1707 ;;  event           1    5[COMMON] enum E1777
  1708 ;; Return value:  Size  Location     Type
  1709 ;;                  1    wreg      void 
  1710 ;; Registers used:
  1711 ;;		wreg, fsr0l, fsr0h, status,2, status,0, pclath, cstack
  1712 ;; Tracked objects:
  1713 ;;		On entry : 0/0
  1714 ;;		On exit  : 0/0
  1715 ;;		Unchanged: 0/0
  1716 ;; Data sizes:     COMMON   BANK0   BANK1   BANK3   BANK2
  1717 ;;      Params:         0       0       0       0       0
  1718 ;;      Locals:         1       0       0       0       0
  1719 ;;      Temps:          2       0       0       0       0
  1720 ;;      Totals:         3       0       0       0       0
  1721 ;;Total ram usage:        3 bytes
  1722 ;; Hardware stack levels used: 1
  1723 ;; Hardware stack levels required when called: 3
  1724 ;; This function calls:
  1725 ;;		_HasAnyRequest
  1726 ;;		_StateMachine_Goto
  1727 ;;		_StateMachine_StartNextRequest
  1728 ;; This function is called by:
  1729 ;;		_main
  1730 ;; This function uses a non-reentrant model
  1731 ;;
  1732                           
  1733     020F                     _StateMachine_Update:	
  1734                           ;psect for function _StateMachine_Update
  1735                           
  1736                           
  1737                           ;incstack = 0
  1738                           ; Regs used in _StateMachine_Update: [wreg-fsr0h+status,2+status,0+pclath+cstack]
  1739                           ;StateMachine_Update@event stored from wreg
  1740     020F  00F5               	movwf	StateMachine_Update@event
  1741     0210                     l1716:
  1742                           
  1743                           ;main.c: 170: void StateMachine_Update(Event_t event);main.c: 171: {;main.c: 172:     if
      +                          (event == EVENT_TIMER_TICK)
  1744     0210  3002               	movlw	2
  1745     0211  0675               	xorwf	StateMachine_Update@event,w
  1746     0212  1D03               	btfss	3,2
  1747     0213  2A15               	goto	u1501
  1748     0214  2A16               	goto	u1500
  1749     0215                     u1501:
  1750     0215  2AD5               	goto	l1792
  1751     0216                     u1500:
  1752     0216                     l1718:
  1753                           
  1754                           ;main.c: 173:     {;main.c: 174:         stateTickCounter++;
  1755     0216  3001               	movlw	1
  1756     0217  1283               	bcf	3,5	;RP0=0, select bank0
  1757     0218  1303               	bcf	3,6	;RP1=0, select bank0
  1758     0219  07C5               	addwf	_stateTickCounter,f
  1759     021A  2AD5               	goto	l1792
  1760     021B                     l1720:
  1761                           
  1762                           ;main.c: 180:             if(event == EVENT_FLOOR_REQUEST)
  1763     021B  0375               	decf	StateMachine_Update@event,w
  1764     021C  1D03               	btfss	3,2
  1765     021D  2A1F               	goto	u1511
  1766     021E  2A20               	goto	u1510
  1767     021F                     u1511:
  1768     021F  2AF6               	goto	l192
  1769     0220                     u1510:
  1770     0220                     l1722:
  1771                           
  1772                           ;main.c: 181:             {;main.c: 182:                 StateMachine_Goto(STATE_REQUEST
      +                          _RECEIVED);
  1773     0220  3001               	movlw	1
  1774     0221  120A  118A  24F6  120A  118A  	fcall	_StateMachine_Goto
  1775     0226                     l1724:
  1776                           
  1777                           ;main.c: 183:                 StateMachine_StartNextRequest();
  1778     0226  120A  118A  26C2  120A  118A  	fcall	_StateMachine_StartNextRequest
  1779     022B  2AF6               	goto	l192
  1780     022C                     l1728:
  1781                           
  1782                           ;main.c: 192:             if(event == EVENT_TIMER_TICK)
  1783     022C  3002               	movlw	2
  1784     022D  0675               	xorwf	StateMachine_Update@event,w
  1785     022E  1D03               	btfss	3,2
  1786     022F  2A31               	goto	u1521
  1787     0230  2A32               	goto	u1520
  1788     0231                     u1521:
  1789     0231  2AF6               	goto	l192
  1790     0232                     u1520:
  1791     0232                     l1730:
  1792                           
  1793                           ;main.c: 193:             {;main.c: 194:                 if(stateTickCounter >= 10)
  1794     0232  300A               	movlw	10
  1795     0233  0245               	subwf	_stateTickCounter,w
  1796     0234  1C03               	skipc
  1797     0235  2A37               	goto	u1531
  1798     0236  2A38               	goto	u1530
  1799     0237                     u1531:
  1800     0237  2AF6               	goto	l192
  1801     0238                     u1530:
  1802     0238                     l1732:
  1803                           
  1804                           ;main.c: 195:                 {;main.c: 196:                     stateTickCounter = 0;
  1805     0238  01C5               	clrf	_stateTickCounter
  1806     0239                     l1734:
  1807                           
  1808                           ;main.c: 197:                     currentFloor++;
  1809     0239  3001               	movlw	1
  1810     023A  07FB               	addwf	_currentFloor,f
  1811     023B                     l1736:
  1812                           
  1813                           ;main.c: 198:                     lcdNeedsUpdate = 1;
  1814     023B  3001               	movlw	1
  1815     023C  00A5               	movwf	_lcdNeedsUpdate
  1816     023D                     l1738:
  1817                           
  1818                           ;main.c: 200:                     if(currentFloor >= targetFloor || floorRequests[curren
      +                          tFloor])
  1819     023D  087A               	movf	_targetFloor,w
  1820     023E  027B               	subwf	_currentFloor,w
  1821     023F  1803               	skipnc
  1822     0240  2A42               	goto	u1541
  1823     0241  2A43               	goto	u1540
  1824     0242                     u1541:
  1825     0242  2A4C               	goto	l1742
  1826     0243                     u1540:
  1827     0243                     l1740:
  1828     0243  087B               	movf	_currentFloor,w
  1829     0244  3E37               	addlw	(low (_floorRequests| 0))& (0+255)
  1830     0245  0084               	movwf	4
  1831     0246  1383               	bcf	3,7	;select IRP bank0
  1832     0247  0800               	movf	0,w
  1833     0248  1903               	btfsc	3,2
  1834     0249  2A4B               	goto	u1551
  1835     024A  2A4C               	goto	u1550
  1836     024B                     u1551:
  1837     024B  2AF6               	goto	l192
  1838     024C                     u1550:
  1839     024C                     l1742:
  1840                           
  1841                           ;main.c: 201:                     {;main.c: 202:                         floorRequests[c
      +                          urrentFloor] = 0;
  1842     024C  087B               	movf	_currentFloor,w
  1843     024D  3E37               	addlw	(low (_floorRequests| 0))& (0+255)
  1844     024E  0084               	movwf	4
  1845     024F  1383               	bcf	3,7	;select IRP bank0
  1846     0250  0180               	clrf	0
  1847     0251                     l1744:
  1848                           
  1849                           ;main.c: 203:                         StateMachine_Goto(STATE_DOOR_OPENING);
  1850     0251  3004               	movlw	4
  1851     0252  120A  118A  24F6  120A  118A  	fcall	_StateMachine_Goto
  1852     0257  2AF6               	goto	l192
  1853     0258                     l1746:
  1854                           
  1855                           ;main.c: 210:             if(event == EVENT_TIMER_TICK)
  1856     0258  3002               	movlw	2
  1857     0259  0675               	xorwf	StateMachine_Update@event,w
  1858     025A  1D03               	btfss	3,2
  1859     025B  2A5D               	goto	u1561
  1860     025C  2A5E               	goto	u1560
  1861     025D                     u1561:
  1862     025D  2AF6               	goto	l192
  1863     025E                     u1560:
  1864     025E                     l1748:
  1865                           
  1866                           ;main.c: 211:             {;main.c: 212:                 if(stateTickCounter >= 10)
  1867     025E  300A               	movlw	10
  1868     025F  0245               	subwf	_stateTickCounter,w
  1869     0260  1C03               	skipc
  1870     0261  2A63               	goto	u1571
  1871     0262  2A64               	goto	u1570
  1872     0263                     u1571:
  1873     0263  2AF6               	goto	l192
  1874     0264                     u1570:
  1875     0264                     l1750:
  1876                           
  1877                           ;main.c: 213:                 {;main.c: 214:                     stateTickCounter = 0;
  1878     0264  01C5               	clrf	_stateTickCounter
  1879     0265                     l1752:
  1880                           
  1881                           ;main.c: 215:                     currentFloor--;
  1882     0265  3001               	movlw	1
  1883     0266  02FB               	subwf	_currentFloor,f
  1884     0267                     l1754:
  1885                           
  1886                           ;main.c: 216:                     lcdNeedsUpdate = 1;
  1887     0267  3001               	movlw	1
  1888     0268  00A5               	movwf	_lcdNeedsUpdate
  1889     0269                     l1756:
  1890                           
  1891                           ;main.c: 218:                     if(currentFloor <= targetFloor || floorRequests[curren
      +                          tFloor])
  1892     0269  087B               	movf	_currentFloor,w
  1893     026A  027A               	subwf	_targetFloor,w
  1894     026B  1803               	skipnc
  1895     026C  2A6E               	goto	u1581
  1896     026D  2A6F               	goto	u1580
  1897     026E                     u1581:
  1898     026E  2A78               	goto	l1760
  1899     026F                     u1580:
  1900     026F                     l1758:
  1901     026F  087B               	movf	_currentFloor,w
  1902     0270  3E37               	addlw	(low (_floorRequests| 0))& (0+255)
  1903     0271  0084               	movwf	4
  1904     0272  1383               	bcf	3,7	;select IRP bank0
  1905     0273  0800               	movf	0,w
  1906     0274  1903               	btfsc	3,2
  1907     0275  2A77               	goto	u1591
  1908     0276  2A78               	goto	u1590
  1909     0277                     u1591:
  1910     0277  2AF6               	goto	l192
  1911     0278                     u1590:
  1912     0278                     l1760:
  1913                           
  1914                           ;main.c: 219:                     {;main.c: 220:                         floorRequests[c
      +                          urrentFloor] = 0;
  1915     0278  087B               	movf	_currentFloor,w
  1916     0279  3E37               	addlw	(low (_floorRequests| 0))& (0+255)
  1917     027A  0084               	movwf	4
  1918     027B  1383               	bcf	3,7	;select IRP bank0
  1919     027C  0180               	clrf	0
  1920     027D                     l1762:
  1921                           
  1922                           ;main.c: 221:                         StateMachine_Goto(STATE_DOOR_OPENING);
  1923     027D  3004               	movlw	4
  1924     027E  120A  118A  24F6  120A  118A  	fcall	_StateMachine_Goto
  1925     0283  2AF6               	goto	l192
  1926     0284                     l1764:
  1927                           
  1928                           ;main.c: 228:             if(event == EVENT_TIMER_TICK)
  1929     0284  3002               	movlw	2
  1930     0285  0675               	xorwf	StateMachine_Update@event,w
  1931     0286  1D03               	btfss	3,2
  1932     0287  2A89               	goto	u1601
  1933     0288  2A8A               	goto	u1600
  1934     0289                     u1601:
  1935     0289  2AF6               	goto	l192
  1936     028A                     u1600:
  1937     028A                     l1766:
  1938                           
  1939                           ;main.c: 229:             {;main.c: 230:                 if(stateTickCounter >= 5)
  1940     028A  3005               	movlw	5
  1941     028B  0245               	subwf	_stateTickCounter,w
  1942     028C  1C03               	skipc
  1943     028D  2A8F               	goto	u1611
  1944     028E  2A90               	goto	u1610
  1945     028F                     u1611:
  1946     028F  2AF6               	goto	l192
  1947     0290                     u1610:
  1948     0290                     l1768:
  1949                           
  1950                           ;main.c: 231:                 {;main.c: 232:                     StateMachine_Goto(STATE
      +                          _DOOR_OPEN);
  1951     0290  3005               	movlw	5
  1952     0291  120A  118A  24F6  120A  118A  	fcall	_StateMachine_Goto
  1953     0296  2AF6               	goto	l192
  1954     0297                     l1770:
  1955                           
  1956                           ;main.c: 238:             if(event == EVENT_TIMER_TICK)
  1957     0297  3002               	movlw	2
  1958     0298  0675               	xorwf	StateMachine_Update@event,w
  1959     0299  1D03               	btfss	3,2
  1960     029A  2A9C               	goto	u1621
  1961     029B  2A9D               	goto	u1620
  1962     029C                     u1621:
  1963     029C  2AF6               	goto	l192
  1964     029D                     u1620:
  1965     029D                     l1772:
  1966                           
  1967                           ;main.c: 239:             {;main.c: 240:                 if(stateTickCounter >= 20)
  1968     029D  3014               	movlw	20
  1969     029E  0245               	subwf	_stateTickCounter,w
  1970     029F  1C03               	skipc
  1971     02A0  2AA2               	goto	u1631
  1972     02A1  2AA3               	goto	u1630
  1973     02A2                     u1631:
  1974     02A2  2AF6               	goto	l192
  1975     02A3                     u1630:
  1976     02A3                     l1774:
  1977                           
  1978                           ;main.c: 241:                 {;main.c: 242:                     StateMachine_Goto(STATE
      +                          _DOOR_CLOSING);
  1979     02A3  3006               	movlw	6
  1980     02A4  120A  118A  24F6  120A  118A  	fcall	_StateMachine_Goto
  1981     02A9  2AF6               	goto	l192
  1982     02AA                     l1776:
  1983                           
  1984                           ;main.c: 248:             if(event == EVENT_TIMER_TICK)
  1985     02AA  3002               	movlw	2
  1986     02AB  0675               	xorwf	StateMachine_Update@event,w
  1987     02AC  1D03               	btfss	3,2
  1988     02AD  2AAF               	goto	u1641
  1989     02AE  2AB0               	goto	u1640
  1990     02AF                     u1641:
  1991     02AF  2AF6               	goto	l192
  1992     02B0                     u1640:
  1993     02B0                     l1778:
  1994                           
  1995                           ;main.c: 249:             {;main.c: 250:                 if(stateTickCounter >= 5)
  1996     02B0  3005               	movlw	5
  1997     02B1  0245               	subwf	_stateTickCounter,w
  1998     02B2  1C03               	skipc
  1999     02B3  2AB5               	goto	u1651
  2000     02B4  2AB6               	goto	u1650
  2001     02B5                     u1651:
  2002     02B5  2AF6               	goto	l192
  2003     02B6                     u1650:
  2004     02B6                     l1780:
  2005                           
  2006                           ;main.c: 251:                 {;main.c: 252:                     if(HasAnyRequest())
  2007     02B6  120A  118A  27E2  120A  118A  	fcall	_HasAnyRequest
  2008     02BB  3A00               	xorlw	0
  2009     02BC  1903               	skipnz
  2010     02BD  2ABF               	goto	u1661
  2011     02BE  2AC0               	goto	u1660
  2012     02BF                     u1661:
  2013     02BF  2AC7               	goto	l1786
  2014     02C0                     u1660:
  2015     02C0                     l1782:
  2016                           
  2017                           ;main.c: 253:                     {;main.c: 254:                         StateMachine_Go
      +                          to(STATE_REQUEST_RECEIVED);
  2018     02C0  3001               	movlw	1
  2019     02C1  120A  118A  24F6  120A  118A  	fcall	_StateMachine_Goto
  2020     02C6  2A26               	goto	l1724
  2021     02C7                     l1786:
  2022                           
  2023                           ;main.c: 258:                     {;main.c: 259:                         StateMachine_Go
      +                          to(STATE_IDLE);
  2024     02C7  3000               	movlw	0
  2025     02C8  120A  118A  24F6  120A  118A  	fcall	_StateMachine_Goto
  2026     02CD  2AF6               	goto	l192
  2027     02CE                     l1788:
  2028                           
  2029                           ;main.c: 266:             StateMachine_Goto(STATE_IDLE);
  2030     02CE  3000               	movlw	0
  2031     02CF  120A  118A  24F6  120A  118A  	fcall	_StateMachine_Goto
  2032                           
  2033                           ;main.c: 267:             break;
  2034     02D4  2AF6               	goto	l192
  2035     02D5                     l1792:
  2036     02D5  1283               	bcf	3,5	;RP0=0, select bank0
  2037     02D6  1303               	bcf	3,6	;RP1=0, select bank0
  2038     02D7  0846               	movf	_currentState,w
  2039     02D8  00F3               	movwf	??_StateMachine_Update
  2040     02D9  01F4               	clrf	??_StateMachine_Update+1
  2041                           
  2042                           ; Switch on 2 bytes has been partitioned into a top level switch of size 1, and 1 sub-sw
      +                          itches
  2043                           ; Switch size 1, requested type "simple"
  2044                           ; Number of cases is 1, Range of values is 0 to 0
  2045                           ; switch strategies available:
  2046                           ; Name         Instructions Cycles
  2047                           ; simple_byte            4     3 (average)
  2048                           ; direct_byte           11     8 (fixed)
  2049                           ; jumptable            260     6 (fixed)
  2050                           ;	Chosen strategy is simple_byte
  2051     02DA  0874               	movf	??_StateMachine_Update+1,w
  2052     02DB  3A00               	xorlw	0	; case 0
  2053     02DC  1903               	skipnz
  2054     02DD  2ADF               	goto	l2282
  2055     02DE  2ACE               	goto	l1788
  2056     02DF                     l2282:
  2057                           
  2058                           ; Switch size 1, requested type "simple"
  2059                           ; Number of cases is 7, Range of values is 0 to 6
  2060                           ; switch strategies available:
  2061                           ; Name         Instructions Cycles
  2062                           ; simple_byte           22    12 (average)
  2063                           ; direct_byte           29     8 (fixed)
  2064                           ; jumptable            260     6 (fixed)
  2065                           ;	Chosen strategy is simple_byte
  2066     02DF  0873               	movf	??_StateMachine_Update,w
  2067     02E0  3A00               	xorlw	0	; case 0
  2068     02E1  1903               	skipnz
  2069     02E2  2A1B               	goto	l1720
  2070     02E3  3A01               	xorlw	1	; case 1
  2071     02E4  1903               	skipnz
  2072     02E5  2A26               	goto	l1724
  2073     02E6  3A03               	xorlw	3	; case 2
  2074     02E7  1903               	skipnz
  2075     02E8  2A2C               	goto	l1728
  2076     02E9  3A01               	xorlw	1	; case 3
  2077     02EA  1903               	skipnz
  2078     02EB  2A58               	goto	l1746
  2079     02EC  3A07               	xorlw	7	; case 4
  2080     02ED  1903               	skipnz
  2081     02EE  2A84               	goto	l1764
  2082     02EF  3A01               	xorlw	1	; case 5
  2083     02F0  1903               	skipnz
  2084     02F1  2A97               	goto	l1770
  2085     02F2  3A03               	xorlw	3	; case 6
  2086     02F3  1903               	skipnz
  2087     02F4  2AAA               	goto	l1776
  2088     02F5  2ACE               	goto	l1788
  2089     02F6                     l192:
  2090     02F6  0008               	return
  2091     02F7                     __end_of_StateMachine_Update:
  2092                           
  2093                           	psect	text6
  2094     06C2                     __ptext6:	
  2095 ;; *************** function _StateMachine_StartNextRequest *****************
  2096 ;; Defined at:
  2097 ;;		line 483 in file "main.c"
  2098 ;; Parameters:    Size  Location     Type
  2099 ;;		None
  2100 ;; Auto vars:     Size  Location     Type
  2101 ;;		None
  2102 ;; Return value:  Size  Location     Type
  2103 ;;                  1    wreg      void 
  2104 ;; Registers used:
  2105 ;;		wreg, fsr0l, fsr0h, status,2, status,0, pclath, cstack
  2106 ;; Tracked objects:
  2107 ;;		On entry : 0/0
  2108 ;;		On exit  : 0/0
  2109 ;;		Unchanged: 0/0
  2110 ;; Data sizes:     COMMON   BANK0   BANK1   BANK3   BANK2
  2111 ;;      Params:         0       0       0       0       0
  2112 ;;      Locals:         0       0       0       0       0
  2113 ;;      Temps:          0       0       0       0       0
  2114 ;;      Totals:         0       0       0       0       0
  2115 ;;Total ram usage:        0 bytes
  2116 ;; Hardware stack levels used: 1
  2117 ;; Hardware stack levels required when called: 2
  2118 ;; This function calls:
  2119 ;;		_HasAnyRequest
  2120 ;;		_SelectNextFloor
  2121 ;;		_StateMachine_Goto
  2122 ;; This function is called by:
  2123 ;;		_StateMachine_Update
  2124 ;; This function uses a non-reentrant model
  2125 ;;
  2126                           
  2127     06C2                     _StateMachine_StartNextRequest:	
  2128                           ;psect for function _StateMachine_StartNextRequest
  2129                           
  2130     06C2                     l1666:	
  2131                           ;incstack = 0
  2132                           ; Regs used in _StateMachine_StartNextRequest: [wreg-fsr0h+status,2+status,0+pclath+csta
      +                          ck]
  2133                           
  2134                           
  2135                           ;main.c: 485:     if(!HasAnyRequest())
  2136     06C2  120A  118A  27E2  120A  118A  	fcall	_HasAnyRequest
  2137     06C7  3A00               	xorlw	0
  2138     06C8  1D03               	skipz
  2139     06C9  2ECB               	goto	u1421
  2140     06CA  2ECC               	goto	u1420
  2141     06CB                     u1421:
  2142     06CB  2ED3               	goto	l1672
  2143     06CC                     u1420:
  2144     06CC                     l1668:
  2145                           
  2146                           ;main.c: 486:     {;main.c: 487:         StateMachine_Goto(STATE_IDLE);
  2147     06CC  3000               	movlw	0
  2148     06CD  120A  118A  24F6  120A  118A  	fcall	_StateMachine_Goto
  2149     06D2  2EFE               	goto	l249
  2150     06D3                     l1672:
  2151                           
  2152                           ;main.c: 491:     targetFloor = SelectNextFloor();
  2153     06D3  120A  118A  2682  120A  118A  	fcall	_SelectNextFloor
  2154     06D8  00FA               	movwf	_targetFloor
  2155     06D9                     l1674:
  2156                           
  2157                           ;main.c: 493:     if(targetFloor > currentFloor)
  2158     06D9  087A               	movf	_targetFloor,w
  2159     06DA  027B               	subwf	_currentFloor,w
  2160     06DB  1803               	skipnc
  2161     06DC  2EDE               	goto	u1431
  2162     06DD  2EDF               	goto	u1430
  2163     06DE                     u1431:
  2164     06DE  2EE6               	goto	l1678
  2165     06DF                     u1430:
  2166     06DF                     l1676:
  2167                           
  2168                           ;main.c: 494:     {;main.c: 495:         StateMachine_Goto(STATE_MOVING_UP);
  2169     06DF  3002               	movlw	2
  2170     06E0  120A  118A  24F6  120A  118A  	fcall	_StateMachine_Goto
  2171                           
  2172                           ;main.c: 496:     }
  2173     06E5  2EFE               	goto	l249
  2174     06E6                     l1678:
  2175     06E6  087B               	movf	_currentFloor,w
  2176     06E7  027A               	subwf	_targetFloor,w
  2177     06E8  1803               	skipnc
  2178     06E9  2EEB               	goto	u1441
  2179     06EA  2EEC               	goto	u1440
  2180     06EB                     u1441:
  2181     06EB  2EF3               	goto	l1682
  2182     06EC                     u1440:
  2183     06EC                     l1680:
  2184                           
  2185                           ;main.c: 498:     {;main.c: 499:         StateMachine_Goto(STATE_MOVING_DOWN);
  2186     06EC  3003               	movlw	3
  2187     06ED  120A  118A  24F6  120A  118A  	fcall	_StateMachine_Goto
  2188                           
  2189                           ;main.c: 500:     }
  2190     06F2  2EFE               	goto	l249
  2191     06F3                     l1682:
  2192                           
  2193                           ;main.c: 502:     {;main.c: 503:         floorRequests[currentFloor] = 0;
  2194     06F3  087B               	movf	_currentFloor,w
  2195     06F4  3E37               	addlw	(low (_floorRequests| 0))& (0+255)
  2196     06F5  0084               	movwf	4
  2197     06F6  1383               	bcf	3,7	;select IRP bank0
  2198     06F7  0180               	clrf	0
  2199     06F8                     l1684:
  2200                           
  2201                           ;main.c: 504:         StateMachine_Goto(STATE_DOOR_OPENING);
  2202     06F8  3004               	movlw	4
  2203     06F9  120A  118A  24F6  120A  118A  	fcall	_StateMachine_Goto
  2204     06FE                     l249:
  2205     06FE  0008               	return
  2206     06FF                     __end_of_StateMachine_StartNextRequest:
  2207                           
  2208                           	psect	text7
  2209     04F6                     __ptext7:	
  2210 ;; *************** function _StateMachine_Goto *****************
  2211 ;; Defined at:
  2212 ;;		line 476 in file "main.c"
  2213 ;; Parameters:    Size  Location     Type
  2214 ;;  nextState       1    wreg     enum E1768
  2215 ;; Auto vars:     Size  Location     Type
  2216 ;;  nextState       1    2[COMMON] enum E1768
  2217 ;; Return value:  Size  Location     Type
  2218 ;;                  1    wreg      void 
  2219 ;; Registers used:
  2220 ;;		wreg, status,2
  2221 ;; Tracked objects:
  2222 ;;		On entry : 0/0
  2223 ;;		On exit  : 0/0
  2224 ;;		Unchanged: 0/0
  2225 ;; Data sizes:     COMMON   BANK0   BANK1   BANK3   BANK2
  2226 ;;      Params:         0       0       0       0       0
  2227 ;;      Locals:         1       0       0       0       0
  2228 ;;      Temps:          0       0       0       0       0
  2229 ;;      Totals:         1       0       0       0       0
  2230 ;;Total ram usage:        1 bytes
  2231 ;; Hardware stack levels used: 1
  2232 ;; Hardware stack levels required when called: 1
  2233 ;; This function calls:
  2234 ;;		Nothing
  2235 ;; This function is called by:
  2236 ;;		_StateMachine_Update
  2237 ;;		_StateMachine_StartNextRequest
  2238 ;; This function uses a non-reentrant model
  2239 ;;
  2240                           
  2241     04F6                     _StateMachine_Goto:	
  2242                           ;psect for function _StateMachine_Goto
  2243                           
  2244                           
  2245                           ;incstack = 0
  2246                           ; Regs used in _StateMachine_Goto: [wreg+status,2]
  2247                           ;StateMachine_Goto@nextState stored from wreg
  2248     04F6  00F2               	movwf	StateMachine_Goto@nextState
  2249     04F7                     l1472:
  2250                           
  2251                           ;main.c: 476: void StateMachine_Goto(State_t nextState);main.c: 477: {;main.c: 478:     
      +                          currentState = nextState;
  2252     04F7  0872               	movf	StateMachine_Goto@nextState,w
  2253     04F8  1283               	bcf	3,5	;RP0=0, select bank0
  2254     04F9  1303               	bcf	3,6	;RP1=0, select bank0
  2255     04FA  00C6               	movwf	_currentState
  2256     04FB                     l1474:
  2257                           
  2258                           ;main.c: 479:     stateTickCounter = 0;
  2259     04FB  01C5               	clrf	_stateTickCounter
  2260     04FC                     l1476:
  2261                           
  2262                           ;main.c: 480:     lcdNeedsUpdate = 1;
  2263     04FC  3001               	movlw	1
  2264     04FD  00A5               	movwf	_lcdNeedsUpdate
  2265     04FE                     l245:
  2266     04FE  0008               	return
  2267     04FF                     __end_of_StateMachine_Goto:
  2268                           
  2269                           	psect	text8
  2270     0682                     __ptext8:	
  2271 ;; *************** function _SelectNextFloor *****************
  2272 ;; Defined at:
  2273 ;;		line 446 in file "main.c"
  2274 ;; Parameters:    Size  Location     Type
  2275 ;;		None
  2276 ;; Auto vars:     Size  Location     Type
  2277 ;;  floor           1    2[COMMON] unsigned char 
  2278 ;; Return value:  Size  Location     Type
  2279 ;;                  1    wreg      unsigned char 
  2280 ;; Registers used:
  2281 ;;		wreg, fsr0l, fsr0h, status,2, status,0
  2282 ;; Tracked objects:
  2283 ;;		On entry : 0/0
  2284 ;;		On exit  : 0/0
  2285 ;;		Unchanged: 0/0
  2286 ;; Data sizes:     COMMON   BANK0   BANK1   BANK3   BANK2
  2287 ;;      Params:         0       0       0       0       0
  2288 ;;      Locals:         1       0       0       0       0
  2289 ;;      Temps:          0       0       0       0       0
  2290 ;;      Totals:         1       0       0       0       0
  2291 ;;Total ram usage:        1 bytes
  2292 ;; Hardware stack levels used: 1
  2293 ;; Hardware stack levels required when called: 1
  2294 ;; This function calls:
  2295 ;;		Nothing
  2296 ;; This function is called by:
  2297 ;;		_StateMachine_StartNextRequest
  2298 ;; This function uses a non-reentrant model
  2299 ;;
  2300                           
  2301     0682                     _SelectNextFloor:	
  2302                           ;psect for function _SelectNextFloor
  2303                           
  2304     0682                     l1540:	
  2305                           ;incstack = 0
  2306                           ; Regs used in _SelectNextFloor: [wreg-fsr0h+status,2+status,0]
  2307                           
  2308                           
  2309                           ;main.c: 448:     unsigned char floor;;main.c: 450:     if(floorRequests[currentFloor])
  2310     0682  087B               	movf	_currentFloor,w
  2311     0683  3E37               	addlw	(low (_floorRequests| 0))& (0+255)
  2312     0684  0084               	movwf	4
  2313     0685  1383               	bcf	3,7	;select IRP bank0
  2314     0686  0800               	movf	0,w
  2315     0687  1903               	btfsc	3,2
  2316     0688  2E8A               	goto	u1201
  2317     0689  2E8B               	goto	u1200
  2318     068A                     u1201:
  2319     068A  2E8D               	goto	l1546
  2320     068B                     u1200:
  2321     068B                     l1542:
  2322                           
  2323                           ;main.c: 451:     {;main.c: 452:         return currentFloor;
  2324     068B  087B               	movf	_currentFloor,w
  2325     068C  2EC1               	goto	l236
  2326     068D                     l1546:
  2327                           
  2328                           ;main.c: 456:     for(floor = currentFloor + 1; floor <= 6; floor++)
  2329     068D  087B               	movf	_currentFloor,w
  2330     068E  3E01               	addlw	1
  2331     068F  00F2               	movwf	SelectNextFloor@floor
  2332     0690                     l1548:
  2333     0690  3007               	movlw	7
  2334     0691  0272               	subwf	SelectNextFloor@floor,w
  2335     0692  1C03               	skipc
  2336     0693  2E95               	goto	u1211
  2337     0694  2E96               	goto	u1210
  2338     0695                     u1211:
  2339     0695  2E97               	goto	l1552
  2340     0696                     u1210:
  2341     0696  2EA4               	goto	l1562
  2342     0697                     l1552:
  2343                           
  2344                           ;main.c: 457:     {;main.c: 458:         if(floorRequests[floor])
  2345     0697  0872               	movf	SelectNextFloor@floor,w
  2346     0698  3E37               	addlw	(low (_floorRequests| 0))& (0+255)
  2347     0699  0084               	movwf	4
  2348     069A  0800               	movf	0,w
  2349     069B  1903               	btfsc	3,2
  2350     069C  2E9E               	goto	u1221
  2351     069D  2E9F               	goto	u1220
  2352     069E                     u1221:
  2353     069E  2EA1               	goto	l1558
  2354     069F                     u1220:
  2355     069F                     l1554:
  2356                           
  2357                           ;main.c: 459:         {;main.c: 460:             return floor;
  2358     069F  0872               	movf	SelectNextFloor@floor,w
  2359     06A0  2EC1               	goto	l236
  2360     06A1                     l1558:
  2361                           
  2362                           ;main.c: 462:     }
  2363     06A1  3001               	movlw	1
  2364     06A2  07F2               	addwf	SelectNextFloor@floor,f
  2365     06A3  2E90               	goto	l1548
  2366     06A4                     l1562:
  2367                           
  2368                           ;main.c: 465:     for(floor = currentFloor; floor > 1; floor--)
  2369     06A4  087B               	movf	_currentFloor,w
  2370     06A5  00F2               	movwf	SelectNextFloor@floor
  2371     06A6  3002               	movlw	2
  2372     06A7  0272               	subwf	SelectNextFloor@floor,w
  2373     06A8  1803               	skipnc
  2374     06A9  2EAB               	goto	u1231
  2375     06AA  2EAC               	goto	u1230
  2376     06AB                     u1231:
  2377     06AB  2EAD               	goto	l1566
  2378     06AC                     u1230:
  2379     06AC  2E8B               	goto	l1542
  2380     06AD                     l1566:
  2381                           
  2382                           ;main.c: 466:     {;main.c: 467:         if(floorRequests[floor - 1])
  2383     06AD  0872               	movf	SelectNextFloor@floor,w
  2384     06AE  3E36               	addlw	(low ((_floorRequests| 0+-1)))& (0+255)
  2385     06AF  0084               	movwf	4
  2386     06B0  0800               	movf	0,w
  2387     06B1  1903               	btfsc	3,2
  2388     06B2  2EB4               	goto	u1241
  2389     06B3  2EB5               	goto	u1240
  2390     06B4                     u1241:
  2391     06B4  2EB8               	goto	l1572
  2392     06B5                     u1240:
  2393     06B5                     l1568:
  2394                           
  2395                           ;main.c: 468:         {;main.c: 469:             return floor - 1;
  2396     06B5  0872               	movf	SelectNextFloor@floor,w
  2397     06B6  3EFF               	addlw	255
  2398     06B7  2EC1               	goto	l236
  2399     06B8                     l1572:
  2400                           
  2401                           ;main.c: 471:     }
  2402     06B8  3001               	movlw	1
  2403     06B9  02F2               	subwf	SelectNextFloor@floor,f
  2404     06BA                     l1574:
  2405     06BA  3002               	movlw	2
  2406     06BB  0272               	subwf	SelectNextFloor@floor,w
  2407     06BC  1803               	skipnc
  2408     06BD  2EBF               	goto	u1251
  2409     06BE  2EC0               	goto	u1250
  2410     06BF                     u1251:
  2411     06BF  2EAD               	goto	l1566
  2412     06C0                     u1250:
  2413     06C0  2E8B               	goto	l1542
  2414     06C1                     l236:
  2415     06C1  0008               	return
  2416     06C2                     __end_of_SelectNextFloor:
  2417                           
  2418                           	psect	text9
  2419     0122                     __ptext9:	
  2420 ;; *************** function _Outputs_Update *****************
  2421 ;; Defined at:
  2422 ;;		line 509 in file "main.c"
  2423 ;; Parameters:    Size  Location     Type
  2424 ;;		None
  2425 ;; Auto vars:     Size  Location     Type
  2426 ;;  ledMask         1    9[COMMON] unsigned char 
  2427 ;; Return value:  Size  Location     Type
  2428 ;;                  1    wreg      void 
  2429 ;; Registers used:
  2430 ;;		wreg, fsr0l, fsr0h, status,2, status,0, pclath, cstack
  2431 ;; Tracked objects:
  2432 ;;		On entry : 0/0
  2433 ;;		On exit  : 0/0
  2434 ;;		Unchanged: 0/0
  2435 ;; Data sizes:     COMMON   BANK0   BANK1   BANK3   BANK2
  2436 ;;      Params:         0       0       0       0       0
  2437 ;;      Locals:         1       0       0       0       0
  2438 ;;      Temps:          0       2       0       0       0
  2439 ;;      Totals:         1       2       0       0       0
  2440 ;;Total ram usage:        3 bytes
  2441 ;; Hardware stack levels used: 1
  2442 ;; Hardware stack levels required when called: 3
  2443 ;; This function calls:
  2444 ;;		_HasAnyRequest
  2445 ;;		_LCD_Write
  2446 ;;		_LCD_putc
  2447 ;;		_LCD_putrs
  2448 ;; This function is called by:
  2449 ;;		_main
  2450 ;; This function uses a non-reentrant model
  2451 ;;
  2452                           
  2453     0122                     _Outputs_Update:	
  2454                           ;psect for function _Outputs_Update
  2455                           
  2456     0122                     l2148:	
  2457                           ;incstack = 0
  2458                           ; Regs used in _Outputs_Update: [wreg-fsr0h+status,2+status,0+pclath+cstack]
  2459                           
  2460                           
  2461                           ;main.c: 511:     unsigned char ledMask = 0x00;
  2462     0122  01F9               	clrf	Outputs_Update@ledMask
  2463     0123                     l2150:
  2464                           
  2465                           ;main.c: 514:     if(currentFloor >= 1 && currentFloor <= 6)
  2466     0123  087B               	movf	_currentFloor,w
  2467     0124  1903               	btfsc	3,2
  2468     0125  2927               	goto	u2181
  2469     0126  2928               	goto	u2180
  2470     0127                     u2181:
  2471     0127  293D               	goto	l2156
  2472     0128                     u2180:
  2473     0128                     l2152:
  2474     0128  3007               	movlw	7
  2475     0129  027B               	subwf	_currentFloor,w
  2476     012A  1803               	skipnc
  2477     012B  292D               	goto	u2191
  2478     012C  292E               	goto	u2190
  2479     012D                     u2191:
  2480     012D  293D               	goto	l2156
  2481     012E                     u2190:
  2482     012E                     l2154:
  2483                           
  2484                           ;main.c: 515:     {;main.c: 516:         ledMask = (unsigned char)(1u << (currentFloor -
      +                           1));
  2485     012E  3001               	movlw	1
  2486     012F  1283               	bcf	3,5	;RP0=0, select bank0
  2487     0130  1303               	bcf	3,6	;RP1=0, select bank0
  2488     0131  00C9               	movwf	??_Outputs_Update
  2489     0132  087B               	movf	_currentFloor,w
  2490     0133  3EFF               	addlw	-1
  2491     0134  3E01               	addlw	1
  2492     0135  2938               	goto	u2204
  2493     0136                     u2205:
  2494     0136  1003               	clrc
  2495     0137  0DC9               	rlf	??_Outputs_Update,f
  2496     0138                     u2204:
  2497     0138  3EFF               	addlw	-1
  2498     0139  1D03               	skipz
  2499     013A  2936               	goto	u2205
  2500     013B  0849               	movf	??_Outputs_Update,w
  2501     013C  00F9               	movwf	Outputs_Update@ledMask
  2502     013D                     l2156:
  2503                           
  2504                           ;main.c: 519:     PORTD = ledMask;
  2505     013D  0879               	movf	Outputs_Update@ledMask,w
  2506     013E  1283               	bcf	3,5	;RP0=0, select bank0
  2507     013F  1303               	bcf	3,6	;RP1=0, select bank0
  2508     0140  0088               	movwf	8	;volatile
  2509     0141                     l2158:
  2510                           
  2511                           ;main.c: 522:     if(!lcdNeedsUpdate)
  2512     0141  0825               	movf	_lcdNeedsUpdate,w
  2513     0142  1D03               	btfss	3,2
  2514     0143  2945               	goto	u2211
  2515     0144  2946               	goto	u2210
  2516     0145                     u2211:
  2517     0145  2947               	goto	l2162
  2518     0146                     u2210:
  2519     0146  2A0E               	goto	l258
  2520     0147                     l2162:
  2521                           
  2522                           ;main.c: 527:     lcdNeedsUpdate = 0;
  2523     0147  01A5               	clrf	_lcdNeedsUpdate
  2524     0148                     l2164:
  2525     0148  3000               	movlw	0
  2526     0149  120A  118A  262D  120A  118A  	fcall	_LCD_Write
  2527     014E                     l2166:
  2528     014E  3001               	movlw	1
  2529     014F  120A  118A  262D  120A  118A  	fcall	_LCD_Write
  2530     0154                     l2168:
  2531     0154  3008               	movlw	8
  2532     0155  120A  118A  262D  120A  118A  	fcall	_LCD_Write
  2533     015A                     l2170:
  2534     015A  3001               	movlw	1
  2535     015B  120A  118A  262D  120A  118A  	fcall	_LCD_Write
  2536     0160                     l277:
  2537                           
  2538                           ;main.c: 533:     LCD_putrs("Piso:");
  2539     0160  3062               	movlw	(low ((STR_1-__stringbase)| (0+32768)))& (0+255)
  2540     0161  00F8               	movwf	LCD_putrs@a
  2541     0162  120A  118A  26FF  120A  118A  	fcall	_LCD_putrs
  2542                           
  2543                           ;main.c: 534:     LCD_putc(currentFloor + '0');
  2544     0167  087B               	movf	_currentFloor,w
  2545     0168  3E30               	addlw	48
  2546     0169  120A  118A  2462  120A  118A  	fcall	_LCD_putc
  2547                           
  2548                           ;main.c: 536:     LCD_putrs(" Obj:");
  2549     016E  305C               	movlw	(low ((STR_2-__stringbase)| (0+32768)))& (0+255)
  2550     016F  00F8               	movwf	LCD_putrs@a
  2551     0170  120A  118A  26FF  120A  118A  	fcall	_LCD_putrs
  2552     0175                     l2178:
  2553                           
  2554                           ;main.c: 538:     if(currentState == STATE_IDLE && !HasAnyRequest())
  2555     0175  1283               	bcf	3,5	;RP0=0, select bank0
  2556     0176  1303               	bcf	3,6	;RP1=0, select bank0
  2557     0177  0846               	movf	_currentState,w
  2558     0178  1D03               	btfss	3,2
  2559     0179  297B               	goto	u2221
  2560     017A  297C               	goto	u2220
  2561     017B                     u2221:
  2562     017B  298D               	goto	l2184
  2563     017C                     u2220:
  2564     017C                     l2180:
  2565     017C  120A  118A  27E2  120A  118A  	fcall	_HasAnyRequest
  2566     0181  3A00               	xorlw	0
  2567     0182  1D03               	skipz
  2568     0183  2985               	goto	u2231
  2569     0184  2986               	goto	u2230
  2570     0185                     u2231:
  2571     0185  298D               	goto	l2184
  2572     0186                     u2230:
  2573     0186                     l2182:
  2574                           
  2575                           ;main.c: 539:     {;main.c: 540:         LCD_putc('-');
  2576     0186  302D               	movlw	45
  2577     0187  120A  118A  2462  120A  118A  	fcall	_LCD_putc
  2578                           
  2579                           ;main.c: 541:     }
  2580     018C  2994               	goto	l2188
  2581     018D                     l2184:
  2582                           
  2583                           ;main.c: 543:     {;main.c: 544:         LCD_putc(targetFloor + '0');
  2584     018D  087A               	movf	_targetFloor,w
  2585     018E  3E30               	addlw	48
  2586     018F  120A  118A  2462  120A  118A  	fcall	_LCD_putc
  2587     0194                     l2188:
  2588     0194  300C               	movlw	12
  2589     0195  120A  118A  262D  120A  118A  	fcall	_LCD_Write
  2590     019A  3001               	movlw	1
  2591     019B  120A  118A  262D  120A  118A  	fcall	_LCD_Write
  2592     01A0  29ED               	goto	l2212
  2593     01A1                     l2194:
  2594                           
  2595                           ;main.c: 553:             LCD_putrs("En espera");
  2596     01A1  302F               	movlw	(low ((STR_3-__stringbase)| (0+32768)))& (0+255)
  2597     01A2  00F8               	movwf	LCD_putrs@a
  2598     01A3  120A  118A  26FF  120A  118A  	fcall	_LCD_putrs
  2599                           
  2600                           ;main.c: 554:             break;
  2601     01A8  2A0E               	goto	l258
  2602     01A9                     l2196:
  2603                           
  2604                           ;main.c: 557:             LCD_putrs("Procesando");
  2605     01A9  3024               	movlw	(low ((STR_4-__stringbase)| (0+32768)))& (0+255)
  2606     01AA  00F8               	movwf	LCD_putrs@a
  2607     01AB  120A  118A  26FF  120A  118A  	fcall	_LCD_putrs
  2608                           
  2609                           ;main.c: 558:             break;
  2610     01B0  2A0E               	goto	l258
  2611     01B1                     l2198:
  2612                           
  2613                           ;main.c: 561:             LCD_putrs("Subiendo");
  2614     01B1  3042               	movlw	(low ((STR_5-__stringbase)| (0+32768)))& (0+255)
  2615     01B2  00F8               	movwf	LCD_putrs@a
  2616     01B3  120A  118A  26FF  120A  118A  	fcall	_LCD_putrs
  2617                           
  2618                           ;main.c: 562:             LCD_putc(0);
  2619     01B8  3000               	movlw	0
  2620     01B9  120A  118A  2462  120A  118A  	fcall	_LCD_putc
  2621                           
  2622                           ;main.c: 563:             break;
  2623     01BE  2A0E               	goto	l258
  2624     01BF                     l2200:
  2625                           
  2626                           ;main.c: 566:             LCD_putrs("Bajando");
  2627     01BF  3054               	movlw	(low ((STR_6-__stringbase)| (0+32768)))& (0+255)
  2628     01C0  00F8               	movwf	LCD_putrs@a
  2629     01C1  120A  118A  26FF  120A  118A  	fcall	_LCD_putrs
  2630                           
  2631                           ;main.c: 567:             LCD_putc(1);
  2632     01C6  3001               	movlw	1
  2633     01C7  120A  118A  2462  120A  118A  	fcall	_LCD_putc
  2634                           
  2635                           ;main.c: 568:             break;
  2636     01CC  2A0E               	goto	l258
  2637     01CD                     l2202:
  2638                           
  2639                           ;main.c: 571:             LCD_putrs("Abriendo");
  2640     01CD  304B               	movlw	(low ((STR_7-__stringbase)| (0+32768)))& (0+255)
  2641     01CE  00F8               	movwf	LCD_putrs@a
  2642     01CF  120A  118A  26FF  120A  118A  	fcall	_LCD_putrs
  2643                           
  2644                           ;main.c: 572:             break;
  2645     01D4  2A0E               	goto	l258
  2646     01D5                     l2204:
  2647                           
  2648                           ;main.c: 575:             LCD_putrs("Puerta abierta");
  2649     01D5  3015               	movlw	(low ((STR_8-__stringbase)| (0+32768)))& (0+255)
  2650     01D6  00F8               	movwf	LCD_putrs@a
  2651     01D7  120A  118A  26FF  120A  118A  	fcall	_LCD_putrs
  2652                           
  2653                           ;main.c: 576:             break;
  2654     01DC  2A0E               	goto	l258
  2655     01DD                     l2206:
  2656                           
  2657                           ;main.c: 579:             LCD_putrs("Cerrando");
  2658     01DD  3039               	movlw	(low ((STR_9-__stringbase)| (0+32768)))& (0+255)
  2659     01DE  00F8               	movwf	LCD_putrs@a
  2660     01DF  120A  118A  26FF  120A  118A  	fcall	_LCD_putrs
  2661                           
  2662                           ;main.c: 580:             break;
  2663     01E4  2A0E               	goto	l258
  2664     01E5                     l2208:
  2665                           
  2666                           ;main.c: 583:             LCD_putrs("Error");
  2667     01E5  3068               	movlw	(low ((STR_10-__stringbase)| (0+32768)))& (0+255)
  2668     01E6  00F8               	movwf	LCD_putrs@a
  2669     01E7  120A  118A  26FF  120A  118A  	fcall	_LCD_putrs
  2670                           
  2671                           ;main.c: 584:             break;
  2672     01EC  2A0E               	goto	l258
  2673     01ED                     l2212:
  2674     01ED  1283               	bcf	3,5	;RP0=0, select bank0
  2675     01EE  1303               	bcf	3,6	;RP1=0, select bank0
  2676     01EF  0846               	movf	_currentState,w
  2677     01F0  00C9               	movwf	??_Outputs_Update
  2678     01F1  01CA               	clrf	??_Outputs_Update+1
  2679                           
  2680                           ; Switch on 2 bytes has been partitioned into a top level switch of size 1, and 1 sub-sw
      +                          itches
  2681                           ; Switch size 1, requested type "simple"
  2682                           ; Number of cases is 1, Range of values is 0 to 0
  2683                           ; switch strategies available:
  2684                           ; Name         Instructions Cycles
  2685                           ; simple_byte            4     3 (average)
  2686                           ; direct_byte           11     8 (fixed)
  2687                           ; jumptable            260     6 (fixed)
  2688                           ;	Chosen strategy is simple_byte
  2689     01F2  084A               	movf	??_Outputs_Update+1,w
  2690     01F3  3A00               	xorlw	0	; case 0
  2691     01F4  1903               	skipnz
  2692     01F5  29F7               	goto	l2284
  2693     01F6  29E5               	goto	l2208
  2694     01F7                     l2284:
  2695                           
  2696                           ; Switch size 1, requested type "simple"
  2697                           ; Number of cases is 7, Range of values is 0 to 6
  2698                           ; switch strategies available:
  2699                           ; Name         Instructions Cycles
  2700                           ; simple_byte           22    12 (average)
  2701                           ; direct_byte           29     8 (fixed)
  2702                           ; jumptable            260     6 (fixed)
  2703                           ;	Chosen strategy is simple_byte
  2704     01F7  0849               	movf	??_Outputs_Update,w
  2705     01F8  3A00               	xorlw	0	; case 0
  2706     01F9  1903               	skipnz
  2707     01FA  29A1               	goto	l2194
  2708     01FB  3A01               	xorlw	1	; case 1
  2709     01FC  1903               	skipnz
  2710     01FD  29A9               	goto	l2196
  2711     01FE  3A03               	xorlw	3	; case 2
  2712     01FF  1903               	skipnz
  2713     0200  29B1               	goto	l2198
  2714     0201  3A01               	xorlw	1	; case 3
  2715     0202  1903               	skipnz
  2716     0203  29BF               	goto	l2200
  2717     0204  3A07               	xorlw	7	; case 4
  2718     0205  1903               	skipnz
  2719     0206  29CD               	goto	l2202
  2720     0207  3A01               	xorlw	1	; case 5
  2721     0208  1903               	skipnz
  2722     0209  29D5               	goto	l2204
  2723     020A  3A03               	xorlw	3	; case 6
  2724     020B  1903               	skipnz
  2725     020C  29DD               	goto	l2206
  2726     020D  29E5               	goto	l2208
  2727     020E                     l258:
  2728     020E  0008               	return
  2729     020F                     __end_of_Outputs_Update:
  2730                           
  2731                           	psect	text10
  2732     06FF                     __ptext10:	
  2733 ;; *************** function _LCD_putrs *****************
  2734 ;; Defined at:
  2735 ;;		line 142 in file "lcd.c"
  2736 ;; Parameters:    Size  Location     Type
  2737 ;;  a               1    8[COMMON] PTR const unsigned char 
  2738 ;;		 -> STR_10(6), STR_9(9), STR_8(15), STR_7(9), 
  2739 ;;		 -> STR_6(8), STR_5(9), STR_4(11), STR_3(10), 
  2740 ;;		 -> STR_2(6), STR_1(6), 
  2741 ;; Auto vars:     Size  Location     Type
  2742 ;;  i               2    0[BANK0 ] int 
  2743 ;; Return value:  Size  Location     Type
  2744 ;;                  1    wreg      void 
  2745 ;; Registers used:
  2746 ;;		wreg, fsr0l, fsr0h, status,2, status,0, pclath, cstack
  2747 ;; Tracked objects:
  2748 ;;		On entry : 0/0
  2749 ;;		On exit  : 0/0
  2750 ;;		Unchanged: 0/0
  2751 ;; Data sizes:     COMMON   BANK0   BANK1   BANK3   BANK2
  2752 ;;      Params:         1       0       0       0       0
  2753 ;;      Locals:         0       2       0       0       0
  2754 ;;      Temps:          0       0       0       0       0
  2755 ;;      Totals:         1       2       0       0       0
  2756 ;;Total ram usage:        3 bytes
  2757 ;; Hardware stack levels used: 1
  2758 ;; Hardware stack levels required when called: 2
  2759 ;; This function calls:
  2760 ;;		_LCD_putc
  2761 ;; This function is called by:
  2762 ;;		_Outputs_Update
  2763 ;; This function uses a non-reentrant model
  2764 ;;
  2765                           
  2766     06FF                     _LCD_putrs:	
  2767                           ;psect for function _LCD_putrs
  2768                           
  2769     06FF                     l2086:	
  2770                           ;incstack = 0
  2771                           ; Regs used in _LCD_putrs: [wreg-fsr0h+status,2+status,0+pclath+cstack]
  2772                           
  2773                           
  2774                           ;lcd.c: 144:     for ( int i = 0; a[i] != '\0'; ++i ) {
  2775     06FF  1283               	bcf	3,5	;RP0=0, select bank0
  2776     0700  1303               	bcf	3,6	;RP1=0, select bank0
  2777     0701  01C7               	clrf	LCD_putrs@i
  2778     0702  01C8               	clrf	LCD_putrs@i+1
  2779     0703  2F19               	goto	l2092
  2780     0704                     l2088:
  2781                           
  2782                           ;lcd.c: 145:         LCD_putc(a[i]);
  2783     0704  0847               	movf	LCD_putrs@i,w
  2784     0705  0778               	addwf	LCD_putrs@a,w
  2785     0706  0084               	movwf	4
  2786     0707  120A  118A  2500  120A  118A  	fcall	stringdir
  2787     070C  120A  118A  2462  120A  118A  	fcall	_LCD_putc
  2788     0711                     l2090:
  2789                           
  2790                           ;lcd.c: 146:     }
  2791     0711  3001               	movlw	1
  2792     0712  1283               	bcf	3,5	;RP0=0, select bank0
  2793     0713  1303               	bcf	3,6	;RP1=0, select bank0
  2794     0714  07C7               	addwf	LCD_putrs@i,f
  2795     0715  1803               	skipnc
  2796     0716  0AC8               	incf	LCD_putrs@i+1,f
  2797     0717  3000               	movlw	0
  2798     0718  07C8               	addwf	LCD_putrs@i+1,f
  2799     0719                     l2092:
  2800     0719  0847               	movf	LCD_putrs@i,w
  2801     071A  0778               	addwf	LCD_putrs@a,w
  2802     071B  0084               	movwf	4
  2803     071C  120A  118A  2500  120A  118A  	fcall	stringdir
  2804     0721  3A00               	xorlw	0
  2805     0722  1D03               	skipz
  2806     0723  2F25               	goto	u2061
  2807     0724  2F26               	goto	u2060
  2808     0725                     u2061:
  2809     0725  2F04               	goto	l2088
  2810     0726                     u2060:
  2811     0726                     l67:
  2812     0726  0008               	return
  2813     0727                     __end_of_LCD_putrs:
  2814                           
  2815                           	psect	text11
  2816     0462                     __ptext11:	
  2817 ;; *************** function _LCD_putc *****************
  2818 ;; Defined at:
  2819 ;;		line 117 in file "lcd.c"
  2820 ;; Parameters:    Size  Location     Type
  2821 ;;  c               1    wreg     unsigned char 
  2822 ;; Auto vars:     Size  Location     Type
  2823 ;;  c               1    7[COMMON] unsigned char 
  2824 ;; Return value:  Size  Location     Type
  2825 ;;                  1    wreg      void 
  2826 ;; Registers used:
  2827 ;;		wreg, fsr0l, fsr0h, status,2, status,0, pclath, cstack
  2828 ;; Tracked objects:
  2829 ;;		On entry : 0/0
  2830 ;;		On exit  : 0/0
  2831 ;;		Unchanged: 0/0
  2832 ;; Data sizes:     COMMON   BANK0   BANK1   BANK3   BANK2
  2833 ;;      Params:         0       0       0       0       0
  2834 ;;      Locals:         1       0       0       0       0
  2835 ;;      Temps:          2       0       0       0       0
  2836 ;;      Totals:         3       0       0       0       0
  2837 ;;Total ram usage:        3 bytes
  2838 ;; Hardware stack levels used: 1
  2839 ;; Hardware stack levels required when called: 1
  2840 ;; This function calls:
  2841 ;;		_LCD_Out
  2842 ;; This function is called by:
  2843 ;;		_LCD_putrs
  2844 ;;		_Outputs_Update
  2845 ;;		_LCD_puts
  2846 ;; This function uses a non-reentrant model
  2847 ;;
  2848                           
  2849     0462                     _LCD_putc:	
  2850                           ;psect for function _LCD_putc
  2851                           
  2852                           
  2853                           ;incstack = 0
  2854                           ; Regs used in _LCD_putc: [wreg-fsr0h+status,2+status,0+pclath+cstack]
  2855                           ;LCD_putc@c stored from wreg
  2856     0462  00F7               	movwf	LCD_putc@c
  2857     0463                     l2024:
  2858                           
  2859                           ;lcd.c: 119:    *(lcd.PORT) |= 1 << lcd.RS;
  2860     0463  1283               	bcf	3,5	;RP0=0, select bank0
  2861     0464  1303               	bcf	3,6	;RP1=0, select bank0
  2862     0465  083E               	movf	_lcd,w
  2863     0466  0084               	movwf	4
  2864     0467  1783               	bsf	3,7
  2865     0468  1C3F               	btfss	_lcd+1,0
  2866     0469  1383               	bcf	3,7
  2867     046A  3001               	movlw	1
  2868     046B  00F5               	movwf	??_LCD_putc
  2869     046C  0840               	movf	_lcd+2,w
  2870     046D  3907               	andlw	7
  2871     046E  3E01               	addlw	1
  2872     046F  2C72               	goto	u1964
  2873     0470                     u1965:
  2874     0470  1003               	clrc
  2875     0471  0DF5               	rlf	??_LCD_putc,f
  2876     0472                     u1964:
  2877     0472  3EFF               	addlw	-1
  2878     0473  1D03               	skipz
  2879     0474  2C70               	goto	u1965
  2880     0475  0875               	movf	??_LCD_putc,w
  2881     0476  0480               	iorwf	0,f
  2882     0477                     l2026:
  2883                           
  2884                           ;lcd.c: 120:     LCD_Out((c & 0xF0) >> 4);
  2885     0477  0877               	movf	LCD_putc@c,w
  2886     0478  00F5               	movwf	??_LCD_putc
  2887     0479  3004               	movlw	4
  2888     047A                     u1975:
  2889     047A  1003               	clrc
  2890     047B  0CF5               	rrf	??_LCD_putc,f
  2891     047C  3EFF               	addlw	-1
  2892     047D  1D03               	skipz
  2893     047E  2C7A               	goto	u1975
  2894     047F  0875               	movf	??_LCD_putc,w
  2895     0480  390F               	andlw	15
  2896     0481  120A  118A  22F7  120A  118A  	fcall	_LCD_Out
  2897     0486                     l2028:
  2898                           
  2899                           ;lcd.c: 122:     *(lcd.PORT) |= 1 << lcd.EN;
  2900     0486  1283               	bcf	3,5	;RP0=0, select bank0
  2901     0487  1303               	bcf	3,6	;RP1=0, select bank0
  2902     0488  083E               	movf	_lcd,w
  2903     0489  0084               	movwf	4
  2904     048A  1783               	bsf	3,7
  2905     048B  1C3F               	btfss	_lcd+1,0
  2906     048C  1383               	bcf	3,7
  2907     048D  3001               	movlw	1
  2908     048E  00F5               	movwf	??_LCD_putc
  2909     048F  0C40               	rrf	_lcd+2,w
  2910     0490  00F6               	movwf	??_LCD_putc+1
  2911     0491  0CF6               	rrf	??_LCD_putc+1,f
  2912     0492  0C76               	rrf	??_LCD_putc+1,w
  2913     0493  3907               	andlw	7
  2914     0494  3E01               	addlw	1
  2915     0495  2C98               	goto	u1984
  2916     0496                     u1985:
  2917     0496  1003               	clrc
  2918     0497  0DF5               	rlf	??_LCD_putc,f
  2919     0498                     u1984:
  2920     0498  3EFF               	addlw	-1
  2921     0499  1D03               	skipz
  2922     049A  2C96               	goto	u1985
  2923     049B  0875               	movf	??_LCD_putc,w
  2924     049C  0480               	iorwf	0,f
  2925     049D                     l2030:
  2926                           
  2927                           ;lcd.c: 123:     _delay((unsigned long)((40)*(8000000/4000000.0)));
  2928     049D  301A               	movlw	26
  2929     049E  00F5               	movwf	??_LCD_putc
  2930     049F                     u2317:
  2931     049F  0BF5               	decfsz	??_LCD_putc,f
  2932     04A0  2C9F               	goto	u2317
  2933     04A1  0000               	nop
  2934     04A2                     l2032:
  2935                           
  2936                           ;lcd.c: 124:     *(lcd.PORT) &= ~(1 << lcd.EN);
  2937     04A2  1283               	bcf	3,5	;RP0=0, select bank0
  2938     04A3  1303               	bcf	3,6	;RP1=0, select bank0
  2939     04A4  083E               	movf	_lcd,w
  2940     04A5  0084               	movwf	4
  2941     04A6  1783               	bsf	3,7
  2942     04A7  1C3F               	btfss	_lcd+1,0
  2943     04A8  1383               	bcf	3,7
  2944     04A9  3001               	movlw	1
  2945     04AA  00F5               	movwf	??_LCD_putc
  2946     04AB  0C40               	rrf	_lcd+2,w
  2947     04AC  00F6               	movwf	??_LCD_putc+1
  2948     04AD  0CF6               	rrf	??_LCD_putc+1,f
  2949     04AE  0C76               	rrf	??_LCD_putc+1,w
  2950     04AF  3907               	andlw	7
  2951     04B0  3E01               	addlw	1
  2952     04B1  2CB4               	goto	u1994
  2953     04B2                     u1995:
  2954     04B2  1003               	clrc
  2955     04B3  0DF5               	rlf	??_LCD_putc,f
  2956     04B4                     u1994:
  2957     04B4  3EFF               	addlw	-1
  2958     04B5  1D03               	skipz
  2959     04B6  2CB2               	goto	u1995
  2960     04B7  0875               	movf	??_LCD_putc,w
  2961     04B8  3AFF               	xorlw	255
  2962     04B9  0580               	andwf	0,f
  2963     04BA                     l2034:
  2964                           
  2965                           ;lcd.c: 126:     LCD_Out(c & 0x0F);
  2966     04BA  0877               	movf	LCD_putc@c,w
  2967     04BB  390F               	andlw	15
  2968     04BC  120A  118A  22F7  120A  118A  	fcall	_LCD_Out
  2969     04C1                     l2036:
  2970                           
  2971                           ;lcd.c: 128:     *(lcd.PORT) |= 1 << lcd.EN;
  2972     04C1  1283               	bcf	3,5	;RP0=0, select bank0
  2973     04C2  1303               	bcf	3,6	;RP1=0, select bank0
  2974     04C3  083E               	movf	_lcd,w
  2975     04C4  0084               	movwf	4
  2976     04C5  1783               	bsf	3,7
  2977     04C6  1C3F               	btfss	_lcd+1,0
  2978     04C7  1383               	bcf	3,7
  2979     04C8  3001               	movlw	1
  2980     04C9  00F5               	movwf	??_LCD_putc
  2981     04CA  0C40               	rrf	_lcd+2,w
  2982     04CB  00F6               	movwf	??_LCD_putc+1
  2983     04CC  0CF6               	rrf	??_LCD_putc+1,f
  2984     04CD  0C76               	rrf	??_LCD_putc+1,w
  2985     04CE  3907               	andlw	7
  2986     04CF  3E01               	addlw	1
  2987     04D0  2CD3               	goto	u2004
  2988     04D1                     u2005:
  2989     04D1  1003               	clrc
  2990     04D2  0DF5               	rlf	??_LCD_putc,f
  2991     04D3                     u2004:
  2992     04D3  3EFF               	addlw	-1
  2993     04D4  1D03               	skipz
  2994     04D5  2CD1               	goto	u2005
  2995     04D6  0875               	movf	??_LCD_putc,w
  2996     04D7  0480               	iorwf	0,f
  2997                           
  2998                           ;lcd.c: 129:     _delay((unsigned long)((40)*(8000000/4000000.0)));
  2999     04D8  301A               	movlw	26
  3000     04D9  00F5               	movwf	??_LCD_putc
  3001     04DA                     u2327:
  3002     04DA  0BF5               	decfsz	??_LCD_putc,f
  3003     04DB  2CDA               	goto	u2327
  3004     04DC  0000               	nop
  3005     04DD                     l2038:
  3006                           
  3007                           ;lcd.c: 130:     *(lcd.PORT) &= ~(1 << lcd.EN);
  3008     04DD  1283               	bcf	3,5	;RP0=0, select bank0
  3009     04DE  1303               	bcf	3,6	;RP1=0, select bank0
  3010     04DF  083E               	movf	_lcd,w
  3011     04E0  0084               	movwf	4
  3012     04E1  1783               	bsf	3,7
  3013     04E2  1C3F               	btfss	_lcd+1,0
  3014     04E3  1383               	bcf	3,7
  3015     04E4  3001               	movlw	1
  3016     04E5  00F5               	movwf	??_LCD_putc
  3017     04E6  0C40               	rrf	_lcd+2,w
  3018     04E7  00F6               	movwf	??_LCD_putc+1
  3019     04E8  0CF6               	rrf	??_LCD_putc+1,f
  3020     04E9  0C76               	rrf	??_LCD_putc+1,w
  3021     04EA  3907               	andlw	7
  3022     04EB  3E01               	addlw	1
  3023     04EC  2CEF               	goto	u2014
  3024     04ED                     u2015:
  3025     04ED  1003               	clrc
  3026     04EE  0DF5               	rlf	??_LCD_putc,f
  3027     04EF                     u2014:
  3028     04EF  3EFF               	addlw	-1
  3029     04F0  1D03               	skipz
  3030     04F1  2CED               	goto	u2015
  3031     04F2  0875               	movf	??_LCD_putc,w
  3032     04F3  3AFF               	xorlw	255
  3033     04F4  0580               	andwf	0,f
  3034     04F5                     l55:
  3035     04F5  0008               	return
  3036     04F6                     __end_of_LCD_putc:
  3037                           
  3038                           	psect	text12
  3039     062D                     __ptext12:	
  3040 ;; *************** function _LCD_Write *****************
  3041 ;; Defined at:
  3042 ;;		line 48 in file "lcd.c"
  3043 ;; Parameters:    Size  Location     Type
  3044 ;;  c               1    wreg     unsigned char 
  3045 ;; Auto vars:     Size  Location     Type
  3046 ;;  c               1    7[COMMON] unsigned char 
  3047 ;; Return value:  Size  Location     Type
  3048 ;;                  1    wreg      void 
  3049 ;; Registers used:
  3050 ;;		wreg, fsr0l, fsr0h, status,2, status,0, pclath, cstack
  3051 ;; Tracked objects:
  3052 ;;		On entry : 0/0
  3053 ;;		On exit  : 0/0
  3054 ;;		Unchanged: 0/0
  3055 ;; Data sizes:     COMMON   BANK0   BANK1   BANK3   BANK2
  3056 ;;      Params:         0       0       0       0       0
  3057 ;;      Locals:         1       0       0       0       0
  3058 ;;      Temps:          2       0       0       0       0
  3059 ;;      Totals:         3       0       0       0       0
  3060 ;;Total ram usage:        3 bytes
  3061 ;; Hardware stack levels used: 1
  3062 ;; Hardware stack levels required when called: 1
  3063 ;; This function calls:
  3064 ;;		_LCD_Out
  3065 ;; This function is called by:
  3066 ;;		_LCD_Init
  3067 ;;		_LCD_Custom_Char
  3068 ;;		_setup
  3069 ;;		_Outputs_Update
  3070 ;; This function uses a non-reentrant model
  3071 ;;
  3072                           
  3073     062D                     _LCD_Write:	
  3074                           ;psect for function _LCD_Write
  3075                           
  3076                           
  3077                           ;incstack = 0
  3078                           ; Regs used in _LCD_Write: [wreg-fsr0h+status,2+status,0+pclath+cstack]
  3079                           ;LCD_Write@c stored from wreg
  3080     062D  00F7               	movwf	LCD_Write@c
  3081     062E                     l2014:
  3082                           
  3083                           ;lcd.c: 50:     *(lcd.PORT) &= ~(1 << lcd.RS);
  3084     062E  1283               	bcf	3,5	;RP0=0, select bank0
  3085     062F  1303               	bcf	3,6	;RP1=0, select bank0
  3086     0630  083E               	movf	_lcd,w
  3087     0631  0084               	movwf	4
  3088     0632  1783               	bsf	3,7
  3089     0633  1C3F               	btfss	_lcd+1,0
  3090     0634  1383               	bcf	3,7
  3091     0635  3001               	movlw	1
  3092     0636  00F5               	movwf	??_LCD_Write
  3093     0637  0840               	movf	_lcd+2,w
  3094     0638  3907               	andlw	7
  3095     0639  3E01               	addlw	1
  3096     063A  2E3D               	goto	u1934
  3097     063B                     u1935:
  3098     063B  1003               	clrc
  3099     063C  0DF5               	rlf	??_LCD_Write,f
  3100     063D                     u1934:
  3101     063D  3EFF               	addlw	-1
  3102     063E  1D03               	skipz
  3103     063F  2E3B               	goto	u1935
  3104     0640  0875               	movf	??_LCD_Write,w
  3105     0641  3AFF               	xorlw	255
  3106     0642  0580               	andwf	0,f
  3107     0643                     l2016:
  3108                           
  3109                           ;lcd.c: 51:     LCD_Out(c);
  3110     0643  0877               	movf	LCD_Write@c,w
  3111     0644  120A  118A  22F7  120A  118A  	fcall	_LCD_Out
  3112     0649                     l2018:
  3113                           
  3114                           ;lcd.c: 53:     *(lcd.PORT) |= 1 << lcd.EN;
  3115     0649  1283               	bcf	3,5	;RP0=0, select bank0
  3116     064A  1303               	bcf	3,6	;RP1=0, select bank0
  3117     064B  083E               	movf	_lcd,w
  3118     064C  0084               	movwf	4
  3119     064D  1783               	bsf	3,7
  3120     064E  1C3F               	btfss	_lcd+1,0
  3121     064F  1383               	bcf	3,7
  3122     0650  3001               	movlw	1
  3123     0651  00F5               	movwf	??_LCD_Write
  3124     0652  0C40               	rrf	_lcd+2,w
  3125     0653  00F6               	movwf	??_LCD_Write+1
  3126     0654  0CF6               	rrf	??_LCD_Write+1,f
  3127     0655  0C76               	rrf	??_LCD_Write+1,w
  3128     0656  3907               	andlw	7
  3129     0657  3E01               	addlw	1
  3130     0658  2E5B               	goto	u1944
  3131     0659                     u1945:
  3132     0659  1003               	clrc
  3133     065A  0DF5               	rlf	??_LCD_Write,f
  3134     065B                     u1944:
  3135     065B  3EFF               	addlw	-1
  3136     065C  1D03               	skipz
  3137     065D  2E59               	goto	u1945
  3138     065E  0875               	movf	??_LCD_Write,w
  3139     065F  0480               	iorwf	0,f
  3140     0660                     l2020:
  3141                           
  3142                           ;lcd.c: 54:     _delay((unsigned long)((4)*(8000000/4000.0)));
  3143     0660  300B               	movlw	11
  3144     0661  00F6               	movwf	??_LCD_Write+1
  3145     0662  3062               	movlw	98
  3146     0663  00F5               	movwf	??_LCD_Write
  3147     0664                     u2337:
  3148     0664  0BF5               	decfsz	??_LCD_Write,f
  3149     0665  2E64               	goto	u2337
  3150     0666  0BF6               	decfsz	??_LCD_Write+1,f
  3151     0667  2E64               	goto	u2337
  3152     0668  0000               	nop
  3153     0669                     l2022:
  3154                           
  3155                           ;lcd.c: 55:     *(lcd.PORT) &= ~(1 << lcd.EN);
  3156     0669  1283               	bcf	3,5	;RP0=0, select bank0
  3157     066A  1303               	bcf	3,6	;RP1=0, select bank0
  3158     066B  083E               	movf	_lcd,w
  3159     066C  0084               	movwf	4
  3160     066D  1783               	bsf	3,7
  3161     066E  1C3F               	btfss	_lcd+1,0
  3162     066F  1383               	bcf	3,7
  3163     0670  3001               	movlw	1
  3164     0671  00F5               	movwf	??_LCD_Write
  3165     0672  0C40               	rrf	_lcd+2,w
  3166     0673  00F6               	movwf	??_LCD_Write+1
  3167     0674  0CF6               	rrf	??_LCD_Write+1,f
  3168     0675  0C76               	rrf	??_LCD_Write+1,w
  3169     0676  3907               	andlw	7
  3170     0677  3E01               	addlw	1
  3171     0678  2E7B               	goto	u1954
  3172     0679                     u1955:
  3173     0679  1003               	clrc
  3174     067A  0DF5               	rlf	??_LCD_Write,f
  3175     067B                     u1954:
  3176     067B  3EFF               	addlw	-1
  3177     067C  1D03               	skipz
  3178     067D  2E79               	goto	u1955
  3179     067E  0875               	movf	??_LCD_Write,w
  3180     067F  3AFF               	xorlw	255
  3181     0680  0580               	andwf	0,f
  3182     0681                     l30:
  3183     0681  0008               	return
  3184     0682                     __end_of_LCD_Write:
  3185                           
  3186                           	psect	text13
  3187     02F7                     __ptext13:	
  3188 ;; *************** function _LCD_Out *****************
  3189 ;; Defined at:
  3190 ;;		line 16 in file "lcd.c"
  3191 ;; Parameters:    Size  Location     Type
  3192 ;;  c               1    wreg     unsigned char 
  3193 ;; Auto vars:     Size  Location     Type
  3194 ;;  c               1    4[COMMON] unsigned char 
  3195 ;; Return value:  Size  Location     Type
  3196 ;;                  1    wreg      void 
  3197 ;; Registers used:
  3198 ;;		wreg, fsr0l, fsr0h, status,2, status,0
  3199 ;; Tracked objects:
  3200 ;;		On entry : 0/0
  3201 ;;		On exit  : 0/0
  3202 ;;		Unchanged: 0/0
  3203 ;; Data sizes:     COMMON   BANK0   BANK1   BANK3   BANK2
  3204 ;;      Params:         0       0       0       0       0
  3205 ;;      Locals:         1       0       0       0       0
  3206 ;;      Temps:          2       0       0       0       0
  3207 ;;      Totals:         3       0       0       0       0
  3208 ;;Total ram usage:        3 bytes
  3209 ;; Hardware stack levels used: 1
  3210 ;; Hardware stack levels required when called: 1
  3211 ;; This function calls:
  3212 ;;		Nothing
  3213 ;; This function is called by:
  3214 ;;		_LCD_Write
  3215 ;;		_LCD_putc
  3216 ;;		_LCD_Custom_Char
  3217 ;; This function uses a non-reentrant model
  3218 ;;
  3219                           
  3220     02F7                     _LCD_Out:	
  3221                           ;psect for function _LCD_Out
  3222                           
  3223                           
  3224                           ;incstack = 0
  3225                           ; Regs used in _LCD_Out: [wreg-fsr0h+status,2+status,0]
  3226                           ;LCD_Out@c stored from wreg
  3227     02F7  00F4               	movwf	LCD_Out@c
  3228     02F8                     l1990:
  3229                           
  3230                           ;lcd.c: 18:     if ( c & 1 ){
  3231     02F8  1C74               	btfss	LCD_Out@c,0
  3232     02F9  2AFB               	goto	u1811
  3233     02FA  2AFC               	goto	u1810
  3234     02FB                     u1811:
  3235     02FB  2B11               	goto	l1994
  3236     02FC                     u1810:
  3237     02FC                     l1992:
  3238                           
  3239                           ;lcd.c: 19:         *(lcd.PORT) |= 1 << lcd.D4;
  3240     02FC  1283               	bcf	3,5	;RP0=0, select bank0
  3241     02FD  1303               	bcf	3,6	;RP1=0, select bank0
  3242     02FE  083E               	movf	_lcd,w
  3243     02FF  0084               	movwf	4
  3244     0300  1783               	bsf	3,7
  3245     0301  1C3F               	btfss	_lcd+1,0
  3246     0302  1383               	bcf	3,7
  3247     0303  3001               	movlw	1
  3248     0304  00F2               	movwf	??_LCD_Out
  3249     0305  0841               	movf	_lcd+3,w
  3250     0306  3907               	andlw	7
  3251     0307  3E01               	addlw	1
  3252     0308  2B0B               	goto	u1824
  3253     0309                     u1825:
  3254     0309  1003               	clrc
  3255     030A  0DF2               	rlf	??_LCD_Out,f
  3256     030B                     u1824:
  3257     030B  3EFF               	addlw	-1
  3258     030C  1D03               	skipz
  3259     030D  2B09               	goto	u1825
  3260     030E  0872               	movf	??_LCD_Out,w
  3261     030F  0480               	iorwf	0,f
  3262                           
  3263                           ;lcd.c: 20:     }
  3264     0310  2B26               	goto	l1996
  3265     0311                     l1994:
  3266                           
  3267                           ;lcd.c: 22:          *(lcd.PORT) &= ~(1 << lcd.D4);
  3268     0311  1283               	bcf	3,5	;RP0=0, select bank0
  3269     0312  1303               	bcf	3,6	;RP1=0, select bank0
  3270     0313  083E               	movf	_lcd,w
  3271     0314  0084               	movwf	4
  3272     0315  1783               	bsf	3,7
  3273     0316  1C3F               	btfss	_lcd+1,0
  3274     0317  1383               	bcf	3,7
  3275     0318  3001               	movlw	1
  3276     0319  00F2               	movwf	??_LCD_Out
  3277     031A  0841               	movf	_lcd+3,w
  3278     031B  3907               	andlw	7
  3279     031C  3E01               	addlw	1
  3280     031D  2B20               	goto	u1834
  3281     031E                     u1835:
  3282     031E  1003               	clrc
  3283     031F  0DF2               	rlf	??_LCD_Out,f
  3284     0320                     u1834:
  3285     0320  3EFF               	addlw	-1
  3286     0321  1D03               	skipz
  3287     0322  2B1E               	goto	u1835
  3288     0323  0872               	movf	??_LCD_Out,w
  3289     0324  3AFF               	xorlw	255
  3290     0325  0580               	andwf	0,f
  3291     0326                     l1996:
  3292                           
  3293                           ;lcd.c: 25:     if ( c & 2 ) {
  3294     0326  1CF4               	btfss	LCD_Out@c,1
  3295     0327  2B29               	goto	u1841
  3296     0328  2B2A               	goto	u1840
  3297     0329                     u1841:
  3298     0329  2B40               	goto	l2000
  3299     032A                     u1840:
  3300     032A                     l1998:
  3301                           
  3302                           ;lcd.c: 26:         *(lcd.PORT) |= 1 << lcd.D5;
  3303     032A  083E               	movf	_lcd,w
  3304     032B  0084               	movwf	4
  3305     032C  1783               	bsf	3,7
  3306     032D  1C3F               	btfss	_lcd+1,0
  3307     032E  1383               	bcf	3,7
  3308     032F  3001               	movlw	1
  3309     0330  00F2               	movwf	??_LCD_Out
  3310     0331  0C41               	rrf	_lcd+3,w
  3311     0332  00F3               	movwf	??_LCD_Out+1
  3312     0333  0CF3               	rrf	??_LCD_Out+1,f
  3313     0334  0C73               	rrf	??_LCD_Out+1,w
  3314     0335  3907               	andlw	7
  3315     0336  3E01               	addlw	1
  3316     0337  2B3A               	goto	u1854
  3317     0338                     u1855:
  3318     0338  1003               	clrc
  3319     0339  0DF2               	rlf	??_LCD_Out,f
  3320     033A                     u1854:
  3321     033A  3EFF               	addlw	-1
  3322     033B  1D03               	skipz
  3323     033C  2B38               	goto	u1855
  3324     033D  0872               	movf	??_LCD_Out,w
  3325     033E  0480               	iorwf	0,f
  3326                           
  3327                           ;lcd.c: 27:     }
  3328     033F  2B56               	goto	l2002
  3329     0340                     l2000:
  3330                           
  3331                           ;lcd.c: 29:         *(lcd.PORT) &= ~(1 << lcd.D5);
  3332     0340  083E               	movf	_lcd,w
  3333     0341  0084               	movwf	4
  3334     0342  1783               	bsf	3,7
  3335     0343  1C3F               	btfss	_lcd+1,0
  3336     0344  1383               	bcf	3,7
  3337     0345  3001               	movlw	1
  3338     0346  00F2               	movwf	??_LCD_Out
  3339     0347  0C41               	rrf	_lcd+3,w
  3340     0348  00F3               	movwf	??_LCD_Out+1
  3341     0349  0CF3               	rrf	??_LCD_Out+1,f
  3342     034A  0C73               	rrf	??_LCD_Out+1,w
  3343     034B  3907               	andlw	7
  3344     034C  3E01               	addlw	1
  3345     034D  2B50               	goto	u1864
  3346     034E                     u1865:
  3347     034E  1003               	clrc
  3348     034F  0DF2               	rlf	??_LCD_Out,f
  3349     0350                     u1864:
  3350     0350  3EFF               	addlw	-1
  3351     0351  1D03               	skipz
  3352     0352  2B4E               	goto	u1865
  3353     0353  0872               	movf	??_LCD_Out,w
  3354     0354  3AFF               	xorlw	255
  3355     0355  0580               	andwf	0,f
  3356     0356                     l2002:
  3357                           
  3358                           ;lcd.c: 32:     if ( c & 4 ) {
  3359     0356  1D74               	btfss	LCD_Out@c,2
  3360     0357  2B59               	goto	u1871
  3361     0358  2B5A               	goto	u1870
  3362     0359                     u1871:
  3363     0359  2B6D               	goto	l2006
  3364     035A                     u1870:
  3365     035A                     l2004:
  3366                           
  3367                           ;lcd.c: 33:         *(lcd.PORT) |= 1 << lcd.D6;
  3368     035A  083E               	movf	_lcd,w
  3369     035B  0084               	movwf	4
  3370     035C  1783               	bsf	3,7
  3371     035D  1C3F               	btfss	_lcd+1,0
  3372     035E  1383               	bcf	3,7
  3373     035F  3001               	movlw	1
  3374     0360  00F2               	movwf	??_LCD_Out
  3375     0361  0842               	movf	_lcd+4,w
  3376     0362  3907               	andlw	7
  3377     0363  3E01               	addlw	1
  3378     0364  2B67               	goto	u1884
  3379     0365                     u1885:
  3380     0365  1003               	clrc
  3381     0366  0DF2               	rlf	??_LCD_Out,f
  3382     0367                     u1884:
  3383     0367  3EFF               	addlw	-1
  3384     0368  1D03               	skipz
  3385     0369  2B65               	goto	u1885
  3386     036A  0872               	movf	??_LCD_Out,w
  3387     036B  0480               	iorwf	0,f
  3388                           
  3389                           ;lcd.c: 34:     }
  3390     036C  2B80               	goto	l2008
  3391     036D                     l2006:
  3392                           
  3393                           ;lcd.c: 36:         *(lcd.PORT) &= ~(1 << lcd.D6);
  3394     036D  083E               	movf	_lcd,w
  3395     036E  0084               	movwf	4
  3396     036F  1783               	bsf	3,7
  3397     0370  1C3F               	btfss	_lcd+1,0
  3398     0371  1383               	bcf	3,7
  3399     0372  3001               	movlw	1
  3400     0373  00F2               	movwf	??_LCD_Out
  3401     0374  0842               	movf	_lcd+4,w
  3402     0375  3907               	andlw	7
  3403     0376  3E01               	addlw	1
  3404     0377  2B7A               	goto	u1894
  3405     0378                     u1895:
  3406     0378  1003               	clrc
  3407     0379  0DF2               	rlf	??_LCD_Out,f
  3408     037A                     u1894:
  3409     037A  3EFF               	addlw	-1
  3410     037B  1D03               	skipz
  3411     037C  2B78               	goto	u1895
  3412     037D  0872               	movf	??_LCD_Out,w
  3413     037E  3AFF               	xorlw	255
  3414     037F  0580               	andwf	0,f
  3415     0380                     l2008:
  3416                           
  3417                           ;lcd.c: 39:     if ( c & 8 ) {
  3418     0380  1DF4               	btfss	LCD_Out@c,3
  3419     0381  2B83               	goto	u1901
  3420     0382  2B84               	goto	u1900
  3421     0383                     u1901:
  3422     0383  2B9A               	goto	l2012
  3423     0384                     u1900:
  3424     0384                     l2010:
  3425                           
  3426                           ;lcd.c: 40:          *(lcd.PORT) |= 1 << lcd.D7;
  3427     0384  083E               	movf	_lcd,w
  3428     0385  0084               	movwf	4
  3429     0386  1783               	bsf	3,7
  3430     0387  1C3F               	btfss	_lcd+1,0
  3431     0388  1383               	bcf	3,7
  3432     0389  3001               	movlw	1
  3433     038A  00F2               	movwf	??_LCD_Out
  3434     038B  0C42               	rrf	_lcd+4,w
  3435     038C  00F3               	movwf	??_LCD_Out+1
  3436     038D  0CF3               	rrf	??_LCD_Out+1,f
  3437     038E  0C73               	rrf	??_LCD_Out+1,w
  3438     038F  3907               	andlw	7
  3439     0390  3E01               	addlw	1
  3440     0391  2B94               	goto	u1914
  3441     0392                     u1915:
  3442     0392  1003               	clrc
  3443     0393  0DF2               	rlf	??_LCD_Out,f
  3444     0394                     u1914:
  3445     0394  3EFF               	addlw	-1
  3446     0395  1D03               	skipz
  3447     0396  2B92               	goto	u1915
  3448     0397  0872               	movf	??_LCD_Out,w
  3449     0398  0480               	iorwf	0,f
  3450                           
  3451                           ;lcd.c: 41:     }
  3452     0399  2BB0               	goto	l27
  3453     039A                     l2012:
  3454                           
  3455                           ;lcd.c: 43:          *(lcd.PORT) &= ~(1 << lcd.D7);
  3456     039A  083E               	movf	_lcd,w
  3457     039B  0084               	movwf	4
  3458     039C  1783               	bsf	3,7
  3459     039D  1C3F               	btfss	_lcd+1,0
  3460     039E  1383               	bcf	3,7
  3461     039F  3001               	movlw	1
  3462     03A0  00F2               	movwf	??_LCD_Out
  3463     03A1  0C42               	rrf	_lcd+4,w
  3464     03A2  00F3               	movwf	??_LCD_Out+1
  3465     03A3  0CF3               	rrf	??_LCD_Out+1,f
  3466     03A4  0C73               	rrf	??_LCD_Out+1,w
  3467     03A5  3907               	andlw	7
  3468     03A6  3E01               	addlw	1
  3469     03A7  2BAA               	goto	u1924
  3470     03A8                     u1925:
  3471     03A8  1003               	clrc
  3472     03A9  0DF2               	rlf	??_LCD_Out,f
  3473     03AA                     u1924:
  3474     03AA  3EFF               	addlw	-1
  3475     03AB  1D03               	skipz
  3476     03AC  2BA8               	goto	u1925
  3477     03AD  0872               	movf	??_LCD_Out,w
  3478     03AE  3AFF               	xorlw	255
  3479     03AF  0580               	andwf	0,f
  3480     03B0                     l27:
  3481     03B0  0008               	return
  3482     03B1                     __end_of_LCD_Out:
  3483                           
  3484                           	psect	text14
  3485     07E2                     __ptext14:	
  3486 ;; *************** function _HasAnyRequest *****************
  3487 ;; Defined at:
  3488 ;;		line 431 in file "main.c"
  3489 ;; Parameters:    Size  Location     Type
  3490 ;;		None
  3491 ;; Auto vars:     Size  Location     Type
  3492 ;;  floor           1    2[COMMON] unsigned char 
  3493 ;; Return value:  Size  Location     Type
  3494 ;;                  1    wreg      unsigned char 
  3495 ;; Registers used:
  3496 ;;		wreg, fsr0l, fsr0h, status,2, status,0
  3497 ;; Tracked objects:
  3498 ;;		On entry : 0/0
  3499 ;;		On exit  : 0/0
  3500 ;;		Unchanged: 0/0
  3501 ;; Data sizes:     COMMON   BANK0   BANK1   BANK3   BANK2
  3502 ;;      Params:         0       0       0       0       0
  3503 ;;      Locals:         1       0       0       0       0
  3504 ;;      Temps:          0       0       0       0       0
  3505 ;;      Totals:         1       0       0       0       0
  3506 ;;Total ram usage:        1 bytes
  3507 ;; Hardware stack levels used: 1
  3508 ;; Hardware stack levels required when called: 1
  3509 ;; This function calls:
  3510 ;;		Nothing
  3511 ;; This function is called by:
  3512 ;;		_StateMachine_Update
  3513 ;;		_StateMachine_StartNextRequest
  3514 ;;		_Outputs_Update
  3515 ;; This function uses a non-reentrant model
  3516 ;;
  3517                           
  3518     07E2                     _HasAnyRequest:	
  3519                           ;psect for function _HasAnyRequest
  3520                           
  3521     07E2                     l1478:	
  3522                           ;incstack = 0
  3523                           ; Regs used in _HasAnyRequest: [wreg-fsr0h+status,2+status,0]
  3524                           
  3525                           
  3526                           ;main.c: 433:     unsigned char floor;;main.c: 435:     for(floor = 1; floor <= 6; floor
      +                          ++)
  3527     07E2  3001               	movlw	1
  3528     07E3  00F2               	movwf	HasAnyRequest@floor
  3529     07E4                     l1484:
  3530                           
  3531                           ;main.c: 436:     {;main.c: 437:         if(floorRequests[floor])
  3532     07E4  0872               	movf	HasAnyRequest@floor,w
  3533     07E5  3E37               	addlw	(low (_floorRequests| 0))& (0+255)
  3534     07E6  0084               	movwf	4
  3535     07E7  1383               	bcf	3,7	;select IRP bank0
  3536     07E8  0800               	movf	0,w
  3537     07E9  1903               	btfsc	3,2
  3538     07EA  2FEC               	goto	u1121
  3539     07EB  2FED               	goto	u1120
  3540     07EC                     u1121:
  3541     07EC  2FEF               	goto	l1490
  3542     07ED                     u1120:
  3543     07ED                     l1486:
  3544                           
  3545                           ;main.c: 438:         {;main.c: 439:             return 1;
  3546     07ED  3001               	movlw	1
  3547     07EE  2FF8               	goto	l232
  3548     07EF                     l1490:
  3549                           
  3550                           ;main.c: 441:     }
  3551     07EF  3001               	movlw	1
  3552     07F0  07F2               	addwf	HasAnyRequest@floor,f
  3553     07F1                     l1492:
  3554     07F1  3007               	movlw	7
  3555     07F2  0272               	subwf	HasAnyRequest@floor,w
  3556     07F3  1C03               	skipc
  3557     07F4  2FF6               	goto	u1131
  3558     07F5  2FF7               	goto	u1130
  3559     07F6                     u1131:
  3560     07F6  2FE4               	goto	l1484
  3561     07F7                     u1130:
  3562     07F7                     l1494:
  3563                           
  3564                           ;main.c: 443:     return 0;
  3565     07F7  3000               	movlw	0
  3566     07F8                     l232:
  3567     07F8  0008               	return
  3568     07F9                     __end_of_HasAnyRequest:
  3569                           
  3570                           	psect	text15
  3571     0727                     __ptext15:	
  3572 ;; *************** function _Event_Get *****************
  3573 ;; Defined at:
  3574 ;;		line 402 in file "main.c"
  3575 ;; Parameters:    Size  Location     Type
  3576 ;;		None
  3577 ;; Auto vars:     Size  Location     Type
  3578 ;;  key             1    8[COMMON] unsigned char 
  3579 ;; Return value:  Size  Location     Type
  3580 ;;                  1    wreg      enum E1777
  3581 ;; Registers used:
  3582 ;;		wreg, fsr0l, fsr0h, status,2, status,0, pclath, cstack
  3583 ;; Tracked objects:
  3584 ;;		On entry : 0/0
  3585 ;;		On exit  : 0/0
  3586 ;;		Unchanged: 0/0
  3587 ;; Data sizes:     COMMON   BANK0   BANK1   BANK3   BANK2
  3588 ;;      Params:         0       0       0       0       0
  3589 ;;      Locals:         1       0       0       0       0
  3590 ;;      Temps:          0       0       0       0       0
  3591 ;;      Totals:         1       0       0       0       0
  3592 ;;Total ram usage:        1 bytes
  3593 ;; Hardware stack levels used: 1
  3594 ;; Hardware stack levels required when called: 4
  3595 ;; This function calls:
  3596 ;;		_AddFloorRequest
  3597 ;;		_Keypad_GetKey
  3598 ;; This function is called by:
  3599 ;;		_main
  3600 ;; This function uses a non-reentrant model
  3601 ;;
  3602                           
  3603     0727                     _Event_Get:	
  3604                           ;psect for function _Event_Get
  3605                           
  3606     0727                     l1822:	
  3607                           ;incstack = 0
  3608                           ; Regs used in _Event_Get: [wreg-fsr0h+status,2+status,0+pclath+cstack]
  3609                           
  3610                           
  3611                           ;main.c: 404:     char key = Keypad_GetKey();
  3612     0727  120A  118A  2792  120A  118A  	fcall	_Keypad_GetKey
  3613     072C  00F8               	movwf	Event_Get@key
  3614     072D                     l1824:
  3615                           
  3616                           ;main.c: 406:     if(key >= '1' && key <= '6')
  3617     072D  3031               	movlw	49
  3618     072E  0278               	subwf	Event_Get@key,w
  3619     072F  1C03               	skipc
  3620     0730  2F32               	goto	u1671
  3621     0731  2F33               	goto	u1670
  3622     0732                     u1671:
  3623     0732  2F42               	goto	l1834
  3624     0733                     u1670:
  3625     0733                     l1826:
  3626     0733  3037               	movlw	55
  3627     0734  0278               	subwf	Event_Get@key,w
  3628     0735  1803               	skipnc
  3629     0736  2F38               	goto	u1681
  3630     0737  2F39               	goto	u1680
  3631     0738                     u1681:
  3632     0738  2F42               	goto	l1834
  3633     0739                     u1680:
  3634     0739                     l1828:
  3635                           
  3636                           ;main.c: 407:     {;main.c: 408:         AddFloorRequest((unsigned char)(key - '0'));
  3637     0739  0878               	movf	Event_Get@key,w
  3638     073A  3ED0               	addlw	208
  3639     073B  120A  118A  27B2  120A  118A  	fcall	_AddFloorRequest
  3640     0740                     l1830:
  3641                           
  3642                           ;main.c: 409:         return EVENT_FLOOR_REQUEST;
  3643     0740  3001               	movlw	1
  3644     0741  2F4E               	goto	l221
  3645     0742                     l1834:
  3646                           
  3647                           ;main.c: 412:     if(timerTicksPending > 0)
  3648     0742  1283               	bcf	3,5	;RP0=0, select bank0
  3649     0743  1303               	bcf	3,6	;RP1=0, select bank0
  3650     0744  0844               	movf	_timerTicksPending,w	;volatile
  3651     0745  1903               	btfsc	3,2
  3652     0746  2F48               	goto	u1691
  3653     0747  2F49               	goto	u1690
  3654     0748                     u1691:
  3655     0748  2F4D               	goto	l1842
  3656     0749                     u1690:
  3657     0749                     l1836:
  3658                           
  3659                           ;main.c: 413:     {;main.c: 414:         timerTicksPending--;
  3660     0749  3001               	movlw	1
  3661     074A  02C4               	subwf	_timerTicksPending,f	;volatile
  3662     074B                     l1838:
  3663                           
  3664                           ;main.c: 415:         return EVENT_TIMER_TICK;
  3665     074B  3002               	movlw	2
  3666     074C  2F4E               	goto	l221
  3667     074D                     l1842:
  3668                           
  3669                           ;main.c: 418:     return EVENT_NONE;
  3670     074D  3000               	movlw	0
  3671     074E                     l221:
  3672     074E  0008               	return
  3673     074F                     __end_of_Event_Get:
  3674                           
  3675                           	psect	text16
  3676     0792                     __ptext16:	
  3677 ;; *************** function _Keypad_GetKey *****************
  3678 ;; Defined at:
  3679 ;;		line 382 in file "main.c"
  3680 ;; Parameters:    Size  Location     Type
  3681 ;;		None
  3682 ;; Auto vars:     Size  Location     Type
  3683 ;;  rawKey          1    7[COMMON] unsigned char 
  3684 ;; Return value:  Size  Location     Type
  3685 ;;                  1    wreg      unsigned char 
  3686 ;; Registers used:
  3687 ;;		wreg, fsr0l, fsr0h, status,2, status,0, pclath, cstack
  3688 ;; Tracked objects:
  3689 ;;		On entry : 0/0
  3690 ;;		On exit  : 0/0
  3691 ;;		Unchanged: 0/0
  3692 ;; Data sizes:     COMMON   BANK0   BANK1   BANK3   BANK2
  3693 ;;      Params:         0       0       0       0       0
  3694 ;;      Locals:         1       0       0       0       0
  3695 ;;      Temps:          0       0       0       0       0
  3696 ;;      Totals:         1       0       0       0       0
  3697 ;;Total ram usage:        1 bytes
  3698 ;; Hardware stack levels used: 1
  3699 ;; Hardware stack levels required when called: 3
  3700 ;; This function calls:
  3701 ;;		_Keypad_ReadRaw
  3702 ;; This function is called by:
  3703 ;;		_Event_Get
  3704 ;; This function uses a non-reentrant model
  3705 ;;
  3706                           
  3707     0792                     _Keypad_GetKey:	
  3708                           ;psect for function _Keypad_GetKey
  3709                           
  3710     0792                     l1688:	
  3711                           ;incstack = 0
  3712                           ; Regs used in _Keypad_GetKey: [wreg-fsr0h+status,2+status,0+pclath+cstack]
  3713                           
  3714                           
  3715                           ;main.c: 384:     static char lastKey = '\0';;main.c: 386:     char rawKey = Keypad_Read
      +                          Raw();
  3716     0792  120A  118A  2573  120A  118A  	fcall	_Keypad_ReadRaw
  3717     0797  00F7               	movwf	Keypad_GetKey@rawKey
  3718     0798                     l1690:
  3719                           
  3720                           ;main.c: 388:     if(rawKey != '\0' && lastKey == '\0')
  3721     0798  0877               	movf	Keypad_GetKey@rawKey,w
  3722     0799  1903               	btfsc	3,2
  3723     079A  2F9C               	goto	u1451
  3724     079B  2F9D               	goto	u1450
  3725     079C                     u1451:
  3726     079C  2FA8               	goto	l1698
  3727     079D                     u1450:
  3728     079D                     l1692:
  3729     079D  1283               	bcf	3,5	;RP0=0, select bank0
  3730     079E  1303               	bcf	3,6	;RP1=0, select bank0
  3731     079F  0843               	movf	Keypad_GetKey@lastKey,w
  3732     07A0  1D03               	btfss	3,2
  3733     07A1  2FA3               	goto	u1461
  3734     07A2  2FA4               	goto	u1460
  3735     07A3                     u1461:
  3736     07A3  2FA8               	goto	l1698
  3737     07A4                     u1460:
  3738     07A4                     l1694:
  3739                           
  3740                           ;main.c: 389:     {;main.c: 390:         lastKey = rawKey;
  3741     07A4  0877               	movf	Keypad_GetKey@rawKey,w
  3742     07A5  00C3               	movwf	Keypad_GetKey@lastKey
  3743                           
  3744                           ;main.c: 391:         return rawKey;
  3745     07A6  0877               	movf	Keypad_GetKey@rawKey,w
  3746     07A7  2FB1               	goto	l216
  3747     07A8                     l1698:
  3748                           
  3749                           ;main.c: 394:     if(rawKey == '\0')
  3750     07A8  0877               	movf	Keypad_GetKey@rawKey,w
  3751     07A9  1D03               	btfss	3,2
  3752     07AA  2FAC               	goto	u1471
  3753     07AB  2FAD               	goto	u1470
  3754     07AC                     u1471:
  3755     07AC  2FB0               	goto	l1702
  3756     07AD                     u1470:
  3757     07AD                     l1700:
  3758                           
  3759                           ;main.c: 395:     {;main.c: 396:         lastKey = '\0';
  3760     07AD  1283               	bcf	3,5	;RP0=0, select bank0
  3761     07AE  1303               	bcf	3,6	;RP1=0, select bank0
  3762     07AF  01C3               	clrf	Keypad_GetKey@lastKey
  3763     07B0                     l1702:
  3764                           
  3765                           ;main.c: 399:     return '\0';
  3766     07B0  3000               	movlw	0
  3767     07B1                     l216:
  3768     07B1  0008               	return
  3769     07B2                     __end_of_Keypad_GetKey:
  3770                           
  3771                           	psect	text17
  3772     0573                     __ptext17:	
  3773 ;; *************** function _Keypad_ReadRaw *****************
  3774 ;; Defined at:
  3775 ;;		line 345 in file "main.c"
  3776 ;; Parameters:    Size  Location     Type
  3777 ;;		None
  3778 ;; Auto vars:     Size  Location     Type
  3779 ;;  col             1    6[COMMON] unsigned char 
  3780 ;;  row             1    5[COMMON] unsigned char 
  3781 ;;  cols            1    4[COMMON] unsigned char 
  3782 ;; Return value:  Size  Location     Type
  3783 ;;                  1    wreg      unsigned char 
  3784 ;; Registers used:
  3785 ;;		wreg, fsr0l, fsr0h, status,2, status,0, pclath
  3786 ;; Tracked objects:
  3787 ;;		On entry : 0/0
  3788 ;;		On exit  : 0/0
  3789 ;;		Unchanged: 0/0
  3790 ;; Data sizes:     COMMON   BANK0   BANK1   BANK3   BANK2
  3791 ;;      Params:         0       0       0       0       0
  3792 ;;      Locals:         3       0       0       0       0
  3793 ;;      Temps:          2       0       0       0       0
  3794 ;;      Totals:         5       0       0       0       0
  3795 ;;Total ram usage:        5 bytes
  3796 ;; Hardware stack levels used: 2
  3797 ;; Hardware stack levels required when called: 1
  3798 ;; This function calls:
  3799 ;;		Nothing
  3800 ;; This function is called by:
  3801 ;;		_Keypad_GetKey
  3802 ;; This function uses a non-reentrant model
  3803 ;;
  3804                           
  3805     0573                     _Keypad_ReadRaw:	
  3806                           ;psect for function _Keypad_ReadRaw
  3807                           
  3808     0573                     l1498:	
  3809                           ;incstack = 0
  3810                           ; Regs used in _Keypad_ReadRaw: [wreg-fsr0h+status,2+status,0+pclath]
  3811                           
  3812                           
  3813                           ;main.c: 347:     unsigned char row;;main.c: 348:     unsigned char col;;main.c: 349:   
      +                            unsigned char cols;;main.c: 351:     const unsigned char rowPattern[4] = {;main.c: 358
      +                          :     PORTB = 0xFF;
  3814     0573  30FF               	movlw	255
  3815     0574  1283               	bcf	3,5	;RP0=0, select bank0
  3816     0575  1303               	bcf	3,6	;RP1=0, select bank0
  3817     0576  0086               	movwf	6	;volatile
  3818     0577                     l1500:
  3819                           
  3820                           ;main.c: 360:     for(row = 0; row < 4; row++)
  3821     0577  01F5               	clrf	Keypad_ReadRaw@row
  3822     0578                     l1506:
  3823                           
  3824                           ;main.c: 361:     {;main.c: 362:         PORTB = 0xF0 | rowPattern[row];
  3825     0578  0875               	movf	Keypad_ReadRaw@row,w
  3826     0579  3E11               	addlw	low ((Keypad_ReadRaw@rowPattern-__stringbase)| (0+32768))
  3827     057A  0084               	movwf	4
  3828     057B  120A  118A  2500  120A  118A  	fcall	stringdir
  3829     0580  38F0               	iorlw	240
  3830     0581  1283               	bcf	3,5	;RP0=0, select bank0
  3831     0582  1303               	bcf	3,6	;RP1=0, select bank0
  3832     0583  0086               	movwf	6	;volatile
  3833     0584                     l1508:
  3834                           
  3835                           ;main.c: 364:         _delay((unsigned long)((50)*(8000000/4000000.0)));
  3836     0584  3021               	movlw	33
  3837     0585  00F2               	movwf	??_Keypad_ReadRaw
  3838     0586                     u2347:
  3839     0586  0BF2               	decfsz	??_Keypad_ReadRaw,f
  3840     0587  2D86               	goto	u2347
  3841     0588                     l1510:
  3842                           
  3843                           ;main.c: 366:         cols = (PORTB >> 4) & 0x0F;
  3844     0588  1283               	bcf	3,5	;RP0=0, select bank0
  3845     0589  1303               	bcf	3,6	;RP1=0, select bank0
  3846     058A  0806               	movf	6,w	;volatile
  3847     058B  00F2               	movwf	??_Keypad_ReadRaw
  3848     058C  3004               	movlw	4
  3849     058D                     u1145:
  3850     058D  1003               	clrc
  3851     058E  0CF2               	rrf	??_Keypad_ReadRaw,f
  3852     058F  3EFF               	addlw	-1
  3853     0590  1D03               	skipz
  3854     0591  2D8D               	goto	u1145
  3855     0592  0872               	movf	??_Keypad_ReadRaw,w
  3856     0593  00F4               	movwf	Keypad_ReadRaw@cols
  3857     0594                     l1512:
  3858     0594  300F               	movlw	15
  3859     0595  05F4               	andwf	Keypad_ReadRaw@cols,f
  3860     0596                     l1514:
  3861                           
  3862                           ;main.c: 368:         for(col = 0; col < 4; col++)
  3863     0596  01F6               	clrf	Keypad_ReadRaw@col
  3864     0597                     l1520:
  3865                           
  3866                           ;main.c: 369:         {;main.c: 370:             if((cols & (1u << col)) == 0)
  3867     0597  3001               	movlw	1
  3868     0598  00F2               	movwf	??_Keypad_ReadRaw
  3869     0599  0A76               	incf	Keypad_ReadRaw@col,w
  3870     059A  2D9D               	goto	u1154
  3871     059B                     u1155:
  3872     059B  1003               	clrc
  3873     059C  0DF2               	rlf	??_Keypad_ReadRaw,f
  3874     059D                     u1154:
  3875     059D  3EFF               	addlw	-1
  3876     059E  1D03               	skipz
  3877     059F  2D9B               	goto	u1155
  3878     05A0  0872               	movf	??_Keypad_ReadRaw,w
  3879     05A1  0574               	andwf	Keypad_ReadRaw@cols,w
  3880     05A2  1D03               	btfss	3,2
  3881     05A3  2DA5               	goto	u1161
  3882     05A4  2DA6               	goto	u1160
  3883     05A5                     u1161:
  3884     05A5  2DBE               	goto	l1528
  3885     05A6                     u1160:
  3886     05A6                     l1522:
  3887                           
  3888                           ;main.c: 371:             {;main.c: 372:                 PORTB = 0xFF;
  3889     05A6  30FF               	movlw	255
  3890     05A7  1283               	bcf	3,5	;RP0=0, select bank0
  3891     05A8  1303               	bcf	3,6	;RP1=0, select bank0
  3892     05A9  0086               	movwf	6	;volatile
  3893     05AA                     l1524:
  3894                           
  3895                           ;main.c: 373:                 return keypadMap[row][col];
  3896     05AA  0875               	movf	Keypad_ReadRaw@row,w
  3897     05AB  00F2               	movwf	??_Keypad_ReadRaw
  3898     05AC  3002               	movlw	2
  3899     05AD                     u1175:
  3900     05AD  1003               	clrc
  3901     05AE  0DF2               	rlf	??_Keypad_ReadRaw,f
  3902     05AF  3EFF               	addlw	-1
  3903     05B0  1D03               	skipz
  3904     05B1  2DAD               	goto	u1175
  3905     05B2  3001               	movlw	(low ((_keypadMap-__stringbase)| (0+32768)))& (0+255)
  3906     05B3  0772               	addwf	??_Keypad_ReadRaw,w
  3907     05B4  00F3               	movwf	??_Keypad_ReadRaw+1
  3908     05B5  0876               	movf	Keypad_ReadRaw@col,w
  3909     05B6  0773               	addwf	??_Keypad_ReadRaw+1,w
  3910     05B7  0084               	movwf	4
  3911     05B8  120A  118A  2500  120A  118A  	fcall	stringdir
  3912     05BD  2DD3               	goto	l210
  3913     05BE                     l1528:
  3914                           
  3915                           ;main.c: 375:         }
  3916     05BE  3001               	movlw	1
  3917     05BF  07F6               	addwf	Keypad_ReadRaw@col,f
  3918     05C0                     l1530:
  3919     05C0  3004               	movlw	4
  3920     05C1  0276               	subwf	Keypad_ReadRaw@col,w
  3921     05C2  1C03               	skipc
  3922     05C3  2DC5               	goto	u1181
  3923     05C4  2DC6               	goto	u1180
  3924     05C5                     u1181:
  3925     05C5  2D97               	goto	l1520
  3926     05C6                     u1180:
  3927     05C6                     l1532:
  3928                           
  3929                           ;main.c: 376:     }
  3930     05C6  3001               	movlw	1
  3931     05C7  07F5               	addwf	Keypad_ReadRaw@row,f
  3932     05C8                     l1534:
  3933     05C8  3004               	movlw	4
  3934     05C9  0275               	subwf	Keypad_ReadRaw@row,w
  3935     05CA  1C03               	skipc
  3936     05CB  2DCD               	goto	u1191
  3937     05CC  2DCE               	goto	u1190
  3938     05CD                     u1191:
  3939     05CD  2D78               	goto	l1506
  3940     05CE                     u1190:
  3941     05CE                     l206:
  3942                           
  3943                           ;main.c: 378:     PORTB = 0xFF;
  3944     05CE  30FF               	movlw	255
  3945     05CF  1283               	bcf	3,5	;RP0=0, select bank0
  3946     05D0  1303               	bcf	3,6	;RP1=0, select bank0
  3947     05D1  0086               	movwf	6	;volatile
  3948     05D2                     l1536:
  3949                           
  3950                           ;main.c: 379:     return '\0';
  3951     05D2  3000               	movlw	0
  3952     05D3                     l210:
  3953     05D3  0008               	return
  3954     05D4                     __end_of_Keypad_ReadRaw:
  3955                           
  3956                           	psect	text18
  3957     07B2                     __ptext18:	
  3958 ;; *************** function _AddFloorRequest *****************
  3959 ;; Defined at:
  3960 ;;		line 421 in file "main.c"
  3961 ;; Parameters:    Size  Location     Type
  3962 ;;  floor           1    wreg     unsigned char 
  3963 ;; Auto vars:     Size  Location     Type
  3964 ;;  floor           1    2[COMMON] unsigned char 
  3965 ;; Return value:  Size  Location     Type
  3966 ;;                  1    wreg      void 
  3967 ;; Registers used:
  3968 ;;		wreg, fsr0l, fsr0h, status,2, status,0
  3969 ;; Tracked objects:
  3970 ;;		On entry : 0/0
  3971 ;;		On exit  : 0/0
  3972 ;;		Unchanged: 0/0
  3973 ;; Data sizes:     COMMON   BANK0   BANK1   BANK3   BANK2
  3974 ;;      Params:         0       0       0       0       0
  3975 ;;      Locals:         1       0       0       0       0
  3976 ;;      Temps:          0       0       0       0       0
  3977 ;;      Totals:         1       0       0       0       0
  3978 ;;Total ram usage:        1 bytes
  3979 ;; Hardware stack levels used: 1
  3980 ;; Hardware stack levels required when called: 1
  3981 ;; This function calls:
  3982 ;;		Nothing
  3983 ;; This function is called by:
  3984 ;;		_Event_Get
  3985 ;; This function uses a non-reentrant model
  3986 ;;
  3987                           
  3988     07B2                     _AddFloorRequest:	
  3989                           ;psect for function _AddFloorRequest
  3990                           
  3991                           
  3992                           ;incstack = 0
  3993                           ; Regs used in _AddFloorRequest: [wreg-fsr0h+status,2+status,0]
  3994                           ;AddFloorRequest@floor stored from wreg
  3995     07B2  00F2               	movwf	AddFloorRequest@floor
  3996     07B3                     l1706:
  3997                           
  3998                           ;main.c: 421: void AddFloorRequest(unsigned char floor);main.c: 422: {;main.c: 423:     
      +                          if(floor >= 1 && floor <= 6)
  3999     07B3  0872               	movf	AddFloorRequest@floor,w
  4000     07B4  1903               	btfsc	3,2
  4001     07B5  2FB7               	goto	u1481
  4002     07B6  2FB8               	goto	u1480
  4003     07B7                     u1481:
  4004     07B7  2FCA               	goto	l226
  4005     07B8                     u1480:
  4006     07B8                     l1708:
  4007     07B8  3007               	movlw	7
  4008     07B9  0272               	subwf	AddFloorRequest@floor,w
  4009     07BA  1803               	skipnc
  4010     07BB  2FBD               	goto	u1491
  4011     07BC  2FBE               	goto	u1490
  4012     07BD                     u1491:
  4013     07BD  2FCA               	goto	l226
  4014     07BE                     u1490:
  4015     07BE                     l1710:
  4016                           
  4017                           ;main.c: 424:     {;main.c: 425:         requestedFloor = floor;
  4018     07BE  0872               	movf	AddFloorRequest@floor,w
  4019     07BF  1283               	bcf	3,5	;RP0=0, select bank0
  4020     07C0  1303               	bcf	3,6	;RP1=0, select bank0
  4021     07C1  00A6               	movwf	_requestedFloor
  4022     07C2                     l1712:
  4023                           
  4024                           ;main.c: 426:         floorRequests[floor] = 1;
  4025     07C2  0872               	movf	AddFloorRequest@floor,w
  4026     07C3  3E37               	addlw	(low (_floorRequests| 0))& (0+255)
  4027     07C4  0084               	movwf	4
  4028     07C5  3001               	movlw	1
  4029     07C6  1383               	bcf	3,7	;select IRP bank0
  4030     07C7  0080               	movwf	0
  4031     07C8                     l1714:
  4032                           
  4033                           ;main.c: 427:         lcdNeedsUpdate = 1;
  4034     07C8  3001               	movlw	1
  4035     07C9  00A5               	movwf	_lcdNeedsUpdate
  4036     07CA                     l226:
  4037     07CA  0008               	return
  4038     07CB                     __end_of_AddFloorRequest:
  4039                           
  4040                           	psect	text19
  4041     074F                     __ptext19:	
  4042 ;; *************** function _ISR *****************
  4043 ;; Defined at:
  4044 ;;		line 604 in file "main.c"
  4045 ;; Parameters:    Size  Location     Type
  4046 ;;		None
  4047 ;; Auto vars:     Size  Location     Type
  4048 ;;		None
  4049 ;; Return value:  Size  Location     Type
  4050 ;;                  1    wreg      void 
  4051 ;; Registers used:
  4052 ;;		wreg, status,2, status,0
  4053 ;; Tracked objects:
  4054 ;;		On entry : 0/0
  4055 ;;		On exit  : 0/0
  4056 ;;		Unchanged: 0/0
  4057 ;; Data sizes:     COMMON   BANK0   BANK1   BANK3   BANK2
  4058 ;;      Params:         0       0       0       0       0
  4059 ;;      Locals:         0       0       0       0       0
  4060 ;;      Temps:          2       0       0       0       0
  4061 ;;      Totals:         2       0       0       0       0
  4062 ;;Total ram usage:        2 bytes
  4063 ;; Hardware stack levels used: 1
  4064 ;; This function calls:
  4065 ;;		Nothing
  4066 ;; This function is called by:
  4067 ;;		Interrupt level 1
  4068 ;; This function uses a non-reentrant model
  4069 ;;
  4070                           
  4071     074F                     _ISR:	
  4072                           ;psect for function _ISR
  4073                           
  4074     074F                     i1l1930:
  4075                           
  4076                           ;main.c: 606:     if(PIR1bits.TMR1IF && PIE1bits.TMR1IE)
  4077     074F  1283               	bcf	3,5	;RP0=0, select bank0
  4078     0750  1303               	bcf	3,6	;RP1=0, select bank0
  4079     0751  1C0C               	btfss	12,0	;volatile
  4080     0752  2F54               	goto	u178_21
  4081     0753  2F55               	goto	u178_20
  4082     0754                     u178_21:
  4083     0754  2F6A               	goto	i1l322
  4084     0755                     u178_20:
  4085     0755                     i1l1932:
  4086     0755  1683               	bsf	3,5	;RP0=1, select bank1
  4087     0756  1303               	bcf	3,6	;RP1=0, select bank1
  4088     0757  1C0C               	btfss	12,0	;volatile
  4089     0758  2F5A               	goto	u179_21
  4090     0759  2F5B               	goto	u179_20
  4091     075A                     u179_21:
  4092     075A  2F6A               	goto	i1l322
  4093     075B                     u179_20:
  4094     075B                     i1l1934:
  4095                           
  4096                           ;main.c: 607:     {;main.c: 608:         TMR1H = ((unsigned char)(40536u >> 8));
  4097     075B  309E               	movlw	158
  4098     075C  1283               	bcf	3,5	;RP0=0, select bank0
  4099     075D  1303               	bcf	3,6	;RP1=0, select bank0
  4100     075E  008F               	movwf	15	;volatile
  4101                           
  4102                           ;main.c: 609:         TMR1L = ((unsigned char)(40536u & 0x00FF));
  4103     075F  3058               	movlw	88
  4104     0760  008E               	movwf	14	;volatile
  4105                           
  4106                           ;main.c: 611:         PIR1bits.TMR1IF = 0;
  4107     0761  100C               	bcf	12,0	;volatile
  4108     0762                     i1l1936:
  4109                           
  4110                           ;main.c: 613:         if(timerTicksPending < 250)
  4111     0762  30FA               	movlw	250
  4112     0763  0244               	subwf	_timerTicksPending,w	;volatile
  4113     0764  1803               	skipnc
  4114     0765  2F67               	goto	u180_21
  4115     0766  2F68               	goto	u180_20
  4116     0767                     u180_21:
  4117     0767  2F6A               	goto	i1l322
  4118     0768                     u180_20:
  4119     0768                     i1l1938:
  4120                           
  4121                           ;main.c: 614:         {;main.c: 615:             timerTicksPending++;
  4122     0768  3001               	movlw	1
  4123     0769  07C4               	addwf	_timerTicksPending,f	;volatile
  4124     076A                     i1l322:
  4125     076A  0871               	movf	??_ISR+1,w
  4126     076B  008A               	movwf	10
  4127     076C  0E70               	swapf	??_ISR,w
  4128     076D  0083               	movwf	3
  4129     076E  0EFE               	swapf	btemp,f
  4130     076F  0E7E               	swapf	btemp,w
  4131     0770  0009               	retfie
  4132     0771                     __end_of_ISR:
  4133     0002                     ___latbits      equ	2
  4134     007E                     btemp           set	126	;btemp
  4135     007E                     btemp0          set	126
  4136     007F                     btemp1          set	127
  4137     007E                     wtemp0          set	126
  4138     007F                     wtemp0a         set	127
  4139     007F                     ttemp0a         set	127
  4140     0080                     ltemp0a         set	128
  4141                           
  4142                           	psect	intentry
  4143     0004                     __pintentry:	
  4144                           ;incstack = 0
  4145                           ; Regs used in _ISR: [wreg+status,2+status,0]
  4146                           
  4147     0004                     interrupt_function:
  4148     007E                     saved_w         set	btemp
  4149     0004  00FE               	movwf	btemp
  4150     0005  0E03               	swapf	3,w
  4151     0006  00F0               	movwf	??_ISR
  4152     0007  080A               	movf	10,w
  4153     0008  00F1               	movwf	??_ISR+1
  4154     0009  120A  118A  2F4F   	ljmp	_ISR
  4155                           
  4156                           	psect	config
  4157                           
  4158                           ;Config register CONFIG1 @ 0x2007
  4159                           ;	Oscillator Selection bits
  4160                           ;	FOSC = HS, HS oscillator: High-speed crystal/resonator on RA6/OSC2/CLKOUT and RA7/OSC1
      +                          /CLKIN
  4161                           ;	Watchdog Timer Enable bit
  4162                           ;	WDTE = OFF, WDT disabled and can be enabled by SWDTEN bit of the WDTCON register
  4163                           ;	Power-up Timer Enable bit
  4164                           ;	PWRTE = OFF, PWRT disabled
  4165                           ;	RE3/MCLR pin function select bit
  4166                           ;	MCLRE = 0x1, unprogrammed default
  4167                           ;	Code Protection bit
  4168                           ;	CP = OFF, Program memory code protection is disabled
  4169                           ;	Data Code Protection bit
  4170                           ;	CPD = OFF, Data memory code protection is disabled
  4171                           ;	Brown Out Reset Selection bits
  4172                           ;	BOREN = ON, BOR enabled
  4173                           ;	Internal External Switchover bit
  4174                           ;	IESO = 0x1, unprogrammed default
  4175                           ;	Fail-Safe Clock Monitor Enabled bit
  4176                           ;	FCMEN = 0x1, unprogrammed default
  4177                           ;	Low Voltage Programming Enable bit
  4178                           ;	LVP = OFF, RB3 pin has digital I/O, HV on MCLR must be used for programming
  4179                           ;	In-Circuit Debugger Mode bit
  4180                           ;	DEBUG = 0x1, unprogrammed default
  4181     2007                     	org	8199
  4182     2007  2FF2               	dw	12274
  4183                           
  4184                           ;Config register CONFIG2 @ 0x2008
  4185                           ;	Brown-out Reset Selection bit
  4186                           ;	BOR4V = 0x1, unprogrammed default
  4187                           ;	Flash Program Memory Self Write Enable bits
  4188                           ;	WRT = OFF, Write protection off
  4189     2008                     	org	8200
  4190     2008  3FFF               	dw	16383

Data Sizes:
    Strings     89
    Constant    20
    Data        25
    BSS         16
    Persistent  0
    Stack       0

Auto Spaces:
    Space          Size  Autos    Used
    COMMON           14     10      12
    BANK0            80      7      46
    BANK1            80      0       0
    BANK3            96      0       0
    BANK2            96      0       0

Pointer List with Targets:

    display$PORT	PTR volatile unsigned char  size(2) Largest target is 1
		 -> PORTC(SFR0[1]), 

    lcd$PORT	PTR volatile unsigned char  size(2) Largest target is 1
		 -> PORTC(SFR0[1]), 

    LCD_Custom_Char@bitmap	PTR const unsigned char  size(1) Largest target is 8
		 -> downArrow(BANK0[8]), upArrow(BANK0[8]), 

    LCD_putrs@a	PTR const unsigned char  size(1) Largest target is 15
		 -> STR_1(CODE[6]), STR_10(CODE[6]), STR_2(CODE[6]), STR_3(CODE[10]), 
		 -> STR_4(CODE[11]), STR_5(CODE[9]), STR_6(CODE[8]), STR_7(CODE[9]), 
		 -> STR_8(CODE[15]), STR_9(CODE[9]), 

    S22$PORT	PTR volatile unsigned char  size(2) Largest target is 1
		 -> PORTC(SFR0[1]), 

    screen$PORT	PTR volatile unsigned char  size(2) Largest target is 1
		 -> PORTC(SFR0[1]), 


Critical Paths under _main in COMMON

    _main->_Outputs_Update
    _setup->_LCD_Init
    _LCD_Init->_LCD_Write
    _LCD_Custom_Char->_LCD_Write
    _StateMachine_Update->_HasAnyRequest
    _StateMachine_Update->_StateMachine_Goto
    _StateMachine_StartNextRequest->_HasAnyRequest
    _StateMachine_StartNextRequest->_SelectNextFloor
    _StateMachine_StartNextRequest->_StateMachine_Goto
    _Outputs_Update->_LCD_putrs
    _LCD_putrs->_LCD_putc
    _LCD_putc->_LCD_Out
    _LCD_Write->_LCD_Out
    _Event_Get->_Keypad_GetKey
    _Keypad_GetKey->_Keypad_ReadRaw

Critical Paths under _ISR in COMMON

    None.

Critical Paths under _main in BANK0

    _setup->_LCD_Init
    _Outputs_Update->_LCD_putrs

Critical Paths under _ISR in BANK0

    None.

Critical Paths under _main in BANK1

    None.

Critical Paths under _ISR in BANK1

    None.

Critical Paths under _main in BANK3

    None.

Critical Paths under _ISR in BANK3

    None.

Critical Paths under _main in BANK2

    None.

Critical Paths under _ISR in BANK2

    None.

Call Graph Tables:

 ---------------------------------------------------------------------------------
 (Depth) Function   	        Calls       Base Space   Used Autos Params    Refs
 ---------------------------------------------------------------------------------
 (0) _main                                                 1     1      0    3522
                                              6 BANK0      1     1      0
                          _Event_Get
                     _Outputs_Update
                _StateMachine_Update
                              _setup
 ---------------------------------------------------------------------------------
 (1) _setup                                                0     0      0    1340
                    _LCD_Custom_Char
                           _LCD_Init
                          _LCD_Write
                        _Timer1_Init
 ---------------------------------------------------------------------------------
 (2) _Timer1_Init                                          0     0      0       0
 ---------------------------------------------------------------------------------
 (2) _LCD_Init                                             8     3      5     343
                                              8 COMMON     2     2      0
                                              0 BANK0      6     1      5
                          _LCD_Write
 ---------------------------------------------------------------------------------
 (2) _LCD_Custom_Char                                      5     4      1     762
                                              8 COMMON     1     0      1
                                              0 BANK0      4     4      0
                            _LCD_Out
                          _LCD_Write
 ---------------------------------------------------------------------------------
 (1) _StateMachine_Update                                  3     3      0     577
                                              3 COMMON     3     3      0
                      _HasAnyRequest
                  _StateMachine_Goto
      _StateMachine_StartNextRequest
 ---------------------------------------------------------------------------------
 (2) _StateMachine_StartNextRequest                        0     0      0     277
                      _HasAnyRequest
                    _SelectNextFloor
                  _StateMachine_Goto
 ---------------------------------------------------------------------------------
 (3) _StateMachine_Goto                                    1     1      0      29
                                              2 COMMON     1     1      0
 ---------------------------------------------------------------------------------
 (3) _SelectNextFloor                                      1     1      0     180
                                              2 COMMON     1     1      0
 ---------------------------------------------------------------------------------
 (1) _Outputs_Update                                       3     3      0    1064
                                              9 COMMON     1     1      0
                                              2 BANK0      2     2      0
                      _HasAnyRequest
                          _LCD_Write
                           _LCD_putc
                          _LCD_putrs
 ---------------------------------------------------------------------------------
 (2) _LCD_putrs                                            3     2      1     442
                                              8 COMMON     1     0      1
                                              0 BANK0      2     2      0
                           _LCD_putc
 ---------------------------------------------------------------------------------
 (3) _LCD_putc                                             3     3      0     282
                                              5 COMMON     3     3      0
                            _LCD_Out
 ---------------------------------------------------------------------------------
 (3) _LCD_Write                                            3     3      0     235
                                              5 COMMON     3     3      0
                            _LCD_Out
 ---------------------------------------------------------------------------------
 (4) _LCD_Out                                              3     3      0     188
                                              2 COMMON     3     3      0
 ---------------------------------------------------------------------------------
 (3) _HasAnyRequest                                        1     1      0      68
                                              2 COMMON     1     1      0
 ---------------------------------------------------------------------------------
 (1) _Event_Get                                            1     1      0     476
                                              8 COMMON     1     1      0
                    _AddFloorRequest
                      _Keypad_GetKey
 ---------------------------------------------------------------------------------
 (2) _Keypad_GetKey                                        1     1      0     293
                                              7 COMMON     1     1      0
                     _Keypad_ReadRaw
 ---------------------------------------------------------------------------------
 (4) _Keypad_ReadRaw                                       5     5      0     204
                                              2 COMMON     5     5      0
 ---------------------------------------------------------------------------------
 (2) _AddFloorRequest                                      1     1      0     116
                                              2 COMMON     1     1      0
 ---------------------------------------------------------------------------------
 Estimated maximum stack depth 4
 ---------------------------------------------------------------------------------
 (Depth) Function   	        Calls       Base Space   Used Autos Params    Refs
 ---------------------------------------------------------------------------------
 (5) _ISR                                                  2     2      0       0
                                              0 COMMON     2     2      0
 ---------------------------------------------------------------------------------
 Estimated maximum stack depth 5
 ---------------------------------------------------------------------------------

 Call Graph Graphs:

 _main (ROOT)
   _Event_Get
     _AddFloorRequest
     _Keypad_GetKey
       _Keypad_ReadRaw
   _Outputs_Update
     _HasAnyRequest
     _LCD_Write
       _LCD_Out
     _LCD_putc
       _LCD_Out
     _LCD_putrs
       _LCD_putc
   _StateMachine_Update
     _HasAnyRequest
     _StateMachine_Goto
     _StateMachine_StartNextRequest
       _HasAnyRequest
       _SelectNextFloor
       _StateMachine_Goto
   _setup
     _LCD_Custom_Char
       _LCD_Out
       _LCD_Write
     _LCD_Init
       _LCD_Write
     _LCD_Write
     _Timer1_Init

 _ISR (ROOT)

Address spaces:
Name               Size   Autos  Total    Usage
BANK3               96      0       0      0.0%
BITBANK3            96      0       0      0.0%
BANK2               96      0       0      0.0%
BITBANK2            96      0       0      0.0%
BANK1               80      0       0      0.0%
BITBANK1            80      0       0      0.0%
BANK0               80      7      46     57.5%
BITBANK0            80      0       0      0.0%
COMMON              14     10      12     85.7%
BITCOMMON           14      0       0      0.0%
DATA                 0      0      59      0.0%
STACK                0      0       0      0.0%


Microchip Technology PIC Macro Assembler V3.10 build 20250813170317 
Symbol Table                                                                                   Wed Jun 24 21:02:54 2026

                                    pc 0002                                     l30 0681  
                                   l27 03B0                                     l51 0455  
                                   l55 04F5                                     l39 0461  
                                   l67 0726                                     l77 0121  
                                   fsr 0004                        _LCD_Custom_Char 0035  
                                  l200 0FFF                                    l210 05D3  
                                  l221 074E                                    l206 05CE  
                                  l311 0776                                    l216 07B1  
                                  l232 07F8                                    l312 0789  
                                  l226 07CA                                    l236 06C1  
                                  l245 04FE                                    l192 02F6  
                                  l249 06FE                                    l258 020E  
                                  l277 0160                                    l197 062C  
                                  _ISR 074F                        LCD_Init@display 0047  
                                  _lcd 003E                                    fsr0 0004  
                                  indf 0000                       ?_SelectNextFloor 0070  
                                 ?_ISR 0070                        __end_of_LCD_Out 03B1  
                                 l2000 0340                                   l2010 0384  
                                 l2002 0356                                   l2012 039A  
                                 l2004 035A                                   l2020 0660  
                                 l2006 036D                                   l2022 0669  
                                 l2014 062E                                   l2030 049D  
                                 l2110 00AB                                   l2008 0380  
                                 l2016 0643                                   l2032 04A2  
                                 l2024 0463                                   l2200 01BF  
                                 l2120 010D                                   l2112 00B2  
                                 l2104 006D                                   l2040 03B1  
                                 l2018 0649                                   l2034 04BA  
                                 l2026 0477                                   l2202 01CD  
                                 l2122 010F                                   l2114 00CA  
                                 l2106 007F                                   l2050 03E0  
                                 l2042 03C4                                   l2130 05E6  
                                 l1500 0577                                   l2036 04C1  
                                 l2028 0486                                   l2204 01D5  
                                 l2212 01ED                                   l2116 00D7  
                                 l2108 0094                                   l2124 0115  
                                 l2060 040B                                   l2052 03EA  
                                 l2044 03CE                                   l2140 0611  
                                 l2132 05EA                                   l1510 0588  
                                 l2038 04DD                                   l2206 01DD  
                                 l2150 0123                                   l2118 00F5  
                                 l2070 042C                                   l2062 0414  
                                 l2054 03ED                                   l2046 03D2  
                                 l2142 0617                                   l2134 05EB  
                                 l2126 05D4                                   l2230 0783  
                                 l1520 0597                                   l1512 0594  
                                 l2208 01E5                                   l2152 0128  
                                 l2072 0432                                   l2064 041A  
                                 l2056 03F6                                   l2048 03DC  
                                 l2144 061F                                   l2136 05F3  
                                 l2128 05E2                                   l1530 05C0  
                                 l1522 05A6                                   l1514 0596  
                                 l1506 0578                                   l2090 0711  
                                 l2170 015A                                   l2162 0147  
                                 l2154 012E                                   l2082 043D  
                                 l2074 0438                                   l2066 0420  
                                 l2058 03FC                                   l2146 0627  
                                 l2138 060B                                   l2226 0771  
                                 l1532 05C6                                   l1524 05AA  
                                 l1508 0584                                   l1700 07AD  
                                 l2092 0719                                   l2180 017C  
                                 l2164 0148                                   l2156 013D  
                                 l2148 0122                                   l1540 0682  
                                 l2076 043C                                   l2068 0426  
                                 l2228 077E                                   l1710 07BE  
                                 l1534 05C8                                   l1702 07B0  
                                 l2086 06FF                                   l2182 0186  
                                 l2166 014E                                   l2158 0141  
                                 l1542 068B                                   l2094 0038  
                                 l1712 07C2                                   l1536 05D2  
                                 l1528 05BE                                   l2088 0704  
                                 l2184 018D                                   l2168 0154  
                                 l1552 0697                                   l1472 04F7  
                                 l1720 021B                                   l2096 003E  
                                 l1714 07C8                                   l1706 07B3  
                                 l1490 07EF                                   l2194 01A1  
                                 l2178 0175                                   l1554 069F  
                                 l1562 06A4                                   l1546 068D  
                                 l1474 04FB                                   l2282 02DF  
                                 l1730 0232                                   l1722 0220  
                                 l2098 006A                                   l1708 07B8  
                                 l1492 07F1                                   l1484 07E4  
                                 l2284 01F7                                   l2196 01A9  
                                 l2188 0194                                   l1572 06B8  
                                 l1548 0690                                   l1476 04FC  
                                 l1740 0243                                   l1732 0238  
                                 l1724 0226                                   l1716 0210  
                                 l1830 0740                                   l1822 0727  
                                 l1494 07F7                                   l1486 07ED  
                                 l1478 07E2                                   l2198 01B1  
                                 l1574 06BA                                   l1566 06AD  
                                 l1558 06A1                                   l1750 0264  
                                 l1742 024C                                   l1734 0239  
                                 l1718 0216                                   l1824 072D  
                                 l1568 06B5                                   l1680 06EC  
                                 l1672 06D3                                   l1760 0278  
                                 l1752 0265                                   l1744 0251  
                                 l1736 023B                                   l1728 022C  
                                 l1498 0573                                   l1690 0798  
                                 l1842 074D                                   l1826 0733  
                                 l1834 0742                                   l1682 06F3  
                                 l1674 06D9                                   l1666 06C2  
                                 l1770 0297                                   l1762 027D  
                                 l1754 0267                                   l1746 0258  
                                 l1738 023D                                   l1692 079D  
                                 l1836 0749                                   l1828 0739  
                                 l1684 06F8                                   l1676 06DF  
                                 l1668 06CC                                   l1780 02B6  
                                 l1772 029D                                   l1764 0284  
                                 l1756 0269                                   l1748 025E  
                                 l1694 07A4                                   l1838 074B  
                                 l1678 06E6                                   l1782 02C0  
                                 l1774 02A3                                   l1766 028A  
                                 l1758 026F                                   l1686 0FEB  
                                 l1688 0792                                   l1776 02AA  
                                 l1768 0290                                   l1792 02D5  
                                 l1698 07A8                                   l1786 02C7  
                                 l1778 02B0                                   l1788 02CE  
                                 l1990 02F8                                   l1992 02FC  
                                 l1994 0311                                   l1996 0326  
                                 l1998 032A                                   STR_1 0567  
                                 STR_2 0561                                   STR_3 0534  
                                 STR_4 0529                                   STR_5 0547  
                                 STR_6 0559                                   STR_7 0550  
                                 STR_8 051A                                   STR_9 053E  
                                 u1120 07ED                                   u1200 068B  
                                 u1121 07EC                                   u1201 068A  
                                 u1130 07F7                                   u1210 0696  
                                 u1131 07F6                                   u1211 0695  
                                 u2004 04D3                                   u1220 069F  
                                 u2020 03CE                                   u2005 04D1  
                                 u1221 069E                                   u2021 03CD  
                                 u2014 04EF                                   u1230 06AC  
                                 u2030 03DC                                   u2015 04ED  
                                 u1231 06AB                                   u2031 03DB  
                                 u1160 05A6                                   u1240 06B5  
                                 u2040 03EA                                   u1161 05A5  
                                 u1145 058D                                   u1241 06B4  
                                 u2105 005C                                   u2041 03E9  
                                 u2025 03CA                                   u1154 059D  
                                 u2210 0146                                   u1250 06C0  
                                 u2114 007A                                   u1155 059B  
                                 u2211 0145                                   u1251 06BF  
                                 u2115 0078                                   u2035 03D8  
                                 u1180 05C6                                   u2060 0726  
                                 u2220 017C                                   u2204 0138  
                                 u1420 06CC                                   u1500 0216  
                                 u1181 05C5                                   u2061 0725  
                                 u2221 017B                                   u2205 0136  
                                 u1421 06CB                                   u1501 0215  
                                 u2125 0088                                   u2045 03E6  
                                 u1190 05CE                                   u2230 0186  
                                 u1430 06DF                                   u1510 0220  
                                 u2134 00A6                                   u2070 003E  
                                 u1191 05CD                                   u1175 05AD  
                                 u2231 0185                                   u1431 06DE  
                                 u1511 021F                                   u2135 00A4  
                                 u2071 003D                                   u2055 0440  
                                 u1440 06EC                                   u1600 028A  
                                 u1520 0232                                   u2144 00C4  
                                 u1441 06EB                                   u1601 0289  
                                 u1521 0231                                   u2145 00C2  
                                 u1450 079D                                   u1610 0290  
                                 u1530 0238                                   u2170 0115  
                                 u2154 00E9                                   u2250 0783  
                                 u1451 079C                                   u1611 028F  
                                 u1531 0237                                   u2171 0114  
                                 u2307 00F2                                   u2155 00E7  
                                 u2251 0782                                   u1460 07A4  
                                 u2180 0128                                   u1620 029D  
                                 u1540 0243                                   u2164 0107  
                                 u1461 07A3                                   u2317 049F  
                                 u2181 0127                                   u1621 029C  
                                 u1541 0242                                   u2165 0105  
                                 u2085 0041                                   u1470 07AD  
                                 u2190 012E                                   u1630 02A3  
                                 u1550 024C                                   u1471 07AC  
                                 u2327 04DA                                   u2191 012D  
                                 u1631 02A2                                   u1551 024B  
                                 u2095 004B                                   u1480 07B8  
                                 u1640 02B0                                   u1560 025E  
                                 u1481 07B7                                   u2337 0664  
                                 u1641 02AF                                   u1561 025D  
                                 u1490 07BE                                   u1810 02FC  
                                 u1650 02B6                                   u1570 0264  
                                 u1491 07BD                                   u2347 0586  
                                 u1811 02FB                                   u1651 02B5  
                                 u1571 0263                                   u2267 03F1  
                                 u1900 0384                                   u1660 02C0  
                                 u1580 026F                                   u1901 0383  
                                 u1661 02BF                                   u1581 026E  
                                 u2277 0400                                   u1670 0733  
                                 u1590 0278                                   u1671 0732  
                                 u1591 0277                                   u2287 040F  
                                 u1680 0739                                   u1840 032A  
                                 u1824 030B                                   u1681 0738  
                                 u1841 0329                                   u1825 0309  
                                 u2297 00AF                                   u1690 0749  
                                 u1914 0394                                   u1834 0320  
                                 u1691 0748                                   u1915 0392  
                                 u1835 031E                                   u1924 03AA  
                                 u1925 03A8                                   u1870 035A  
                                 u1854 033A                                   u1934 063D  
                                 u1871 0359                                   u1855 0338  
                                 u1935 063B                                   u1864 0350  
                                 u1944 065B                                   u1865 034E  
                                 u1945 0659                                   u1954 067B  
                                 u1955 0679                                   u1884 0367  
                                 u1964 0472                                   u1885 0365  
                                 u1965 0470                                   u1894 037A  
                                 u1895 0378                                   u1975 047A  
                                 u1984 0498                                   u1985 0496  
                                 u1994 04B4                                   u1995 04B2  
                                 _WPUB 0095                                   _main 0771  
                                 btemp 007E                                   start 000C  
                          LCD_Init@cmd 004C                                  ??_ISR 0070  
                     __end_of_LCD_Init 0462                       __end_of_LCD_putc 04F6  
                                ?_main 0070                                  STR_10 056D  
                                _ANSEL 0188                                  i1l322 076A  
                                _TMR1H 000F                                  _TMR1L 000E  
                                _PORTA 0005                                  _PORTB 0006  
                                _PORTC 0007                                  _PORTD 0008  
                                _TRISA 0085                                  _TRISB 0086  
                                _TRISC 0087                                  _TRISD 0088  
                       _Outputs_Update 0122                                  _setup 05D4  
                                btemp0 007E                                  btemp1 007F  
                                pclath 000A                                  status 0003  
                                wtemp0 007E                          _floorRequests 0037  
              __end_of_LCD_Custom_Char 0122                        __initialization 000F  
                         __end_of_main 0792                                 ??_main 007A  
               __end_of_Outputs_Update 020F                              ??_LCD_Out 0072  
                    __end_of_LCD_Write 0682                      __end_of_LCD_putrs 0727  
                        _Keypad_GetKey 0792                                 ?_setup 0070  
                               _ANSELH 0189                                 i1l1930 074F  
                               i1l1932 0755                                 i1l1934 075B  
                               i1l1936 0762                                 i1l1938 0768  
                               u180_20 0768                                 u180_21 0767  
                         Event_Get@key 0078                      ??_AddFloorRequest 0072  
                               u178_20 0755                                 u178_21 0754  
                               u179_20 075B                                 u179_21 075A  
                     _stateTickCounter 0045                          ??_Timer1_Init 0072  
                               _screen 0020                        ?_Outputs_Update 0070  
                     LCD_Custom_Char@i 004A                           __pdataCOMMON 007A  
                               ltemp0a 0080                                 saved_w 007E  
                       ?_Keypad_GetKey 0070                                 ttemp0a 007F  
      ??_StateMachine_StartNextRequest 0073                                 wtemp0a 007F  
                LCD_Custom_Char@bitmap 0078                __end_of__initialization 0031  
                            ?_LCD_Init 0047                              ?_LCD_putc 0070  
                     ?_LCD_Custom_Char 0078                         __pcstackCOMMON 0070  
                         __pidataBANK0 07CB                          __end_of_setup 062D  
                  __end_of_Timer1_Init 1000                      __end_of_Event_Get 074F  
                            LCD_putc@c 0077                         _OPTION_REGbits 0081  
                              ??_setup 007A                             __pbssBANK0 0037  
                           ??_LCD_Init 0078                             ??_LCD_putc 0075  
                           __pmaintext 0771                             __pintentry 0004  
                              _CM1CON0 0107                                _CM2CON0 0108  
                       _Keypad_ReadRaw 0573                                _LCD_Out 02F7  
                      ??_Keypad_GetKey 0077                             __stringtab 0500  
                    _StateMachine_Goto 04F6                     ?_StateMachine_Goto 0070  
                  Keypad_GetKey@rawKey 0077                            _Timer1_Init 0FEB  
                  ??_StateMachine_Goto 0072                 __end_of_Keypad_ReadRaw 05D4  
                              __ptext1 05D4                                __ptext2 0FEB  
                              __ptext3 03B1                                __ptext4 0035  
                              __ptext5 020F                                __ptext6 06C2  
                              __ptext7 04F6                                __ptext8 0682  
                              __ptext9 0122                              _T1CONbits 0010  
                      _AddFloorRequest 07B2                      __end_of_keypadMap 0516  
                              _upArrow 002F              __end_of_StateMachine_Goto 04FF  
                              clrloop0 0FD1                              _LCD_Write 062D  
                        _HasAnyRequest 07E2                   end_of_initialization 0031  
                            _LCD_putrs 06FF                       ??_Outputs_Update 0049  
                      ?_Keypad_ReadRaw 0070                         _lcdNeedsUpdate 0025  
                       ?_HasAnyRequest 0070                             ?_LCD_Write 0070  
                           ?_LCD_putrs 0078                    _StateMachine_Update 020F  
                    ??_SelectNextFloor 0072                __end_of_AddFloorRequest 07CB  
                        __pidataCOMMON 07F9                             LCD_Write@c 0077  
                 ?_StateMachine_Update 0070                    start_initialization 000F  
           StateMachine_Goto@nextState 0072                              _Event_Get 0727  
                          __end_of_ISR 0771                             LCD_putrs@a 0078  
                           LCD_putrs@i 0047                  Outputs_Update@ledMask 0079  
                       _requestedFloor 0026                             init_fetch0 0FD8  
                          __pdataBANK0 0020                  ??_StateMachine_Update 0073  
                             ?_LCD_Out 0070                              ___latbits 0002  
                      ??_HasAnyRequest 0072                          __pcstackBANK0 0047  
                           ?_Event_Get 0070                               LCD_Out@c 0074  
                          ??_LCD_Write 0075                            ??_LCD_putrs 0079  
                         _currentFloor 007B                      _timerTicksPending 0044  
                         _currentState 0046                           ?_Timer1_Init 0070  
                     ?_AddFloorRequest 0070                              __pstrings 0500  
                            _downArrow 0027       __end_ofKeypad_ReadRaw@rowPattern 051A  
                __end_of_Keypad_GetKey 07B2                              _keypadMap 0506  
                    interrupt_function 0004                               _LCD_Init 03B1  
                            clear_ram0 0FD0                               _LCD_putc 0462  
                             _PIE1bits 008C                       ??_Keypad_ReadRaw 0072  
                             _PIR1bits 000C                            __stringbase 0505  
                            main@event 004D                            ??_Event_Get 0078  
                    ??_LCD_Custom_Char 0047                   Keypad_GetKey@lastKey 0043  
                      _SelectNextFloor 0682  __end_of_StateMachine_StartNextRequest 06FF  
        _StateMachine_StartNextRequest 06C2                   AddFloorRequest@floor 0072  
                   __end_of__stringtab 0506                               __ptext10 06FF  
                             __ptext11 0462                               __ptext12 062D  
                             __ptext13 02F7                               __ptext14 07E2  
                             __ptext15 0727                               __ptext16 0792  
                             __ptext17 0573                               __ptext18 07B2  
                             __ptext19 074F               Keypad_ReadRaw@rowPattern 0516  
                 SelectNextFloor@floor 0072                             _INTCONbits 000B  
                             init_ram0 0FDC                __end_of_SelectNextFloor 06C2  
                   LCD_Custom_Char@loc 0049                               intlevel1 0000  
                   HasAnyRequest@floor 0072                            _targetFloor 007A  
                            stringcode 0500         ?_StateMachine_StartNextRequest 0070  
          __end_of_StateMachine_Update 02F7                     Keypad_ReadRaw@cols 0074  
                             stringdir 0500                               stringtab 0500  
             StateMachine_Update@event 0075                  __end_of_HasAnyRequest 07F9  
                    Keypad_ReadRaw@col 0076                      Keypad_ReadRaw@row 0075  
